web_scraper_order,web_scraper_start_url,pagination,data,data2,data3,data4,data5,data6,data7,data8,data9,data10,data11,data12,image
"1777052003-1","https://www.booking.com/searchresults.html?label=bristol-XLwodozx2dVe8Ts0XeYuawS752260715469%3Apl%3Ata%3Ap1%3Ap2%3Aac%3Aap%3Aneg%3Afi%3Atikwd-869815001187%3Alp1009919%3Ali%3Adec%3Adm%3Appccp%3DUmFuZG9tSVYkc2RlIyh9YXdX6HrtnYy-Ml68sH-ljtU&aid=311984&dest_id=198&dest_type=country&group_adults=2&req_adults=2&no_rooms=1&broad_search_not_eligible=1&order=score&nflt=ht_id%3D204%3Bht_id%3D213%3Bht_id%3D216%3Bht_id%3D201%3Btop_destinations%3D6021%3Bpopular_nearby_landmarks%3D900059521%3Bpopular_nearby_landmarks%3D900059520%3Bpopular_nearby_landmarks%3D900074332%3Bpopular_nearby_landmarks%3D900077457%3Bpopular_nearby_landmarks%3D900059522%3Bpopular_nearby_landmarks%3D900074335%3Bpopular_nearby_landmarks%3D900074331%3Bpopular_nearby_landmarks%3D900053658%3Bpopular_nearby_landmarks%3D900053661%3Bpopular_nearby_landmarks%3D900053669%3Bpopular_nearby_landmarks%3D900058091%3Bpopular_nearby_landmarks%3D900059233%3Bpopular_nearby_landmarks%3D900059236%3Bpopular_nearby_landmarks%3D900059439%3Bpopular_nearby_landmarks%3D900059447%3Bpopular_nearby_landmarks%3D900059529%3Bpopular_nearby_landmarks%3D900069601%3Bpopular_nearby_landmarks%3D900069602%3Bpopular_nearby_landmarks%3D900069603%3Bpopular_nearby_landmarks%3D900070379%3Bpopular_nearby_landmarks%3D900074815%3Bpopular_nearby_landmarks%3D900074898%3Bpopular_nearby_landmarks%3D900075026%3Bpopular_nearby_landmarks%3D900059238","","Evergreen Cottage","Scored 10","10","Value for money 9.9","Featuring lake views, Evergreen Cottage in Ella provides accommodations and a garden. This property offers access to a balcony and free private parking.","· 20 reviews","Opens in new window","Ella","Show prices","Exceptional","Show on map","","https://cf.bstatic.com/xdata/images/hotel/square600/819431878.webp?k=40738fa7a7af0a3601a719b07da921917624e70d491b829ded18e6beb0507bfa&o="
"1777052003-2","https://www.booking.com/searchresults.html?label=bristol-XLwodozx2dVe8Ts0XeYuawS752260715469%3Apl%3Ata%3Ap1%3Ap2%3Aac%3Aap%3Aneg%3Afi%3Atikwd-869815001187%3Alp1009919%3Ali%3Adec%3Adm%3Appccp%3DUmFuZG9tSVYkc2RlIyh9YXdX6HrtnYy-Ml68sH-ljtU&aid=311984&dest_id=198&dest_type=country&group_adults=2&req_adults=2&no_rooms=1&broad_search_not_eligible=1&order=score&nflt=ht_id%3D204%3Bht_id%3D213%3Bht_id%3D216%3Bht_id%3D201%3Btop_destinations%3D6021%3Bpopular_nearby_landmarks%3D900059521%3Bpopular_nearby_landmarks%3D900059520%3Bpopular_nearby_landmarks%3D900074332%3Bpopular_nearby_landmarks%3D900077457%3Bpopular_nearby_landmarks%3D900059522%3Bpopular_nearby_landmarks%3D900074335%3Bpopular_nearby_landmarks%3D900074331%3Bpopular_nearby_landmarks%3D900053658%3Bpopular_nearby_landmarks%3D900053661%3Bpopular_nearby_landmarks%3D900053669%3Bpopular_nearby_landmarks%3D900058091%3Bpopular_nearby_landmarks%3D900059233%3Bpopular_nearby_landmarks%3D900059236%3Bpopular_nearby_landmarks%3D900059439%3Bpopular_nearby_landmarks%3D900059447%3Bpopular_nearby_landmarks%3D900059529%3Bpopular_nearby_landmarks%3D900069601%3Bpopular_nearby_landmarks%3D900069602%3Bpopular_nearby_landmarks%3D900069603%3Bpopular_nearby_landmarks%3D900070379%3Bpopular_nearby_landmarks%3D900074815%3Bpopular_nearby_landmarks%3D900074898%3Bpopular_nearby_landmarks%3D900075026%3Bpopular_nearby_landmarks%3D900059238","","Noble Nova Ella","Scored 10","10","Value for money 10","3.4 miles from Demodara Nine Arch Bridge in Ella, Noble Nova Ella features accommodations with access to a public bath. This property offers access to a terrace, free private parking, and free Wifi.","· 9 reviews","Opens in new window","Ella","Show prices","Exceptional","Show on map","New to Booking.com","https://cf.bstatic.com/xdata/images/hotel/square600/855116083.webp?k=7efc410794897628920c6405ec1837f75d0dc46c8e2b9a49b73ea87fe7304768&o="
"1777052003-3","https://www.booking.com/searchresults.html?label=bristol-XLwodozx2dVe8Ts0XeYuawS752260715469%3Apl%3Ata%3Ap1%3Ap2%3Aac%3Aap%3Aneg%3Afi%3Atikwd-869815001187%3Alp1009919%3Ali%3Adec%3Adm%3Appccp%3DUmFuZG9tSVYkc2RlIyh9YXdX6HrtnYy-Ml68sH-ljtU&aid=311984&dest_id=198&dest_type=country&group_adults=2&req_adults=2&no_rooms=1&broad_search_not_eligible=1&order=score&nflt=ht_id%3D204%3Bht_id%3D213%3Bht_id%3D216%3Bht_id%3D201%3Btop_destinations%3D6021%3Bpopular_nearby_landmarks%3D900059521%3Bpopular_nearby_landmarks%3D900059520%3Bpopular_nearby_landmarks%3D900074332%3Bpopular_nearby_landmarks%3D900077457%3Bpopular_nearby_landmarks%3D900059522%3Bpopular_nearby_landmarks%3D900074335%3Bpopular_nearby_landmarks%3D900074331%3Bpopular_nearby_landmarks%3D900053658%3Bpopular_nearby_landmarks%3D900053661%3Bpopular_nearby_landmarks%3D900053669%3Bpopular_nearby_landmarks%3D900058091%3Bpopular_nearby_landmarks%3D900059233%3Bpopular_nearby_landmarks%3D900059236%3Bpopular_nearby_landmarks%3D900059439%3Bpopular_nearby_landmarks%3D900059447%3Bpopular_nearby_landmarks%3D900059529%3Bpopular_nearby_landmarks%3D900069601%3Bpopular_nearby_landmarks%3D900069602%3Bpopular_nearby_landmarks%3D900069603%3Bpopular_nearby_landmarks%3D900070379%3Bpopular_nearby_landmarks%3D900074815%3Bpopular_nearby_landmarks%3D900074898%3Bpopular_nearby_landmarks%3D900075026%3Bpopular_nearby_landmarks%3D900059238","","Green Nature Paradise Ella","Scored 9.9","9.9","Value for money 9.9","Located in Ella, a few steps from Demodara Nine Arch Bridge, Green Nature Paradise Ella provides accommodations with a garden, free private parking and a terrace.","· 376 reviews","Opens in new window","Ella","Show prices","Exceptional","Show on map","","https://cf.bstatic.com/xdata/images/hotel/square600/402701498.webp?k=c9733a25e4183d3f8af0e740fe65ad60c90a99733966d150e4cf5f469cb2157d&o="
"1777052003-4","https://www.booking.com/searchresults.html?label=bristol-XLwodozx2dVe8Ts0XeYuawS752260715469%3Apl%3Ata%3Ap1%3Ap2%3Aac%3Aap%3Aneg%3Afi%3Atikwd-869815001187%3Alp1009919%3Ali%3Adec%3Adm%3Appccp%3DUmFuZG9tSVYkc2RlIyh9YXdX6HrtnYy-Ml68sH-ljtU&aid=311984&dest_id=198&dest_type=country&group_adults=2&req_adults=2&no_rooms=1&broad_search_not_eligible=1&order=score&nflt=ht_id%3D204%3Bht_id%3D213%3Bht_id%3D216%3Bht_id%3D201%3Btop_destinations%3D6021%3Bpopular_nearby_landmarks%3D900059521%3Bpopular_nearby_landmarks%3D900059520%3Bpopular_nearby_landmarks%3D900074332%3Bpopular_nearby_landmarks%3D900077457%3Bpopular_nearby_landmarks%3D900059522%3Bpopular_nearby_landmarks%3D900074335%3Bpopular_nearby_landmarks%3D900074331%3Bpopular_nearby_landmarks%3D900053658%3Bpopular_nearby_landmarks%3D900053661%3Bpopular_nearby_landmarks%3D900053669%3Bpopular_nearby_landmarks%3D900058091%3Bpopular_nearby_landmarks%3D900059233%3Bpopular_nearby_landmarks%3D900059236%3Bpopular_nearby_landmarks%3D900059439%3Bpopular_nearby_landmarks%3D900059447%3Bpopular_nearby_landmarks%3D900059529%3Bpopular_nearby_landmarks%3D900069601%3Bpopular_nearby_landmarks%3D900069602%3Bpopular_nearby_landmarks%3D900069603%3Bpopular_nearby_landmarks%3D900070379%3Bpopular_nearby_landmarks%3D900074815%3Bpopular_nearby_landmarks%3D900074898%3Bpopular_nearby_landmarks%3D900075026%3Bpopular_nearby_landmarks%3D900059238","","Shine Haven Ella","Scored 9.9","9.9","Value for money 10","Featuring a garden, Shine Haven Ella features accommodations in Ella. This property offers access to a terrace, free private parking, and free Wifi. Staff on site can arrange a shuttle service.","· 13 reviews","Opens in new window","Ella","Show prices","Exceptional","Show on map","","https://cf.bstatic.com/xdata/images/hotel/square600/829164894.webp?k=2a5a8c4eb357fb7784f36772572c121417a2f42545346d841be7bc74c4bd6b3b&o="
"1777052003-5","https://www.booking.com/searchresults.html?label=bristol-XLwodozx2dVe8Ts0XeYuawS752260715469%3Apl%3Ata%3Ap1%3Ap2%3Aac%3Aap%3Aneg%3Afi%3Atikwd-869815001187%3Alp1009919%3Ali%3Adec%3Adm%3Appccp%3DUmFuZG9tSVYkc2RlIyh9YXdX6HrtnYy-Ml68sH-ljtU&aid=311984&dest_id=198&dest_type=country&group_adults=2&req_adults=2&no_rooms=1&broad_search_not_eligible=1&order=score&nflt=ht_id%3D204%3Bht_id%3D213%3Bht_id%3D216%3Bht_id%3D201%3Btop_destinations%3D6021%3Bpopular_nearby_landmarks%3D900059521%3Bpopular_nearby_landmarks%3D900059520%3Bpopular_nearby_landmarks%3D900074332%3Bpopular_nearby_landmarks%3D900077457%3Bpopular_nearby_landmarks%3D900059522%3Bpopular_nearby_landmarks%3D900074335%3Bpopular_nearby_landmarks%3D900074331%3Bpopular_nearby_landmarks%3D900053658%3Bpopular_nearby_landmarks%3D900053661%3Bpopular_nearby_landmarks%3D900053669%3Bpopular_nearby_landmarks%3D900058091%3Bpopular_nearby_landmarks%3D900059233%3Bpopular_nearby_landmarks%3D900059236%3Bpopular_nearby_landmarks%3D900059439%3Bpopular_nearby_landmarks%3D900059447%3Bpopular_nearby_landmarks%3D900059529%3Bpopular_nearby_landmarks%3D900069601%3Bpopular_nearby_landmarks%3D900069602%3Bpopular_nearby_landmarks%3D900069603%3Bpopular_nearby_landmarks%3D900070379%3Bpopular_nearby_landmarks%3D900074815%3Bpopular_nearby_landmarks%3D900074898%3Bpopular_nearby_landmarks%3D900075026%3Bpopular_nearby_landmarks%3D900059238","","Serene Space Ella","Scored 9.9","9.9","Value for money 10","Just a 19-minute walk from Demodara Nine Arch Bridge and 0.6 miles from Ella Spice Garden Cooking Class, Serene Space Ella features accommodations in Ella with a garden.","· 8 reviews","Opens in new window","Ella","Show prices","Exceptional","Show on map","","https://cf.bstatic.com/xdata/images/hotel/square600/800057332.webp?k=2ea2b32a7ab208f39031b7809e74fdd54f2e08c4431718dfde97bd4c43668227&o="
"1777052003-6","https://www.booking.com/searchresults.html?label=bristol-XLwodozx2dVe8Ts0XeYuawS752260715469%3Apl%3Ata%3Ap1%3Ap2%3Aac%3Aap%3Aneg%3Afi%3Atikwd-869815001187%3Alp1009919%3Ali%3Adec%3Adm%3Appccp%3DUmFuZG9tSVYkc2RlIyh9YXdX6HrtnYy-Ml68sH-ljtU&aid=311984&dest_id=198&dest_type=country&group_adults=2&req_adults=2&no_rooms=1&broad_search_not_eligible=1&order=score&nflt=ht_id%3D204%3Bht_id%3D213%3Bht_id%3D216%3Bht_id%3D201%3Btop_destinations%3D6021%3Bpopular_nearby_landmarks%3D900059521%3Bpopular_nearby_landmarks%3D900059520%3Bpopular_nearby_landmarks%3D900074332%3Bpopular_nearby_landmarks%3D900077457%3Bpopular_nearby_landmarks%3D900059522%3Bpopular_nearby_landmarks%3D900074335%3Bpopular_nearby_landmarks%3D900074331%3Bpopular_nearby_landmarks%3D900053658%3Bpopular_nearby_landmarks%3D900053661%3Bpopular_nearby_landmarks%3D900053669%3Bpopular_nearby_landmarks%3D900058091%3Bpopular_nearby_landmarks%3D900059233%3Bpopular_nearby_landmarks%3D900059236%3Bpopular_nearby_landmarks%3D900059439%3Bpopular_nearby_landmarks%3D900059447%3Bpopular_nearby_landmarks%3D900059529%3Bpopular_nearby_landmarks%3D900069601%3Bpopular_nearby_landmarks%3D900069602%3Bpopular_nearby_landmarks%3D900069603%3Bpopular_nearby_landmarks%3D900070379%3Bpopular_nearby_landmarks%3D900074815%3Bpopular_nearby_landmarks%3D900074898%3Bpopular_nearby_landmarks%3D900075026%3Bpopular_nearby_landmarks%3D900059238","","Roo Heaven Villas","Scored 9.9","9.9","Value for money 10","Roo Heaven Villas is a recently renovated villa in Haputale near Haputale Railway Station. This property offers access to a terrace, free private parking, and free Wifi. Guests can use the a garden.","· 8 reviews","Opens in new window","Haputale","Show prices","Exceptional","Show on map","","https://cf.bstatic.com/xdata/images/hotel/square600/829340136.webp?k=61d53ced095ef02bbc1f98d75c102ebb9dea4affdacc47c37284ac8822f628d2&o="
"1777052003-7","https://www.booking.com/searchresults.html?label=bristol-XLwodozx2dVe8Ts0XeYuawS752260715469%3Apl%3Ata%3Ap1%3Ap2%3Aac%3Aap%3Aneg%3Afi%3Atikwd-869815001187%3Alp1009919%3Ali%3Adec%3Adm%3Appccp%3DUmFuZG9tSVYkc2RlIyh9YXdX6HrtnYy-Ml68sH-ljtU&aid=311984&dest_id=198&dest_type=country&group_adults=2&req_adults=2&no_rooms=1&broad_search_not_eligible=1&order=score&nflt=ht_id%3D204%3Bht_id%3D213%3Bht_id%3D216%3Bht_id%3D201%3Btop_destinations%3D6021%3Bpopular_nearby_landmarks%3D900059521%3Bpopular_nearby_landmarks%3D900059520%3Bpopular_nearby_landmarks%3D900074332%3Bpopular_nearby_landmarks%3D900077457%3Bpopular_nearby_landmarks%3D900059522%3Bpopular_nearby_landmarks%3D900074335%3Bpopular_nearby_landmarks%3D900074331%3Bpopular_nearby_landmarks%3D900053658%3Bpopular_nearby_landmarks%3D900053661%3Bpopular_nearby_landmarks%3D900053669%3Bpopular_nearby_landmarks%3D900058091%3Bpopular_nearby_landmarks%3D900059233%3Bpopular_nearby_landmarks%3D900059236%3Bpopular_nearby_landmarks%3D900059439%3Bpopular_nearby_landmarks%3D900059447%3Bpopular_nearby_landmarks%3D900059529%3Bpopular_nearby_landmarks%3D900069601%3Bpopular_nearby_landmarks%3D900069602%3Bpopular_nearby_landmarks%3D900069603%3Bpopular_nearby_landmarks%3D900070379%3Bpopular_nearby_landmarks%3D900074815%3Bpopular_nearby_landmarks%3D900074898%3Bpopular_nearby_landmarks%3D900075026%3Bpopular_nearby_landmarks%3D900059238","","Sun Top Grand","Scored 9.8","9.8","Value for money 9.7","Located in Ella, 2.8 miles from Demodara Nine Arch Bridge, Sun Top Grand has accommodations with a garden, free private parking, a terrace and a restaurant.","· 9 reviews","Opens in new window","Ella","Show prices","Exceptional","Show on map","New to Booking.com","https://cf.bstatic.com/xdata/images/hotel/square600/822399440.webp?k=e20c171b1173f54a8094af3ec56245e64d9355ffce13af43cb9f3f2dd8401772&o="
"1777052003-8","https://www.booking.com/searchresults.html?label=bristol-XLwodozx2dVe8Ts0XeYuawS752260715469%3Apl%3Ata%3Ap1%3Ap2%3Aac%3Aap%3Aneg%3Afi%3Atikwd-869815001187%3Alp1009919%3Ali%3Adec%3Adm%3Appccp%3DUmFuZG9tSVYkc2RlIyh9YXdX6HrtnYy-Ml68sH-ljtU&aid=311984&dest_id=198&dest_type=country&group_adults=2&req_adults=2&no_rooms=1&broad_search_not_eligible=1&order=score&nflt=ht_id%3D204%3Bht_id%3D213%3Bht_id%3D216%3Bht_id%3D201%3Btop_destinations%3D6021%3Bpopular_nearby_landmarks%3D900059521%3Bpopular_nearby_landmarks%3D900059520%3Bpopular_nearby_landmarks%3D900074332%3Bpopular_nearby_landmarks%3D900077457%3Bpopular_nearby_landmarks%3D900059522%3Bpopular_nearby_landmarks%3D900074335%3Bpopular_nearby_landmarks%3D900074331%3Bpopular_nearby_landmarks%3D900053658%3Bpopular_nearby_landmarks%3D900053661%3Bpopular_nearby_landmarks%3D900053669%3Bpopular_nearby_landmarks%3D900058091%3Bpopular_nearby_landmarks%3D900059233%3Bpopular_nearby_landmarks%3D900059236%3Bpopular_nearby_landmarks%3D900059439%3Bpopular_nearby_landmarks%3D900059447%3Bpopular_nearby_landmarks%3D900059529%3Bpopular_nearby_landmarks%3D900069601%3Bpopular_nearby_landmarks%3D900069602%3Bpopular_nearby_landmarks%3D900069603%3Bpopular_nearby_landmarks%3D900070379%3Bpopular_nearby_landmarks%3D900074815%3Bpopular_nearby_landmarks%3D900074898%3Bpopular_nearby_landmarks%3D900075026%3Bpopular_nearby_landmarks%3D900059238","","Hill Glow Stay Ella","Scored 9.8","9.8","Value for money 9.5","Offering a garden, Hill Glow Stay Ella offers accommodations in Ella. This property offers access to a terrace, free private parking, and free Wifi.","· 5 reviews","Opens in new window","Ella","Show prices","Exceptional","Show on map","","https://cf.bstatic.com/xdata/images/hotel/square600/791768504.webp?k=caa77bfc6606210b35613e0772459a406b648c7b4f821ed86c219cfd77d48b16&o="
"1777052003-9","https://www.booking.com/searchresults.html?label=bristol-XLwodozx2dVe8Ts0XeYuawS752260715469%3Apl%3Ata%3Ap1%3Ap2%3Aac%3Aap%3Aneg%3Afi%3Atikwd-869815001187%3Alp1009919%3Ali%3Adec%3Adm%3Appccp%3DUmFuZG9tSVYkc2RlIyh9YXdX6HrtnYy-Ml68sH-ljtU&aid=311984&dest_id=198&dest_type=country&group_adults=2&req_adults=2&no_rooms=1&broad_search_not_eligible=1&order=score&nflt=ht_id%3D204%3Bht_id%3D213%3Bht_id%3D216%3Bht_id%3D201%3Btop_destinations%3D6021%3Bpopular_nearby_landmarks%3D900059521%3Bpopular_nearby_landmarks%3D900059520%3Bpopular_nearby_landmarks%3D900074332%3Bpopular_nearby_landmarks%3D900077457%3Bpopular_nearby_landmarks%3D900059522%3Bpopular_nearby_landmarks%3D900074335%3Bpopular_nearby_landmarks%3D900074331%3Bpopular_nearby_landmarks%3D900053658%3Bpopular_nearby_landmarks%3D900053661%3Bpopular_nearby_landmarks%3D900053669%3Bpopular_nearby_landmarks%3D900058091%3Bpopular_nearby_landmarks%3D900059233%3Bpopular_nearby_landmarks%3D900059236%3Bpopular_nearby_landmarks%3D900059439%3Bpopular_nearby_landmarks%3D900059447%3Bpopular_nearby_landmarks%3D900059529%3Bpopular_nearby_landmarks%3D900069601%3Bpopular_nearby_landmarks%3D900069602%3Bpopular_nearby_landmarks%3D900069603%3Bpopular_nearby_landmarks%3D900070379%3Bpopular_nearby_landmarks%3D900074815%3Bpopular_nearby_landmarks%3D900074898%3Bpopular_nearby_landmarks%3D900075026%3Bpopular_nearby_landmarks%3D900059238","","Ella Hillcrest Heaven-Free Pickup from Ella","Scored 9.7","9.7","Value for money 9.5","Ella Hillcrest Heaven-Free Pickup from Ella is a recently renovated apartment in Ella, near Demodara Nine Arch Bridge. This property offers access to a terrace, free private parking, and free Wifi.","· 45 reviews","Opens in new window","Ella","Show prices","Exceptional","Show on map","","https://cf.bstatic.com/xdata/images/hotel/square600/714967931.webp?k=f2916261f4c77573612ab5d34bcf9b59f7ee13a4e51312b8696f0b444efd8797&o="
"1777052003-10","https://www.booking.com/searchresults.html?label=bristol-XLwodozx2dVe8Ts0XeYuawS752260715469%3Apl%3Ata%3Ap1%3Ap2%3Aac%3Aap%3Aneg%3Afi%3Atikwd-869815001187%3Alp1009919%3Ali%3Adec%3Adm%3Appccp%3DUmFuZG9tSVYkc2RlIyh9YXdX6HrtnYy-Ml68sH-ljtU&aid=311984&dest_id=198&dest_type=country&group_adults=2&req_adults=2&no_rooms=1&broad_search_not_eligible=1&order=score&nflt=ht_id%3D204%3Bht_id%3D213%3Bht_id%3D216%3Bht_id%3D201%3Btop_destinations%3D6021%3Bpopular_nearby_landmarks%3D900059521%3Bpopular_nearby_landmarks%3D900059520%3Bpopular_nearby_landmarks%3D900074332%3Bpopular_nearby_landmarks%3D900077457%3Bpopular_nearby_landmarks%3D900059522%3Bpopular_nearby_landmarks%3D900074335%3Bpopular_nearby_landmarks%3D900074331%3Bpopular_nearby_landmarks%3D900053658%3Bpopular_nearby_landmarks%3D900053661%3Bpopular_nearby_landmarks%3D900053669%3Bpopular_nearby_landmarks%3D900058091%3Bpopular_nearby_landmarks%3D900059233%3Bpopular_nearby_landmarks%3D900059236%3Bpopular_nearby_landmarks%3D900059439%3Bpopular_nearby_landmarks%3D900059447%3Bpopular_nearby_landmarks%3D900059529%3Bpopular_nearby_landmarks%3D900069601%3Bpopular_nearby_landmarks%3D900069602%3Bpopular_nearby_landmarks%3D900069603%3Bpopular_nearby_landmarks%3D900070379%3Bpopular_nearby_landmarks%3D900074815%3Bpopular_nearby_landmarks%3D900074898%3Bpopular_nearby_landmarks%3D900075026%3Bpopular_nearby_landmarks%3D900059238","","Ella Secret Paradise","Scored 9.7","9.7","Value for money 9.6","Just a 6-minute walk from Ella Train Station and 0.8 miles from Ella Spice Garden Cooking Class, Ella Secret Paradise features accommodations in Ella, with a garden.","· 260 reviews","Opens in new window","Ella","Show prices","Exceptional","Show on map","","https://cf.bstatic.com/xdata/images/hotel/square600/154388681.webp?k=4e56686626674f7ec71877b5dab06c65ff9819cdf47bda4b998ac66e7c3fdca7&o="
"1777052003-11","https://www.booking.com/searchresults.html?label=bristol-XLwodozx2dVe8Ts0XeYuawS752260715469%3Apl%3Ata%3Ap1%3Ap2%3Aac%3Aap%3Aneg%3Afi%3Atikwd-869815001187%3Alp1009919%3Ali%3Adec%3Adm%3Appccp%3DUmFuZG9tSVYkc2RlIyh9YXdX6HrtnYy-Ml68sH-ljtU&aid=311984&dest_id=198&dest_type=country&group_adults=2&req_adults=2&no_rooms=1&broad_search_not_eligible=1&order=score&nflt=ht_id%3D204%3Bht_id%3D213%3Bht_id%3D216%3Bht_id%3D201%3Btop_destinations%3D6021%3Bpopular_nearby_landmarks%3D900059521%3Bpopular_nearby_landmarks%3D900059520%3Bpopular_nearby_landmarks%3D900074332%3Bpopular_nearby_landmarks%3D900077457%3Bpopular_nearby_landmarks%3D900059522%3Bpopular_nearby_landmarks%3D900074335%3Bpopular_nearby_landmarks%3D900074331%3Bpopular_nearby_landmarks%3D900053658%3Bpopular_nearby_landmarks%3D900053661%3Bpopular_nearby_landmarks%3D900053669%3Bpopular_nearby_landmarks%3D900058091%3Bpopular_nearby_landmarks%3D900059233%3Bpopular_nearby_landmarks%3D900059236%3Bpopular_nearby_landmarks%3D900059439%3Bpopular_nearby_landmarks%3D900059447%3Bpopular_nearby_landmarks%3D900059529%3Bpopular_nearby_landmarks%3D900069601%3Bpopular_nearby_landmarks%3D900069602%3Bpopular_nearby_landmarks%3D900069603%3Bpopular_nearby_landmarks%3D900070379%3Bpopular_nearby_landmarks%3D900074815%3Bpopular_nearby_landmarks%3D900074898%3Bpopular_nearby_landmarks%3D900075026%3Bpopular_nearby_landmarks%3D900059238","","Green Forest Cabanas - Ella","Scored 9.7","9.7","Value for money 9.8","Located in Ella, within 1.8 miles of Demodara Nine Arch Bridge and 30 miles of Hakgala Botanical Garden, Green Forest Cabanas - Ella has accommodations with a garden and free WiFi throughout the...","· 36 reviews","Opens in new window","Ella","Show prices","Exceptional","Show on map","","https://cf.bstatic.com/xdata/images/hotel/square600/786000088.webp?k=a853ee1703d626097c10c9649f81f05a32187a9ca7fcd4fd163d0dbc584ecb1f&o="
"1777052003-12","https://www.booking.com/searchresults.html?label=bristol-XLwodozx2dVe8Ts0XeYuawS752260715469%3Apl%3Ata%3Ap1%3Ap2%3Aac%3Aap%3Aneg%3Afi%3Atikwd-869815001187%3Alp1009919%3Ali%3Adec%3Adm%3Appccp%3DUmFuZG9tSVYkc2RlIyh9YXdX6HrtnYy-Ml68sH-ljtU&aid=311984&dest_id=198&dest_type=country&group_adults=2&req_adults=2&no_rooms=1&broad_search_not_eligible=1&order=score&nflt=ht_id%3D204%3Bht_id%3D213%3Bht_id%3D216%3Bht_id%3D201%3Btop_destinations%3D6021%3Bpopular_nearby_landmarks%3D900059521%3Bpopular_nearby_landmarks%3D900059520%3Bpopular_nearby_landmarks%3D900074332%3Bpopular_nearby_landmarks%3D900077457%3Bpopular_nearby_landmarks%3D900059522%3Bpopular_nearby_landmarks%3D900074335%3Bpopular_nearby_landmarks%3D900074331%3Bpopular_nearby_landmarks%3D900053658%3Bpopular_nearby_landmarks%3D900053661%3Bpopular_nearby_landmarks%3D900053669%3Bpopular_nearby_landmarks%3D900058091%3Bpopular_nearby_landmarks%3D900059233%3Bpopular_nearby_landmarks%3D900059236%3Bpopular_nearby_landmarks%3D900059439%3Bpopular_nearby_landmarks%3D900059447%3Bpopular_nearby_landmarks%3D900059529%3Bpopular_nearby_landmarks%3D900069601%3Bpopular_nearby_landmarks%3D900069602%3Bpopular_nearby_landmarks%3D900069603%3Bpopular_nearby_landmarks%3D900070379%3Bpopular_nearby_landmarks%3D900074815%3Bpopular_nearby_landmarks%3D900074898%3Bpopular_nearby_landmarks%3D900075026%3Bpopular_nearby_landmarks%3D900059238","","Berghaus Bungalow","Scored 9.6","9.6","Value for money 10","Located in Ella, 3.5 miles from Demodara Nine Arch Bridge, Berghaus Bungalow has accommodations with a garden, free private parking and a terrace.","· 14 reviews","Opens in new window","Ella","Show prices","Exceptional","Show on map","","https://cf.bstatic.com/xdata/images/hotel/square600/408827686.webp?k=eb9345029cbeec7a8ef181798d184b1dad4af8b241d17361eac472016986f6ed&o="
"1777052003-13","https://www.booking.com/searchresults.html?label=bristol-XLwodozx2dVe8Ts0XeYuawS752260715469%3Apl%3Ata%3Ap1%3Ap2%3Aac%3Aap%3Aneg%3Afi%3Atikwd-869815001187%3Alp1009919%3Ali%3Adec%3Adm%3Appccp%3DUmFuZG9tSVYkc2RlIyh9YXdX6HrtnYy-Ml68sH-ljtU&aid=311984&dest_id=198&dest_type=country&group_adults=2&req_adults=2&no_rooms=1&broad_search_not_eligible=1&order=score&nflt=ht_id%3D204%3Bht_id%3D213%3Bht_id%3D216%3Bht_id%3D201%3Btop_destinations%3D6021%3Bpopular_nearby_landmarks%3D900059521%3Bpopular_nearby_landmarks%3D900059520%3Bpopular_nearby_landmarks%3D900074332%3Bpopular_nearby_landmarks%3D900077457%3Bpopular_nearby_landmarks%3D900059522%3Bpopular_nearby_landmarks%3D900074335%3Bpopular_nearby_landmarks%3D900074331%3Bpopular_nearby_landmarks%3D900053658%3Bpopular_nearby_landmarks%3D900053661%3Bpopular_nearby_landmarks%3D900053669%3Bpopular_nearby_landmarks%3D900058091%3Bpopular_nearby_landmarks%3D900059233%3Bpopular_nearby_landmarks%3D900059236%3Bpopular_nearby_landmarks%3D900059439%3Bpopular_nearby_landmarks%3D900059447%3Bpopular_nearby_landmarks%3D900059529%3Bpopular_nearby_landmarks%3D900069601%3Bpopular_nearby_landmarks%3D900069602%3Bpopular_nearby_landmarks%3D900069603%3Bpopular_nearby_landmarks%3D900070379%3Bpopular_nearby_landmarks%3D900074815%3Bpopular_nearby_landmarks%3D900074898%3Bpopular_nearby_landmarks%3D900075026%3Bpopular_nearby_landmarks%3D900059238","","Liora Cottage Ella","Scored 9.6","9.6","Value for money 9.6","Located in Ella, within 1.7 miles of Demodara Nine Arch Bridge and 30 miles of Hakgala Botanical Garden, Liora Cottage Ella provides accommodations with a garden and free WiFi throughout the property...","· 39 reviews","Opens in new window","Ella","Show prices","Exceptional","Show on map","","https://cf.bstatic.com/xdata/images/hotel/square600/805044984.webp?k=98a775a1906cf46b91c1ba176303baca77f094141c0cf9b1d3ea37e3198876fb&o="
"1777052003-14","https://www.booking.com/searchresults.html?label=bristol-XLwodozx2dVe8Ts0XeYuawS752260715469%3Apl%3Ata%3Ap1%3Ap2%3Aac%3Aap%3Aneg%3Afi%3Atikwd-869815001187%3Alp1009919%3Ali%3Adec%3Adm%3Appccp%3DUmFuZG9tSVYkc2RlIyh9YXdX6HrtnYy-Ml68sH-ljtU&aid=311984&dest_id=198&dest_type=country&group_adults=2&req_adults=2&no_rooms=1&broad_search_not_eligible=1&order=score&nflt=ht_id%3D204%3Bht_id%3D213%3Bht_id%3D216%3Bht_id%3D201%3Btop_destinations%3D6021%3Bpopular_nearby_landmarks%3D900059521%3Bpopular_nearby_landmarks%3D900059520%3Bpopular_nearby_landmarks%3D900074332%3Bpopular_nearby_landmarks%3D900077457%3Bpopular_nearby_landmarks%3D900059522%3Bpopular_nearby_landmarks%3D900074335%3Bpopular_nearby_landmarks%3D900074331%3Bpopular_nearby_landmarks%3D900053658%3Bpopular_nearby_landmarks%3D900053661%3Bpopular_nearby_landmarks%3D900053669%3Bpopular_nearby_landmarks%3D900058091%3Bpopular_nearby_landmarks%3D900059233%3Bpopular_nearby_landmarks%3D900059236%3Bpopular_nearby_landmarks%3D900059439%3Bpopular_nearby_landmarks%3D900059447%3Bpopular_nearby_landmarks%3D900059529%3Bpopular_nearby_landmarks%3D900069601%3Bpopular_nearby_landmarks%3D900069602%3Bpopular_nearby_landmarks%3D900069603%3Bpopular_nearby_landmarks%3D900070379%3Bpopular_nearby_landmarks%3D900074815%3Bpopular_nearby_landmarks%3D900074898%3Bpopular_nearby_landmarks%3D900075026%3Bpopular_nearby_landmarks%3D900059238","","Mistara Ella","Scored 9.6","9.6","Value for money 9.6","Located in Ella, 2.6 miles from Demodara Nine Arch Bridge, Mistara Ella has accommodations with a garden, free private parking, a terrace and a restaurant.","· 17 reviews","Opens in new window","Ella","Show prices","Exceptional","Show on map","New to Booking.com","https://cf.bstatic.com/xdata/images/hotel/square600/831083398.webp?k=1909eba4901017d2aaa22bf4dc0dd04b094604947dbcd3701f8fc8be54ed3bb5&o="
"1777052003-15","https://www.booking.com/searchresults.html?label=bristol-XLwodozx2dVe8Ts0XeYuawS752260715469%3Apl%3Ata%3Ap1%3Ap2%3Aac%3Aap%3Aneg%3Afi%3Atikwd-869815001187%3Alp1009919%3Ali%3Adec%3Adm%3Appccp%3DUmFuZG9tSVYkc2RlIyh9YXdX6HrtnYy-Ml68sH-ljtU&aid=311984&dest_id=198&dest_type=country&group_adults=2&req_adults=2&no_rooms=1&broad_search_not_eligible=1&order=score&nflt=ht_id%3D204%3Bht_id%3D213%3Bht_id%3D216%3Bht_id%3D201%3Btop_destinations%3D6021%3Bpopular_nearby_landmarks%3D900059521%3Bpopular_nearby_landmarks%3D900059520%3Bpopular_nearby_landmarks%3D900074332%3Bpopular_nearby_landmarks%3D900077457%3Bpopular_nearby_landmarks%3D900059522%3Bpopular_nearby_landmarks%3D900074335%3Bpopular_nearby_landmarks%3D900074331%3Bpopular_nearby_landmarks%3D900053658%3Bpopular_nearby_landmarks%3D900053661%3Bpopular_nearby_landmarks%3D900053669%3Bpopular_nearby_landmarks%3D900058091%3Bpopular_nearby_landmarks%3D900059233%3Bpopular_nearby_landmarks%3D900059236%3Bpopular_nearby_landmarks%3D900059439%3Bpopular_nearby_landmarks%3D900059447%3Bpopular_nearby_landmarks%3D900059529%3Bpopular_nearby_landmarks%3D900069601%3Bpopular_nearby_landmarks%3D900069602%3Bpopular_nearby_landmarks%3D900069603%3Bpopular_nearby_landmarks%3D900070379%3Bpopular_nearby_landmarks%3D900074815%3Bpopular_nearby_landmarks%3D900074898%3Bpopular_nearby_landmarks%3D900075026%3Bpopular_nearby_landmarks%3D900059238","","Mount shadows","Scored 9.6","9.6","Value for money 9.7","Mount shadows offers accommodations in Ella, 3.4 miles from Demodara Nine Arch Bridge and 31 miles from Hakgala Botanical Garden. With mountain views, this accommodation features a terrace.","· 242 reviews","Opens in new window","Ella","Show prices","Exceptional","Show on map","","https://cf.bstatic.com/xdata/images/hotel/square600/779335110.webp?k=0b0027f301fa49bd7153ce97301a48042ecec21d23c3222342b0a03578a6afab&o="
"1777052003-16","https://www.booking.com/searchresults.html?label=bristol-XLwodozx2dVe8Ts0XeYuawS752260715469%3Apl%3Ata%3Ap1%3Ap2%3Aac%3Aap%3Aneg%3Afi%3Atikwd-869815001187%3Alp1009919%3Ali%3Adec%3Adm%3Appccp%3DUmFuZG9tSVYkc2RlIyh9YXdX6HrtnYy-Ml68sH-ljtU&aid=311984&dest_id=198&dest_type=country&group_adults=2&req_adults=2&no_rooms=1&broad_search_not_eligible=1&order=score&nflt=ht_id%3D204%3Bht_id%3D213%3Bht_id%3D216%3Bht_id%3D201%3Btop_destinations%3D6021%3Bpopular_nearby_landmarks%3D900059521%3Bpopular_nearby_landmarks%3D900059520%3Bpopular_nearby_landmarks%3D900074332%3Bpopular_nearby_landmarks%3D900077457%3Bpopular_nearby_landmarks%3D900059522%3Bpopular_nearby_landmarks%3D900074335%3Bpopular_nearby_landmarks%3D900074331%3Bpopular_nearby_landmarks%3D900053658%3Bpopular_nearby_landmarks%3D900053661%3Bpopular_nearby_landmarks%3D900053669%3Bpopular_nearby_landmarks%3D900058091%3Bpopular_nearby_landmarks%3D900059233%3Bpopular_nearby_landmarks%3D900059236%3Bpopular_nearby_landmarks%3D900059439%3Bpopular_nearby_landmarks%3D900059447%3Bpopular_nearby_landmarks%3D900059529%3Bpopular_nearby_landmarks%3D900069601%3Bpopular_nearby_landmarks%3D900069602%3Bpopular_nearby_landmarks%3D900069603%3Bpopular_nearby_landmarks%3D900070379%3Bpopular_nearby_landmarks%3D900074815%3Bpopular_nearby_landmarks%3D900074898%3Bpopular_nearby_landmarks%3D900075026%3Bpopular_nearby_landmarks%3D900059238","","Divine View Homestay","Scored 9.6","9.6","Value for money 9.8","Divine View Homestay features accommodations in Ella near Ella Spice Garden Cooking Class and Ella Train Station.","· 662 reviews","Opens in new window","Ella","Show prices","Exceptional","Show on map","","https://cf.bstatic.com/xdata/images/hotel/square600/170266702.webp?k=5f90f05b217c5cfb1b5369009484624f8aed86d626af1c165545c590942187dc&o="
"1777052003-17","https://www.booking.com/searchresults.html?label=bristol-XLwodozx2dVe8Ts0XeYuawS752260715469%3Apl%3Ata%3Ap1%3Ap2%3Aac%3Aap%3Aneg%3Afi%3Atikwd-869815001187%3Alp1009919%3Ali%3Adec%3Adm%3Appccp%3DUmFuZG9tSVYkc2RlIyh9YXdX6HrtnYy-Ml68sH-ljtU&aid=311984&dest_id=198&dest_type=country&group_adults=2&req_adults=2&no_rooms=1&broad_search_not_eligible=1&order=score&nflt=ht_id%3D204%3Bht_id%3D213%3Bht_id%3D216%3Bht_id%3D201%3Btop_destinations%3D6021%3Bpopular_nearby_landmarks%3D900059521%3Bpopular_nearby_landmarks%3D900059520%3Bpopular_nearby_landmarks%3D900074332%3Bpopular_nearby_landmarks%3D900077457%3Bpopular_nearby_landmarks%3D900059522%3Bpopular_nearby_landmarks%3D900074335%3Bpopular_nearby_landmarks%3D900074331%3Bpopular_nearby_landmarks%3D900053658%3Bpopular_nearby_landmarks%3D900053661%3Bpopular_nearby_landmarks%3D900053669%3Bpopular_nearby_landmarks%3D900058091%3Bpopular_nearby_landmarks%3D900059233%3Bpopular_nearby_landmarks%3D900059236%3Bpopular_nearby_landmarks%3D900059439%3Bpopular_nearby_landmarks%3D900059447%3Bpopular_nearby_landmarks%3D900059529%3Bpopular_nearby_landmarks%3D900069601%3Bpopular_nearby_landmarks%3D900069602%3Bpopular_nearby_landmarks%3D900069603%3Bpopular_nearby_landmarks%3D900070379%3Bpopular_nearby_landmarks%3D900074815%3Bpopular_nearby_landmarks%3D900074898%3Bpopular_nearby_landmarks%3D900075026%3Bpopular_nearby_landmarks%3D900059238","","Winwood Ella","Scored 9.6","9.6","Value for money 9.6","Located in Ella, within 3.1 miles of Demodara Nine Arch Bridge and 30 miles of Hakgala Botanical Garden, Winwood Ella has accommodations with a terrace and free WiFi as well as free private parking...","· 696 reviews","Opens in new window","Ella","Show prices","Exceptional","Show on map","","https://cf.bstatic.com/xdata/images/hotel/square600/423861448.webp?k=5a6d591464977b7647f911512f613d0c2037c03d1cc5fb9186a6b851b9019433&o="
"1777052003-18","https://www.booking.com/searchresults.html?label=bristol-XLwodozx2dVe8Ts0XeYuawS752260715469%3Apl%3Ata%3Ap1%3Ap2%3Aac%3Aap%3Aneg%3Afi%3Atikwd-869815001187%3Alp1009919%3Ali%3Adec%3Adm%3Appccp%3DUmFuZG9tSVYkc2RlIyh9YXdX6HrtnYy-Ml68sH-ljtU&aid=311984&dest_id=198&dest_type=country&group_adults=2&req_adults=2&no_rooms=1&broad_search_not_eligible=1&order=score&nflt=ht_id%3D204%3Bht_id%3D213%3Bht_id%3D216%3Bht_id%3D201%3Btop_destinations%3D6021%3Bpopular_nearby_landmarks%3D900059521%3Bpopular_nearby_landmarks%3D900059520%3Bpopular_nearby_landmarks%3D900074332%3Bpopular_nearby_landmarks%3D900077457%3Bpopular_nearby_landmarks%3D900059522%3Bpopular_nearby_landmarks%3D900074335%3Bpopular_nearby_landmarks%3D900074331%3Bpopular_nearby_landmarks%3D900053658%3Bpopular_nearby_landmarks%3D900053661%3Bpopular_nearby_landmarks%3D900053669%3Bpopular_nearby_landmarks%3D900058091%3Bpopular_nearby_landmarks%3D900059233%3Bpopular_nearby_landmarks%3D900059236%3Bpopular_nearby_landmarks%3D900059439%3Bpopular_nearby_landmarks%3D900059447%3Bpopular_nearby_landmarks%3D900059529%3Bpopular_nearby_landmarks%3D900069601%3Bpopular_nearby_landmarks%3D900069602%3Bpopular_nearby_landmarks%3D900069603%3Bpopular_nearby_landmarks%3D900070379%3Bpopular_nearby_landmarks%3D900074815%3Bpopular_nearby_landmarks%3D900074898%3Bpopular_nearby_landmarks%3D900075026%3Bpopular_nearby_landmarks%3D900059238","","Ella Mount Heaven","Scored 9.6","9.6","Value for money 10","Located in Ella, 5.2 miles from Demodara Nine Arch Bridge, Ella Mount Heaven provides accommodations with a terrace, free private parking, a restaurant and a bar. This 4-star hotel offers room...","· 9 reviews","Opens in new window","Ella","Show prices","Exceptional","Show on map","","https://cf.bstatic.com/xdata/images/hotel/square600/827471499.webp?k=c5012a10231947565e7f50c0bee9691ab95f79eca0e42af0a34364d12ad53355&o="
"1777052003-19","https://www.booking.com/searchresults.html?label=bristol-XLwodozx2dVe8Ts0XeYuawS752260715469%3Apl%3Ata%3Ap1%3Ap2%3Aac%3Aap%3Aneg%3Afi%3Atikwd-869815001187%3Alp1009919%3Ali%3Adec%3Adm%3Appccp%3DUmFuZG9tSVYkc2RlIyh9YXdX6HrtnYy-Ml68sH-ljtU&aid=311984&dest_id=198&dest_type=country&group_adults=2&req_adults=2&no_rooms=1&broad_search_not_eligible=1&order=score&nflt=ht_id%3D204%3Bht_id%3D213%3Bht_id%3D216%3Bht_id%3D201%3Btop_destinations%3D6021%3Bpopular_nearby_landmarks%3D900059521%3Bpopular_nearby_landmarks%3D900059520%3Bpopular_nearby_landmarks%3D900074332%3Bpopular_nearby_landmarks%3D900077457%3Bpopular_nearby_landmarks%3D900059522%3Bpopular_nearby_landmarks%3D900074335%3Bpopular_nearby_landmarks%3D900074331%3Bpopular_nearby_landmarks%3D900053658%3Bpopular_nearby_landmarks%3D900053661%3Bpopular_nearby_landmarks%3D900053669%3Bpopular_nearby_landmarks%3D900058091%3Bpopular_nearby_landmarks%3D900059233%3Bpopular_nearby_landmarks%3D900059236%3Bpopular_nearby_landmarks%3D900059439%3Bpopular_nearby_landmarks%3D900059447%3Bpopular_nearby_landmarks%3D900059529%3Bpopular_nearby_landmarks%3D900069601%3Bpopular_nearby_landmarks%3D900069602%3Bpopular_nearby_landmarks%3D900069603%3Bpopular_nearby_landmarks%3D900070379%3Bpopular_nearby_landmarks%3D900074815%3Bpopular_nearby_landmarks%3D900074898%3Bpopular_nearby_landmarks%3D900075026%3Bpopular_nearby_landmarks%3D900059238","","Ella Grand Cabin","Scored 9.6","9.6","Value for money 9.5","Just a 14-minute walk from Ella Train Station and 0.9 miles from Ella Spice Garden Cooking Class, Ella Grand Cabin features accommodations in Ella with a garden.","· 15 reviews","Opens in new window","Ella","Show prices","Exceptional","Show on map","","https://cf.bstatic.com/xdata/images/hotel/square600/805235711.webp?k=f71359ae3f9a4ec675e447ffaf8b1248bc8762e2643a0789ce184780800cdcac&o="
"1777052003-20","https://www.booking.com/searchresults.html?label=bristol-XLwodozx2dVe8Ts0XeYuawS752260715469%3Apl%3Ata%3Ap1%3Ap2%3Aac%3Aap%3Aneg%3Afi%3Atikwd-869815001187%3Alp1009919%3Ali%3Adec%3Adm%3Appccp%3DUmFuZG9tSVYkc2RlIyh9YXdX6HrtnYy-Ml68sH-ljtU&aid=311984&dest_id=198&dest_type=country&group_adults=2&req_adults=2&no_rooms=1&broad_search_not_eligible=1&order=score&nflt=ht_id%3D204%3Bht_id%3D213%3Bht_id%3D216%3Bht_id%3D201%3Btop_destinations%3D6021%3Bpopular_nearby_landmarks%3D900059521%3Bpopular_nearby_landmarks%3D900059520%3Bpopular_nearby_landmarks%3D900074332%3Bpopular_nearby_landmarks%3D900077457%3Bpopular_nearby_landmarks%3D900059522%3Bpopular_nearby_landmarks%3D900074335%3Bpopular_nearby_landmarks%3D900074331%3Bpopular_nearby_landmarks%3D900053658%3Bpopular_nearby_landmarks%3D900053661%3Bpopular_nearby_landmarks%3D900053669%3Bpopular_nearby_landmarks%3D900058091%3Bpopular_nearby_landmarks%3D900059233%3Bpopular_nearby_landmarks%3D900059236%3Bpopular_nearby_landmarks%3D900059439%3Bpopular_nearby_landmarks%3D900059447%3Bpopular_nearby_landmarks%3D900059529%3Bpopular_nearby_landmarks%3D900069601%3Bpopular_nearby_landmarks%3D900069602%3Bpopular_nearby_landmarks%3D900069603%3Bpopular_nearby_landmarks%3D900070379%3Bpopular_nearby_landmarks%3D900074815%3Bpopular_nearby_landmarks%3D900074898%3Bpopular_nearby_landmarks%3D900075026%3Bpopular_nearby_landmarks%3D900059238","","Snuggle Cottage","Scored 9.6","9.6","Value for money 9.8","Snuggle Cottage enjoys a location in Ella, 3.4 miles from Demodara Nine Arch Bridge and 28 miles from Hakgala Botanical Garden.","· 93 reviews","Opens in new window","Ella","Show prices","Exceptional","Show on map","","https://cf.bstatic.com/xdata/images/hotel/square600/664636025.webp?k=40d15d5de2787270075111ba159e24f803234edfdadcdaa0d7912900e36a281b&o="
"1777052003-21","https://www.booking.com/searchresults.html?label=bristol-XLwodozx2dVe8Ts0XeYuawS752260715469%3Apl%3Ata%3Ap1%3Ap2%3Aac%3Aap%3Aneg%3Afi%3Atikwd-869815001187%3Alp1009919%3Ali%3Adec%3Adm%3Appccp%3DUmFuZG9tSVYkc2RlIyh9YXdX6HrtnYy-Ml68sH-ljtU&aid=311984&dest_id=198&dest_type=country&group_adults=2&req_adults=2&no_rooms=1&broad_search_not_eligible=1&order=score&nflt=ht_id%3D204%3Bht_id%3D213%3Bht_id%3D216%3Bht_id%3D201%3Btop_destinations%3D6021%3Bpopular_nearby_landmarks%3D900059521%3Bpopular_nearby_landmarks%3D900059520%3Bpopular_nearby_landmarks%3D900074332%3Bpopular_nearby_landmarks%3D900077457%3Bpopular_nearby_landmarks%3D900059522%3Bpopular_nearby_landmarks%3D900074335%3Bpopular_nearby_landmarks%3D900074331%3Bpopular_nearby_landmarks%3D900053658%3Bpopular_nearby_landmarks%3D900053661%3Bpopular_nearby_landmarks%3D900053669%3Bpopular_nearby_landmarks%3D900058091%3Bpopular_nearby_landmarks%3D900059233%3Bpopular_nearby_landmarks%3D900059236%3Bpopular_nearby_landmarks%3D900059439%3Bpopular_nearby_landmarks%3D900059447%3Bpopular_nearby_landmarks%3D900059529%3Bpopular_nearby_landmarks%3D900069601%3Bpopular_nearby_landmarks%3D900069602%3Bpopular_nearby_landmarks%3D900069603%3Bpopular_nearby_landmarks%3D900070379%3Bpopular_nearby_landmarks%3D900074815%3Bpopular_nearby_landmarks%3D900074898%3Bpopular_nearby_landmarks%3D900075026%3Bpopular_nearby_landmarks%3D900059238","","View arch wood cabin","Scored 9.6","9.6","Value for money 9.5","Featuring a garden, View arch wood cabin is located in Ella in the Badulla District region, 1.2 miles from Demodara Nine Arch Bridge and 1.2 miles from Little Adam's Peak.","· 42 reviews","Opens in new window","Ella","Show prices","Exceptional","Show on map","","https://cf.bstatic.com/xdata/images/hotel/square600/734860832.webp?k=fb7a0e8fc05a4e1bb3715344e165310b11f02545f7f059d40d601ba417eb7293&o="
"1777052003-22","https://www.booking.com/searchresults.html?label=bristol-XLwodozx2dVe8Ts0XeYuawS752260715469%3Apl%3Ata%3Ap1%3Ap2%3Aac%3Aap%3Aneg%3Afi%3Atikwd-869815001187%3Alp1009919%3Ali%3Adec%3Adm%3Appccp%3DUmFuZG9tSVYkc2RlIyh9YXdX6HrtnYy-Ml68sH-ljtU&aid=311984&dest_id=198&dest_type=country&group_adults=2&req_adults=2&no_rooms=1&broad_search_not_eligible=1&order=score&nflt=ht_id%3D204%3Bht_id%3D213%3Bht_id%3D216%3Bht_id%3D201%3Btop_destinations%3D6021%3Bpopular_nearby_landmarks%3D900059521%3Bpopular_nearby_landmarks%3D900059520%3Bpopular_nearby_landmarks%3D900074332%3Bpopular_nearby_landmarks%3D900077457%3Bpopular_nearby_landmarks%3D900059522%3Bpopular_nearby_landmarks%3D900074335%3Bpopular_nearby_landmarks%3D900074331%3Bpopular_nearby_landmarks%3D900053658%3Bpopular_nearby_landmarks%3D900053661%3Bpopular_nearby_landmarks%3D900053669%3Bpopular_nearby_landmarks%3D900058091%3Bpopular_nearby_landmarks%3D900059233%3Bpopular_nearby_landmarks%3D900059236%3Bpopular_nearby_landmarks%3D900059439%3Bpopular_nearby_landmarks%3D900059447%3Bpopular_nearby_landmarks%3D900059529%3Bpopular_nearby_landmarks%3D900069601%3Bpopular_nearby_landmarks%3D900069602%3Bpopular_nearby_landmarks%3D900069603%3Bpopular_nearby_landmarks%3D900070379%3Bpopular_nearby_landmarks%3D900074815%3Bpopular_nearby_landmarks%3D900074898%3Bpopular_nearby_landmarks%3D900075026%3Bpopular_nearby_landmarks%3D900059238","","Duet Ella","Scored 9.6","9.6","Value for money 9.5","Duet Ella is located in Ella, just 3.6 miles from Demodara Nine Arch Bridge and 31 miles from Hakgala Botanical Garden. This property offers access to a terrace, free private parking, and free Wifi.","· 12 reviews","Opens in new window","Ella","Show prices","Exceptional","Show on map","","https://cf.bstatic.com/xdata/images/hotel/square600/516781621.webp?k=5d3a9d524908569c5870c1d1c4c5b02191de6fc8d1cd124ca29f297c633c3f52&o="
"1777052003-23","https://www.booking.com/searchresults.html?label=bristol-XLwodozx2dVe8Ts0XeYuawS752260715469%3Apl%3Ata%3Ap1%3Ap2%3Aac%3Aap%3Aneg%3Afi%3Atikwd-869815001187%3Alp1009919%3Ali%3Adec%3Adm%3Appccp%3DUmFuZG9tSVYkc2RlIyh9YXdX6HrtnYy-Ml68sH-ljtU&aid=311984&dest_id=198&dest_type=country&group_adults=2&req_adults=2&no_rooms=1&broad_search_not_eligible=1&order=score&nflt=ht_id%3D204%3Bht_id%3D213%3Bht_id%3D216%3Bht_id%3D201%3Btop_destinations%3D6021%3Bpopular_nearby_landmarks%3D900059521%3Bpopular_nearby_landmarks%3D900059520%3Bpopular_nearby_landmarks%3D900074332%3Bpopular_nearby_landmarks%3D900077457%3Bpopular_nearby_landmarks%3D900059522%3Bpopular_nearby_landmarks%3D900074335%3Bpopular_nearby_landmarks%3D900074331%3Bpopular_nearby_landmarks%3D900053658%3Bpopular_nearby_landmarks%3D900053661%3Bpopular_nearby_landmarks%3D900053669%3Bpopular_nearby_landmarks%3D900058091%3Bpopular_nearby_landmarks%3D900059233%3Bpopular_nearby_landmarks%3D900059236%3Bpopular_nearby_landmarks%3D900059439%3Bpopular_nearby_landmarks%3D900059447%3Bpopular_nearby_landmarks%3D900059529%3Bpopular_nearby_landmarks%3D900069601%3Bpopular_nearby_landmarks%3D900069602%3Bpopular_nearby_landmarks%3D900069603%3Bpopular_nearby_landmarks%3D900070379%3Bpopular_nearby_landmarks%3D900074815%3Bpopular_nearby_landmarks%3D900074898%3Bpopular_nearby_landmarks%3D900075026%3Bpopular_nearby_landmarks%3D900059238","","Lavendra Paradise","Scored 9.5","9.5","Value for money 9.4","Located in Ella, within 3.3 miles of Demodara Nine Arch Bridge and 30 miles of Hakgala Botanical Garden, Lavendra Paradise provides accommodations with a garden and free WiFi as well as free private...","· 429 reviews","Opens in new window","Ella","Show prices","Exceptional","Show on map","","https://cf.bstatic.com/xdata/images/hotel/square600/423613542.webp?k=4728d9a8e0e85601a36fe4bf53ab420222969f7dc93b416157b7d7b81ef79aea&o="
"1777052003-24","https://www.booking.com/searchresults.html?label=bristol-XLwodozx2dVe8Ts0XeYuawS752260715469%3Apl%3Ata%3Ap1%3Ap2%3Aac%3Aap%3Aneg%3Afi%3Atikwd-869815001187%3Alp1009919%3Ali%3Adec%3Adm%3Appccp%3DUmFuZG9tSVYkc2RlIyh9YXdX6HrtnYy-Ml68sH-ljtU&aid=311984&dest_id=198&dest_type=country&group_adults=2&req_adults=2&no_rooms=1&broad_search_not_eligible=1&order=score&nflt=ht_id%3D204%3Bht_id%3D213%3Bht_id%3D216%3Bht_id%3D201%3Btop_destinations%3D6021%3Bpopular_nearby_landmarks%3D900059521%3Bpopular_nearby_landmarks%3D900059520%3Bpopular_nearby_landmarks%3D900074332%3Bpopular_nearby_landmarks%3D900077457%3Bpopular_nearby_landmarks%3D900059522%3Bpopular_nearby_landmarks%3D900074335%3Bpopular_nearby_landmarks%3D900074331%3Bpopular_nearby_landmarks%3D900053658%3Bpopular_nearby_landmarks%3D900053661%3Bpopular_nearby_landmarks%3D900053669%3Bpopular_nearby_landmarks%3D900058091%3Bpopular_nearby_landmarks%3D900059233%3Bpopular_nearby_landmarks%3D900059236%3Bpopular_nearby_landmarks%3D900059439%3Bpopular_nearby_landmarks%3D900059447%3Bpopular_nearby_landmarks%3D900059529%3Bpopular_nearby_landmarks%3D900069601%3Bpopular_nearby_landmarks%3D900069602%3Bpopular_nearby_landmarks%3D900069603%3Bpopular_nearby_landmarks%3D900070379%3Bpopular_nearby_landmarks%3D900074815%3Bpopular_nearby_landmarks%3D900074898%3Bpopular_nearby_landmarks%3D900075026%3Bpopular_nearby_landmarks%3D900059238","","Nine Skies","Scored 9.5","9.5","Value for money 8.8","Nine Skies features free bikes, outdoor swimming pool, a garden and shared lounge in Ella. With free WiFi, this 5-star hotel has a restaurant and a bar. The hotel has family rooms.","· 29 reviews","Opens in new window","Ella","Show prices","Exceptional","Show on map","","https://cf.bstatic.com/xdata/images/hotel/square600/239446783.webp?k=9479ac115ece9e06a5d8c23be4e34ace3494c9dbc876d55c146baf2fc794d712&o="
"1777052003-25","https://www.booking.com/searchresults.html?label=bristol-XLwodozx2dVe8Ts0XeYuawS752260715469%3Apl%3Ata%3Ap1%3Ap2%3Aac%3Aap%3Aneg%3Afi%3Atikwd-869815001187%3Alp1009919%3Ali%3Adec%3Adm%3Appccp%3DUmFuZG9tSVYkc2RlIyh9YXdX6HrtnYy-Ml68sH-ljtU&aid=311984&dest_id=198&dest_type=country&group_adults=2&req_adults=2&no_rooms=1&broad_search_not_eligible=1&order=score&nflt=ht_id%3D204%3Bht_id%3D213%3Bht_id%3D216%3Bht_id%3D201%3Btop_destinations%3D6021%3Bpopular_nearby_landmarks%3D900059521%3Bpopular_nearby_landmarks%3D900059520%3Bpopular_nearby_landmarks%3D900074332%3Bpopular_nearby_landmarks%3D900077457%3Bpopular_nearby_landmarks%3D900059522%3Bpopular_nearby_landmarks%3D900074335%3Bpopular_nearby_landmarks%3D900074331%3Bpopular_nearby_landmarks%3D900053658%3Bpopular_nearby_landmarks%3D900053661%3Bpopular_nearby_landmarks%3D900053669%3Bpopular_nearby_landmarks%3D900058091%3Bpopular_nearby_landmarks%3D900059233%3Bpopular_nearby_landmarks%3D900059236%3Bpopular_nearby_landmarks%3D900059439%3Bpopular_nearby_landmarks%3D900059447%3Bpopular_nearby_landmarks%3D900059529%3Bpopular_nearby_landmarks%3D900069601%3Bpopular_nearby_landmarks%3D900069602%3Bpopular_nearby_landmarks%3D900069603%3Bpopular_nearby_landmarks%3D900070379%3Bpopular_nearby_landmarks%3D900074815%3Bpopular_nearby_landmarks%3D900074898%3Bpopular_nearby_landmarks%3D900075026%3Bpopular_nearby_landmarks%3D900059238","","The black stone","Scored 9.5","9.5","Value for money 9.6","Just a 13-minute walk from Ella Train Station and 0.7 miles from Ella Spice Garden Cooking Class, The black stone features accommodations in Ella with a garden.","· 55 reviews","Opens in new window","Ella","Show prices","Exceptional","Show on map","","https://cf.bstatic.com/xdata/images/hotel/square600/441986368.webp?k=145cf033ef1eb5ca270b5f033eab365256d041b34c1e5f7c31d6ffe334562a69&o="
"1777052003-26","https://www.booking.com/searchresults.html?label=bristol-XLwodozx2dVe8Ts0XeYuawS752260715469%3Apl%3Ata%3Ap1%3Ap2%3Aac%3Aap%3Aneg%3Afi%3Atikwd-869815001187%3Alp1009919%3Ali%3Adec%3Adm%3Appccp%3DUmFuZG9tSVYkc2RlIyh9YXdX6HrtnYy-Ml68sH-ljtU&aid=311984&dest_id=198&dest_type=country&group_adults=2&req_adults=2&no_rooms=1&broad_search_not_eligible=1&order=score&nflt=ht_id%3D204%3Bht_id%3D213%3Bht_id%3D216%3Bht_id%3D201%3Btop_destinations%3D6021%3Bpopular_nearby_landmarks%3D900059521%3Bpopular_nearby_landmarks%3D900059520%3Bpopular_nearby_landmarks%3D900074332%3Bpopular_nearby_landmarks%3D900077457%3Bpopular_nearby_landmarks%3D900059522%3Bpopular_nearby_landmarks%3D900074335%3Bpopular_nearby_landmarks%3D900074331%3Bpopular_nearby_landmarks%3D900053658%3Bpopular_nearby_landmarks%3D900053661%3Bpopular_nearby_landmarks%3D900053669%3Bpopular_nearby_landmarks%3D900058091%3Bpopular_nearby_landmarks%3D900059233%3Bpopular_nearby_landmarks%3D900059236%3Bpopular_nearby_landmarks%3D900059439%3Bpopular_nearby_landmarks%3D900059447%3Bpopular_nearby_landmarks%3D900059529%3Bpopular_nearby_landmarks%3D900069601%3Bpopular_nearby_landmarks%3D900069602%3Bpopular_nearby_landmarks%3D900069603%3Bpopular_nearby_landmarks%3D900070379%3Bpopular_nearby_landmarks%3D900074815%3Bpopular_nearby_landmarks%3D900074898%3Bpopular_nearby_landmarks%3D900075026%3Bpopular_nearby_landmarks%3D900059238","","Ohiya Our Time Kabana","Scored 9.5","9.5","Value for money 9.5","Ohiya Our Time Kabana is located in Ohiya, just 23 miles from Gregory Lake and 7.9 miles from Horton Plains National Park. This property offers access to a balcony, free private parking, and free...","· 11 reviews","Opens in new window","Ohiya","Show prices","Exceptional","Show on map","","https://cf.bstatic.com/xdata/images/hotel/square600/813303706.webp?k=74f27f2d014a36a32d0416a29b156d43e5e460c1ba88a3bec35f3f75472d7869&o="
"1777052003-27","https://www.booking.com/searchresults.html?label=bristol-XLwodozx2dVe8Ts0XeYuawS752260715469%3Apl%3Ata%3Ap1%3Ap2%3Aac%3Aap%3Aneg%3Afi%3Atikwd-869815001187%3Alp1009919%3Ali%3Adec%3Adm%3Appccp%3DUmFuZG9tSVYkc2RlIyh9YXdX6HrtnYy-Ml68sH-ljtU&aid=311984&dest_id=198&dest_type=country&group_adults=2&req_adults=2&no_rooms=1&broad_search_not_eligible=1&order=score&nflt=ht_id%3D204%3Bht_id%3D213%3Bht_id%3D216%3Bht_id%3D201%3Btop_destinations%3D6021%3Bpopular_nearby_landmarks%3D900059521%3Bpopular_nearby_landmarks%3D900059520%3Bpopular_nearby_landmarks%3D900074332%3Bpopular_nearby_landmarks%3D900077457%3Bpopular_nearby_landmarks%3D900059522%3Bpopular_nearby_landmarks%3D900074335%3Bpopular_nearby_landmarks%3D900074331%3Bpopular_nearby_landmarks%3D900053658%3Bpopular_nearby_landmarks%3D900053661%3Bpopular_nearby_landmarks%3D900053669%3Bpopular_nearby_landmarks%3D900058091%3Bpopular_nearby_landmarks%3D900059233%3Bpopular_nearby_landmarks%3D900059236%3Bpopular_nearby_landmarks%3D900059439%3Bpopular_nearby_landmarks%3D900059447%3Bpopular_nearby_landmarks%3D900059529%3Bpopular_nearby_landmarks%3D900069601%3Bpopular_nearby_landmarks%3D900069602%3Bpopular_nearby_landmarks%3D900069603%3Bpopular_nearby_landmarks%3D900070379%3Bpopular_nearby_landmarks%3D900074815%3Bpopular_nearby_landmarks%3D900074898%3Bpopular_nearby_landmarks%3D900075026%3Bpopular_nearby_landmarks%3D900059238","","Bethel Ella","Scored 9.5","9.5","Value for money 9.4","Located in Ella, within 3.4 miles of Demodara Nine Arch Bridge and 30 miles of Hakgala Botanical Garden, Bethel Ella has accommodations with a terrace and free WiFi throughout the property as well as...","· 28 reviews","Opens in new window","Ella","Show prices","Exceptional","Show on map","New to Booking.com","https://cf.bstatic.com/xdata/images/hotel/square600/849192913.webp?k=27ea6b975690c4e17e20e3f43fb22dcd9979d699fb05ddb630ca8ac638f643bd&o="
"1777052003-28","https://www.booking.com/searchresults.html?label=bristol-XLwodozx2dVe8Ts0XeYuawS752260715469%3Apl%3Ata%3Ap1%3Ap2%3Aac%3Aap%3Aneg%3Afi%3Atikwd-869815001187%3Alp1009919%3Ali%3Adec%3Adm%3Appccp%3DUmFuZG9tSVYkc2RlIyh9YXdX6HrtnYy-Ml68sH-ljtU&aid=311984&dest_id=198&dest_type=country&group_adults=2&req_adults=2&no_rooms=1&broad_search_not_eligible=1&order=score&nflt=ht_id%3D204%3Bht_id%3D213%3Bht_id%3D216%3Bht_id%3D201%3Btop_destinations%3D6021%3Bpopular_nearby_landmarks%3D900059521%3Bpopular_nearby_landmarks%3D900059520%3Bpopular_nearby_landmarks%3D900074332%3Bpopular_nearby_landmarks%3D900077457%3Bpopular_nearby_landmarks%3D900059522%3Bpopular_nearby_landmarks%3D900074335%3Bpopular_nearby_landmarks%3D900074331%3Bpopular_nearby_landmarks%3D900053658%3Bpopular_nearby_landmarks%3D900053661%3Bpopular_nearby_landmarks%3D900053669%3Bpopular_nearby_landmarks%3D900058091%3Bpopular_nearby_landmarks%3D900059233%3Bpopular_nearby_landmarks%3D900059236%3Bpopular_nearby_landmarks%3D900059439%3Bpopular_nearby_landmarks%3D900059447%3Bpopular_nearby_landmarks%3D900059529%3Bpopular_nearby_landmarks%3D900069601%3Bpopular_nearby_landmarks%3D900069602%3Bpopular_nearby_landmarks%3D900069603%3Bpopular_nearby_landmarks%3D900070379%3Bpopular_nearby_landmarks%3D900074815%3Bpopular_nearby_landmarks%3D900074898%3Bpopular_nearby_landmarks%3D900075026%3Bpopular_nearby_landmarks%3D900059238","","Nine Arch Wood Cabin","Scored 9.5","9.5","Value for money 9.5","Just a 8-minute walk from Demodara Nine Arch Bridge and one mile from Little Adam's Peak, Nine Arch Wood Cabin features accommodations in Ella, with free bikes, a garden, and a terrace.","· 123 reviews","Opens in new window","Ella","Show prices","Exceptional","Show on map","","https://cf.bstatic.com/xdata/images/hotel/square600/787281127.webp?k=e440153dbde03d07f151c157b1f2b01c56db84c799330725b86d4de09c6b0cff&o="
"1777052003-29","https://www.booking.com/searchresults.html?label=bristol-XLwodozx2dVe8Ts0XeYuawS752260715469%3Apl%3Ata%3Ap1%3Ap2%3Aac%3Aap%3Aneg%3Afi%3Atikwd-869815001187%3Alp1009919%3Ali%3Adec%3Adm%3Appccp%3DUmFuZG9tSVYkc2RlIyh9YXdX6HrtnYy-Ml68sH-ljtU&aid=311984&dest_id=198&dest_type=country&group_adults=2&req_adults=2&no_rooms=1&broad_search_not_eligible=1&order=score&nflt=ht_id%3D204%3Bht_id%3D213%3Bht_id%3D216%3Bht_id%3D201%3Btop_destinations%3D6021%3Bpopular_nearby_landmarks%3D900059521%3Bpopular_nearby_landmarks%3D900059520%3Bpopular_nearby_landmarks%3D900074332%3Bpopular_nearby_landmarks%3D900077457%3Bpopular_nearby_landmarks%3D900059522%3Bpopular_nearby_landmarks%3D900074335%3Bpopular_nearby_landmarks%3D900074331%3Bpopular_nearby_landmarks%3D900053658%3Bpopular_nearby_landmarks%3D900053661%3Bpopular_nearby_landmarks%3D900053669%3Bpopular_nearby_landmarks%3D900058091%3Bpopular_nearby_landmarks%3D900059233%3Bpopular_nearby_landmarks%3D900059236%3Bpopular_nearby_landmarks%3D900059439%3Bpopular_nearby_landmarks%3D900059447%3Bpopular_nearby_landmarks%3D900059529%3Bpopular_nearby_landmarks%3D900069601%3Bpopular_nearby_landmarks%3D900069602%3Bpopular_nearby_landmarks%3D900069603%3Bpopular_nearby_landmarks%3D900070379%3Bpopular_nearby_landmarks%3D900074815%3Bpopular_nearby_landmarks%3D900074898%3Bpopular_nearby_landmarks%3D900075026%3Bpopular_nearby_landmarks%3D900059238","","Ella moon rock","Scored 9.5","9.5","Value for money 9.6","Located in Ella, 3.1 miles from Demodara Nine Arch Bridge, Ella moon rock has accommodations with a garden, free private parking and a terrace.","· 557 reviews","Opens in new window","Ella","Show prices","Exceptional","Show on map","","https://cf.bstatic.com/xdata/images/hotel/square600/331268848.webp?k=36280f3bfb0c465fbe8f22555f7094f0c333348ac6a7f7a63af4ad0faf6119ef&o="
"1777052003-30","https://www.booking.com/searchresults.html?label=bristol-XLwodozx2dVe8Ts0XeYuawS752260715469%3Apl%3Ata%3Ap1%3Ap2%3Aac%3Aap%3Aneg%3Afi%3Atikwd-869815001187%3Alp1009919%3Ali%3Adec%3Adm%3Appccp%3DUmFuZG9tSVYkc2RlIyh9YXdX6HrtnYy-Ml68sH-ljtU&aid=311984&dest_id=198&dest_type=country&group_adults=2&req_adults=2&no_rooms=1&broad_search_not_eligible=1&order=score&nflt=ht_id%3D204%3Bht_id%3D213%3Bht_id%3D216%3Bht_id%3D201%3Btop_destinations%3D6021%3Bpopular_nearby_landmarks%3D900059521%3Bpopular_nearby_landmarks%3D900059520%3Bpopular_nearby_landmarks%3D900074332%3Bpopular_nearby_landmarks%3D900077457%3Bpopular_nearby_landmarks%3D900059522%3Bpopular_nearby_landmarks%3D900074335%3Bpopular_nearby_landmarks%3D900074331%3Bpopular_nearby_landmarks%3D900053658%3Bpopular_nearby_landmarks%3D900053661%3Bpopular_nearby_landmarks%3D900053669%3Bpopular_nearby_landmarks%3D900058091%3Bpopular_nearby_landmarks%3D900059233%3Bpopular_nearby_landmarks%3D900059236%3Bpopular_nearby_landmarks%3D900059439%3Bpopular_nearby_landmarks%3D900059447%3Bpopular_nearby_landmarks%3D900059529%3Bpopular_nearby_landmarks%3D900069601%3Bpopular_nearby_landmarks%3D900069602%3Bpopular_nearby_landmarks%3D900069603%3Bpopular_nearby_landmarks%3D900070379%3Bpopular_nearby_landmarks%3D900074815%3Bpopular_nearby_landmarks%3D900074898%3Bpopular_nearby_landmarks%3D900075026%3Bpopular_nearby_landmarks%3D900059238","","Humble Ella","Scored 9.5","9.5","Value for money 9.4","Located in Ella, a 16-minute walk from Demodara Nine Arch Bridge, Humble Ella has accommodations with a garden, free private parking, a shared lounge and a terrace.","· 20 reviews","Opens in new window","Ella","Show prices","Exceptional","Show on map","","https://cf.bstatic.com/xdata/images/hotel/square600/816333655.webp?k=c7fc78405bfbb1c02fc49c77a28d8c61a4684c23b96b00726c355f9081794df5&o="
"1777052003-31","https://www.booking.com/searchresults.html?label=bristol-XLwodozx2dVe8Ts0XeYuawS752260715469%3Apl%3Ata%3Ap1%3Ap2%3Aac%3Aap%3Aneg%3Afi%3Atikwd-869815001187%3Alp1009919%3Ali%3Adec%3Adm%3Appccp%3DUmFuZG9tSVYkc2RlIyh9YXdX6HrtnYy-Ml68sH-ljtU&aid=311984&dest_id=198&dest_type=country&group_adults=2&req_adults=2&no_rooms=1&broad_search_not_eligible=1&order=score&nflt=ht_id%3D204%3Bht_id%3D213%3Bht_id%3D216%3Bht_id%3D201%3Btop_destinations%3D6021%3Bpopular_nearby_landmarks%3D900059521%3Bpopular_nearby_landmarks%3D900059520%3Bpopular_nearby_landmarks%3D900074332%3Bpopular_nearby_landmarks%3D900077457%3Bpopular_nearby_landmarks%3D900059522%3Bpopular_nearby_landmarks%3D900074335%3Bpopular_nearby_landmarks%3D900074331%3Bpopular_nearby_landmarks%3D900053658%3Bpopular_nearby_landmarks%3D900053661%3Bpopular_nearby_landmarks%3D900053669%3Bpopular_nearby_landmarks%3D900058091%3Bpopular_nearby_landmarks%3D900059233%3Bpopular_nearby_landmarks%3D900059236%3Bpopular_nearby_landmarks%3D900059439%3Bpopular_nearby_landmarks%3D900059447%3Bpopular_nearby_landmarks%3D900059529%3Bpopular_nearby_landmarks%3D900069601%3Bpopular_nearby_landmarks%3D900069602%3Bpopular_nearby_landmarks%3D900069603%3Bpopular_nearby_landmarks%3D900070379%3Bpopular_nearby_landmarks%3D900074815%3Bpopular_nearby_landmarks%3D900074898%3Bpopular_nearby_landmarks%3D900075026%3Bpopular_nearby_landmarks%3D900059238","","Talanta Ella","Scored 9.5","9.5","Value for money 9.7","A comfortable guest house close to Ella Train Station, Talanta Ella offers a base for a stress-free stay in Ella.","· 85 reviews","Opens in new window","Ella","Show prices","Exceptional","Show on map","","https://cf.bstatic.com/xdata/images/hotel/square600/625672910.webp?k=101f21514209730f73f175ee509771a8a8d63e160117e47df75cb709a873fec7&o="
"1777052003-32","https://www.booking.com/searchresults.html?label=bristol-XLwodozx2dVe8Ts0XeYuawS752260715469%3Apl%3Ata%3Ap1%3Ap2%3Aac%3Aap%3Aneg%3Afi%3Atikwd-869815001187%3Alp1009919%3Ali%3Adec%3Adm%3Appccp%3DUmFuZG9tSVYkc2RlIyh9YXdX6HrtnYy-Ml68sH-ljtU&aid=311984&dest_id=198&dest_type=country&group_adults=2&req_adults=2&no_rooms=1&broad_search_not_eligible=1&order=score&nflt=ht_id%3D204%3Bht_id%3D213%3Bht_id%3D216%3Bht_id%3D201%3Btop_destinations%3D6021%3Bpopular_nearby_landmarks%3D900059521%3Bpopular_nearby_landmarks%3D900059520%3Bpopular_nearby_landmarks%3D900074332%3Bpopular_nearby_landmarks%3D900077457%3Bpopular_nearby_landmarks%3D900059522%3Bpopular_nearby_landmarks%3D900074335%3Bpopular_nearby_landmarks%3D900074331%3Bpopular_nearby_landmarks%3D900053658%3Bpopular_nearby_landmarks%3D900053661%3Bpopular_nearby_landmarks%3D900053669%3Bpopular_nearby_landmarks%3D900058091%3Bpopular_nearby_landmarks%3D900059233%3Bpopular_nearby_landmarks%3D900059236%3Bpopular_nearby_landmarks%3D900059439%3Bpopular_nearby_landmarks%3D900059447%3Bpopular_nearby_landmarks%3D900059529%3Bpopular_nearby_landmarks%3D900069601%3Bpopular_nearby_landmarks%3D900069602%3Bpopular_nearby_landmarks%3D900069603%3Bpopular_nearby_landmarks%3D900070379%3Bpopular_nearby_landmarks%3D900074815%3Bpopular_nearby_landmarks%3D900074898%3Bpopular_nearby_landmarks%3D900075026%3Bpopular_nearby_landmarks%3D900059238","","Ambiente Guest House","Scored 9.4","9.4","Value for money 9.4","Just a 12-minute walk from Ella Train Station and 0.8 miles from Ella Spice Garden Cooking Class, Ambiente Guest House features accommodations in Ella, with a garden.","· 185 reviews","Opens in new window","Ella","Show prices","Wonderful","Show on map","","https://cf.bstatic.com/xdata/images/hotel/square600/719747799.webp?k=bebce2aba8a3180d79fbc78ebb4f851151b26d73edafce123e84d208bc40cb69&o="
"1777052003-33","https://www.booking.com/searchresults.html?label=bristol-XLwodozx2dVe8Ts0XeYuawS752260715469%3Apl%3Ata%3Ap1%3Ap2%3Aac%3Aap%3Aneg%3Afi%3Atikwd-869815001187%3Alp1009919%3Ali%3Adec%3Adm%3Appccp%3DUmFuZG9tSVYkc2RlIyh9YXdX6HrtnYy-Ml68sH-ljtU&aid=311984&dest_id=198&dest_type=country&group_adults=2&req_adults=2&no_rooms=1&broad_search_not_eligible=1&order=score&nflt=ht_id%3D204%3Bht_id%3D213%3Bht_id%3D216%3Bht_id%3D201%3Btop_destinations%3D6021%3Bpopular_nearby_landmarks%3D900059521%3Bpopular_nearby_landmarks%3D900059520%3Bpopular_nearby_landmarks%3D900074332%3Bpopular_nearby_landmarks%3D900077457%3Bpopular_nearby_landmarks%3D900059522%3Bpopular_nearby_landmarks%3D900074335%3Bpopular_nearby_landmarks%3D900074331%3Bpopular_nearby_landmarks%3D900053658%3Bpopular_nearby_landmarks%3D900053661%3Bpopular_nearby_landmarks%3D900053669%3Bpopular_nearby_landmarks%3D900058091%3Bpopular_nearby_landmarks%3D900059233%3Bpopular_nearby_landmarks%3D900059236%3Bpopular_nearby_landmarks%3D900059439%3Bpopular_nearby_landmarks%3D900059447%3Bpopular_nearby_landmarks%3D900059529%3Bpopular_nearby_landmarks%3D900069601%3Bpopular_nearby_landmarks%3D900069602%3Bpopular_nearby_landmarks%3D900069603%3Bpopular_nearby_landmarks%3D900070379%3Bpopular_nearby_landmarks%3D900074815%3Bpopular_nearby_landmarks%3D900074898%3Bpopular_nearby_landmarks%3D900075026%3Bpopular_nearby_landmarks%3D900059238","","Third Eye Ella","Scored 9.4","9.4","Value for money 9.6","Just a 4-minute walk from Ella Train Station and 0.4 miles from Ella Spice Garden Cooking Class, Third Eye Ella features accommodations in Ella with a garden.","· 533 reviews","Opens in new window","Ella","Show prices","Wonderful","Show on map","","https://cf.bstatic.com/xdata/images/hotel/square600/215204106.webp?k=aeb31f737b20dc2f328d64856c637fad60b52a4ae5ff60dde93c8ca90a95e07b&o="
"1777052003-34","https://www.booking.com/searchresults.html?label=bristol-XLwodozx2dVe8Ts0XeYuawS752260715469%3Apl%3Ata%3Ap1%3Ap2%3Aac%3Aap%3Aneg%3Afi%3Atikwd-869815001187%3Alp1009919%3Ali%3Adec%3Adm%3Appccp%3DUmFuZG9tSVYkc2RlIyh9YXdX6HrtnYy-Ml68sH-ljtU&aid=311984&dest_id=198&dest_type=country&group_adults=2&req_adults=2&no_rooms=1&broad_search_not_eligible=1&order=score&nflt=ht_id%3D204%3Bht_id%3D213%3Bht_id%3D216%3Bht_id%3D201%3Btop_destinations%3D6021%3Bpopular_nearby_landmarks%3D900059521%3Bpopular_nearby_landmarks%3D900059520%3Bpopular_nearby_landmarks%3D900074332%3Bpopular_nearby_landmarks%3D900077457%3Bpopular_nearby_landmarks%3D900059522%3Bpopular_nearby_landmarks%3D900074335%3Bpopular_nearby_landmarks%3D900074331%3Bpopular_nearby_landmarks%3D900053658%3Bpopular_nearby_landmarks%3D900053661%3Bpopular_nearby_landmarks%3D900053669%3Bpopular_nearby_landmarks%3D900058091%3Bpopular_nearby_landmarks%3D900059233%3Bpopular_nearby_landmarks%3D900059236%3Bpopular_nearby_landmarks%3D900059439%3Bpopular_nearby_landmarks%3D900059447%3Bpopular_nearby_landmarks%3D900059529%3Bpopular_nearby_landmarks%3D900069601%3Bpopular_nearby_landmarks%3D900069602%3Bpopular_nearby_landmarks%3D900069603%3Bpopular_nearby_landmarks%3D900070379%3Bpopular_nearby_landmarks%3D900074815%3Bpopular_nearby_landmarks%3D900074898%3Bpopular_nearby_landmarks%3D900075026%3Bpopular_nearby_landmarks%3D900059238","","Ella Brown House","Scored 9.4","9.4","Value for money 9.5","Ella Brown House has a garden, shared lounge, a terrace and restaurant in Ella. Offering a bar, the property is located within 2.6 miles of Demodara Nine Arch Bridge.","· 18 reviews","Opens in new window","Ella","Show prices","Wonderful","Show on map","","https://cf.bstatic.com/xdata/images/hotel/square600/856056057.webp?k=76bca477d1075ba57386066e4bde10853a2a10a6643dcf2ee67b40c55ea14f16&o="
"1777052003-35","https://www.booking.com/searchresults.html?label=bristol-XLwodozx2dVe8Ts0XeYuawS752260715469%3Apl%3Ata%3Ap1%3Ap2%3Aac%3Aap%3Aneg%3Afi%3Atikwd-869815001187%3Alp1009919%3Ali%3Adec%3Adm%3Appccp%3DUmFuZG9tSVYkc2RlIyh9YXdX6HrtnYy-Ml68sH-ljtU&aid=311984&dest_id=198&dest_type=country&group_adults=2&req_adults=2&no_rooms=1&broad_search_not_eligible=1&order=score&nflt=ht_id%3D204%3Bht_id%3D213%3Bht_id%3D216%3Bht_id%3D201%3Btop_destinations%3D6021%3Bpopular_nearby_landmarks%3D900059521%3Bpopular_nearby_landmarks%3D900059520%3Bpopular_nearby_landmarks%3D900074332%3Bpopular_nearby_landmarks%3D900077457%3Bpopular_nearby_landmarks%3D900059522%3Bpopular_nearby_landmarks%3D900074335%3Bpopular_nearby_landmarks%3D900074331%3Bpopular_nearby_landmarks%3D900053658%3Bpopular_nearby_landmarks%3D900053661%3Bpopular_nearby_landmarks%3D900053669%3Bpopular_nearby_landmarks%3D900058091%3Bpopular_nearby_landmarks%3D900059233%3Bpopular_nearby_landmarks%3D900059236%3Bpopular_nearby_landmarks%3D900059439%3Bpopular_nearby_landmarks%3D900059447%3Bpopular_nearby_landmarks%3D900059529%3Bpopular_nearby_landmarks%3D900069601%3Bpopular_nearby_landmarks%3D900069602%3Bpopular_nearby_landmarks%3D900069603%3Bpopular_nearby_landmarks%3D900070379%3Bpopular_nearby_landmarks%3D900074815%3Bpopular_nearby_landmarks%3D900074898%3Bpopular_nearby_landmarks%3D900075026%3Bpopular_nearby_landmarks%3D900059238","","V@Ella guesthouse","Scored 9.4","9.4","Value for money 9.7","V@Ella guesthouse is a recently renovated guest house in Ella near Ella Spice Garden Cooking Class. This property offers access to a terrace, free private parking, and free Wifi.","· 469 reviews","Opens in new window","Ella","Show prices","Wonderful","Show on map","","https://cf.bstatic.com/xdata/images/hotel/square600/744496353.webp?k=9c5248b388313c5aaed0f576142e0b4c60805cf62dd7f958f5c8a1e6be217adf&o="
"1777052003-36","https://www.booking.com/searchresults.html?label=bristol-XLwodozx2dVe8Ts0XeYuawS752260715469%3Apl%3Ata%3Ap1%3Ap2%3Aac%3Aap%3Aneg%3Afi%3Atikwd-869815001187%3Alp1009919%3Ali%3Adec%3Adm%3Appccp%3DUmFuZG9tSVYkc2RlIyh9YXdX6HrtnYy-Ml68sH-ljtU&aid=311984&dest_id=198&dest_type=country&group_adults=2&req_adults=2&no_rooms=1&broad_search_not_eligible=1&order=score&nflt=ht_id%3D204%3Bht_id%3D213%3Bht_id%3D216%3Bht_id%3D201%3Btop_destinations%3D6021%3Bpopular_nearby_landmarks%3D900059521%3Bpopular_nearby_landmarks%3D900059520%3Bpopular_nearby_landmarks%3D900074332%3Bpopular_nearby_landmarks%3D900077457%3Bpopular_nearby_landmarks%3D900059522%3Bpopular_nearby_landmarks%3D900074335%3Bpopular_nearby_landmarks%3D900074331%3Bpopular_nearby_landmarks%3D900053658%3Bpopular_nearby_landmarks%3D900053661%3Bpopular_nearby_landmarks%3D900053669%3Bpopular_nearby_landmarks%3D900058091%3Bpopular_nearby_landmarks%3D900059233%3Bpopular_nearby_landmarks%3D900059236%3Bpopular_nearby_landmarks%3D900059439%3Bpopular_nearby_landmarks%3D900059447%3Bpopular_nearby_landmarks%3D900059529%3Bpopular_nearby_landmarks%3D900069601%3Bpopular_nearby_landmarks%3D900069602%3Bpopular_nearby_landmarks%3D900069603%3Bpopular_nearby_landmarks%3D900070379%3Bpopular_nearby_landmarks%3D900074815%3Bpopular_nearby_landmarks%3D900074898%3Bpopular_nearby_landmarks%3D900075026%3Bpopular_nearby_landmarks%3D900059238","","Forest Edge Villa","Scored 9.4","9.4","Value for money 9.8","Located in Ella, 3 miles from Demodara Nine Arch Bridge, Forest Edge Villa provides accommodations with a garden, free private parking, a terrace and a restaurant.","· 13 reviews","Opens in new window","Ella","Show prices","Wonderful","Show on map","","https://cf.bstatic.com/xdata/images/hotel/square600/802948596.webp?k=b87865ceb687a7015d1b9eefe6f0891a7c135a1893971e6cac51796cc251d144&o="
"1777052003-37","https://www.booking.com/searchresults.html?label=bristol-XLwodozx2dVe8Ts0XeYuawS752260715469%3Apl%3Ata%3Ap1%3Ap2%3Aac%3Aap%3Aneg%3Afi%3Atikwd-869815001187%3Alp1009919%3Ali%3Adec%3Adm%3Appccp%3DUmFuZG9tSVYkc2RlIyh9YXdX6HrtnYy-Ml68sH-ljtU&aid=311984&dest_id=198&dest_type=country&group_adults=2&req_adults=2&no_rooms=1&broad_search_not_eligible=1&order=score&nflt=ht_id%3D204%3Bht_id%3D213%3Bht_id%3D216%3Bht_id%3D201%3Btop_destinations%3D6021%3Bpopular_nearby_landmarks%3D900059521%3Bpopular_nearby_landmarks%3D900059520%3Bpopular_nearby_landmarks%3D900074332%3Bpopular_nearby_landmarks%3D900077457%3Bpopular_nearby_landmarks%3D900059522%3Bpopular_nearby_landmarks%3D900074335%3Bpopular_nearby_landmarks%3D900074331%3Bpopular_nearby_landmarks%3D900053658%3Bpopular_nearby_landmarks%3D900053661%3Bpopular_nearby_landmarks%3D900053669%3Bpopular_nearby_landmarks%3D900058091%3Bpopular_nearby_landmarks%3D900059233%3Bpopular_nearby_landmarks%3D900059236%3Bpopular_nearby_landmarks%3D900059439%3Bpopular_nearby_landmarks%3D900059447%3Bpopular_nearby_landmarks%3D900059529%3Bpopular_nearby_landmarks%3D900069601%3Bpopular_nearby_landmarks%3D900069602%3Bpopular_nearby_landmarks%3D900069603%3Bpopular_nearby_landmarks%3D900070379%3Bpopular_nearby_landmarks%3D900074815%3Bpopular_nearby_landmarks%3D900074898%3Bpopular_nearby_landmarks%3D900075026%3Bpopular_nearby_landmarks%3D900059238","","Rivinu Holiday Resort","Scored 9.4","9.4","Value for money 9.3","Located in Ella, within 2.6 miles of Demodara Nine Arch Bridge and 30 miles of Hakgala Botanical Garden, Rivinu Holiday Resort has accommodations with a garden and free WiFi throughout the property as...","· 50 reviews","Opens in new window","Ella","Show prices","Wonderful","Show on map","","https://cf.bstatic.com/xdata/images/hotel/square600/800929351.webp?k=260702e3f399af53c267eceeb6075386ca1d2fd1ee562fac5545b02120d45ec7&o="
"1777052003-38","https://www.booking.com/searchresults.html?label=bristol-XLwodozx2dVe8Ts0XeYuawS752260715469%3Apl%3Ata%3Ap1%3Ap2%3Aac%3Aap%3Aneg%3Afi%3Atikwd-869815001187%3Alp1009919%3Ali%3Adec%3Adm%3Appccp%3DUmFuZG9tSVYkc2RlIyh9YXdX6HrtnYy-Ml68sH-ljtU&aid=311984&dest_id=198&dest_type=country&group_adults=2&req_adults=2&no_rooms=1&broad_search_not_eligible=1&order=score&nflt=ht_id%3D204%3Bht_id%3D213%3Bht_id%3D216%3Bht_id%3D201%3Btop_destinations%3D6021%3Bpopular_nearby_landmarks%3D900059521%3Bpopular_nearby_landmarks%3D900059520%3Bpopular_nearby_landmarks%3D900074332%3Bpopular_nearby_landmarks%3D900077457%3Bpopular_nearby_landmarks%3D900059522%3Bpopular_nearby_landmarks%3D900074335%3Bpopular_nearby_landmarks%3D900074331%3Bpopular_nearby_landmarks%3D900053658%3Bpopular_nearby_landmarks%3D900053661%3Bpopular_nearby_landmarks%3D900053669%3Bpopular_nearby_landmarks%3D900058091%3Bpopular_nearby_landmarks%3D900059233%3Bpopular_nearby_landmarks%3D900059236%3Bpopular_nearby_landmarks%3D900059439%3Bpopular_nearby_landmarks%3D900059447%3Bpopular_nearby_landmarks%3D900059529%3Bpopular_nearby_landmarks%3D900069601%3Bpopular_nearby_landmarks%3D900069602%3Bpopular_nearby_landmarks%3D900069603%3Bpopular_nearby_landmarks%3D900070379%3Bpopular_nearby_landmarks%3D900074815%3Bpopular_nearby_landmarks%3D900074898%3Bpopular_nearby_landmarks%3D900075026%3Bpopular_nearby_landmarks%3D900059238","","Natural Mountain Cottage ella","Scored 9.4","9.4","Value for money 9.0","Located in Ella, 3.8 miles from Demodara Nine Arch Bridge, Natural Mountain Cottage ella has accommodations with a garden, free private parking and a restaurant.","· 35 reviews","Opens in new window","Ella","Show prices","Wonderful","Show on map","","https://cf.bstatic.com/xdata/images/hotel/square600/715588309.webp?k=294d8334cb521b55aa9eb2febdfc927a0102258a159f03ae437edeab29c92c27&o="
"1777052003-39","https://www.booking.com/searchresults.html?label=bristol-XLwodozx2dVe8Ts0XeYuawS752260715469%3Apl%3Ata%3Ap1%3Ap2%3Aac%3Aap%3Aneg%3Afi%3Atikwd-869815001187%3Alp1009919%3Ali%3Adec%3Adm%3Appccp%3DUmFuZG9tSVYkc2RlIyh9YXdX6HrtnYy-Ml68sH-ljtU&aid=311984&dest_id=198&dest_type=country&group_adults=2&req_adults=2&no_rooms=1&broad_search_not_eligible=1&order=score&nflt=ht_id%3D204%3Bht_id%3D213%3Bht_id%3D216%3Bht_id%3D201%3Btop_destinations%3D6021%3Bpopular_nearby_landmarks%3D900059521%3Bpopular_nearby_landmarks%3D900059520%3Bpopular_nearby_landmarks%3D900074332%3Bpopular_nearby_landmarks%3D900077457%3Bpopular_nearby_landmarks%3D900059522%3Bpopular_nearby_landmarks%3D900074335%3Bpopular_nearby_landmarks%3D900074331%3Bpopular_nearby_landmarks%3D900053658%3Bpopular_nearby_landmarks%3D900053661%3Bpopular_nearby_landmarks%3D900053669%3Bpopular_nearby_landmarks%3D900058091%3Bpopular_nearby_landmarks%3D900059233%3Bpopular_nearby_landmarks%3D900059236%3Bpopular_nearby_landmarks%3D900059439%3Bpopular_nearby_landmarks%3D900059447%3Bpopular_nearby_landmarks%3D900059529%3Bpopular_nearby_landmarks%3D900069601%3Bpopular_nearby_landmarks%3D900069602%3Bpopular_nearby_landmarks%3D900069603%3Bpopular_nearby_landmarks%3D900070379%3Bpopular_nearby_landmarks%3D900074815%3Bpopular_nearby_landmarks%3D900074898%3Bpopular_nearby_landmarks%3D900075026%3Bpopular_nearby_landmarks%3D900059238","","Tin Tin Lodge","Scored 9.4","9.4","Value for money 9.6","Tin Tin Lodge has a garden, shared lounge, a restaurant and bar in Ella. The property is located 30 miles from Hakgala Botanical Garden, one mile from Little Adam's Peak and 2.5 miles from Ella Rock.","· 36 reviews","Opens in new window","Ella","Show prices","Wonderful","Show on map","","https://cf.bstatic.com/xdata/images/hotel/square600/802631637.webp?k=a072d2459ed3d3310d3ebe509260b984f97191c70ec3882ff77cf2544f24f166&o="
"1777052003-40","https://www.booking.com/searchresults.html?label=bristol-XLwodozx2dVe8Ts0XeYuawS752260715469%3Apl%3Ata%3Ap1%3Ap2%3Aac%3Aap%3Aneg%3Afi%3Atikwd-869815001187%3Alp1009919%3Ali%3Adec%3Adm%3Appccp%3DUmFuZG9tSVYkc2RlIyh9YXdX6HrtnYy-Ml68sH-ljtU&aid=311984&dest_id=198&dest_type=country&group_adults=2&req_adults=2&no_rooms=1&broad_search_not_eligible=1&order=score&nflt=ht_id%3D204%3Bht_id%3D213%3Bht_id%3D216%3Bht_id%3D201%3Btop_destinations%3D6021%3Bpopular_nearby_landmarks%3D900059521%3Bpopular_nearby_landmarks%3D900059520%3Bpopular_nearby_landmarks%3D900074332%3Bpopular_nearby_landmarks%3D900077457%3Bpopular_nearby_landmarks%3D900059522%3Bpopular_nearby_landmarks%3D900074335%3Bpopular_nearby_landmarks%3D900074331%3Bpopular_nearby_landmarks%3D900053658%3Bpopular_nearby_landmarks%3D900053661%3Bpopular_nearby_landmarks%3D900053669%3Bpopular_nearby_landmarks%3D900058091%3Bpopular_nearby_landmarks%3D900059233%3Bpopular_nearby_landmarks%3D900059236%3Bpopular_nearby_landmarks%3D900059439%3Bpopular_nearby_landmarks%3D900059447%3Bpopular_nearby_landmarks%3D900059529%3Bpopular_nearby_landmarks%3D900069601%3Bpopular_nearby_landmarks%3D900069602%3Bpopular_nearby_landmarks%3D900069603%3Bpopular_nearby_landmarks%3D900070379%3Bpopular_nearby_landmarks%3D900074815%3Bpopular_nearby_landmarks%3D900074898%3Bpopular_nearby_landmarks%3D900075026%3Bpopular_nearby_landmarks%3D900059238","","Ella Willow Cottage","Scored 9.4","9.4","Value for money 9.5","Providing mountain views, Ella Willow Cottage in Ella provides accommodations and a garden. This property offers access to a balcony, free private parking, and free Wifi.","· 76 reviews","Opens in new window","Ella","Show prices","Wonderful","Show on map","","https://cf.bstatic.com/xdata/images/hotel/square600/573746040.webp?k=53205d9888e54e353fe930bc6e7fb431fa6803953dae108d9d7e8a5c71bc147e&o="
"1777052003-41","https://www.booking.com/searchresults.html?label=bristol-XLwodozx2dVe8Ts0XeYuawS752260715469%3Apl%3Ata%3Ap1%3Ap2%3Aac%3Aap%3Aneg%3Afi%3Atikwd-869815001187%3Alp1009919%3Ali%3Adec%3Adm%3Appccp%3DUmFuZG9tSVYkc2RlIyh9YXdX6HrtnYy-Ml68sH-ljtU&aid=311984&dest_id=198&dest_type=country&group_adults=2&req_adults=2&no_rooms=1&broad_search_not_eligible=1&order=score&nflt=ht_id%3D204%3Bht_id%3D213%3Bht_id%3D216%3Bht_id%3D201%3Btop_destinations%3D6021%3Bpopular_nearby_landmarks%3D900059521%3Bpopular_nearby_landmarks%3D900059520%3Bpopular_nearby_landmarks%3D900074332%3Bpopular_nearby_landmarks%3D900077457%3Bpopular_nearby_landmarks%3D900059522%3Bpopular_nearby_landmarks%3D900074335%3Bpopular_nearby_landmarks%3D900074331%3Bpopular_nearby_landmarks%3D900053658%3Bpopular_nearby_landmarks%3D900053661%3Bpopular_nearby_landmarks%3D900053669%3Bpopular_nearby_landmarks%3D900058091%3Bpopular_nearby_landmarks%3D900059233%3Bpopular_nearby_landmarks%3D900059236%3Bpopular_nearby_landmarks%3D900059439%3Bpopular_nearby_landmarks%3D900059447%3Bpopular_nearby_landmarks%3D900059529%3Bpopular_nearby_landmarks%3D900069601%3Bpopular_nearby_landmarks%3D900069602%3Bpopular_nearby_landmarks%3D900069603%3Bpopular_nearby_landmarks%3D900070379%3Bpopular_nearby_landmarks%3D900074815%3Bpopular_nearby_landmarks%3D900074898%3Bpopular_nearby_landmarks%3D900075026%3Bpopular_nearby_landmarks%3D900059238","","Two Rock Vista","Scored 9.3","9.3","Value for money 9.7","Located in Ella, 3.4 miles from Demodara Nine Arch Bridge, Two Rock Vista has accommodations with a garden, free private parking and a terrace.","· 354 reviews","Opens in new window","Ella","Show prices","Wonderful","Show on map","","https://cf.bstatic.com/xdata/images/hotel/square600/265344015.webp?k=9bf170d40ccc0328444a71629c9038675d3194c144c32535405b5f3a408a1af6&o="
"1777052003-42","https://www.booking.com/searchresults.html?label=bristol-XLwodozx2dVe8Ts0XeYuawS752260715469%3Apl%3Ata%3Ap1%3Ap2%3Aac%3Aap%3Aneg%3Afi%3Atikwd-869815001187%3Alp1009919%3Ali%3Adec%3Adm%3Appccp%3DUmFuZG9tSVYkc2RlIyh9YXdX6HrtnYy-Ml68sH-ljtU&aid=311984&dest_id=198&dest_type=country&group_adults=2&req_adults=2&no_rooms=1&broad_search_not_eligible=1&order=score&nflt=ht_id%3D204%3Bht_id%3D213%3Bht_id%3D216%3Bht_id%3D201%3Btop_destinations%3D6021%3Bpopular_nearby_landmarks%3D900059521%3Bpopular_nearby_landmarks%3D900059520%3Bpopular_nearby_landmarks%3D900074332%3Bpopular_nearby_landmarks%3D900077457%3Bpopular_nearby_landmarks%3D900059522%3Bpopular_nearby_landmarks%3D900074335%3Bpopular_nearby_landmarks%3D900074331%3Bpopular_nearby_landmarks%3D900053658%3Bpopular_nearby_landmarks%3D900053661%3Bpopular_nearby_landmarks%3D900053669%3Bpopular_nearby_landmarks%3D900058091%3Bpopular_nearby_landmarks%3D900059233%3Bpopular_nearby_landmarks%3D900059236%3Bpopular_nearby_landmarks%3D900059439%3Bpopular_nearby_landmarks%3D900059447%3Bpopular_nearby_landmarks%3D900059529%3Bpopular_nearby_landmarks%3D900069601%3Bpopular_nearby_landmarks%3D900069602%3Bpopular_nearby_landmarks%3D900069603%3Bpopular_nearby_landmarks%3D900070379%3Bpopular_nearby_landmarks%3D900074815%3Bpopular_nearby_landmarks%3D900074898%3Bpopular_nearby_landmarks%3D900075026%3Bpopular_nearby_landmarks%3D900059238","","Achivers Cabana Ella","Scored 9.3","9.3","Value for money 10","Located in Ella, 3.1 miles from Demodara Nine Arch Bridge, Achivers Cabana Ella provides accommodations with a garden, free private parking and a terrace.","· 6 reviews","Opens in new window","Ella","Show prices","Wonderful","Show on map","New to Booking.com","https://cf.bstatic.com/xdata/images/hotel/square600/816963309.webp?k=3b7286996b31034044b0a6fb3fd5177ddce7ec5766d951892735c9a74026b4b4&o="
"1777052003-43","https://www.booking.com/searchresults.html?label=bristol-XLwodozx2dVe8Ts0XeYuawS752260715469%3Apl%3Ata%3Ap1%3Ap2%3Aac%3Aap%3Aneg%3Afi%3Atikwd-869815001187%3Alp1009919%3Ali%3Adec%3Adm%3Appccp%3DUmFuZG9tSVYkc2RlIyh9YXdX6HrtnYy-Ml68sH-ljtU&aid=311984&dest_id=198&dest_type=country&group_adults=2&req_adults=2&no_rooms=1&broad_search_not_eligible=1&order=score&nflt=ht_id%3D204%3Bht_id%3D213%3Bht_id%3D216%3Bht_id%3D201%3Btop_destinations%3D6021%3Bpopular_nearby_landmarks%3D900059521%3Bpopular_nearby_landmarks%3D900059520%3Bpopular_nearby_landmarks%3D900074332%3Bpopular_nearby_landmarks%3D900077457%3Bpopular_nearby_landmarks%3D900059522%3Bpopular_nearby_landmarks%3D900074335%3Bpopular_nearby_landmarks%3D900074331%3Bpopular_nearby_landmarks%3D900053658%3Bpopular_nearby_landmarks%3D900053661%3Bpopular_nearby_landmarks%3D900053669%3Bpopular_nearby_landmarks%3D900058091%3Bpopular_nearby_landmarks%3D900059233%3Bpopular_nearby_landmarks%3D900059236%3Bpopular_nearby_landmarks%3D900059439%3Bpopular_nearby_landmarks%3D900059447%3Bpopular_nearby_landmarks%3D900059529%3Bpopular_nearby_landmarks%3D900069601%3Bpopular_nearby_landmarks%3D900069602%3Bpopular_nearby_landmarks%3D900069603%3Bpopular_nearby_landmarks%3D900070379%3Bpopular_nearby_landmarks%3D900074815%3Bpopular_nearby_landmarks%3D900074898%3Bpopular_nearby_landmarks%3D900075026%3Bpopular_nearby_landmarks%3D900059238","","Tea Forest Lodge","Scored 9.3","9.3","Value for money 9.3","Offering a restaurant, Tea Forest Lodge is located in Ella, surrounding a view of the tea plantations. Free WiFi access is available. Each room here will provide you with a balcony.","· 120 reviews","Opens in new window","Ella","Show prices","Wonderful","Show on map","","https://cf.bstatic.com/xdata/images/hotel/square600/623978509.webp?k=1e8a47743c86d881d7f1c5f141fe117b6bdb2c09126dc15da9928b93ed990598&o="
"1777052003-44","https://www.booking.com/searchresults.html?label=bristol-XLwodozx2dVe8Ts0XeYuawS752260715469%3Apl%3Ata%3Ap1%3Ap2%3Aac%3Aap%3Aneg%3Afi%3Atikwd-869815001187%3Alp1009919%3Ali%3Adec%3Adm%3Appccp%3DUmFuZG9tSVYkc2RlIyh9YXdX6HrtnYy-Ml68sH-ljtU&aid=311984&dest_id=198&dest_type=country&group_adults=2&req_adults=2&no_rooms=1&broad_search_not_eligible=1&order=score&nflt=ht_id%3D204%3Bht_id%3D213%3Bht_id%3D216%3Bht_id%3D201%3Btop_destinations%3D6021%3Bpopular_nearby_landmarks%3D900059521%3Bpopular_nearby_landmarks%3D900059520%3Bpopular_nearby_landmarks%3D900074332%3Bpopular_nearby_landmarks%3D900077457%3Bpopular_nearby_landmarks%3D900059522%3Bpopular_nearby_landmarks%3D900074335%3Bpopular_nearby_landmarks%3D900074331%3Bpopular_nearby_landmarks%3D900053658%3Bpopular_nearby_landmarks%3D900053661%3Bpopular_nearby_landmarks%3D900053669%3Bpopular_nearby_landmarks%3D900058091%3Bpopular_nearby_landmarks%3D900059233%3Bpopular_nearby_landmarks%3D900059236%3Bpopular_nearby_landmarks%3D900059439%3Bpopular_nearby_landmarks%3D900059447%3Bpopular_nearby_landmarks%3D900059529%3Bpopular_nearby_landmarks%3D900069601%3Bpopular_nearby_landmarks%3D900069602%3Bpopular_nearby_landmarks%3D900069603%3Bpopular_nearby_landmarks%3D900070379%3Bpopular_nearby_landmarks%3D900074815%3Bpopular_nearby_landmarks%3D900074898%3Bpopular_nearby_landmarks%3D900075026%3Bpopular_nearby_landmarks%3D900059238","","Pepper Garden Resort","Scored 9.3","9.3","Value for money 9.5","Featuring a garden and a terrace, Pepper Garden Resort is located in Ella, 2.5 miles from Demodara Nine Arch Bridge and 30 miles from Hakgala Botanical Garden.","· 243 reviews","Opens in new window","Ella","Show prices","Wonderful","Show on map","","https://cf.bstatic.com/xdata/images/hotel/square600/336634437.webp?k=05167ee7c4c03ac006cfd06e9288456438e620c52684daef62f5927c772ec2db&o="
"1777052003-45","https://www.booking.com/searchresults.html?label=bristol-XLwodozx2dVe8Ts0XeYuawS752260715469%3Apl%3Ata%3Ap1%3Ap2%3Aac%3Aap%3Aneg%3Afi%3Atikwd-869815001187%3Alp1009919%3Ali%3Adec%3Adm%3Appccp%3DUmFuZG9tSVYkc2RlIyh9YXdX6HrtnYy-Ml68sH-ljtU&aid=311984&dest_id=198&dest_type=country&group_adults=2&req_adults=2&no_rooms=1&broad_search_not_eligible=1&order=score&nflt=ht_id%3D204%3Bht_id%3D213%3Bht_id%3D216%3Bht_id%3D201%3Btop_destinations%3D6021%3Bpopular_nearby_landmarks%3D900059521%3Bpopular_nearby_landmarks%3D900059520%3Bpopular_nearby_landmarks%3D900074332%3Bpopular_nearby_landmarks%3D900077457%3Bpopular_nearby_landmarks%3D900059522%3Bpopular_nearby_landmarks%3D900074335%3Bpopular_nearby_landmarks%3D900074331%3Bpopular_nearby_landmarks%3D900053658%3Bpopular_nearby_landmarks%3D900053661%3Bpopular_nearby_landmarks%3D900053669%3Bpopular_nearby_landmarks%3D900058091%3Bpopular_nearby_landmarks%3D900059233%3Bpopular_nearby_landmarks%3D900059236%3Bpopular_nearby_landmarks%3D900059439%3Bpopular_nearby_landmarks%3D900059447%3Bpopular_nearby_landmarks%3D900059529%3Bpopular_nearby_landmarks%3D900069601%3Bpopular_nearby_landmarks%3D900069602%3Bpopular_nearby_landmarks%3D900069603%3Bpopular_nearby_landmarks%3D900070379%3Bpopular_nearby_landmarks%3D900074815%3Bpopular_nearby_landmarks%3D900074898%3Bpopular_nearby_landmarks%3D900075026%3Bpopular_nearby_landmarks%3D900059238","","Eminence ella","Scored 9.3","9.3","Value for money 9.6","Just a 7-minute walk from Ella Train Station and half a mile from Ella Spice Garden Cooking Class, Eminence ella features accommodations in Ella with a garden.","· 623 reviews","Opens in new window","Ella","Show prices","Wonderful","Show on map","","https://cf.bstatic.com/xdata/images/hotel/square600/372691473.webp?k=895afae98e0cb1eff95de034250852f9bd7c3e3af3e4ddf4c31bfba0b23ae968&o="
"1777052003-46","https://www.booking.com/searchresults.html?label=bristol-XLwodozx2dVe8Ts0XeYuawS752260715469%3Apl%3Ata%3Ap1%3Ap2%3Aac%3Aap%3Aneg%3Afi%3Atikwd-869815001187%3Alp1009919%3Ali%3Adec%3Adm%3Appccp%3DUmFuZG9tSVYkc2RlIyh9YXdX6HrtnYy-Ml68sH-ljtU&aid=311984&dest_id=198&dest_type=country&group_adults=2&req_adults=2&no_rooms=1&broad_search_not_eligible=1&order=score&nflt=ht_id%3D204%3Bht_id%3D213%3Bht_id%3D216%3Bht_id%3D201%3Btop_destinations%3D6021%3Bpopular_nearby_landmarks%3D900059521%3Bpopular_nearby_landmarks%3D900059520%3Bpopular_nearby_landmarks%3D900074332%3Bpopular_nearby_landmarks%3D900077457%3Bpopular_nearby_landmarks%3D900059522%3Bpopular_nearby_landmarks%3D900074335%3Bpopular_nearby_landmarks%3D900074331%3Bpopular_nearby_landmarks%3D900053658%3Bpopular_nearby_landmarks%3D900053661%3Bpopular_nearby_landmarks%3D900053669%3Bpopular_nearby_landmarks%3D900058091%3Bpopular_nearby_landmarks%3D900059233%3Bpopular_nearby_landmarks%3D900059236%3Bpopular_nearby_landmarks%3D900059439%3Bpopular_nearby_landmarks%3D900059447%3Bpopular_nearby_landmarks%3D900059529%3Bpopular_nearby_landmarks%3D900069601%3Bpopular_nearby_landmarks%3D900069602%3Bpopular_nearby_landmarks%3D900069603%3Bpopular_nearby_landmarks%3D900070379%3Bpopular_nearby_landmarks%3D900074815%3Bpopular_nearby_landmarks%3D900074898%3Bpopular_nearby_landmarks%3D900075026%3Bpopular_nearby_landmarks%3D900059238","","The Cloud Heaven Ella","Scored 9.3","9.3","Value for money 9.7","Located in Ella, within 4 miles of Demodara Nine Arch Bridge and 30 miles of Hakgala Botanical Garden, The Cloud Heaven Ella provides accommodations with a terrace and free WiFi throughout the...","· 63 reviews","Opens in new window","Ella","Show prices","Wonderful","Show on map","","https://cf.bstatic.com/xdata/images/hotel/square600/778144987.webp?k=cd893673fd2388f87ab7800a34717d05a6619c71ddabe52632da23b8e9674cb2&o="
"1777052003-47","https://www.booking.com/searchresults.html?label=bristol-XLwodozx2dVe8Ts0XeYuawS752260715469%3Apl%3Ata%3Ap1%3Ap2%3Aac%3Aap%3Aneg%3Afi%3Atikwd-869815001187%3Alp1009919%3Ali%3Adec%3Adm%3Appccp%3DUmFuZG9tSVYkc2RlIyh9YXdX6HrtnYy-Ml68sH-ljtU&aid=311984&dest_id=198&dest_type=country&group_adults=2&req_adults=2&no_rooms=1&broad_search_not_eligible=1&order=score&nflt=ht_id%3D204%3Bht_id%3D213%3Bht_id%3D216%3Bht_id%3D201%3Btop_destinations%3D6021%3Bpopular_nearby_landmarks%3D900059521%3Bpopular_nearby_landmarks%3D900059520%3Bpopular_nearby_landmarks%3D900074332%3Bpopular_nearby_landmarks%3D900077457%3Bpopular_nearby_landmarks%3D900059522%3Bpopular_nearby_landmarks%3D900074335%3Bpopular_nearby_landmarks%3D900074331%3Bpopular_nearby_landmarks%3D900053658%3Bpopular_nearby_landmarks%3D900053661%3Bpopular_nearby_landmarks%3D900053669%3Bpopular_nearby_landmarks%3D900058091%3Bpopular_nearby_landmarks%3D900059233%3Bpopular_nearby_landmarks%3D900059236%3Bpopular_nearby_landmarks%3D900059439%3Bpopular_nearby_landmarks%3D900059447%3Bpopular_nearby_landmarks%3D900059529%3Bpopular_nearby_landmarks%3D900069601%3Bpopular_nearby_landmarks%3D900069602%3Bpopular_nearby_landmarks%3D900069603%3Bpopular_nearby_landmarks%3D900070379%3Bpopular_nearby_landmarks%3D900074815%3Bpopular_nearby_landmarks%3D900074898%3Bpopular_nearby_landmarks%3D900075026%3Bpopular_nearby_landmarks%3D900059238","","Nature Green Hotels On Rock Home Ella","Scored 9.3","9.3","Value for money 9.5","Offering a garden, Nature Green Hotels On Rock Home Ella offers accommodations in Ella. This property offers access to a terrace and free private parking.","· 209 reviews","Opens in new window","Ella","Show prices","Wonderful","Show on map","","https://cf.bstatic.com/xdata/images/hotel/square600/516053176.webp?k=7b28627222eb81a5fb5abdde55c80371668df618f2529c8d193143164a0bd87e&o="
"1777052003-48","https://www.booking.com/searchresults.html?label=bristol-XLwodozx2dVe8Ts0XeYuawS752260715469%3Apl%3Ata%3Ap1%3Ap2%3Aac%3Aap%3Aneg%3Afi%3Atikwd-869815001187%3Alp1009919%3Ali%3Adec%3Adm%3Appccp%3DUmFuZG9tSVYkc2RlIyh9YXdX6HrtnYy-Ml68sH-ljtU&aid=311984&dest_id=198&dest_type=country&group_adults=2&req_adults=2&no_rooms=1&broad_search_not_eligible=1&order=score&nflt=ht_id%3D204%3Bht_id%3D213%3Bht_id%3D216%3Bht_id%3D201%3Btop_destinations%3D6021%3Bpopular_nearby_landmarks%3D900059521%3Bpopular_nearby_landmarks%3D900059520%3Bpopular_nearby_landmarks%3D900074332%3Bpopular_nearby_landmarks%3D900077457%3Bpopular_nearby_landmarks%3D900059522%3Bpopular_nearby_landmarks%3D900074335%3Bpopular_nearby_landmarks%3D900074331%3Bpopular_nearby_landmarks%3D900053658%3Bpopular_nearby_landmarks%3D900053661%3Bpopular_nearby_landmarks%3D900053669%3Bpopular_nearby_landmarks%3D900058091%3Bpopular_nearby_landmarks%3D900059233%3Bpopular_nearby_landmarks%3D900059236%3Bpopular_nearby_landmarks%3D900059439%3Bpopular_nearby_landmarks%3D900059447%3Bpopular_nearby_landmarks%3D900059529%3Bpopular_nearby_landmarks%3D900069601%3Bpopular_nearby_landmarks%3D900069602%3Bpopular_nearby_landmarks%3D900069603%3Bpopular_nearby_landmarks%3D900070379%3Bpopular_nearby_landmarks%3D900074815%3Bpopular_nearby_landmarks%3D900074898%3Bpopular_nearby_landmarks%3D900075026%3Bpopular_nearby_landmarks%3D900059238","","Thumb Up Family Rest","Scored 9.3","9.3","Value for money 9.7","Thumb Up Family Rest offers accommodations in Haputale, 27 miles from Gregory Lake and 16 miles from Demodara Nine Arch Bridge.","· 74 reviews","Opens in new window","Haputale","Show prices","Wonderful","Show on map","","https://cf.bstatic.com/xdata/images/hotel/square600/640954537.webp?k=da46e1cdfcb1795094c354e3ff087a21e44df33e2e5877120a1c193e209d0a3c&o="
"1777052003-49","https://www.booking.com/searchresults.html?label=bristol-XLwodozx2dVe8Ts0XeYuawS752260715469%3Apl%3Ata%3Ap1%3Ap2%3Aac%3Aap%3Aneg%3Afi%3Atikwd-869815001187%3Alp1009919%3Ali%3Adec%3Adm%3Appccp%3DUmFuZG9tSVYkc2RlIyh9YXdX6HrtnYy-Ml68sH-ljtU&aid=311984&dest_id=198&dest_type=country&group_adults=2&req_adults=2&no_rooms=1&broad_search_not_eligible=1&order=score&nflt=ht_id%3D204%3Bht_id%3D213%3Bht_id%3D216%3Bht_id%3D201%3Btop_destinations%3D6021%3Bpopular_nearby_landmarks%3D900059521%3Bpopular_nearby_landmarks%3D900059520%3Bpopular_nearby_landmarks%3D900074332%3Bpopular_nearby_landmarks%3D900077457%3Bpopular_nearby_landmarks%3D900059522%3Bpopular_nearby_landmarks%3D900074335%3Bpopular_nearby_landmarks%3D900074331%3Bpopular_nearby_landmarks%3D900053658%3Bpopular_nearby_landmarks%3D900053661%3Bpopular_nearby_landmarks%3D900053669%3Bpopular_nearby_landmarks%3D900058091%3Bpopular_nearby_landmarks%3D900059233%3Bpopular_nearby_landmarks%3D900059236%3Bpopular_nearby_landmarks%3D900059439%3Bpopular_nearby_landmarks%3D900059447%3Bpopular_nearby_landmarks%3D900059529%3Bpopular_nearby_landmarks%3D900069601%3Bpopular_nearby_landmarks%3D900069602%3Bpopular_nearby_landmarks%3D900069603%3Bpopular_nearby_landmarks%3D900070379%3Bpopular_nearby_landmarks%3D900074815%3Bpopular_nearby_landmarks%3D900074898%3Bpopular_nearby_landmarks%3D900075026%3Bpopular_nearby_landmarks%3D900059238","","Ceylon Elegant","Scored 9.3","9.3","Value for money 9.1","Located in Ella, within 1.6 miles of Demodara Nine Arch Bridge and 30 miles of Hakgala Botanical Garden, Ceylon Elegant provides accommodations with a garden as well as free private parking for guests...","· 6 reviews","Opens in new window","Ella","Show prices","Wonderful","Show on map","","https://cf.bstatic.com/xdata/images/hotel/square600/739659148.webp?k=7284374ab48f90f5d2a61636fdd577c62a7225150aa2b6a763beec60762e9d16&o="
"1777052003-50","https://www.booking.com/searchresults.html?label=bristol-XLwodozx2dVe8Ts0XeYuawS752260715469%3Apl%3Ata%3Ap1%3Ap2%3Aac%3Aap%3Aneg%3Afi%3Atikwd-869815001187%3Alp1009919%3Ali%3Adec%3Adm%3Appccp%3DUmFuZG9tSVYkc2RlIyh9YXdX6HrtnYy-Ml68sH-ljtU&aid=311984&dest_id=198&dest_type=country&group_adults=2&req_adults=2&no_rooms=1&broad_search_not_eligible=1&order=score&nflt=ht_id%3D204%3Bht_id%3D213%3Bht_id%3D216%3Bht_id%3D201%3Btop_destinations%3D6021%3Bpopular_nearby_landmarks%3D900059521%3Bpopular_nearby_landmarks%3D900059520%3Bpopular_nearby_landmarks%3D900074332%3Bpopular_nearby_landmarks%3D900077457%3Bpopular_nearby_landmarks%3D900059522%3Bpopular_nearby_landmarks%3D900074335%3Bpopular_nearby_landmarks%3D900074331%3Bpopular_nearby_landmarks%3D900053658%3Bpopular_nearby_landmarks%3D900053661%3Bpopular_nearby_landmarks%3D900053669%3Bpopular_nearby_landmarks%3D900058091%3Bpopular_nearby_landmarks%3D900059233%3Bpopular_nearby_landmarks%3D900059236%3Bpopular_nearby_landmarks%3D900059439%3Bpopular_nearby_landmarks%3D900059447%3Bpopular_nearby_landmarks%3D900059529%3Bpopular_nearby_landmarks%3D900069601%3Bpopular_nearby_landmarks%3D900069602%3Bpopular_nearby_landmarks%3D900069603%3Bpopular_nearby_landmarks%3D900070379%3Bpopular_nearby_landmarks%3D900074815%3Bpopular_nearby_landmarks%3D900074898%3Bpopular_nearby_landmarks%3D900075026%3Bpopular_nearby_landmarks%3D900059238","","SEENBEST Ella","Scored 9.2","9.2","Value for money 9.7","Located in Ella, 2.6 miles from Demodara Nine Arch Bridge, SEENBEST Ella provides accommodations with a garden, free private parking, a shared lounge and a terrace.","· 24 reviews","Opens in new window","Ella","Show prices","Wonderful","Show on map","","https://cf.bstatic.com/xdata/images/hotel/square600/853499357.webp?k=83976c5fc3faa21cf1c493aac4f0e13d932d73cfc528e89a1d84f57a3e5a06ee&o="
"1777052003-51","https://www.booking.com/searchresults.html?label=bristol-XLwodozx2dVe8Ts0XeYuawS752260715469%3Apl%3Ata%3Ap1%3Ap2%3Aac%3Aap%3Aneg%3Afi%3Atikwd-869815001187%3Alp1009919%3Ali%3Adec%3Adm%3Appccp%3DUmFuZG9tSVYkc2RlIyh9YXdX6HrtnYy-Ml68sH-ljtU&aid=311984&dest_id=198&dest_type=country&group_adults=2&req_adults=2&no_rooms=1&broad_search_not_eligible=1&order=score&nflt=ht_id%3D204%3Bht_id%3D213%3Bht_id%3D216%3Bht_id%3D201%3Btop_destinations%3D6021%3Bpopular_nearby_landmarks%3D900059521%3Bpopular_nearby_landmarks%3D900059520%3Bpopular_nearby_landmarks%3D900074332%3Bpopular_nearby_landmarks%3D900077457%3Bpopular_nearby_landmarks%3D900059522%3Bpopular_nearby_landmarks%3D900074335%3Bpopular_nearby_landmarks%3D900074331%3Bpopular_nearby_landmarks%3D900053658%3Bpopular_nearby_landmarks%3D900053661%3Bpopular_nearby_landmarks%3D900053669%3Bpopular_nearby_landmarks%3D900058091%3Bpopular_nearby_landmarks%3D900059233%3Bpopular_nearby_landmarks%3D900059236%3Bpopular_nearby_landmarks%3D900059439%3Bpopular_nearby_landmarks%3D900059447%3Bpopular_nearby_landmarks%3D900059529%3Bpopular_nearby_landmarks%3D900069601%3Bpopular_nearby_landmarks%3D900069602%3Bpopular_nearby_landmarks%3D900069603%3Bpopular_nearby_landmarks%3D900070379%3Bpopular_nearby_landmarks%3D900074815%3Bpopular_nearby_landmarks%3D900074898%3Bpopular_nearby_landmarks%3D900075026%3Bpopular_nearby_landmarks%3D900059238","","59B Rest Inn Ella","Scored 9.2","9.2","Value for money 9.3","Offering city views, 59B Rest Inn Ella in Ella offers accommodations and a garden. Featuring free private parking, the 2-star guest house is 2.9 miles from Demodara Nine Arch Bridge.","· 432 reviews","Opens in new window","Ella","Show prices","Wonderful","Show on map","","https://cf.bstatic.com/xdata/images/hotel/square600/152067214.webp?k=f7f81d8085c3c49cfa33e3469018e88e64fd3b98a014722026251ebaced2b58c&o="
"1777052003-52","https://www.booking.com/searchresults.html?label=bristol-XLwodozx2dVe8Ts0XeYuawS752260715469%3Apl%3Ata%3Ap1%3Ap2%3Aac%3Aap%3Aneg%3Afi%3Atikwd-869815001187%3Alp1009919%3Ali%3Adec%3Adm%3Appccp%3DUmFuZG9tSVYkc2RlIyh9YXdX6HrtnYy-Ml68sH-ljtU&aid=311984&dest_id=198&dest_type=country&group_adults=2&req_adults=2&no_rooms=1&broad_search_not_eligible=1&order=score&nflt=ht_id%3D204%3Bht_id%3D213%3Bht_id%3D216%3Bht_id%3D201%3Btop_destinations%3D6021%3Bpopular_nearby_landmarks%3D900059521%3Bpopular_nearby_landmarks%3D900059520%3Bpopular_nearby_landmarks%3D900074332%3Bpopular_nearby_landmarks%3D900077457%3Bpopular_nearby_landmarks%3D900059522%3Bpopular_nearby_landmarks%3D900074335%3Bpopular_nearby_landmarks%3D900074331%3Bpopular_nearby_landmarks%3D900053658%3Bpopular_nearby_landmarks%3D900053661%3Bpopular_nearby_landmarks%3D900053669%3Bpopular_nearby_landmarks%3D900058091%3Bpopular_nearby_landmarks%3D900059233%3Bpopular_nearby_landmarks%3D900059236%3Bpopular_nearby_landmarks%3D900059439%3Bpopular_nearby_landmarks%3D900059447%3Bpopular_nearby_landmarks%3D900059529%3Bpopular_nearby_landmarks%3D900069601%3Bpopular_nearby_landmarks%3D900069602%3Bpopular_nearby_landmarks%3D900069603%3Bpopular_nearby_landmarks%3D900070379%3Bpopular_nearby_landmarks%3D900074815%3Bpopular_nearby_landmarks%3D900074898%3Bpopular_nearby_landmarks%3D900075026%3Bpopular_nearby_landmarks%3D900059238","","Vantage hills Haputale","Scored 9.2","9.2","Value for money 9.2","Located in Haputale, 27 miles from Gregory Lake, Vantage hills Haputale has accommodations with an outdoor swimming pool, free private parking, a garden and a terrace.","· 806 reviews","Opens in new window","Haputale","Show prices","Wonderful","Show on map","","https://cf.bstatic.com/xdata/images/hotel/square600/343627635.webp?k=0da03c7be718b7138ca1e4766ce68c35564889a9f5ba473f6d3184d8024df105&o="
"1777052003-53","https://www.booking.com/searchresults.html?label=bristol-XLwodozx2dVe8Ts0XeYuawS752260715469%3Apl%3Ata%3Ap1%3Ap2%3Aac%3Aap%3Aneg%3Afi%3Atikwd-869815001187%3Alp1009919%3Ali%3Adec%3Adm%3Appccp%3DUmFuZG9tSVYkc2RlIyh9YXdX6HrtnYy-Ml68sH-ljtU&aid=311984&dest_id=198&dest_type=country&group_adults=2&req_adults=2&no_rooms=1&broad_search_not_eligible=1&order=score&nflt=ht_id%3D204%3Bht_id%3D213%3Bht_id%3D216%3Bht_id%3D201%3Btop_destinations%3D6021%3Bpopular_nearby_landmarks%3D900059521%3Bpopular_nearby_landmarks%3D900059520%3Bpopular_nearby_landmarks%3D900074332%3Bpopular_nearby_landmarks%3D900077457%3Bpopular_nearby_landmarks%3D900059522%3Bpopular_nearby_landmarks%3D900074335%3Bpopular_nearby_landmarks%3D900074331%3Bpopular_nearby_landmarks%3D900053658%3Bpopular_nearby_landmarks%3D900053661%3Bpopular_nearby_landmarks%3D900053669%3Bpopular_nearby_landmarks%3D900058091%3Bpopular_nearby_landmarks%3D900059233%3Bpopular_nearby_landmarks%3D900059236%3Bpopular_nearby_landmarks%3D900059439%3Bpopular_nearby_landmarks%3D900059447%3Bpopular_nearby_landmarks%3D900059529%3Bpopular_nearby_landmarks%3D900069601%3Bpopular_nearby_landmarks%3D900069602%3Bpopular_nearby_landmarks%3D900069603%3Bpopular_nearby_landmarks%3D900070379%3Bpopular_nearby_landmarks%3D900074815%3Bpopular_nearby_landmarks%3D900074898%3Bpopular_nearby_landmarks%3D900075026%3Bpopular_nearby_landmarks%3D900059238","","Eco Village","Scored 9.2","9.2","Value for money 9.4","Located in Ella, 3.8 miles from Demodara Nine Arch Bridge, Eco Village has accommodations with a garden, free private parking and a terrace.","· 197 reviews","Opens in new window","Ella","Show prices","Wonderful","Show on map","","https://cf.bstatic.com/xdata/images/hotel/square600/597556130.webp?k=9b692ba29a0da89d626d9e4e2c049e1aeae5eab05b2f20ab415fe48876d1afc3&o="
"1777052003-54","https://www.booking.com/searchresults.html?label=bristol-XLwodozx2dVe8Ts0XeYuawS752260715469%3Apl%3Ata%3Ap1%3Ap2%3Aac%3Aap%3Aneg%3Afi%3Atikwd-869815001187%3Alp1009919%3Ali%3Adec%3Adm%3Appccp%3DUmFuZG9tSVYkc2RlIyh9YXdX6HrtnYy-Ml68sH-ljtU&aid=311984&dest_id=198&dest_type=country&group_adults=2&req_adults=2&no_rooms=1&broad_search_not_eligible=1&order=score&nflt=ht_id%3D204%3Bht_id%3D213%3Bht_id%3D216%3Bht_id%3D201%3Btop_destinations%3D6021%3Bpopular_nearby_landmarks%3D900059521%3Bpopular_nearby_landmarks%3D900059520%3Bpopular_nearby_landmarks%3D900074332%3Bpopular_nearby_landmarks%3D900077457%3Bpopular_nearby_landmarks%3D900059522%3Bpopular_nearby_landmarks%3D900074335%3Bpopular_nearby_landmarks%3D900074331%3Bpopular_nearby_landmarks%3D900053658%3Bpopular_nearby_landmarks%3D900053661%3Bpopular_nearby_landmarks%3D900053669%3Bpopular_nearby_landmarks%3D900058091%3Bpopular_nearby_landmarks%3D900059233%3Bpopular_nearby_landmarks%3D900059236%3Bpopular_nearby_landmarks%3D900059439%3Bpopular_nearby_landmarks%3D900059447%3Bpopular_nearby_landmarks%3D900059529%3Bpopular_nearby_landmarks%3D900069601%3Bpopular_nearby_landmarks%3D900069602%3Bpopular_nearby_landmarks%3D900069603%3Bpopular_nearby_landmarks%3D900070379%3Bpopular_nearby_landmarks%3D900074815%3Bpopular_nearby_landmarks%3D900074898%3Bpopular_nearby_landmarks%3D900075026%3Bpopular_nearby_landmarks%3D900059238","","Cliff Edge Villa","Scored 9.2","9.2","Value for money 9.2","Just a 18-minute walk from Ella Train Station and half a mile from Ella Spice Garden Cooking Class, Cliff Edge Villa features accommodations in Ella, with a garden.","· 128 reviews","Opens in new window","Ella","Show prices","Wonderful","Show on map","","https://cf.bstatic.com/xdata/images/hotel/square600/755935655.webp?k=f415b30e7e89470115c58b211b1c4c08e29dd2d8adec5bf040e57690fcc91e6c&o="
"1777052003-55","https://www.booking.com/searchresults.html?label=bristol-XLwodozx2dVe8Ts0XeYuawS752260715469%3Apl%3Ata%3Ap1%3Ap2%3Aac%3Aap%3Aneg%3Afi%3Atikwd-869815001187%3Alp1009919%3Ali%3Adec%3Adm%3Appccp%3DUmFuZG9tSVYkc2RlIyh9YXdX6HrtnYy-Ml68sH-ljtU&aid=311984&dest_id=198&dest_type=country&group_adults=2&req_adults=2&no_rooms=1&broad_search_not_eligible=1&order=score&nflt=ht_id%3D204%3Bht_id%3D213%3Bht_id%3D216%3Bht_id%3D201%3Btop_destinations%3D6021%3Bpopular_nearby_landmarks%3D900059521%3Bpopular_nearby_landmarks%3D900059520%3Bpopular_nearby_landmarks%3D900074332%3Bpopular_nearby_landmarks%3D900077457%3Bpopular_nearby_landmarks%3D900059522%3Bpopular_nearby_landmarks%3D900074335%3Bpopular_nearby_landmarks%3D900074331%3Bpopular_nearby_landmarks%3D900053658%3Bpopular_nearby_landmarks%3D900053661%3Bpopular_nearby_landmarks%3D900053669%3Bpopular_nearby_landmarks%3D900058091%3Bpopular_nearby_landmarks%3D900059233%3Bpopular_nearby_landmarks%3D900059236%3Bpopular_nearby_landmarks%3D900059439%3Bpopular_nearby_landmarks%3D900059447%3Bpopular_nearby_landmarks%3D900059529%3Bpopular_nearby_landmarks%3D900069601%3Bpopular_nearby_landmarks%3D900069602%3Bpopular_nearby_landmarks%3D900069603%3Bpopular_nearby_landmarks%3D900070379%3Bpopular_nearby_landmarks%3D900074815%3Bpopular_nearby_landmarks%3D900074898%3Bpopular_nearby_landmarks%3D900075026%3Bpopular_nearby_landmarks%3D900059238","","Rustic Cottage","Scored 9.2","9.2","Value for money 9.0","Rustic Cottage offers accommodations in Ella, 3.6 miles from Demodara Nine Arch Bridge and 31 miles from Hakgala Botanical Garden.","· 75 reviews","Opens in new window","Ella","Show prices","Wonderful","Show on map","","https://cf.bstatic.com/xdata/images/hotel/square600/638597800.webp?k=dc4e1bc1c41952c5ce7ace9aca0334c9f1b8eace8e29a0539d5332273ba14043&o="
"1777052003-56","https://www.booking.com/searchresults.html?label=bristol-XLwodozx2dVe8Ts0XeYuawS752260715469%3Apl%3Ata%3Ap1%3Ap2%3Aac%3Aap%3Aneg%3Afi%3Atikwd-869815001187%3Alp1009919%3Ali%3Adec%3Adm%3Appccp%3DUmFuZG9tSVYkc2RlIyh9YXdX6HrtnYy-Ml68sH-ljtU&aid=311984&dest_id=198&dest_type=country&group_adults=2&req_adults=2&no_rooms=1&broad_search_not_eligible=1&order=score&nflt=ht_id%3D204%3Bht_id%3D213%3Bht_id%3D216%3Bht_id%3D201%3Btop_destinations%3D6021%3Bpopular_nearby_landmarks%3D900059521%3Bpopular_nearby_landmarks%3D900059520%3Bpopular_nearby_landmarks%3D900074332%3Bpopular_nearby_landmarks%3D900077457%3Bpopular_nearby_landmarks%3D900059522%3Bpopular_nearby_landmarks%3D900074335%3Bpopular_nearby_landmarks%3D900074331%3Bpopular_nearby_landmarks%3D900053658%3Bpopular_nearby_landmarks%3D900053661%3Bpopular_nearby_landmarks%3D900053669%3Bpopular_nearby_landmarks%3D900058091%3Bpopular_nearby_landmarks%3D900059233%3Bpopular_nearby_landmarks%3D900059236%3Bpopular_nearby_landmarks%3D900059439%3Bpopular_nearby_landmarks%3D900059447%3Bpopular_nearby_landmarks%3D900059529%3Bpopular_nearby_landmarks%3D900069601%3Bpopular_nearby_landmarks%3D900069602%3Bpopular_nearby_landmarks%3D900069603%3Bpopular_nearby_landmarks%3D900070379%3Bpopular_nearby_landmarks%3D900074815%3Bpopular_nearby_landmarks%3D900074898%3Bpopular_nearby_landmarks%3D900075026%3Bpopular_nearby_landmarks%3D900059238","","Shiimmer - Ella","Scored 9.2","9.2","Value for money 9.3","Providing a garden, Shiimmer - Ella provides accommodations in Ella. This property offers access to a terrace and free private parking. Rooms have a balcony with views of the mountain.","· 80 reviews","Opens in new window","Ella","Show prices","Wonderful","Show on map","","https://cf.bstatic.com/xdata/images/hotel/square600/751961606.webp?k=b4aa2408c4274c37085b01d1288c7668e1ec5415ce315e1a18c68efbb9589254&o="
"1777052003-57","https://www.booking.com/searchresults.html?label=bristol-XLwodozx2dVe8Ts0XeYuawS752260715469%3Apl%3Ata%3Ap1%3Ap2%3Aac%3Aap%3Aneg%3Afi%3Atikwd-869815001187%3Alp1009919%3Ali%3Adec%3Adm%3Appccp%3DUmFuZG9tSVYkc2RlIyh9YXdX6HrtnYy-Ml68sH-ljtU&aid=311984&dest_id=198&dest_type=country&group_adults=2&req_adults=2&no_rooms=1&broad_search_not_eligible=1&order=score&nflt=ht_id%3D204%3Bht_id%3D213%3Bht_id%3D216%3Bht_id%3D201%3Btop_destinations%3D6021%3Bpopular_nearby_landmarks%3D900059521%3Bpopular_nearby_landmarks%3D900059520%3Bpopular_nearby_landmarks%3D900074332%3Bpopular_nearby_landmarks%3D900077457%3Bpopular_nearby_landmarks%3D900059522%3Bpopular_nearby_landmarks%3D900074335%3Bpopular_nearby_landmarks%3D900074331%3Bpopular_nearby_landmarks%3D900053658%3Bpopular_nearby_landmarks%3D900053661%3Bpopular_nearby_landmarks%3D900053669%3Bpopular_nearby_landmarks%3D900058091%3Bpopular_nearby_landmarks%3D900059233%3Bpopular_nearby_landmarks%3D900059236%3Bpopular_nearby_landmarks%3D900059439%3Bpopular_nearby_landmarks%3D900059447%3Bpopular_nearby_landmarks%3D900059529%3Bpopular_nearby_landmarks%3D900069601%3Bpopular_nearby_landmarks%3D900069602%3Bpopular_nearby_landmarks%3D900069603%3Bpopular_nearby_landmarks%3D900070379%3Bpopular_nearby_landmarks%3D900074815%3Bpopular_nearby_landmarks%3D900074898%3Bpopular_nearby_landmarks%3D900075026%3Bpopular_nearby_landmarks%3D900059238","","Royal Vantage","Scored 9.2","9.2","Value for money 9.5","Royal Vantage offers accommodations in Ella, 2.8 miles from Demodara Nine Arch Bridge and 30 miles from Hakgala Botanical Garden.","· 426 reviews","Opens in new window","Ella","Show prices","Wonderful","Show on map","","https://cf.bstatic.com/xdata/images/hotel/square600/430723806.webp?k=edd216796e4f540a0dad54430ca4ca40e8573045689eb03574caa3b866d23b59&o="
"1777052003-58","https://www.booking.com/searchresults.html?label=bristol-XLwodozx2dVe8Ts0XeYuawS752260715469%3Apl%3Ata%3Ap1%3Ap2%3Aac%3Aap%3Aneg%3Afi%3Atikwd-869815001187%3Alp1009919%3Ali%3Adec%3Adm%3Appccp%3DUmFuZG9tSVYkc2RlIyh9YXdX6HrtnYy-Ml68sH-ljtU&aid=311984&dest_id=198&dest_type=country&group_adults=2&req_adults=2&no_rooms=1&broad_search_not_eligible=1&order=score&nflt=ht_id%3D204%3Bht_id%3D213%3Bht_id%3D216%3Bht_id%3D201%3Btop_destinations%3D6021%3Bpopular_nearby_landmarks%3D900059521%3Bpopular_nearby_landmarks%3D900059520%3Bpopular_nearby_landmarks%3D900074332%3Bpopular_nearby_landmarks%3D900077457%3Bpopular_nearby_landmarks%3D900059522%3Bpopular_nearby_landmarks%3D900074335%3Bpopular_nearby_landmarks%3D900074331%3Bpopular_nearby_landmarks%3D900053658%3Bpopular_nearby_landmarks%3D900053661%3Bpopular_nearby_landmarks%3D900053669%3Bpopular_nearby_landmarks%3D900058091%3Bpopular_nearby_landmarks%3D900059233%3Bpopular_nearby_landmarks%3D900059236%3Bpopular_nearby_landmarks%3D900059439%3Bpopular_nearby_landmarks%3D900059447%3Bpopular_nearby_landmarks%3D900059529%3Bpopular_nearby_landmarks%3D900069601%3Bpopular_nearby_landmarks%3D900069602%3Bpopular_nearby_landmarks%3D900069603%3Bpopular_nearby_landmarks%3D900070379%3Bpopular_nearby_landmarks%3D900074815%3Bpopular_nearby_landmarks%3D900074898%3Bpopular_nearby_landmarks%3D900075026%3Bpopular_nearby_landmarks%3D900059238","","Mountain nest","Scored 9.2","9.2","Value for money 9.6","Located in Ella, 3 miles from Demodara Nine Arch Bridge, Mountain nest provides accommodations with a garden, free private parking and a terrace.","· 251 reviews","Opens in new window","Ella","Show prices","Wonderful","Show on map","","https://cf.bstatic.com/xdata/images/hotel/square600/805056689.webp?k=e85dc118779285b9d466e6498778f19a7976568ca6913dc83fcf351729540743&o="
"1777052003-59","https://www.booking.com/searchresults.html?label=bristol-XLwodozx2dVe8Ts0XeYuawS752260715469%3Apl%3Ata%3Ap1%3Ap2%3Aac%3Aap%3Aneg%3Afi%3Atikwd-869815001187%3Alp1009919%3Ali%3Adec%3Adm%3Appccp%3DUmFuZG9tSVYkc2RlIyh9YXdX6HrtnYy-Ml68sH-ljtU&aid=311984&dest_id=198&dest_type=country&group_adults=2&req_adults=2&no_rooms=1&broad_search_not_eligible=1&order=score&nflt=ht_id%3D204%3Bht_id%3D213%3Bht_id%3D216%3Bht_id%3D201%3Btop_destinations%3D6021%3Bpopular_nearby_landmarks%3D900059521%3Bpopular_nearby_landmarks%3D900059520%3Bpopular_nearby_landmarks%3D900074332%3Bpopular_nearby_landmarks%3D900077457%3Bpopular_nearby_landmarks%3D900059522%3Bpopular_nearby_landmarks%3D900074335%3Bpopular_nearby_landmarks%3D900074331%3Bpopular_nearby_landmarks%3D900053658%3Bpopular_nearby_landmarks%3D900053661%3Bpopular_nearby_landmarks%3D900053669%3Bpopular_nearby_landmarks%3D900058091%3Bpopular_nearby_landmarks%3D900059233%3Bpopular_nearby_landmarks%3D900059236%3Bpopular_nearby_landmarks%3D900059439%3Bpopular_nearby_landmarks%3D900059447%3Bpopular_nearby_landmarks%3D900059529%3Bpopular_nearby_landmarks%3D900069601%3Bpopular_nearby_landmarks%3D900069602%3Bpopular_nearby_landmarks%3D900069603%3Bpopular_nearby_landmarks%3D900070379%3Bpopular_nearby_landmarks%3D900074815%3Bpopular_nearby_landmarks%3D900074898%3Bpopular_nearby_landmarks%3D900075026%3Bpopular_nearby_landmarks%3D900059238","","The Dream Homestay","Scored 9.2","9.2","Value for money 9.4","Located in Ella, 3 miles from Demodara Nine Arch Bridge, The Dream Homestay provides accommodations with a garden, free private parking and a terrace.","· 166 reviews","Opens in new window","Ella","Show prices","Wonderful","Show on map","","https://cf.bstatic.com/xdata/images/hotel/square600/817947571.webp?k=6446af8f111ecb92e5387b3e4ae326ec7daee6b5e3dd45b2dc0425ff40ad4189&o="
"1777052003-60","https://www.booking.com/searchresults.html?label=bristol-XLwodozx2dVe8Ts0XeYuawS752260715469%3Apl%3Ata%3Ap1%3Ap2%3Aac%3Aap%3Aneg%3Afi%3Atikwd-869815001187%3Alp1009919%3Ali%3Adec%3Adm%3Appccp%3DUmFuZG9tSVYkc2RlIyh9YXdX6HrtnYy-Ml68sH-ljtU&aid=311984&dest_id=198&dest_type=country&group_adults=2&req_adults=2&no_rooms=1&broad_search_not_eligible=1&order=score&nflt=ht_id%3D204%3Bht_id%3D213%3Bht_id%3D216%3Bht_id%3D201%3Btop_destinations%3D6021%3Bpopular_nearby_landmarks%3D900059521%3Bpopular_nearby_landmarks%3D900059520%3Bpopular_nearby_landmarks%3D900074332%3Bpopular_nearby_landmarks%3D900077457%3Bpopular_nearby_landmarks%3D900059522%3Bpopular_nearby_landmarks%3D900074335%3Bpopular_nearby_landmarks%3D900074331%3Bpopular_nearby_landmarks%3D900053658%3Bpopular_nearby_landmarks%3D900053661%3Bpopular_nearby_landmarks%3D900053669%3Bpopular_nearby_landmarks%3D900058091%3Bpopular_nearby_landmarks%3D900059233%3Bpopular_nearby_landmarks%3D900059236%3Bpopular_nearby_landmarks%3D900059439%3Bpopular_nearby_landmarks%3D900059447%3Bpopular_nearby_landmarks%3D900059529%3Bpopular_nearby_landmarks%3D900069601%3Bpopular_nearby_landmarks%3D900069602%3Bpopular_nearby_landmarks%3D900069603%3Bpopular_nearby_landmarks%3D900070379%3Bpopular_nearby_landmarks%3D900074815%3Bpopular_nearby_landmarks%3D900074898%3Bpopular_nearby_landmarks%3D900075026%3Bpopular_nearby_landmarks%3D900059238","","ELLA ECO ARCH Lodge","Scored 9.2","9.2","Value for money 10","A recently renovated guest house, ELLA ECO ARCH Lodge offers accommodations in Ella. This property offers access to a terrace, free private parking, and free Wifi. Guests can use a garden.","· 8 reviews","Opens in new window","Ella","Show prices","Wonderful","Show on map","","https://cf.bstatic.com/xdata/images/hotel/square600/816319508.webp?k=baf0b8af053b8b28c58c8bb656067a65a415115bd0be4578d688cbdf5a58ec83&o="
"1777052003-61","https://www.booking.com/searchresults.html?label=bristol-XLwodozx2dVe8Ts0XeYuawS752260715469%3Apl%3Ata%3Ap1%3Ap2%3Aac%3Aap%3Aneg%3Afi%3Atikwd-869815001187%3Alp1009919%3Ali%3Adec%3Adm%3Appccp%3DUmFuZG9tSVYkc2RlIyh9YXdX6HrtnYy-Ml68sH-ljtU&aid=311984&dest_id=198&dest_type=country&group_adults=2&req_adults=2&no_rooms=1&broad_search_not_eligible=1&order=score&nflt=ht_id%3D204%3Bht_id%3D213%3Bht_id%3D216%3Bht_id%3D201%3Btop_destinations%3D6021%3Bpopular_nearby_landmarks%3D900059521%3Bpopular_nearby_landmarks%3D900059520%3Bpopular_nearby_landmarks%3D900074332%3Bpopular_nearby_landmarks%3D900077457%3Bpopular_nearby_landmarks%3D900059522%3Bpopular_nearby_landmarks%3D900074335%3Bpopular_nearby_landmarks%3D900074331%3Bpopular_nearby_landmarks%3D900053658%3Bpopular_nearby_landmarks%3D900053661%3Bpopular_nearby_landmarks%3D900053669%3Bpopular_nearby_landmarks%3D900058091%3Bpopular_nearby_landmarks%3D900059233%3Bpopular_nearby_landmarks%3D900059236%3Bpopular_nearby_landmarks%3D900059439%3Bpopular_nearby_landmarks%3D900059447%3Bpopular_nearby_landmarks%3D900059529%3Bpopular_nearby_landmarks%3D900069601%3Bpopular_nearby_landmarks%3D900069602%3Bpopular_nearby_landmarks%3D900069603%3Bpopular_nearby_landmarks%3D900070379%3Bpopular_nearby_landmarks%3D900074815%3Bpopular_nearby_landmarks%3D900074898%3Bpopular_nearby_landmarks%3D900075026%3Bpopular_nearby_landmarks%3D900059238","","Dilshan Cottage","Scored 9.2","9.2","Value for money 9.2","Just 1.1 miles from Demodara Nine Arch Bridge and a 14-minute walk from Ella Spice Garden Cooking Class, Dilshan Cottage features accommodations in Ella with a garden.","· 160 reviews","Opens in new window","Ella","Show prices","Wonderful","Show on map","","https://cf.bstatic.com/xdata/images/hotel/square600/525129751.webp?k=aebcaaf42a0993273f1454909ddfa2a101c44964a9d330ababf63f7615fd8967&o="
"1777052003-62","https://www.booking.com/searchresults.html?label=bristol-XLwodozx2dVe8Ts0XeYuawS752260715469%3Apl%3Ata%3Ap1%3Ap2%3Aac%3Aap%3Aneg%3Afi%3Atikwd-869815001187%3Alp1009919%3Ali%3Adec%3Adm%3Appccp%3DUmFuZG9tSVYkc2RlIyh9YXdX6HrtnYy-Ml68sH-ljtU&aid=311984&dest_id=198&dest_type=country&group_adults=2&req_adults=2&no_rooms=1&broad_search_not_eligible=1&order=score&nflt=ht_id%3D204%3Bht_id%3D213%3Bht_id%3D216%3Bht_id%3D201%3Btop_destinations%3D6021%3Bpopular_nearby_landmarks%3D900059521%3Bpopular_nearby_landmarks%3D900059520%3Bpopular_nearby_landmarks%3D900074332%3Bpopular_nearby_landmarks%3D900077457%3Bpopular_nearby_landmarks%3D900059522%3Bpopular_nearby_landmarks%3D900074335%3Bpopular_nearby_landmarks%3D900074331%3Bpopular_nearby_landmarks%3D900053658%3Bpopular_nearby_landmarks%3D900053661%3Bpopular_nearby_landmarks%3D900053669%3Bpopular_nearby_landmarks%3D900058091%3Bpopular_nearby_landmarks%3D900059233%3Bpopular_nearby_landmarks%3D900059236%3Bpopular_nearby_landmarks%3D900059439%3Bpopular_nearby_landmarks%3D900059447%3Bpopular_nearby_landmarks%3D900059529%3Bpopular_nearby_landmarks%3D900069601%3Bpopular_nearby_landmarks%3D900069602%3Bpopular_nearby_landmarks%3D900069603%3Bpopular_nearby_landmarks%3D900070379%3Bpopular_nearby_landmarks%3D900074815%3Bpopular_nearby_landmarks%3D900074898%3Bpopular_nearby_landmarks%3D900075026%3Bpopular_nearby_landmarks%3D900059238","","Ella Mount Relax Cottage","Scored 9.1","9.1","Value for money 9.2","Offering mountain views, Ella Mount Relax Cottage in Ella provides accommodations and a garden. This property offers access to a balcony and free private parking.","· 433 reviews","Opens in new window","Ella","Show prices","Wonderful","Show on map","","https://cf.bstatic.com/xdata/images/hotel/square600/770691784.webp?k=a5951e520ccdd58ad7dbd574ee0206c543278532e30eddd25b0f1fe6f3651bcf&o="
"1777052003-63","https://www.booking.com/searchresults.html?label=bristol-XLwodozx2dVe8Ts0XeYuawS752260715469%3Apl%3Ata%3Ap1%3Ap2%3Aac%3Aap%3Aneg%3Afi%3Atikwd-869815001187%3Alp1009919%3Ali%3Adec%3Adm%3Appccp%3DUmFuZG9tSVYkc2RlIyh9YXdX6HrtnYy-Ml68sH-ljtU&aid=311984&dest_id=198&dest_type=country&group_adults=2&req_adults=2&no_rooms=1&broad_search_not_eligible=1&order=score&nflt=ht_id%3D204%3Bht_id%3D213%3Bht_id%3D216%3Bht_id%3D201%3Btop_destinations%3D6021%3Bpopular_nearby_landmarks%3D900059521%3Bpopular_nearby_landmarks%3D900059520%3Bpopular_nearby_landmarks%3D900074332%3Bpopular_nearby_landmarks%3D900077457%3Bpopular_nearby_landmarks%3D900059522%3Bpopular_nearby_landmarks%3D900074335%3Bpopular_nearby_landmarks%3D900074331%3Bpopular_nearby_landmarks%3D900053658%3Bpopular_nearby_landmarks%3D900053661%3Bpopular_nearby_landmarks%3D900053669%3Bpopular_nearby_landmarks%3D900058091%3Bpopular_nearby_landmarks%3D900059233%3Bpopular_nearby_landmarks%3D900059236%3Bpopular_nearby_landmarks%3D900059439%3Bpopular_nearby_landmarks%3D900059447%3Bpopular_nearby_landmarks%3D900059529%3Bpopular_nearby_landmarks%3D900069601%3Bpopular_nearby_landmarks%3D900069602%3Bpopular_nearby_landmarks%3D900069603%3Bpopular_nearby_landmarks%3D900070379%3Bpopular_nearby_landmarks%3D900074815%3Bpopular_nearby_landmarks%3D900074898%3Bpopular_nearby_landmarks%3D900075026%3Bpopular_nearby_landmarks%3D900059238","","Blooming Rose Ella","Scored 9.1","9.1","Value for money 9.1","Blooming Rose Ella features accommodations in Ella near Ella Train Station and Ella Spice Garden Cooking Class. This guest house offers air-conditioned accommodations with a balcony and free Wifi.","· 659 reviews","Opens in new window","Ella","Show prices","Wonderful","Show on map","","https://cf.bstatic.com/xdata/images/hotel/square600/214158137.webp?k=3c1303d60f454ad6e70eba6c4087fda7d0de8ff1b6b1125eed158c8b5675e33d&o="
"1777052003-64","https://www.booking.com/searchresults.html?label=bristol-XLwodozx2dVe8Ts0XeYuawS752260715469%3Apl%3Ata%3Ap1%3Ap2%3Aac%3Aap%3Aneg%3Afi%3Atikwd-869815001187%3Alp1009919%3Ali%3Adec%3Adm%3Appccp%3DUmFuZG9tSVYkc2RlIyh9YXdX6HrtnYy-Ml68sH-ljtU&aid=311984&dest_id=198&dest_type=country&group_adults=2&req_adults=2&no_rooms=1&broad_search_not_eligible=1&order=score&nflt=ht_id%3D204%3Bht_id%3D213%3Bht_id%3D216%3Bht_id%3D201%3Btop_destinations%3D6021%3Bpopular_nearby_landmarks%3D900059521%3Bpopular_nearby_landmarks%3D900059520%3Bpopular_nearby_landmarks%3D900074332%3Bpopular_nearby_landmarks%3D900077457%3Bpopular_nearby_landmarks%3D900059522%3Bpopular_nearby_landmarks%3D900074335%3Bpopular_nearby_landmarks%3D900074331%3Bpopular_nearby_landmarks%3D900053658%3Bpopular_nearby_landmarks%3D900053661%3Bpopular_nearby_landmarks%3D900053669%3Bpopular_nearby_landmarks%3D900058091%3Bpopular_nearby_landmarks%3D900059233%3Bpopular_nearby_landmarks%3D900059236%3Bpopular_nearby_landmarks%3D900059439%3Bpopular_nearby_landmarks%3D900059447%3Bpopular_nearby_landmarks%3D900059529%3Bpopular_nearby_landmarks%3D900069601%3Bpopular_nearby_landmarks%3D900069602%3Bpopular_nearby_landmarks%3D900069603%3Bpopular_nearby_landmarks%3D900070379%3Bpopular_nearby_landmarks%3D900074815%3Bpopular_nearby_landmarks%3D900074898%3Bpopular_nearby_landmarks%3D900075026%3Bpopular_nearby_landmarks%3D900059238","","98 Acres Resort & Spa","Scored 9.1","9.1","Location 9.6","Immerse yourself in refined luxury where nature unfolds at 98 Acres Resort & Spa by Vella Global, in the heart of Ella.","· 812 reviews","Opens in new window","Ella","Show prices","Wonderful","Show on map","","https://cf.bstatic.com/xdata/images/hotel/square600/123777522.webp?k=52bd467b18b45277e26509afc2740284c35bda453632fecb41ad8b3881603a05&o="
"1777052003-65","https://www.booking.com/searchresults.html?label=bristol-XLwodozx2dVe8Ts0XeYuawS752260715469%3Apl%3Ata%3Ap1%3Ap2%3Aac%3Aap%3Aneg%3Afi%3Atikwd-869815001187%3Alp1009919%3Ali%3Adec%3Adm%3Appccp%3DUmFuZG9tSVYkc2RlIyh9YXdX6HrtnYy-Ml68sH-ljtU&aid=311984&dest_id=198&dest_type=country&group_adults=2&req_adults=2&no_rooms=1&broad_search_not_eligible=1&order=score&nflt=ht_id%3D204%3Bht_id%3D213%3Bht_id%3D216%3Bht_id%3D201%3Btop_destinations%3D6021%3Bpopular_nearby_landmarks%3D900059521%3Bpopular_nearby_landmarks%3D900059520%3Bpopular_nearby_landmarks%3D900074332%3Bpopular_nearby_landmarks%3D900077457%3Bpopular_nearby_landmarks%3D900059522%3Bpopular_nearby_landmarks%3D900074335%3Bpopular_nearby_landmarks%3D900074331%3Bpopular_nearby_landmarks%3D900053658%3Bpopular_nearby_landmarks%3D900053661%3Bpopular_nearby_landmarks%3D900053669%3Bpopular_nearby_landmarks%3D900058091%3Bpopular_nearby_landmarks%3D900059233%3Bpopular_nearby_landmarks%3D900059236%3Bpopular_nearby_landmarks%3D900059439%3Bpopular_nearby_landmarks%3D900059447%3Bpopular_nearby_landmarks%3D900059529%3Bpopular_nearby_landmarks%3D900069601%3Bpopular_nearby_landmarks%3D900069602%3Bpopular_nearby_landmarks%3D900069603%3Bpopular_nearby_landmarks%3D900070379%3Bpopular_nearby_landmarks%3D900074815%3Bpopular_nearby_landmarks%3D900074898%3Bpopular_nearby_landmarks%3D900075026%3Bpopular_nearby_landmarks%3D900059238","","Samiru Guest Inn Ella","Scored 9.1","9.1","Value for money 9.3","Located in Ella, 2.9 miles from Demodara Nine Arch Bridge, Samiru Guest Inn Ella provides accommodations with a garden, free private parking and a terrace.","· 407 reviews","Opens in new window","Ella","Show prices","Wonderful","Show on map","","https://cf.bstatic.com/xdata/images/hotel/square600/825921290.webp?k=b8ecfded56950438609b59d7f5806509af139019a3216d3f3e5318bfc54f0052&o="
"1777052003-66","https://www.booking.com/searchresults.html?label=bristol-XLwodozx2dVe8Ts0XeYuawS752260715469%3Apl%3Ata%3Ap1%3Ap2%3Aac%3Aap%3Aneg%3Afi%3Atikwd-869815001187%3Alp1009919%3Ali%3Adec%3Adm%3Appccp%3DUmFuZG9tSVYkc2RlIyh9YXdX6HrtnYy-Ml68sH-ljtU&aid=311984&dest_id=198&dest_type=country&group_adults=2&req_adults=2&no_rooms=1&broad_search_not_eligible=1&order=score&nflt=ht_id%3D204%3Bht_id%3D213%3Bht_id%3D216%3Bht_id%3D201%3Btop_destinations%3D6021%3Bpopular_nearby_landmarks%3D900059521%3Bpopular_nearby_landmarks%3D900059520%3Bpopular_nearby_landmarks%3D900074332%3Bpopular_nearby_landmarks%3D900077457%3Bpopular_nearby_landmarks%3D900059522%3Bpopular_nearby_landmarks%3D900074335%3Bpopular_nearby_landmarks%3D900074331%3Bpopular_nearby_landmarks%3D900053658%3Bpopular_nearby_landmarks%3D900053661%3Bpopular_nearby_landmarks%3D900053669%3Bpopular_nearby_landmarks%3D900058091%3Bpopular_nearby_landmarks%3D900059233%3Bpopular_nearby_landmarks%3D900059236%3Bpopular_nearby_landmarks%3D900059439%3Bpopular_nearby_landmarks%3D900059447%3Bpopular_nearby_landmarks%3D900059529%3Bpopular_nearby_landmarks%3D900069601%3Bpopular_nearby_landmarks%3D900069602%3Bpopular_nearby_landmarks%3D900069603%3Bpopular_nearby_landmarks%3D900070379%3Bpopular_nearby_landmarks%3D900074815%3Bpopular_nearby_landmarks%3D900074898%3Bpopular_nearby_landmarks%3D900075026%3Bpopular_nearby_landmarks%3D900059238","","Samadhi Nature Resort","Scored 9.1","9.1","Value for money 9.0","Located in Ella, a 14-minute walk from Demodara Nine Arch Bridge, Samadhi Nature Resort has accommodations with a garden, free private parking, a shared lounge and a terrace.","· 461 reviews","Opens in new window","Ella","Show prices","Wonderful","Show on map","","https://cf.bstatic.com/xdata/images/hotel/square600/147023070.webp?k=a98a7c9ebecbc1d372758e536947a10752f0667256629b3d88f1d05513bc625a&o="
"1777052003-67","https://www.booking.com/searchresults.html?label=bristol-XLwodozx2dVe8Ts0XeYuawS752260715469%3Apl%3Ata%3Ap1%3Ap2%3Aac%3Aap%3Aneg%3Afi%3Atikwd-869815001187%3Alp1009919%3Ali%3Adec%3Adm%3Appccp%3DUmFuZG9tSVYkc2RlIyh9YXdX6HrtnYy-Ml68sH-ljtU&aid=311984&dest_id=198&dest_type=country&group_adults=2&req_adults=2&no_rooms=1&broad_search_not_eligible=1&order=score&nflt=ht_id%3D204%3Bht_id%3D213%3Bht_id%3D216%3Bht_id%3D201%3Btop_destinations%3D6021%3Bpopular_nearby_landmarks%3D900059521%3Bpopular_nearby_landmarks%3D900059520%3Bpopular_nearby_landmarks%3D900074332%3Bpopular_nearby_landmarks%3D900077457%3Bpopular_nearby_landmarks%3D900059522%3Bpopular_nearby_landmarks%3D900074335%3Bpopular_nearby_landmarks%3D900074331%3Bpopular_nearby_landmarks%3D900053658%3Bpopular_nearby_landmarks%3D900053661%3Bpopular_nearby_landmarks%3D900053669%3Bpopular_nearby_landmarks%3D900058091%3Bpopular_nearby_landmarks%3D900059233%3Bpopular_nearby_landmarks%3D900059236%3Bpopular_nearby_landmarks%3D900059439%3Bpopular_nearby_landmarks%3D900059447%3Bpopular_nearby_landmarks%3D900059529%3Bpopular_nearby_landmarks%3D900069601%3Bpopular_nearby_landmarks%3D900069602%3Bpopular_nearby_landmarks%3D900069603%3Bpopular_nearby_landmarks%3D900070379%3Bpopular_nearby_landmarks%3D900074815%3Bpopular_nearby_landmarks%3D900074898%3Bpopular_nearby_landmarks%3D900075026%3Bpopular_nearby_landmarks%3D900059238","","Idyll Cottage Ella","Scored 9.1","9.1","Value for money 9.3","Located in Ella, within 3 miles of Demodara Nine Arch Bridge and 30 miles of Hakgala Botanical Garden, Idyll Cottage Ella provides accommodations with an outdoor swimming pool and free WiFi throughout...","· 300 reviews","Opens in new window","Ella","Show prices","Wonderful","Show on map","","https://cf.bstatic.com/xdata/images/hotel/square600/842753061.webp?k=a5f7fcef3c15bd48e4ad920989592692b50b881b3712f501b047fbf328d08c40&o="
"1777052003-68","https://www.booking.com/searchresults.html?label=bristol-XLwodozx2dVe8Ts0XeYuawS752260715469%3Apl%3Ata%3Ap1%3Ap2%3Aac%3Aap%3Aneg%3Afi%3Atikwd-869815001187%3Alp1009919%3Ali%3Adec%3Adm%3Appccp%3DUmFuZG9tSVYkc2RlIyh9YXdX6HrtnYy-Ml68sH-ljtU&aid=311984&dest_id=198&dest_type=country&group_adults=2&req_adults=2&no_rooms=1&broad_search_not_eligible=1&order=score&nflt=ht_id%3D204%3Bht_id%3D213%3Bht_id%3D216%3Bht_id%3D201%3Btop_destinations%3D6021%3Bpopular_nearby_landmarks%3D900059521%3Bpopular_nearby_landmarks%3D900059520%3Bpopular_nearby_landmarks%3D900074332%3Bpopular_nearby_landmarks%3D900077457%3Bpopular_nearby_landmarks%3D900059522%3Bpopular_nearby_landmarks%3D900074335%3Bpopular_nearby_landmarks%3D900074331%3Bpopular_nearby_landmarks%3D900053658%3Bpopular_nearby_landmarks%3D900053661%3Bpopular_nearby_landmarks%3D900053669%3Bpopular_nearby_landmarks%3D900058091%3Bpopular_nearby_landmarks%3D900059233%3Bpopular_nearby_landmarks%3D900059236%3Bpopular_nearby_landmarks%3D900059439%3Bpopular_nearby_landmarks%3D900059447%3Bpopular_nearby_landmarks%3D900059529%3Bpopular_nearby_landmarks%3D900069601%3Bpopular_nearby_landmarks%3D900069602%3Bpopular_nearby_landmarks%3D900069603%3Bpopular_nearby_landmarks%3D900070379%3Bpopular_nearby_landmarks%3D900074815%3Bpopular_nearby_landmarks%3D900074898%3Bpopular_nearby_landmarks%3D900075026%3Bpopular_nearby_landmarks%3D900059238","","Secret Mountain Paradise","Scored 9.1","9.1","Value for money 9.3","Secret Mountain Paradise features rooms in Ella near Ella Train Station and Ella Spice Garden Cooking Class. This apartment offers free private parking, a 24-hour front desk, and free Wifi.","· 138 reviews","Opens in new window","Ella","Show prices","Wonderful","Show on map","","https://cf.bstatic.com/xdata/images/hotel/square600/723351023.webp?k=f0381faad2df0f073df0784fab2ff4de3a84930a5ecd6d65a805b09b4b1e322b&o="
"1777052003-69","https://www.booking.com/searchresults.html?label=bristol-XLwodozx2dVe8Ts0XeYuawS752260715469%3Apl%3Ata%3Ap1%3Ap2%3Aac%3Aap%3Aneg%3Afi%3Atikwd-869815001187%3Alp1009919%3Ali%3Adec%3Adm%3Appccp%3DUmFuZG9tSVYkc2RlIyh9YXdX6HrtnYy-Ml68sH-ljtU&aid=311984&dest_id=198&dest_type=country&group_adults=2&req_adults=2&no_rooms=1&broad_search_not_eligible=1&order=score&nflt=ht_id%3D204%3Bht_id%3D213%3Bht_id%3D216%3Bht_id%3D201%3Btop_destinations%3D6021%3Bpopular_nearby_landmarks%3D900059521%3Bpopular_nearby_landmarks%3D900059520%3Bpopular_nearby_landmarks%3D900074332%3Bpopular_nearby_landmarks%3D900077457%3Bpopular_nearby_landmarks%3D900059522%3Bpopular_nearby_landmarks%3D900074335%3Bpopular_nearby_landmarks%3D900074331%3Bpopular_nearby_landmarks%3D900053658%3Bpopular_nearby_landmarks%3D900053661%3Bpopular_nearby_landmarks%3D900053669%3Bpopular_nearby_landmarks%3D900058091%3Bpopular_nearby_landmarks%3D900059233%3Bpopular_nearby_landmarks%3D900059236%3Bpopular_nearby_landmarks%3D900059439%3Bpopular_nearby_landmarks%3D900059447%3Bpopular_nearby_landmarks%3D900059529%3Bpopular_nearby_landmarks%3D900069601%3Bpopular_nearby_landmarks%3D900069602%3Bpopular_nearby_landmarks%3D900069603%3Bpopular_nearby_landmarks%3D900070379%3Bpopular_nearby_landmarks%3D900074815%3Bpopular_nearby_landmarks%3D900074898%3Bpopular_nearby_landmarks%3D900075026%3Bpopular_nearby_landmarks%3D900059238","","Pine Cone Cottages, Ella","Scored 9.1","9.1","Value for money 9.3","Located in Ella, 3 miles from Demodara Nine Arch Bridge, Pine Cone Cottages, Ella provides accommodations with a garden, free private parking, a terrace and a restaurant.","· 61 reviews","Opens in new window","Ella","Show prices","Wonderful","Show on map","","https://cf.bstatic.com/xdata/images/hotel/square600/792868958.webp?k=90400ec0a73b6975c27e298a1928305607aa429b075f2aa4d585a7aeaafea973&o="
"1777052003-70","https://www.booking.com/searchresults.html?label=bristol-XLwodozx2dVe8Ts0XeYuawS752260715469%3Apl%3Ata%3Ap1%3Ap2%3Aac%3Aap%3Aneg%3Afi%3Atikwd-869815001187%3Alp1009919%3Ali%3Adec%3Adm%3Appccp%3DUmFuZG9tSVYkc2RlIyh9YXdX6HrtnYy-Ml68sH-ljtU&aid=311984&dest_id=198&dest_type=country&group_adults=2&req_adults=2&no_rooms=1&broad_search_not_eligible=1&order=score&nflt=ht_id%3D204%3Bht_id%3D213%3Bht_id%3D216%3Bht_id%3D201%3Btop_destinations%3D6021%3Bpopular_nearby_landmarks%3D900059521%3Bpopular_nearby_landmarks%3D900059520%3Bpopular_nearby_landmarks%3D900074332%3Bpopular_nearby_landmarks%3D900077457%3Bpopular_nearby_landmarks%3D900059522%3Bpopular_nearby_landmarks%3D900074335%3Bpopular_nearby_landmarks%3D900074331%3Bpopular_nearby_landmarks%3D900053658%3Bpopular_nearby_landmarks%3D900053661%3Bpopular_nearby_landmarks%3D900053669%3Bpopular_nearby_landmarks%3D900058091%3Bpopular_nearby_landmarks%3D900059233%3Bpopular_nearby_landmarks%3D900059236%3Bpopular_nearby_landmarks%3D900059439%3Bpopular_nearby_landmarks%3D900059447%3Bpopular_nearby_landmarks%3D900059529%3Bpopular_nearby_landmarks%3D900069601%3Bpopular_nearby_landmarks%3D900069602%3Bpopular_nearby_landmarks%3D900069603%3Bpopular_nearby_landmarks%3D900070379%3Bpopular_nearby_landmarks%3D900074815%3Bpopular_nearby_landmarks%3D900074898%3Bpopular_nearby_landmarks%3D900075026%3Bpopular_nearby_landmarks%3D900059238","","Wood Heart","Scored 9.1","9.1","Value for money 9.2","Located in Ella, 3.4 miles from Demodara Nine Arch Bridge, Wood Heart provides accommodations with a shared lounge, free private parking and a terrace.","· 346 reviews","Opens in new window","Ella","Show prices","Wonderful","Show on map","","https://cf.bstatic.com/xdata/images/hotel/square600/188093728.webp?k=918993723bd60ee3208bdb0e3c04432e172a04c700ce046b15cb5134abce4b3c&o="
"1777052003-71","https://www.booking.com/searchresults.html?label=bristol-XLwodozx2dVe8Ts0XeYuawS752260715469%3Apl%3Ata%3Ap1%3Ap2%3Aac%3Aap%3Aneg%3Afi%3Atikwd-869815001187%3Alp1009919%3Ali%3Adec%3Adm%3Appccp%3DUmFuZG9tSVYkc2RlIyh9YXdX6HrtnYy-Ml68sH-ljtU&aid=311984&dest_id=198&dest_type=country&group_adults=2&req_adults=2&no_rooms=1&broad_search_not_eligible=1&order=score&nflt=ht_id%3D204%3Bht_id%3D213%3Bht_id%3D216%3Bht_id%3D201%3Btop_destinations%3D6021%3Bpopular_nearby_landmarks%3D900059521%3Bpopular_nearby_landmarks%3D900059520%3Bpopular_nearby_landmarks%3D900074332%3Bpopular_nearby_landmarks%3D900077457%3Bpopular_nearby_landmarks%3D900059522%3Bpopular_nearby_landmarks%3D900074335%3Bpopular_nearby_landmarks%3D900074331%3Bpopular_nearby_landmarks%3D900053658%3Bpopular_nearby_landmarks%3D900053661%3Bpopular_nearby_landmarks%3D900053669%3Bpopular_nearby_landmarks%3D900058091%3Bpopular_nearby_landmarks%3D900059233%3Bpopular_nearby_landmarks%3D900059236%3Bpopular_nearby_landmarks%3D900059439%3Bpopular_nearby_landmarks%3D900059447%3Bpopular_nearby_landmarks%3D900059529%3Bpopular_nearby_landmarks%3D900069601%3Bpopular_nearby_landmarks%3D900069602%3Bpopular_nearby_landmarks%3D900069603%3Bpopular_nearby_landmarks%3D900070379%3Bpopular_nearby_landmarks%3D900074815%3Bpopular_nearby_landmarks%3D900074898%3Bpopular_nearby_landmarks%3D900075026%3Bpopular_nearby_landmarks%3D900059238","","Eden View Ella - Tour options in the area","Scored 9.1","9.1","Value for money 9.2","Offering a restaurant and free bikes, Eden View Ella - Tour options in the area is located in Ella. Free WiFi access is available in the public areas of the property.","· 358 reviews","Opens in new window","Ella","Show prices","Wonderful","Show on map","","https://cf.bstatic.com/xdata/images/hotel/square600/817683336.webp?k=94750894555ba235b1202da20a1f52d34e08297f3145606eff0112c74f249923&o="
"1777052003-72","https://www.booking.com/searchresults.html?label=bristol-XLwodozx2dVe8Ts0XeYuawS752260715469%3Apl%3Ata%3Ap1%3Ap2%3Aac%3Aap%3Aneg%3Afi%3Atikwd-869815001187%3Alp1009919%3Ali%3Adec%3Adm%3Appccp%3DUmFuZG9tSVYkc2RlIyh9YXdX6HrtnYy-Ml68sH-ljtU&aid=311984&dest_id=198&dest_type=country&group_adults=2&req_adults=2&no_rooms=1&broad_search_not_eligible=1&order=score&nflt=ht_id%3D204%3Bht_id%3D213%3Bht_id%3D216%3Bht_id%3D201%3Btop_destinations%3D6021%3Bpopular_nearby_landmarks%3D900059521%3Bpopular_nearby_landmarks%3D900059520%3Bpopular_nearby_landmarks%3D900074332%3Bpopular_nearby_landmarks%3D900077457%3Bpopular_nearby_landmarks%3D900059522%3Bpopular_nearby_landmarks%3D900074335%3Bpopular_nearby_landmarks%3D900074331%3Bpopular_nearby_landmarks%3D900053658%3Bpopular_nearby_landmarks%3D900053661%3Bpopular_nearby_landmarks%3D900053669%3Bpopular_nearby_landmarks%3D900058091%3Bpopular_nearby_landmarks%3D900059233%3Bpopular_nearby_landmarks%3D900059236%3Bpopular_nearby_landmarks%3D900059439%3Bpopular_nearby_landmarks%3D900059447%3Bpopular_nearby_landmarks%3D900059529%3Bpopular_nearby_landmarks%3D900069601%3Bpopular_nearby_landmarks%3D900069602%3Bpopular_nearby_landmarks%3D900069603%3Bpopular_nearby_landmarks%3D900070379%3Bpopular_nearby_landmarks%3D900074815%3Bpopular_nearby_landmarks%3D900074898%3Bpopular_nearby_landmarks%3D900075026%3Bpopular_nearby_landmarks%3D900059238","","MK Guest House","Scored 9.1","9.1","Value for money 9.5","MK Guest House is located in Haputale, just 27 miles from Gregory Lake and 16 miles from Demodara Nine Arch Bridge. This property offers access to a terrace and free private parking.","· 78 reviews","Opens in new window","Haputale","Show prices","Wonderful","Show on map","","https://cf.bstatic.com/xdata/images/hotel/square600/683008196.webp?k=b178e96762b1879ed3c9e18bd5a12090d4429d50d410b38e2ab50088b48a2731&o="
"1777052003-73","https://www.booking.com/searchresults.html?label=bristol-XLwodozx2dVe8Ts0XeYuawS752260715469%3Apl%3Ata%3Ap1%3Ap2%3Aac%3Aap%3Aneg%3Afi%3Atikwd-869815001187%3Alp1009919%3Ali%3Adec%3Adm%3Appccp%3DUmFuZG9tSVYkc2RlIyh9YXdX6HrtnYy-Ml68sH-ljtU&aid=311984&dest_id=198&dest_type=country&group_adults=2&req_adults=2&no_rooms=1&broad_search_not_eligible=1&order=score&nflt=ht_id%3D204%3Bht_id%3D213%3Bht_id%3D216%3Bht_id%3D201%3Btop_destinations%3D6021%3Bpopular_nearby_landmarks%3D900059521%3Bpopular_nearby_landmarks%3D900059520%3Bpopular_nearby_landmarks%3D900074332%3Bpopular_nearby_landmarks%3D900077457%3Bpopular_nearby_landmarks%3D900059522%3Bpopular_nearby_landmarks%3D900074335%3Bpopular_nearby_landmarks%3D900074331%3Bpopular_nearby_landmarks%3D900053658%3Bpopular_nearby_landmarks%3D900053661%3Bpopular_nearby_landmarks%3D900053669%3Bpopular_nearby_landmarks%3D900058091%3Bpopular_nearby_landmarks%3D900059233%3Bpopular_nearby_landmarks%3D900059236%3Bpopular_nearby_landmarks%3D900059439%3Bpopular_nearby_landmarks%3D900059447%3Bpopular_nearby_landmarks%3D900059529%3Bpopular_nearby_landmarks%3D900069601%3Bpopular_nearby_landmarks%3D900069602%3Bpopular_nearby_landmarks%3D900069603%3Bpopular_nearby_landmarks%3D900070379%3Bpopular_nearby_landmarks%3D900074815%3Bpopular_nearby_landmarks%3D900074898%3Bpopular_nearby_landmarks%3D900075026%3Bpopular_nearby_landmarks%3D900059238","","Misty Mount Resort","Scored 9.1","9.1","Value for money 9.5","Located in Ella, 2.5 miles from Demodara Nine Arch Bridge, Misty Mount Resort has accommodations with a garden, free private parking and a terrace.","· 117 reviews","Opens in new window","Ella","Show prices","Wonderful","Show on map","","https://cf.bstatic.com/xdata/images/hotel/square600/851077689.webp?k=c452dd437e05e980bd7996e4499f3c2abad882fbfc77ed65182589496a1d7b67&o="
"1777052003-74","https://www.booking.com/searchresults.html?label=bristol-XLwodozx2dVe8Ts0XeYuawS752260715469%3Apl%3Ata%3Ap1%3Ap2%3Aac%3Aap%3Aneg%3Afi%3Atikwd-869815001187%3Alp1009919%3Ali%3Adec%3Adm%3Appccp%3DUmFuZG9tSVYkc2RlIyh9YXdX6HrtnYy-Ml68sH-ljtU&aid=311984&dest_id=198&dest_type=country&group_adults=2&req_adults=2&no_rooms=1&broad_search_not_eligible=1&order=score&nflt=ht_id%3D204%3Bht_id%3D213%3Bht_id%3D216%3Bht_id%3D201%3Btop_destinations%3D6021%3Bpopular_nearby_landmarks%3D900059521%3Bpopular_nearby_landmarks%3D900059520%3Bpopular_nearby_landmarks%3D900074332%3Bpopular_nearby_landmarks%3D900077457%3Bpopular_nearby_landmarks%3D900059522%3Bpopular_nearby_landmarks%3D900074335%3Bpopular_nearby_landmarks%3D900074331%3Bpopular_nearby_landmarks%3D900053658%3Bpopular_nearby_landmarks%3D900053661%3Bpopular_nearby_landmarks%3D900053669%3Bpopular_nearby_landmarks%3D900058091%3Bpopular_nearby_landmarks%3D900059233%3Bpopular_nearby_landmarks%3D900059236%3Bpopular_nearby_landmarks%3D900059439%3Bpopular_nearby_landmarks%3D900059447%3Bpopular_nearby_landmarks%3D900059529%3Bpopular_nearby_landmarks%3D900069601%3Bpopular_nearby_landmarks%3D900069602%3Bpopular_nearby_landmarks%3D900069603%3Bpopular_nearby_landmarks%3D900070379%3Bpopular_nearby_landmarks%3D900074815%3Bpopular_nearby_landmarks%3D900074898%3Bpopular_nearby_landmarks%3D900075026%3Bpopular_nearby_landmarks%3D900059238","","Cozy Homestay Waterfall Road Ella","Scored 9.1","9.1","Value for money 9.3","Featuring a garden, terrace and views of mountain, Cozy Homestay Waterfall Road Ella is located in Ella, 3.6 miles from Demodara Nine Arch Bridge.","· 559 reviews","Opens in new window","Ella","Show prices","Wonderful","Show on map","","https://cf.bstatic.com/xdata/images/hotel/square600/653745455.webp?k=854ea4eecc88e8510b1cd8fe05b1b5ba592e54279eb5520b1965649665b8fc92&o="
"1777052003-75","https://www.booking.com/searchresults.html?label=bristol-XLwodozx2dVe8Ts0XeYuawS752260715469%3Apl%3Ata%3Ap1%3Ap2%3Aac%3Aap%3Aneg%3Afi%3Atikwd-869815001187%3Alp1009919%3Ali%3Adec%3Adm%3Appccp%3DUmFuZG9tSVYkc2RlIyh9YXdX6HrtnYy-Ml68sH-ljtU&aid=311984&dest_id=198&dest_type=country&group_adults=2&req_adults=2&no_rooms=1&broad_search_not_eligible=1&order=score&nflt=ht_id%3D204%3Bht_id%3D213%3Bht_id%3D216%3Bht_id%3D201%3Btop_destinations%3D6021%3Bpopular_nearby_landmarks%3D900059521%3Bpopular_nearby_landmarks%3D900059520%3Bpopular_nearby_landmarks%3D900074332%3Bpopular_nearby_landmarks%3D900077457%3Bpopular_nearby_landmarks%3D900059522%3Bpopular_nearby_landmarks%3D900074335%3Bpopular_nearby_landmarks%3D900074331%3Bpopular_nearby_landmarks%3D900053658%3Bpopular_nearby_landmarks%3D900053661%3Bpopular_nearby_landmarks%3D900053669%3Bpopular_nearby_landmarks%3D900058091%3Bpopular_nearby_landmarks%3D900059233%3Bpopular_nearby_landmarks%3D900059236%3Bpopular_nearby_landmarks%3D900059439%3Bpopular_nearby_landmarks%3D900059447%3Bpopular_nearby_landmarks%3D900059529%3Bpopular_nearby_landmarks%3D900069601%3Bpopular_nearby_landmarks%3D900069602%3Bpopular_nearby_landmarks%3D900069603%3Bpopular_nearby_landmarks%3D900070379%3Bpopular_nearby_landmarks%3D900074815%3Bpopular_nearby_landmarks%3D900074898%3Bpopular_nearby_landmarks%3D900075026%3Bpopular_nearby_landmarks%3D900059238","","Nine Arch Homestay","Scored 9.1","9.1","Value for money 9.7","Just a 8-minute walk from Demodara Nine Arch Bridge and one mile from Little Adam's Peak, Nine Arch Homestay features accommodations in Ella with a garden.","· 61 reviews","Opens in new window","Ella","Show prices","Wonderful","Show on map","","https://cf.bstatic.com/xdata/images/hotel/square600/776546985.webp?k=592d898de2cf4591e6ef287d01c09ffa6e34e502980c2fa4ea8d7b0309de8f0d&o="
"1777052003-76","https://www.booking.com/searchresults.html?label=bristol-XLwodozx2dVe8Ts0XeYuawS752260715469%3Apl%3Ata%3Ap1%3Ap2%3Aac%3Aap%3Aneg%3Afi%3Atikwd-869815001187%3Alp1009919%3Ali%3Adec%3Adm%3Appccp%3DUmFuZG9tSVYkc2RlIyh9YXdX6HrtnYy-Ml68sH-ljtU&aid=311984&dest_id=198&dest_type=country&group_adults=2&req_adults=2&no_rooms=1&broad_search_not_eligible=1&order=score&nflt=ht_id%3D204%3Bht_id%3D213%3Bht_id%3D216%3Bht_id%3D201%3Btop_destinations%3D6021%3Bpopular_nearby_landmarks%3D900059521%3Bpopular_nearby_landmarks%3D900059520%3Bpopular_nearby_landmarks%3D900074332%3Bpopular_nearby_landmarks%3D900077457%3Bpopular_nearby_landmarks%3D900059522%3Bpopular_nearby_landmarks%3D900074335%3Bpopular_nearby_landmarks%3D900074331%3Bpopular_nearby_landmarks%3D900053658%3Bpopular_nearby_landmarks%3D900053661%3Bpopular_nearby_landmarks%3D900053669%3Bpopular_nearby_landmarks%3D900058091%3Bpopular_nearby_landmarks%3D900059233%3Bpopular_nearby_landmarks%3D900059236%3Bpopular_nearby_landmarks%3D900059439%3Bpopular_nearby_landmarks%3D900059447%3Bpopular_nearby_landmarks%3D900059529%3Bpopular_nearby_landmarks%3D900069601%3Bpopular_nearby_landmarks%3D900069602%3Bpopular_nearby_landmarks%3D900069603%3Bpopular_nearby_landmarks%3D900070379%3Bpopular_nearby_landmarks%3D900074815%3Bpopular_nearby_landmarks%3D900074898%3Bpopular_nearby_landmarks%3D900075026%3Bpopular_nearby_landmarks%3D900059238","","Rock Grand View","Scored 9.0","9.0","Value for money 9.1","3.3 miles from Demodara Nine Arch Bridge in Ella, Rock Grand View offers accommodations with access to spa facilities. With garden views, this accommodation provides a patio.","· 300 reviews","Opens in new window","Ella","Show prices","Wonderful","Show on map","","https://cf.bstatic.com/xdata/images/hotel/square600/603885907.webp?k=282987a0a054331eaa8f680fdb7b87090f6d2b609fd0752845dfd513e811164d&o="
"1777052003-77","https://www.booking.com/searchresults.html?label=bristol-XLwodozx2dVe8Ts0XeYuawS752260715469%3Apl%3Ata%3Ap1%3Ap2%3Aac%3Aap%3Aneg%3Afi%3Atikwd-869815001187%3Alp1009919%3Ali%3Adec%3Adm%3Appccp%3DUmFuZG9tSVYkc2RlIyh9YXdX6HrtnYy-Ml68sH-ljtU&aid=311984&dest_id=198&dest_type=country&group_adults=2&req_adults=2&no_rooms=1&broad_search_not_eligible=1&order=score&nflt=ht_id%3D204%3Bht_id%3D213%3Bht_id%3D216%3Bht_id%3D201%3Btop_destinations%3D6021%3Bpopular_nearby_landmarks%3D900059521%3Bpopular_nearby_landmarks%3D900059520%3Bpopular_nearby_landmarks%3D900074332%3Bpopular_nearby_landmarks%3D900077457%3Bpopular_nearby_landmarks%3D900059522%3Bpopular_nearby_landmarks%3D900074335%3Bpopular_nearby_landmarks%3D900074331%3Bpopular_nearby_landmarks%3D900053658%3Bpopular_nearby_landmarks%3D900053661%3Bpopular_nearby_landmarks%3D900053669%3Bpopular_nearby_landmarks%3D900058091%3Bpopular_nearby_landmarks%3D900059233%3Bpopular_nearby_landmarks%3D900059236%3Bpopular_nearby_landmarks%3D900059439%3Bpopular_nearby_landmarks%3D900059447%3Bpopular_nearby_landmarks%3D900059529%3Bpopular_nearby_landmarks%3D900069601%3Bpopular_nearby_landmarks%3D900069602%3Bpopular_nearby_landmarks%3D900069603%3Bpopular_nearby_landmarks%3D900070379%3Bpopular_nearby_landmarks%3D900074815%3Bpopular_nearby_landmarks%3D900074898%3Bpopular_nearby_landmarks%3D900075026%3Bpopular_nearby_landmarks%3D900059238","","New Blue Home","Scored 9.0","9.0","Value for money 9.3","Boasting a terrace and a shared lounge, New Blue Home is located in Ella. Built in 2016, the property is within an 11-minute walk of Demodara Nine Arch Bridge. Free WiFi is available.","· 437 reviews","Opens in new window","Ella","Show prices","Wonderful","Show on map","","https://cf.bstatic.com/xdata/images/hotel/square600/584323548.webp?k=8951917c834e01c17919830c6959c49ff012723f99b589cc4fe1ba6eee2536b3&o="
"1777052003-78","https://www.booking.com/searchresults.html?label=bristol-XLwodozx2dVe8Ts0XeYuawS752260715469%3Apl%3Ata%3Ap1%3Ap2%3Aac%3Aap%3Aneg%3Afi%3Atikwd-869815001187%3Alp1009919%3Ali%3Adec%3Adm%3Appccp%3DUmFuZG9tSVYkc2RlIyh9YXdX6HrtnYy-Ml68sH-ljtU&aid=311984&dest_id=198&dest_type=country&group_adults=2&req_adults=2&no_rooms=1&broad_search_not_eligible=1&order=score&nflt=ht_id%3D204%3Bht_id%3D213%3Bht_id%3D216%3Bht_id%3D201%3Btop_destinations%3D6021%3Bpopular_nearby_landmarks%3D900059521%3Bpopular_nearby_landmarks%3D900059520%3Bpopular_nearby_landmarks%3D900074332%3Bpopular_nearby_landmarks%3D900077457%3Bpopular_nearby_landmarks%3D900059522%3Bpopular_nearby_landmarks%3D900074335%3Bpopular_nearby_landmarks%3D900074331%3Bpopular_nearby_landmarks%3D900053658%3Bpopular_nearby_landmarks%3D900053661%3Bpopular_nearby_landmarks%3D900053669%3Bpopular_nearby_landmarks%3D900058091%3Bpopular_nearby_landmarks%3D900059233%3Bpopular_nearby_landmarks%3D900059236%3Bpopular_nearby_landmarks%3D900059439%3Bpopular_nearby_landmarks%3D900059447%3Bpopular_nearby_landmarks%3D900059529%3Bpopular_nearby_landmarks%3D900069601%3Bpopular_nearby_landmarks%3D900069602%3Bpopular_nearby_landmarks%3D900069603%3Bpopular_nearby_landmarks%3D900070379%3Bpopular_nearby_landmarks%3D900074815%3Bpopular_nearby_landmarks%3D900074898%3Bpopular_nearby_landmarks%3D900075026%3Bpopular_nearby_landmarks%3D900059238","","Golden View Guest Ella","Scored 9.0","9.0","Value for money 9.2","Offering a restaurant, Golden View Guest Ella is located at the highest elevation in Ella and just 0.6 mi from the Ella Railway Station. Free WiFi access is available.","· 623 reviews","Opens in new window","Ella","Show prices","Wonderful","Show on map","","https://cf.bstatic.com/xdata/images/hotel/square600/495310083.webp?k=20c7f7be2e5cd6bcc3ffeaacbf43f4018c7a3c1188ed268c1611959f83229a99&o="
"1777052003-79","https://www.booking.com/searchresults.html?label=bristol-XLwodozx2dVe8Ts0XeYuawS752260715469%3Apl%3Ata%3Ap1%3Ap2%3Aac%3Aap%3Aneg%3Afi%3Atikwd-869815001187%3Alp1009919%3Ali%3Adec%3Adm%3Appccp%3DUmFuZG9tSVYkc2RlIyh9YXdX6HrtnYy-Ml68sH-ljtU&aid=311984&dest_id=198&dest_type=country&group_adults=2&req_adults=2&no_rooms=1&broad_search_not_eligible=1&order=score&nflt=ht_id%3D204%3Bht_id%3D213%3Bht_id%3D216%3Bht_id%3D201%3Btop_destinations%3D6021%3Bpopular_nearby_landmarks%3D900059521%3Bpopular_nearby_landmarks%3D900059520%3Bpopular_nearby_landmarks%3D900074332%3Bpopular_nearby_landmarks%3D900077457%3Bpopular_nearby_landmarks%3D900059522%3Bpopular_nearby_landmarks%3D900074335%3Bpopular_nearby_landmarks%3D900074331%3Bpopular_nearby_landmarks%3D900053658%3Bpopular_nearby_landmarks%3D900053661%3Bpopular_nearby_landmarks%3D900053669%3Bpopular_nearby_landmarks%3D900058091%3Bpopular_nearby_landmarks%3D900059233%3Bpopular_nearby_landmarks%3D900059236%3Bpopular_nearby_landmarks%3D900059439%3Bpopular_nearby_landmarks%3D900059447%3Bpopular_nearby_landmarks%3D900059529%3Bpopular_nearby_landmarks%3D900069601%3Bpopular_nearby_landmarks%3D900069602%3Bpopular_nearby_landmarks%3D900069603%3Bpopular_nearby_landmarks%3D900070379%3Bpopular_nearby_landmarks%3D900074815%3Bpopular_nearby_landmarks%3D900074898%3Bpopular_nearby_landmarks%3D900075026%3Bpopular_nearby_landmarks%3D900059238","","Zion View Ella Green Retreat","Scored 9.0","9.0","Location 9.4","Located in Ella, 3 miles from Demodara Nine Arch Bridge, Zion View Ella Green Retreat provides accommodations with an outdoor swimming pool, free private parking, a garden and a shared lounge.","· 1,033 reviews","Opens in new window","Ella","Show prices","Wonderful","Show on map","","https://cf.bstatic.com/xdata/images/hotel/square600/836536644.webp?k=8f28322926df1e5ff56ce0835f8cd6bd7792e119673612dc47519b9821b9fc0c&o="
"1777052003-80","https://www.booking.com/searchresults.html?label=bristol-XLwodozx2dVe8Ts0XeYuawS752260715469%3Apl%3Ata%3Ap1%3Ap2%3Aac%3Aap%3Aneg%3Afi%3Atikwd-869815001187%3Alp1009919%3Ali%3Adec%3Adm%3Appccp%3DUmFuZG9tSVYkc2RlIyh9YXdX6HrtnYy-Ml68sH-ljtU&aid=311984&dest_id=198&dest_type=country&group_adults=2&req_adults=2&no_rooms=1&broad_search_not_eligible=1&order=score&nflt=ht_id%3D204%3Bht_id%3D213%3Bht_id%3D216%3Bht_id%3D201%3Btop_destinations%3D6021%3Bpopular_nearby_landmarks%3D900059521%3Bpopular_nearby_landmarks%3D900059520%3Bpopular_nearby_landmarks%3D900074332%3Bpopular_nearby_landmarks%3D900077457%3Bpopular_nearby_landmarks%3D900059522%3Bpopular_nearby_landmarks%3D900074335%3Bpopular_nearby_landmarks%3D900074331%3Bpopular_nearby_landmarks%3D900053658%3Bpopular_nearby_landmarks%3D900053661%3Bpopular_nearby_landmarks%3D900053669%3Bpopular_nearby_landmarks%3D900058091%3Bpopular_nearby_landmarks%3D900059233%3Bpopular_nearby_landmarks%3D900059236%3Bpopular_nearby_landmarks%3D900059439%3Bpopular_nearby_landmarks%3D900059447%3Bpopular_nearby_landmarks%3D900059529%3Bpopular_nearby_landmarks%3D900069601%3Bpopular_nearby_landmarks%3D900069602%3Bpopular_nearby_landmarks%3D900069603%3Bpopular_nearby_landmarks%3D900070379%3Bpopular_nearby_landmarks%3D900074815%3Bpopular_nearby_landmarks%3D900074898%3Bpopular_nearby_landmarks%3D900075026%3Bpopular_nearby_landmarks%3D900059238","","Idyll Homestay Ella","Scored 9.0","9.0","Value for money 8.9","Located in Ella, 3.6 miles from Demodara Nine Arch Bridge, Idyll Homestay Ella has accommodations with a garden, free private parking, a terrace and a restaurant.","· 82 reviews","Opens in new window","Ella","Show prices","Wonderful","Show on map","","https://cf.bstatic.com/xdata/images/hotel/square600/711026806.webp?k=02b74ca28e180c8c25760e413af8a67eaa86ac229776cac7c7da6344d0c79bc7&o="
"1777052003-81","https://www.booking.com/searchresults.html?label=bristol-XLwodozx2dVe8Ts0XeYuawS752260715469%3Apl%3Ata%3Ap1%3Ap2%3Aac%3Aap%3Aneg%3Afi%3Atikwd-869815001187%3Alp1009919%3Ali%3Adec%3Adm%3Appccp%3DUmFuZG9tSVYkc2RlIyh9YXdX6HrtnYy-Ml68sH-ljtU&aid=311984&dest_id=198&dest_type=country&group_adults=2&req_adults=2&no_rooms=1&broad_search_not_eligible=1&order=score&nflt=ht_id%3D204%3Bht_id%3D213%3Bht_id%3D216%3Bht_id%3D201%3Btop_destinations%3D6021%3Bpopular_nearby_landmarks%3D900059521%3Bpopular_nearby_landmarks%3D900059520%3Bpopular_nearby_landmarks%3D900074332%3Bpopular_nearby_landmarks%3D900077457%3Bpopular_nearby_landmarks%3D900059522%3Bpopular_nearby_landmarks%3D900074335%3Bpopular_nearby_landmarks%3D900074331%3Bpopular_nearby_landmarks%3D900053658%3Bpopular_nearby_landmarks%3D900053661%3Bpopular_nearby_landmarks%3D900053669%3Bpopular_nearby_landmarks%3D900058091%3Bpopular_nearby_landmarks%3D900059233%3Bpopular_nearby_landmarks%3D900059236%3Bpopular_nearby_landmarks%3D900059439%3Bpopular_nearby_landmarks%3D900059447%3Bpopular_nearby_landmarks%3D900059529%3Bpopular_nearby_landmarks%3D900069601%3Bpopular_nearby_landmarks%3D900069602%3Bpopular_nearby_landmarks%3D900069603%3Bpopular_nearby_landmarks%3D900070379%3Bpopular_nearby_landmarks%3D900074815%3Bpopular_nearby_landmarks%3D900074898%3Bpopular_nearby_landmarks%3D900075026%3Bpopular_nearby_landmarks%3D900059238","","Ella Panorama Villa","Scored 9.0","9.0","Value for money 9.2","Offering a garden, Ella Panorama Villa offers accommodations in Ella. This property offers access to a terrace, free private parking, and free Wifi. Rooms have a balcony with views of the garden.","· 157 reviews","Opens in new window","Ella","Show prices","Wonderful","Show on map","","https://cf.bstatic.com/xdata/images/hotel/square600/483856902.webp?k=fb1b870a826e7028ba955f125a9303d77f4320b719f5b9334cb8843ed0277bba&o="
"1777052003-82","https://www.booking.com/searchresults.html?label=bristol-XLwodozx2dVe8Ts0XeYuawS752260715469%3Apl%3Ata%3Ap1%3Ap2%3Aac%3Aap%3Aneg%3Afi%3Atikwd-869815001187%3Alp1009919%3Ali%3Adec%3Adm%3Appccp%3DUmFuZG9tSVYkc2RlIyh9YXdX6HrtnYy-Ml68sH-ljtU&aid=311984&dest_id=198&dest_type=country&group_adults=2&req_adults=2&no_rooms=1&broad_search_not_eligible=1&order=score&nflt=ht_id%3D204%3Bht_id%3D213%3Bht_id%3D216%3Bht_id%3D201%3Btop_destinations%3D6021%3Bpopular_nearby_landmarks%3D900059521%3Bpopular_nearby_landmarks%3D900059520%3Bpopular_nearby_landmarks%3D900074332%3Bpopular_nearby_landmarks%3D900077457%3Bpopular_nearby_landmarks%3D900059522%3Bpopular_nearby_landmarks%3D900074335%3Bpopular_nearby_landmarks%3D900074331%3Bpopular_nearby_landmarks%3D900053658%3Bpopular_nearby_landmarks%3D900053661%3Bpopular_nearby_landmarks%3D900053669%3Bpopular_nearby_landmarks%3D900058091%3Bpopular_nearby_landmarks%3D900059233%3Bpopular_nearby_landmarks%3D900059236%3Bpopular_nearby_landmarks%3D900059439%3Bpopular_nearby_landmarks%3D900059447%3Bpopular_nearby_landmarks%3D900059529%3Bpopular_nearby_landmarks%3D900069601%3Bpopular_nearby_landmarks%3D900069602%3Bpopular_nearby_landmarks%3D900069603%3Bpopular_nearby_landmarks%3D900070379%3Bpopular_nearby_landmarks%3D900074815%3Bpopular_nearby_landmarks%3D900074898%3Bpopular_nearby_landmarks%3D900075026%3Bpopular_nearby_landmarks%3D900059238","","AMARASINGHE GUEST HOUSE","Scored 9.0","9.0","Value for money 8.9","With Gregory Lake reachable in 28 miles, AMARASINGHE GUEST HOUSE offers accommodations, a restaurant, a garden, a terrace, and a shared lounge.","· 35 reviews","Opens in new window","Haputale","Show prices","Wonderful","Show on map","","https://cf.bstatic.com/xdata/images/hotel/square600/335354680.webp?k=4a12f0ec8ff7b0c143c0f95f2e827b7ff2594343e22274380f903b160006756e&o="
"1777052003-83","https://www.booking.com/searchresults.html?label=bristol-XLwodozx2dVe8Ts0XeYuawS752260715469%3Apl%3Ata%3Ap1%3Ap2%3Aac%3Aap%3Aneg%3Afi%3Atikwd-869815001187%3Alp1009919%3Ali%3Adec%3Adm%3Appccp%3DUmFuZG9tSVYkc2RlIyh9YXdX6HrtnYy-Ml68sH-ljtU&aid=311984&dest_id=198&dest_type=country&group_adults=2&req_adults=2&no_rooms=1&broad_search_not_eligible=1&order=score&nflt=ht_id%3D204%3Bht_id%3D213%3Bht_id%3D216%3Bht_id%3D201%3Btop_destinations%3D6021%3Bpopular_nearby_landmarks%3D900059521%3Bpopular_nearby_landmarks%3D900059520%3Bpopular_nearby_landmarks%3D900074332%3Bpopular_nearby_landmarks%3D900077457%3Bpopular_nearby_landmarks%3D900059522%3Bpopular_nearby_landmarks%3D900074335%3Bpopular_nearby_landmarks%3D900074331%3Bpopular_nearby_landmarks%3D900053658%3Bpopular_nearby_landmarks%3D900053661%3Bpopular_nearby_landmarks%3D900053669%3Bpopular_nearby_landmarks%3D900058091%3Bpopular_nearby_landmarks%3D900059233%3Bpopular_nearby_landmarks%3D900059236%3Bpopular_nearby_landmarks%3D900059439%3Bpopular_nearby_landmarks%3D900059447%3Bpopular_nearby_landmarks%3D900059529%3Bpopular_nearby_landmarks%3D900069601%3Bpopular_nearby_landmarks%3D900069602%3Bpopular_nearby_landmarks%3D900069603%3Bpopular_nearby_landmarks%3D900070379%3Bpopular_nearby_landmarks%3D900074815%3Bpopular_nearby_landmarks%3D900074898%3Bpopular_nearby_landmarks%3D900075026%3Bpopular_nearby_landmarks%3D900059238","","Ella Ceylonka","Scored 9.0","9.0","Value for money 9.0","Ella Ceylonka is a recently renovated guest house in Ella near Demodara Nine Arch Bridge. This property offers access to a terrace, free private parking, and free Wifi.","· 82 reviews","Opens in new window","Ella","Show prices","Wonderful","Show on map","","https://cf.bstatic.com/xdata/images/hotel/square600/705057941.webp?k=ac00e69be676d2105d830b4a034e173b75205458826cec8b2c4be2b8e3c4f334&o="
"1777052003-84","https://www.booking.com/searchresults.html?label=bristol-XLwodozx2dVe8Ts0XeYuawS752260715469%3Apl%3Ata%3Ap1%3Ap2%3Aac%3Aap%3Aneg%3Afi%3Atikwd-869815001187%3Alp1009919%3Ali%3Adec%3Adm%3Appccp%3DUmFuZG9tSVYkc2RlIyh9YXdX6HrtnYy-Ml68sH-ljtU&aid=311984&dest_id=198&dest_type=country&group_adults=2&req_adults=2&no_rooms=1&broad_search_not_eligible=1&order=score&nflt=ht_id%3D204%3Bht_id%3D213%3Bht_id%3D216%3Bht_id%3D201%3Btop_destinations%3D6021%3Bpopular_nearby_landmarks%3D900059521%3Bpopular_nearby_landmarks%3D900059520%3Bpopular_nearby_landmarks%3D900074332%3Bpopular_nearby_landmarks%3D900077457%3Bpopular_nearby_landmarks%3D900059522%3Bpopular_nearby_landmarks%3D900074335%3Bpopular_nearby_landmarks%3D900074331%3Bpopular_nearby_landmarks%3D900053658%3Bpopular_nearby_landmarks%3D900053661%3Bpopular_nearby_landmarks%3D900053669%3Bpopular_nearby_landmarks%3D900058091%3Bpopular_nearby_landmarks%3D900059233%3Bpopular_nearby_landmarks%3D900059236%3Bpopular_nearby_landmarks%3D900059439%3Bpopular_nearby_landmarks%3D900059447%3Bpopular_nearby_landmarks%3D900059529%3Bpopular_nearby_landmarks%3D900069601%3Bpopular_nearby_landmarks%3D900069602%3Bpopular_nearby_landmarks%3D900069603%3Bpopular_nearby_landmarks%3D900070379%3Bpopular_nearby_landmarks%3D900074815%3Bpopular_nearby_landmarks%3D900074898%3Bpopular_nearby_landmarks%3D900075026%3Bpopular_nearby_landmarks%3D900059238","","Su Casa Ella","Scored 9.0","9.0","Value for money 8.5","Located in Ella, 2.9 miles from Demodara Nine Arch Bridge, Su Casa Ella provides accommodations with a terrace, free private parking and a restaurant.","· 27 reviews","Opens in new window","Ella","Show prices","Wonderful","Show on map","","https://cf.bstatic.com/xdata/images/hotel/square600/726815599.webp?k=28902600ceb3802d9e4c717bead2bfb1baf76373b940fb700f9830ac4b9764b7&o="
"1777052003-85","https://www.booking.com/searchresults.html?label=bristol-XLwodozx2dVe8Ts0XeYuawS752260715469%3Apl%3Ata%3Ap1%3Ap2%3Aac%3Aap%3Aneg%3Afi%3Atikwd-869815001187%3Alp1009919%3Ali%3Adec%3Adm%3Appccp%3DUmFuZG9tSVYkc2RlIyh9YXdX6HrtnYy-Ml68sH-ljtU&aid=311984&dest_id=198&dest_type=country&group_adults=2&req_adults=2&no_rooms=1&broad_search_not_eligible=1&order=score&nflt=ht_id%3D204%3Bht_id%3D213%3Bht_id%3D216%3Bht_id%3D201%3Btop_destinations%3D6021%3Bpopular_nearby_landmarks%3D900059521%3Bpopular_nearby_landmarks%3D900059520%3Bpopular_nearby_landmarks%3D900074332%3Bpopular_nearby_landmarks%3D900077457%3Bpopular_nearby_landmarks%3D900059522%3Bpopular_nearby_landmarks%3D900074335%3Bpopular_nearby_landmarks%3D900074331%3Bpopular_nearby_landmarks%3D900053658%3Bpopular_nearby_landmarks%3D900053661%3Bpopular_nearby_landmarks%3D900053669%3Bpopular_nearby_landmarks%3D900058091%3Bpopular_nearby_landmarks%3D900059233%3Bpopular_nearby_landmarks%3D900059236%3Bpopular_nearby_landmarks%3D900059439%3Bpopular_nearby_landmarks%3D900059447%3Bpopular_nearby_landmarks%3D900059529%3Bpopular_nearby_landmarks%3D900069601%3Bpopular_nearby_landmarks%3D900069602%3Bpopular_nearby_landmarks%3D900069603%3Bpopular_nearby_landmarks%3D900070379%3Bpopular_nearby_landmarks%3D900074815%3Bpopular_nearby_landmarks%3D900074898%3Bpopular_nearby_landmarks%3D900075026%3Bpopular_nearby_landmarks%3D900059238","","The bawa guest Inn","Scored 9.0","9.0","Value for money 9.5","Featuring a garden, The bawa guest Inn provides accommodations in Haputale. This property offers access to a terrace, free private parking, and free Wifi.","· 146 reviews","Opens in new window","Haputale","Show prices","Wonderful","Show on map","","https://cf.bstatic.com/xdata/images/hotel/square600/628257594.webp?k=0a45e917b44d2d279f870dd035723142fe860733d3e754ff28ea643d794a1b87&o="
"1777052003-86","https://www.booking.com/searchresults.html?label=bristol-XLwodozx2dVe8Ts0XeYuawS752260715469%3Apl%3Ata%3Ap1%3Ap2%3Aac%3Aap%3Aneg%3Afi%3Atikwd-869815001187%3Alp1009919%3Ali%3Adec%3Adm%3Appccp%3DUmFuZG9tSVYkc2RlIyh9YXdX6HrtnYy-Ml68sH-ljtU&aid=311984&dest_id=198&dest_type=country&group_adults=2&req_adults=2&no_rooms=1&broad_search_not_eligible=1&order=score&nflt=ht_id%3D204%3Bht_id%3D213%3Bht_id%3D216%3Bht_id%3D201%3Btop_destinations%3D6021%3Bpopular_nearby_landmarks%3D900059521%3Bpopular_nearby_landmarks%3D900059520%3Bpopular_nearby_landmarks%3D900074332%3Bpopular_nearby_landmarks%3D900077457%3Bpopular_nearby_landmarks%3D900059522%3Bpopular_nearby_landmarks%3D900074335%3Bpopular_nearby_landmarks%3D900074331%3Bpopular_nearby_landmarks%3D900053658%3Bpopular_nearby_landmarks%3D900053661%3Bpopular_nearby_landmarks%3D900053669%3Bpopular_nearby_landmarks%3D900058091%3Bpopular_nearby_landmarks%3D900059233%3Bpopular_nearby_landmarks%3D900059236%3Bpopular_nearby_landmarks%3D900059439%3Bpopular_nearby_landmarks%3D900059447%3Bpopular_nearby_landmarks%3D900059529%3Bpopular_nearby_landmarks%3D900069601%3Bpopular_nearby_landmarks%3D900069602%3Bpopular_nearby_landmarks%3D900069603%3Bpopular_nearby_landmarks%3D900070379%3Bpopular_nearby_landmarks%3D900074815%3Bpopular_nearby_landmarks%3D900074898%3Bpopular_nearby_landmarks%3D900075026%3Bpopular_nearby_landmarks%3D900059238","","Legacy Inn Ella","Scored 9.0","9.0","Value for money 8.7","Located in Ella, a 16-minute walk from Demodara Nine Arch Bridge, Legacy Inn Ella has accommodations with a garden, free private parking and a terrace.","· 8 reviews","Opens in new window","Ella","Show prices","Wonderful","Show on map","","https://cf.bstatic.com/xdata/images/hotel/square600/769083708.webp?k=575f9b43b2303913f80768e26dc60bbe7243adda895bdd11a82d32ef0c635041&o="
"1777052003-87","https://www.booking.com/searchresults.html?label=bristol-XLwodozx2dVe8Ts0XeYuawS752260715469%3Apl%3Ata%3Ap1%3Ap2%3Aac%3Aap%3Aneg%3Afi%3Atikwd-869815001187%3Alp1009919%3Ali%3Adec%3Adm%3Appccp%3DUmFuZG9tSVYkc2RlIyh9YXdX6HrtnYy-Ml68sH-ljtU&aid=311984&dest_id=198&dest_type=country&group_adults=2&req_adults=2&no_rooms=1&broad_search_not_eligible=1&order=score&nflt=ht_id%3D204%3Bht_id%3D213%3Bht_id%3D216%3Bht_id%3D201%3Btop_destinations%3D6021%3Bpopular_nearby_landmarks%3D900059521%3Bpopular_nearby_landmarks%3D900059520%3Bpopular_nearby_landmarks%3D900074332%3Bpopular_nearby_landmarks%3D900077457%3Bpopular_nearby_landmarks%3D900059522%3Bpopular_nearby_landmarks%3D900074335%3Bpopular_nearby_landmarks%3D900074331%3Bpopular_nearby_landmarks%3D900053658%3Bpopular_nearby_landmarks%3D900053661%3Bpopular_nearby_landmarks%3D900053669%3Bpopular_nearby_landmarks%3D900058091%3Bpopular_nearby_landmarks%3D900059233%3Bpopular_nearby_landmarks%3D900059236%3Bpopular_nearby_landmarks%3D900059439%3Bpopular_nearby_landmarks%3D900059447%3Bpopular_nearby_landmarks%3D900059529%3Bpopular_nearby_landmarks%3D900069601%3Bpopular_nearby_landmarks%3D900069602%3Bpopular_nearby_landmarks%3D900069603%3Bpopular_nearby_landmarks%3D900070379%3Bpopular_nearby_landmarks%3D900074815%3Bpopular_nearby_landmarks%3D900074898%3Bpopular_nearby_landmarks%3D900075026%3Bpopular_nearby_landmarks%3D900059238","","Wild Resort Ella","Scored 8.9","8.9","Value for money 8.6","Just a 12-minute walk from Ella Train Station and 1.1 miles from Ella Spice Garden Cooking Class, Wild Resort Ella features accommodations in Ella, with a bar and a shared lounge.","· 409 reviews","Opens in new window","Ella","Show prices","Excellent","Show on map","","https://cf.bstatic.com/xdata/images/hotel/square600/520782950.webp?k=7e136b2fa73fb4cd76fea2061c7fe6a2e79be3870daca9bbe8b083caa700e82c&o="
"1777052003-88","https://www.booking.com/searchresults.html?label=bristol-XLwodozx2dVe8Ts0XeYuawS752260715469%3Apl%3Ata%3Ap1%3Ap2%3Aac%3Aap%3Aneg%3Afi%3Atikwd-869815001187%3Alp1009919%3Ali%3Adec%3Adm%3Appccp%3DUmFuZG9tSVYkc2RlIyh9YXdX6HrtnYy-Ml68sH-ljtU&aid=311984&dest_id=198&dest_type=country&group_adults=2&req_adults=2&no_rooms=1&broad_search_not_eligible=1&order=score&nflt=ht_id%3D204%3Bht_id%3D213%3Bht_id%3D216%3Bht_id%3D201%3Btop_destinations%3D6021%3Bpopular_nearby_landmarks%3D900059521%3Bpopular_nearby_landmarks%3D900059520%3Bpopular_nearby_landmarks%3D900074332%3Bpopular_nearby_landmarks%3D900077457%3Bpopular_nearby_landmarks%3D900059522%3Bpopular_nearby_landmarks%3D900074335%3Bpopular_nearby_landmarks%3D900074331%3Bpopular_nearby_landmarks%3D900053658%3Bpopular_nearby_landmarks%3D900053661%3Bpopular_nearby_landmarks%3D900053669%3Bpopular_nearby_landmarks%3D900058091%3Bpopular_nearby_landmarks%3D900059233%3Bpopular_nearby_landmarks%3D900059236%3Bpopular_nearby_landmarks%3D900059439%3Bpopular_nearby_landmarks%3D900059447%3Bpopular_nearby_landmarks%3D900059529%3Bpopular_nearby_landmarks%3D900069601%3Bpopular_nearby_landmarks%3D900069602%3Bpopular_nearby_landmarks%3D900069603%3Bpopular_nearby_landmarks%3D900070379%3Bpopular_nearby_landmarks%3D900074815%3Bpopular_nearby_landmarks%3D900074898%3Bpopular_nearby_landmarks%3D900075026%3Bpopular_nearby_landmarks%3D900059238","","EKHO Ella - A Divine View of Ella Gap","Scored 8.9","8.9","Location 9.8","EKHO Ella - A Divine View of Ella Gap is located on the seafront in Ella, 2.4 mi from Demodara Nine Arch Bridge and 0.9 mi from Ella Rock.","· 204 reviews","Opens in new window","Ella","Show prices","Excellent","Show on map","","https://cf.bstatic.com/xdata/images/hotel/square600/696376975.webp?k=641127ebb3c1696e660828f3f7dfc7b0f2f7b9b8db750d436b561f645a7f8454&o="
"1777052003-89","https://www.booking.com/searchresults.html?label=bristol-XLwodozx2dVe8Ts0XeYuawS752260715469%3Apl%3Ata%3Ap1%3Ap2%3Aac%3Aap%3Aneg%3Afi%3Atikwd-869815001187%3Alp1009919%3Ali%3Adec%3Adm%3Appccp%3DUmFuZG9tSVYkc2RlIyh9YXdX6HrtnYy-Ml68sH-ljtU&aid=311984&dest_id=198&dest_type=country&group_adults=2&req_adults=2&no_rooms=1&broad_search_not_eligible=1&order=score&nflt=ht_id%3D204%3Bht_id%3D213%3Bht_id%3D216%3Bht_id%3D201%3Btop_destinations%3D6021%3Bpopular_nearby_landmarks%3D900059521%3Bpopular_nearby_landmarks%3D900059520%3Bpopular_nearby_landmarks%3D900074332%3Bpopular_nearby_landmarks%3D900077457%3Bpopular_nearby_landmarks%3D900059522%3Bpopular_nearby_landmarks%3D900074335%3Bpopular_nearby_landmarks%3D900074331%3Bpopular_nearby_landmarks%3D900053658%3Bpopular_nearby_landmarks%3D900053661%3Bpopular_nearby_landmarks%3D900053669%3Bpopular_nearby_landmarks%3D900058091%3Bpopular_nearby_landmarks%3D900059233%3Bpopular_nearby_landmarks%3D900059236%3Bpopular_nearby_landmarks%3D900059439%3Bpopular_nearby_landmarks%3D900059447%3Bpopular_nearby_landmarks%3D900059529%3Bpopular_nearby_landmarks%3D900069601%3Bpopular_nearby_landmarks%3D900069602%3Bpopular_nearby_landmarks%3D900069603%3Bpopular_nearby_landmarks%3D900070379%3Bpopular_nearby_landmarks%3D900074815%3Bpopular_nearby_landmarks%3D900074898%3Bpopular_nearby_landmarks%3D900075026%3Bpopular_nearby_landmarks%3D900059238","","The Mist Holiday Bungalow","Scored 8.9","8.9","Value for money 9.2","Located in Haputale, 27 miles from Gregory Lake, The Mist Holiday Bungalow provides accommodations with a garden, free private parking, a shared lounge and a terrace.","· 352 reviews","Opens in new window","Haputale","Show prices","Excellent","Show on map","","https://cf.bstatic.com/xdata/images/hotel/square600/242674213.webp?k=a3364c3ea350cf168f58e2600fb9f5def89bb7dbaab6e694d29427c8c9e81f66&o="
"1777052003-90","https://www.booking.com/searchresults.html?label=bristol-XLwodozx2dVe8Ts0XeYuawS752260715469%3Apl%3Ata%3Ap1%3Ap2%3Aac%3Aap%3Aneg%3Afi%3Atikwd-869815001187%3Alp1009919%3Ali%3Adec%3Adm%3Appccp%3DUmFuZG9tSVYkc2RlIyh9YXdX6HrtnYy-Ml68sH-ljtU&aid=311984&dest_id=198&dest_type=country&group_adults=2&req_adults=2&no_rooms=1&broad_search_not_eligible=1&order=score&nflt=ht_id%3D204%3Bht_id%3D213%3Bht_id%3D216%3Bht_id%3D201%3Btop_destinations%3D6021%3Bpopular_nearby_landmarks%3D900059521%3Bpopular_nearby_landmarks%3D900059520%3Bpopular_nearby_landmarks%3D900074332%3Bpopular_nearby_landmarks%3D900077457%3Bpopular_nearby_landmarks%3D900059522%3Bpopular_nearby_landmarks%3D900074335%3Bpopular_nearby_landmarks%3D900074331%3Bpopular_nearby_landmarks%3D900053658%3Bpopular_nearby_landmarks%3D900053661%3Bpopular_nearby_landmarks%3D900053669%3Bpopular_nearby_landmarks%3D900058091%3Bpopular_nearby_landmarks%3D900059233%3Bpopular_nearby_landmarks%3D900059236%3Bpopular_nearby_landmarks%3D900059439%3Bpopular_nearby_landmarks%3D900059447%3Bpopular_nearby_landmarks%3D900059529%3Bpopular_nearby_landmarks%3D900069601%3Bpopular_nearby_landmarks%3D900069602%3Bpopular_nearby_landmarks%3D900069603%3Bpopular_nearby_landmarks%3D900070379%3Bpopular_nearby_landmarks%3D900074815%3Bpopular_nearby_landmarks%3D900074898%3Bpopular_nearby_landmarks%3D900075026%3Bpopular_nearby_landmarks%3D900059238","","Clouds Holiday Bungalow","Scored 8.9","8.9","Value for money 9.4","Offering garden views, Clouds Holiday Bungalow in Haputale offers accommodations and a garden. This property offers access to a terrace, darts, free private parking, and free Wifi.","· 18 reviews","Opens in new window","Haputale","Show prices","Excellent","Show on map","","https://cf.bstatic.com/xdata/images/hotel/square600/30148040.webp?k=cfb8eaa35cba24e4184dd8879c22b355ba72e4b245fdf8a757877a1a9a2d4e45&o="
"1777052003-91","https://www.booking.com/searchresults.html?label=bristol-XLwodozx2dVe8Ts0XeYuawS752260715469%3Apl%3Ata%3Ap1%3Ap2%3Aac%3Aap%3Aneg%3Afi%3Atikwd-869815001187%3Alp1009919%3Ali%3Adec%3Adm%3Appccp%3DUmFuZG9tSVYkc2RlIyh9YXdX6HrtnYy-Ml68sH-ljtU&aid=311984&dest_id=198&dest_type=country&group_adults=2&req_adults=2&no_rooms=1&broad_search_not_eligible=1&order=score&nflt=ht_id%3D204%3Bht_id%3D213%3Bht_id%3D216%3Bht_id%3D201%3Btop_destinations%3D6021%3Bpopular_nearby_landmarks%3D900059521%3Bpopular_nearby_landmarks%3D900059520%3Bpopular_nearby_landmarks%3D900074332%3Bpopular_nearby_landmarks%3D900077457%3Bpopular_nearby_landmarks%3D900059522%3Bpopular_nearby_landmarks%3D900074335%3Bpopular_nearby_landmarks%3D900074331%3Bpopular_nearby_landmarks%3D900053658%3Bpopular_nearby_landmarks%3D900053661%3Bpopular_nearby_landmarks%3D900053669%3Bpopular_nearby_landmarks%3D900058091%3Bpopular_nearby_landmarks%3D900059233%3Bpopular_nearby_landmarks%3D900059236%3Bpopular_nearby_landmarks%3D900059439%3Bpopular_nearby_landmarks%3D900059447%3Bpopular_nearby_landmarks%3D900059529%3Bpopular_nearby_landmarks%3D900069601%3Bpopular_nearby_landmarks%3D900069602%3Bpopular_nearby_landmarks%3D900069603%3Bpopular_nearby_landmarks%3D900070379%3Bpopular_nearby_landmarks%3D900074815%3Bpopular_nearby_landmarks%3D900074898%3Bpopular_nearby_landmarks%3D900075026%3Bpopular_nearby_landmarks%3D900059238","","The Blue View Ella","Scored 8.9","8.9","Value for money 9.2","Offering a restaurant and free bikes, The Blue View Ella is located in Ella. Free WiFi access is available. Extras include a fan.","· 498 reviews","Opens in new window","Ella","Show prices","Excellent","Show on map","","https://cf.bstatic.com/xdata/images/hotel/square600/579464310.webp?k=cf5e140b93e186007c528c32bf618012181937fc436c0dae416a4358af39849a&o="
"1777052003-92","https://www.booking.com/searchresults.html?label=bristol-XLwodozx2dVe8Ts0XeYuawS752260715469%3Apl%3Ata%3Ap1%3Ap2%3Aac%3Aap%3Aneg%3Afi%3Atikwd-869815001187%3Alp1009919%3Ali%3Adec%3Adm%3Appccp%3DUmFuZG9tSVYkc2RlIyh9YXdX6HrtnYy-Ml68sH-ljtU&aid=311984&dest_id=198&dest_type=country&group_adults=2&req_adults=2&no_rooms=1&broad_search_not_eligible=1&order=score&nflt=ht_id%3D204%3Bht_id%3D213%3Bht_id%3D216%3Bht_id%3D201%3Btop_destinations%3D6021%3Bpopular_nearby_landmarks%3D900059521%3Bpopular_nearby_landmarks%3D900059520%3Bpopular_nearby_landmarks%3D900074332%3Bpopular_nearby_landmarks%3D900077457%3Bpopular_nearby_landmarks%3D900059522%3Bpopular_nearby_landmarks%3D900074335%3Bpopular_nearby_landmarks%3D900074331%3Bpopular_nearby_landmarks%3D900053658%3Bpopular_nearby_landmarks%3D900053661%3Bpopular_nearby_landmarks%3D900053669%3Bpopular_nearby_landmarks%3D900058091%3Bpopular_nearby_landmarks%3D900059233%3Bpopular_nearby_landmarks%3D900059236%3Bpopular_nearby_landmarks%3D900059439%3Bpopular_nearby_landmarks%3D900059447%3Bpopular_nearby_landmarks%3D900059529%3Bpopular_nearby_landmarks%3D900069601%3Bpopular_nearby_landmarks%3D900069602%3Bpopular_nearby_landmarks%3D900069603%3Bpopular_nearby_landmarks%3D900070379%3Bpopular_nearby_landmarks%3D900074815%3Bpopular_nearby_landmarks%3D900074898%3Bpopular_nearby_landmarks%3D900075026%3Bpopular_nearby_landmarks%3D900059238","","Ella green stay","Scored 8.9","8.9","Value for money 9.2","Featuring garden views, Ella green stay in Ella features accommodations and a garden.","· 488 reviews","Opens in new window","Ella","Show prices","Excellent","Show on map","","https://cf.bstatic.com/xdata/images/hotel/square600/375543416.webp?k=ee5854288f6e88815e0506718522375398251a88c03fee12c82d80a002e22faf&o="
"1777052003-93","https://www.booking.com/searchresults.html?label=bristol-XLwodozx2dVe8Ts0XeYuawS752260715469%3Apl%3Ata%3Ap1%3Ap2%3Aac%3Aap%3Aneg%3Afi%3Atikwd-869815001187%3Alp1009919%3Ali%3Adec%3Adm%3Appccp%3DUmFuZG9tSVYkc2RlIyh9YXdX6HrtnYy-Ml68sH-ljtU&aid=311984&dest_id=198&dest_type=country&group_adults=2&req_adults=2&no_rooms=1&broad_search_not_eligible=1&order=score&nflt=ht_id%3D204%3Bht_id%3D213%3Bht_id%3D216%3Bht_id%3D201%3Btop_destinations%3D6021%3Bpopular_nearby_landmarks%3D900059521%3Bpopular_nearby_landmarks%3D900059520%3Bpopular_nearby_landmarks%3D900074332%3Bpopular_nearby_landmarks%3D900077457%3Bpopular_nearby_landmarks%3D900059522%3Bpopular_nearby_landmarks%3D900074335%3Bpopular_nearby_landmarks%3D900074331%3Bpopular_nearby_landmarks%3D900053658%3Bpopular_nearby_landmarks%3D900053661%3Bpopular_nearby_landmarks%3D900053669%3Bpopular_nearby_landmarks%3D900058091%3Bpopular_nearby_landmarks%3D900059233%3Bpopular_nearby_landmarks%3D900059236%3Bpopular_nearby_landmarks%3D900059439%3Bpopular_nearby_landmarks%3D900059447%3Bpopular_nearby_landmarks%3D900059529%3Bpopular_nearby_landmarks%3D900069601%3Bpopular_nearby_landmarks%3D900069602%3Bpopular_nearby_landmarks%3D900069603%3Bpopular_nearby_landmarks%3D900070379%3Bpopular_nearby_landmarks%3D900074815%3Bpopular_nearby_landmarks%3D900074898%3Bpopular_nearby_landmarks%3D900075026%3Bpopular_nearby_landmarks%3D900059238","","Ella Soul Resort","Scored 8.9","8.9","Value for money 9.0","Located in Ella, 2.9 miles from Demodara Nine Arch Bridge, Ella Soul Resort provides accommodations with a garden, free private parking, a shared lounge and a terrace.","· 758 reviews","Opens in new window","Ella","Show prices","Excellent","Show on map","","https://cf.bstatic.com/xdata/images/hotel/square600/639992724.webp?k=e0b684fc58e771f63a12ab6f30aacbc3cd212a93dadef2bcc6a3eb5d87284646&o="
"1777052003-94","https://www.booking.com/searchresults.html?label=bristol-XLwodozx2dVe8Ts0XeYuawS752260715469%3Apl%3Ata%3Ap1%3Ap2%3Aac%3Aap%3Aneg%3Afi%3Atikwd-869815001187%3Alp1009919%3Ali%3Adec%3Adm%3Appccp%3DUmFuZG9tSVYkc2RlIyh9YXdX6HrtnYy-Ml68sH-ljtU&aid=311984&dest_id=198&dest_type=country&group_adults=2&req_adults=2&no_rooms=1&broad_search_not_eligible=1&order=score&nflt=ht_id%3D204%3Bht_id%3D213%3Bht_id%3D216%3Bht_id%3D201%3Btop_destinations%3D6021%3Bpopular_nearby_landmarks%3D900059521%3Bpopular_nearby_landmarks%3D900059520%3Bpopular_nearby_landmarks%3D900074332%3Bpopular_nearby_landmarks%3D900077457%3Bpopular_nearby_landmarks%3D900059522%3Bpopular_nearby_landmarks%3D900074335%3Bpopular_nearby_landmarks%3D900074331%3Bpopular_nearby_landmarks%3D900053658%3Bpopular_nearby_landmarks%3D900053661%3Bpopular_nearby_landmarks%3D900053669%3Bpopular_nearby_landmarks%3D900058091%3Bpopular_nearby_landmarks%3D900059233%3Bpopular_nearby_landmarks%3D900059236%3Bpopular_nearby_landmarks%3D900059439%3Bpopular_nearby_landmarks%3D900059447%3Bpopular_nearby_landmarks%3D900059529%3Bpopular_nearby_landmarks%3D900069601%3Bpopular_nearby_landmarks%3D900069602%3Bpopular_nearby_landmarks%3D900069603%3Bpopular_nearby_landmarks%3D900070379%3Bpopular_nearby_landmarks%3D900074815%3Bpopular_nearby_landmarks%3D900074898%3Bpopular_nearby_landmarks%3D900075026%3Bpopular_nearby_landmarks%3D900059238","","The Nest by Amarasinghe's","Scored 8.9","8.9","Value for money 9.3","Featuring garden views, The Nest by Amarasinghe's in Haputale offers accommodations, a garden, and a shared lounge. With mountain views, this accommodation features a balcony.","· 378 reviews","Opens in new window","Haputale","Show prices","Excellent","Show on map","","https://cf.bstatic.com/xdata/images/hotel/square600/105541638.webp?k=3e5c46bb4dfa45e64a032067acfbea1f333db0438a3aec3f4800b34dc3e7f2e8&o="
"1777052003-95","https://www.booking.com/searchresults.html?label=bristol-XLwodozx2dVe8Ts0XeYuawS752260715469%3Apl%3Ata%3Ap1%3Ap2%3Aac%3Aap%3Aneg%3Afi%3Atikwd-869815001187%3Alp1009919%3Ali%3Adec%3Adm%3Appccp%3DUmFuZG9tSVYkc2RlIyh9YXdX6HrtnYy-Ml68sH-ljtU&aid=311984&dest_id=198&dest_type=country&group_adults=2&req_adults=2&no_rooms=1&broad_search_not_eligible=1&order=score&nflt=ht_id%3D204%3Bht_id%3D213%3Bht_id%3D216%3Bht_id%3D201%3Btop_destinations%3D6021%3Bpopular_nearby_landmarks%3D900059521%3Bpopular_nearby_landmarks%3D900059520%3Bpopular_nearby_landmarks%3D900074332%3Bpopular_nearby_landmarks%3D900077457%3Bpopular_nearby_landmarks%3D900059522%3Bpopular_nearby_landmarks%3D900074335%3Bpopular_nearby_landmarks%3D900074331%3Bpopular_nearby_landmarks%3D900053658%3Bpopular_nearby_landmarks%3D900053661%3Bpopular_nearby_landmarks%3D900053669%3Bpopular_nearby_landmarks%3D900058091%3Bpopular_nearby_landmarks%3D900059233%3Bpopular_nearby_landmarks%3D900059236%3Bpopular_nearby_landmarks%3D900059439%3Bpopular_nearby_landmarks%3D900059447%3Bpopular_nearby_landmarks%3D900059529%3Bpopular_nearby_landmarks%3D900069601%3Bpopular_nearby_landmarks%3D900069602%3Bpopular_nearby_landmarks%3D900069603%3Bpopular_nearby_landmarks%3D900070379%3Bpopular_nearby_landmarks%3D900074815%3Bpopular_nearby_landmarks%3D900074898%3Bpopular_nearby_landmarks%3D900075026%3Bpopular_nearby_landmarks%3D900059238","","Herbage Natural Ella","Scored 8.9","8.9","Value for money 9.3","Herbage Natural Ella enjoys a location in Ella, 4.6 miles from Demodara Nine Arch Bridge and 500 yards from Ella Rock. This property offers access to a balcony, free private parking, and free Wifi.","· 93 reviews","Opens in new window","Ella","Show prices","Excellent","Show on map","","https://cf.bstatic.com/xdata/images/hotel/square600/168844228.webp?k=9226da84fd214d617b80ede31a38d8aeeb74028b8d0d893641f45ff60af2f058&o="
"1777052003-96","https://www.booking.com/searchresults.html?label=bristol-XLwodozx2dVe8Ts0XeYuawS752260715469%3Apl%3Ata%3Ap1%3Ap2%3Aac%3Aap%3Aneg%3Afi%3Atikwd-869815001187%3Alp1009919%3Ali%3Adec%3Adm%3Appccp%3DUmFuZG9tSVYkc2RlIyh9YXdX6HrtnYy-Ml68sH-ljtU&aid=311984&dest_id=198&dest_type=country&group_adults=2&req_adults=2&no_rooms=1&broad_search_not_eligible=1&order=score&nflt=ht_id%3D204%3Bht_id%3D213%3Bht_id%3D216%3Bht_id%3D201%3Btop_destinations%3D6021%3Bpopular_nearby_landmarks%3D900059521%3Bpopular_nearby_landmarks%3D900059520%3Bpopular_nearby_landmarks%3D900074332%3Bpopular_nearby_landmarks%3D900077457%3Bpopular_nearby_landmarks%3D900059522%3Bpopular_nearby_landmarks%3D900074335%3Bpopular_nearby_landmarks%3D900074331%3Bpopular_nearby_landmarks%3D900053658%3Bpopular_nearby_landmarks%3D900053661%3Bpopular_nearby_landmarks%3D900053669%3Bpopular_nearby_landmarks%3D900058091%3Bpopular_nearby_landmarks%3D900059233%3Bpopular_nearby_landmarks%3D900059236%3Bpopular_nearby_landmarks%3D900059439%3Bpopular_nearby_landmarks%3D900059447%3Bpopular_nearby_landmarks%3D900059529%3Bpopular_nearby_landmarks%3D900069601%3Bpopular_nearby_landmarks%3D900069602%3Bpopular_nearby_landmarks%3D900069603%3Bpopular_nearby_landmarks%3D900070379%3Bpopular_nearby_landmarks%3D900074815%3Bpopular_nearby_landmarks%3D900074898%3Bpopular_nearby_landmarks%3D900075026%3Bpopular_nearby_landmarks%3D900059238","","The Cubes Ella","Scored 8.9","8.9","Value for money 9.0","Located in Ella, 2.5 miles from Demodara Nine Arch Bridge, The Cubes Ella provides accommodations with a garden, free private parking, a terrace and a restaurant.","· 519 reviews","Opens in new window","Ella","Show prices","Excellent","Show on map","","https://cf.bstatic.com/xdata/images/hotel/square600/453759840.webp?k=54aa60dbc433e87709c0ba56c7d34244d639ed396fa1ae3fbe82bb68b5ec1a5d&o="
"1777052003-97","https://www.booking.com/searchresults.html?label=bristol-XLwodozx2dVe8Ts0XeYuawS752260715469%3Apl%3Ata%3Ap1%3Ap2%3Aac%3Aap%3Aneg%3Afi%3Atikwd-869815001187%3Alp1009919%3Ali%3Adec%3Adm%3Appccp%3DUmFuZG9tSVYkc2RlIyh9YXdX6HrtnYy-Ml68sH-ljtU&aid=311984&dest_id=198&dest_type=country&group_adults=2&req_adults=2&no_rooms=1&broad_search_not_eligible=1&order=score&nflt=ht_id%3D204%3Bht_id%3D213%3Bht_id%3D216%3Bht_id%3D201%3Btop_destinations%3D6021%3Bpopular_nearby_landmarks%3D900059521%3Bpopular_nearby_landmarks%3D900059520%3Bpopular_nearby_landmarks%3D900074332%3Bpopular_nearby_landmarks%3D900077457%3Bpopular_nearby_landmarks%3D900059522%3Bpopular_nearby_landmarks%3D900074335%3Bpopular_nearby_landmarks%3D900074331%3Bpopular_nearby_landmarks%3D900053658%3Bpopular_nearby_landmarks%3D900053661%3Bpopular_nearby_landmarks%3D900053669%3Bpopular_nearby_landmarks%3D900058091%3Bpopular_nearby_landmarks%3D900059233%3Bpopular_nearby_landmarks%3D900059236%3Bpopular_nearby_landmarks%3D900059439%3Bpopular_nearby_landmarks%3D900059447%3Bpopular_nearby_landmarks%3D900059529%3Bpopular_nearby_landmarks%3D900069601%3Bpopular_nearby_landmarks%3D900069602%3Bpopular_nearby_landmarks%3D900069603%3Bpopular_nearby_landmarks%3D900070379%3Bpopular_nearby_landmarks%3D900074815%3Bpopular_nearby_landmarks%3D900074898%3Bpopular_nearby_landmarks%3D900075026%3Bpopular_nearby_landmarks%3D900059238","","Ella Country House","Scored 8.9","8.9","Value for money 9.2","Ella Country House offers accommodations in Ella, 3.2 miles from Demodara Nine Arch Bridge and 30 miles from Hakgala Botanical Garden.","· 758 reviews","Opens in new window","Ella","Show prices","Excellent","Show on map","","https://cf.bstatic.com/xdata/images/hotel/square600/295602567.webp?k=ca1c6dc6432f00762b50c89fe6e5ee8f6275681db73219d7511f8fea9aae6c4a&o="
"1777052003-98","https://www.booking.com/searchresults.html?label=bristol-XLwodozx2dVe8Ts0XeYuawS752260715469%3Apl%3Ata%3Ap1%3Ap2%3Aac%3Aap%3Aneg%3Afi%3Atikwd-869815001187%3Alp1009919%3Ali%3Adec%3Adm%3Appccp%3DUmFuZG9tSVYkc2RlIyh9YXdX6HrtnYy-Ml68sH-ljtU&aid=311984&dest_id=198&dest_type=country&group_adults=2&req_adults=2&no_rooms=1&broad_search_not_eligible=1&order=score&nflt=ht_id%3D204%3Bht_id%3D213%3Bht_id%3D216%3Bht_id%3D201%3Btop_destinations%3D6021%3Bpopular_nearby_landmarks%3D900059521%3Bpopular_nearby_landmarks%3D900059520%3Bpopular_nearby_landmarks%3D900074332%3Bpopular_nearby_landmarks%3D900077457%3Bpopular_nearby_landmarks%3D900059522%3Bpopular_nearby_landmarks%3D900074335%3Bpopular_nearby_landmarks%3D900074331%3Bpopular_nearby_landmarks%3D900053658%3Bpopular_nearby_landmarks%3D900053661%3Bpopular_nearby_landmarks%3D900053669%3Bpopular_nearby_landmarks%3D900058091%3Bpopular_nearby_landmarks%3D900059233%3Bpopular_nearby_landmarks%3D900059236%3Bpopular_nearby_landmarks%3D900059439%3Bpopular_nearby_landmarks%3D900059447%3Bpopular_nearby_landmarks%3D900059529%3Bpopular_nearby_landmarks%3D900069601%3Bpopular_nearby_landmarks%3D900069602%3Bpopular_nearby_landmarks%3D900069603%3Bpopular_nearby_landmarks%3D900070379%3Bpopular_nearby_landmarks%3D900074815%3Bpopular_nearby_landmarks%3D900074898%3Bpopular_nearby_landmarks%3D900075026%3Bpopular_nearby_landmarks%3D900059238","","Rawana Mountain View Homestay","Scored 8.9","8.9","Value for money 9.3","Providing river views, Rawana Mountain View Homestay in Ella offers accommodations and a garden. This property offers access to a balcony, free private parking, and free Wifi.","· 213 reviews","Opens in new window","Ella","Show prices","Excellent","Show on map","","https://cf.bstatic.com/xdata/images/hotel/square600/622653326.webp?k=93049757e2ae2ab06fdb08f669b61d8421343f0d381d1192de5ae149fa052bd8&o="
"1777052003-99","https://www.booking.com/searchresults.html?label=bristol-XLwodozx2dVe8Ts0XeYuawS752260715469%3Apl%3Ata%3Ap1%3Ap2%3Aac%3Aap%3Aneg%3Afi%3Atikwd-869815001187%3Alp1009919%3Ali%3Adec%3Adm%3Appccp%3DUmFuZG9tSVYkc2RlIyh9YXdX6HrtnYy-Ml68sH-ljtU&aid=311984&dest_id=198&dest_type=country&group_adults=2&req_adults=2&no_rooms=1&broad_search_not_eligible=1&order=score&nflt=ht_id%3D204%3Bht_id%3D213%3Bht_id%3D216%3Bht_id%3D201%3Btop_destinations%3D6021%3Bpopular_nearby_landmarks%3D900059521%3Bpopular_nearby_landmarks%3D900059520%3Bpopular_nearby_landmarks%3D900074332%3Bpopular_nearby_landmarks%3D900077457%3Bpopular_nearby_landmarks%3D900059522%3Bpopular_nearby_landmarks%3D900074335%3Bpopular_nearby_landmarks%3D900074331%3Bpopular_nearby_landmarks%3D900053658%3Bpopular_nearby_landmarks%3D900053661%3Bpopular_nearby_landmarks%3D900053669%3Bpopular_nearby_landmarks%3D900058091%3Bpopular_nearby_landmarks%3D900059233%3Bpopular_nearby_landmarks%3D900059236%3Bpopular_nearby_landmarks%3D900059439%3Bpopular_nearby_landmarks%3D900059447%3Bpopular_nearby_landmarks%3D900059529%3Bpopular_nearby_landmarks%3D900069601%3Bpopular_nearby_landmarks%3D900069602%3Bpopular_nearby_landmarks%3D900069603%3Bpopular_nearby_landmarks%3D900070379%3Bpopular_nearby_landmarks%3D900074815%3Bpopular_nearby_landmarks%3D900074898%3Bpopular_nearby_landmarks%3D900075026%3Bpopular_nearby_landmarks%3D900059238","","Nature Rock Ella","Scored 8.9","8.9","Value for money 9.3","Providing river views, Nature Rock Ella in Ella provides accommodations and a garden. This property offers access to a terrace, free private parking, and free Wifi. Guests can enjoy garden views.","· 95 reviews","Opens in new window","Ella","Show prices","Excellent","Show on map","","https://cf.bstatic.com/xdata/images/hotel/square600/695390658.webp?k=daa24b21c935b0e4eb552117051bdf3e62361d872da0b8b0b21209249a233b42&o="
"1777052003-100","https://www.booking.com/searchresults.html?label=bristol-XLwodozx2dVe8Ts0XeYuawS752260715469%3Apl%3Ata%3Ap1%3Ap2%3Aac%3Aap%3Aneg%3Afi%3Atikwd-869815001187%3Alp1009919%3Ali%3Adec%3Adm%3Appccp%3DUmFuZG9tSVYkc2RlIyh9YXdX6HrtnYy-Ml68sH-ljtU&aid=311984&dest_id=198&dest_type=country&group_adults=2&req_adults=2&no_rooms=1&broad_search_not_eligible=1&order=score&nflt=ht_id%3D204%3Bht_id%3D213%3Bht_id%3D216%3Bht_id%3D201%3Btop_destinations%3D6021%3Bpopular_nearby_landmarks%3D900059521%3Bpopular_nearby_landmarks%3D900059520%3Bpopular_nearby_landmarks%3D900074332%3Bpopular_nearby_landmarks%3D900077457%3Bpopular_nearby_landmarks%3D900059522%3Bpopular_nearby_landmarks%3D900074335%3Bpopular_nearby_landmarks%3D900074331%3Bpopular_nearby_landmarks%3D900053658%3Bpopular_nearby_landmarks%3D900053661%3Bpopular_nearby_landmarks%3D900053669%3Bpopular_nearby_landmarks%3D900058091%3Bpopular_nearby_landmarks%3D900059233%3Bpopular_nearby_landmarks%3D900059236%3Bpopular_nearby_landmarks%3D900059439%3Bpopular_nearby_landmarks%3D900059447%3Bpopular_nearby_landmarks%3D900059529%3Bpopular_nearby_landmarks%3D900069601%3Bpopular_nearby_landmarks%3D900069602%3Bpopular_nearby_landmarks%3D900069603%3Bpopular_nearby_landmarks%3D900070379%3Bpopular_nearby_landmarks%3D900074815%3Bpopular_nearby_landmarks%3D900074898%3Bpopular_nearby_landmarks%3D900075026%3Bpopular_nearby_landmarks%3D900059238","","The Scenario Ella","Scored 8.9","8.9","Value for money 9.2","The Scenario Ella offers accommodations in Ella, 2.6 miles from Demodara Nine Arch Bridge and 30 miles from Hakgala Botanical Garden.","· 39 reviews","Opens in new window","Ella","Show prices","Excellent","Show on map","","https://cf.bstatic.com/xdata/images/hotel/square600/773767661.webp?k=1a1319a14cdb31612c5fac9df5e10425f5389b0ffbb188742fa029fb88d73d23&o="
"1777052003-101","https://www.booking.com/searchresults.html?label=bristol-XLwodozx2dVe8Ts0XeYuawS752260715469%3Apl%3Ata%3Ap1%3Ap2%3Aac%3Aap%3Aneg%3Afi%3Atikwd-869815001187%3Alp1009919%3Ali%3Adec%3Adm%3Appccp%3DUmFuZG9tSVYkc2RlIyh9YXdX6HrtnYy-Ml68sH-ljtU&aid=311984&dest_id=198&dest_type=country&group_adults=2&req_adults=2&no_rooms=1&broad_search_not_eligible=1&order=score&nflt=ht_id%3D204%3Bht_id%3D213%3Bht_id%3D216%3Bht_id%3D201%3Btop_destinations%3D6021%3Bpopular_nearby_landmarks%3D900059521%3Bpopular_nearby_landmarks%3D900059520%3Bpopular_nearby_landmarks%3D900074332%3Bpopular_nearby_landmarks%3D900077457%3Bpopular_nearby_landmarks%3D900059522%3Bpopular_nearby_landmarks%3D900074335%3Bpopular_nearby_landmarks%3D900074331%3Bpopular_nearby_landmarks%3D900053658%3Bpopular_nearby_landmarks%3D900053661%3Bpopular_nearby_landmarks%3D900053669%3Bpopular_nearby_landmarks%3D900058091%3Bpopular_nearby_landmarks%3D900059233%3Bpopular_nearby_landmarks%3D900059236%3Bpopular_nearby_landmarks%3D900059439%3Bpopular_nearby_landmarks%3D900059447%3Bpopular_nearby_landmarks%3D900059529%3Bpopular_nearby_landmarks%3D900069601%3Bpopular_nearby_landmarks%3D900069602%3Bpopular_nearby_landmarks%3D900069603%3Bpopular_nearby_landmarks%3D900070379%3Bpopular_nearby_landmarks%3D900074815%3Bpopular_nearby_landmarks%3D900074898%3Bpopular_nearby_landmarks%3D900075026%3Bpopular_nearby_landmarks%3D900059238","","Green Leaf 360","Scored 8.9","8.9","Value for money 9.1","Located in Ella, 3.1 miles from Demodara Nine Arch Bridge, Green Leaf 360 has accommodations with a garden, free private parking and a terrace.","· 56 reviews","Opens in new window","Ella","Show prices","Excellent","Show on map","","https://cf.bstatic.com/xdata/images/hotel/square600/188885221.webp?k=50db631180bda49448aa1f0e31b0b2c68abbf57959282a191fbf6573dced8a8e&o="
"1777052003-102","https://www.booking.com/searchresults.html?label=bristol-XLwodozx2dVe8Ts0XeYuawS752260715469%3Apl%3Ata%3Ap1%3Ap2%3Aac%3Aap%3Aneg%3Afi%3Atikwd-869815001187%3Alp1009919%3Ali%3Adec%3Adm%3Appccp%3DUmFuZG9tSVYkc2RlIyh9YXdX6HrtnYy-Ml68sH-ljtU&aid=311984&dest_id=198&dest_type=country&group_adults=2&req_adults=2&no_rooms=1&broad_search_not_eligible=1&order=score&nflt=ht_id%3D204%3Bht_id%3D213%3Bht_id%3D216%3Bht_id%3D201%3Btop_destinations%3D6021%3Bpopular_nearby_landmarks%3D900059521%3Bpopular_nearby_landmarks%3D900059520%3Bpopular_nearby_landmarks%3D900074332%3Bpopular_nearby_landmarks%3D900077457%3Bpopular_nearby_landmarks%3D900059522%3Bpopular_nearby_landmarks%3D900074335%3Bpopular_nearby_landmarks%3D900074331%3Bpopular_nearby_landmarks%3D900053658%3Bpopular_nearby_landmarks%3D900053661%3Bpopular_nearby_landmarks%3D900053669%3Bpopular_nearby_landmarks%3D900058091%3Bpopular_nearby_landmarks%3D900059233%3Bpopular_nearby_landmarks%3D900059236%3Bpopular_nearby_landmarks%3D900059439%3Bpopular_nearby_landmarks%3D900059447%3Bpopular_nearby_landmarks%3D900059529%3Bpopular_nearby_landmarks%3D900069601%3Bpopular_nearby_landmarks%3D900069602%3Bpopular_nearby_landmarks%3D900069603%3Bpopular_nearby_landmarks%3D900070379%3Bpopular_nearby_landmarks%3D900074815%3Bpopular_nearby_landmarks%3D900074898%3Bpopular_nearby_landmarks%3D900075026%3Bpopular_nearby_landmarks%3D900059238","","Eco Diamond Palace","Scored 8.9","8.9","Value for money 9.2","Featuring garden views, Eco Diamond Palace in Ella provides accommodations and a garden. This property offers access to a terrace, free private parking, and free Wifi.","· 104 reviews","Opens in new window","Ella","Show prices","Excellent","Show on map","","https://cf.bstatic.com/xdata/images/hotel/square600/749526450.webp?k=7df645d7edcf23ef0b1f0855442b3dedcb7427b76bc41e6042712de14caf5200&o="
"1777052003-103","https://www.booking.com/searchresults.html?label=bristol-XLwodozx2dVe8Ts0XeYuawS752260715469%3Apl%3Ata%3Ap1%3Ap2%3Aac%3Aap%3Aneg%3Afi%3Atikwd-869815001187%3Alp1009919%3Ali%3Adec%3Adm%3Appccp%3DUmFuZG9tSVYkc2RlIyh9YXdX6HrtnYy-Ml68sH-ljtU&aid=311984&dest_id=198&dest_type=country&group_adults=2&req_adults=2&no_rooms=1&broad_search_not_eligible=1&order=score&nflt=ht_id%3D204%3Bht_id%3D213%3Bht_id%3D216%3Bht_id%3D201%3Btop_destinations%3D6021%3Bpopular_nearby_landmarks%3D900059521%3Bpopular_nearby_landmarks%3D900059520%3Bpopular_nearby_landmarks%3D900074332%3Bpopular_nearby_landmarks%3D900077457%3Bpopular_nearby_landmarks%3D900059522%3Bpopular_nearby_landmarks%3D900074335%3Bpopular_nearby_landmarks%3D900074331%3Bpopular_nearby_landmarks%3D900053658%3Bpopular_nearby_landmarks%3D900053661%3Bpopular_nearby_landmarks%3D900053669%3Bpopular_nearby_landmarks%3D900058091%3Bpopular_nearby_landmarks%3D900059233%3Bpopular_nearby_landmarks%3D900059236%3Bpopular_nearby_landmarks%3D900059439%3Bpopular_nearby_landmarks%3D900059447%3Bpopular_nearby_landmarks%3D900059529%3Bpopular_nearby_landmarks%3D900069601%3Bpopular_nearby_landmarks%3D900069602%3Bpopular_nearby_landmarks%3D900069603%3Bpopular_nearby_landmarks%3D900070379%3Bpopular_nearby_landmarks%3D900074815%3Bpopular_nearby_landmarks%3D900074898%3Bpopular_nearby_landmarks%3D900075026%3Bpopular_nearby_landmarks%3D900059238","","Zentara Hills resort","Scored 8.9","8.9","Value for money 9.1","Featuring garden views, Zentara Hills resort in Haputale features accommodations and a garden. This property offers access to a terrace and free private parking.","· 37 reviews","Opens in new window","Haputale","Show prices","Excellent","Show on map","","https://cf.bstatic.com/xdata/images/hotel/square600/828789113.webp?k=2db7a2574c2f9aed2312047675c69505bc1185c4f9c35e469999bf20648212f3&o="
"1777052003-104","https://www.booking.com/searchresults.html?label=bristol-XLwodozx2dVe8Ts0XeYuawS752260715469%3Apl%3Ata%3Ap1%3Ap2%3Aac%3Aap%3Aneg%3Afi%3Atikwd-869815001187%3Alp1009919%3Ali%3Adec%3Adm%3Appccp%3DUmFuZG9tSVYkc2RlIyh9YXdX6HrtnYy-Ml68sH-ljtU&aid=311984&dest_id=198&dest_type=country&group_adults=2&req_adults=2&no_rooms=1&broad_search_not_eligible=1&order=score&nflt=ht_id%3D204%3Bht_id%3D213%3Bht_id%3D216%3Bht_id%3D201%3Btop_destinations%3D6021%3Bpopular_nearby_landmarks%3D900059521%3Bpopular_nearby_landmarks%3D900059520%3Bpopular_nearby_landmarks%3D900074332%3Bpopular_nearby_landmarks%3D900077457%3Bpopular_nearby_landmarks%3D900059522%3Bpopular_nearby_landmarks%3D900074335%3Bpopular_nearby_landmarks%3D900074331%3Bpopular_nearby_landmarks%3D900053658%3Bpopular_nearby_landmarks%3D900053661%3Bpopular_nearby_landmarks%3D900053669%3Bpopular_nearby_landmarks%3D900058091%3Bpopular_nearby_landmarks%3D900059233%3Bpopular_nearby_landmarks%3D900059236%3Bpopular_nearby_landmarks%3D900059439%3Bpopular_nearby_landmarks%3D900059447%3Bpopular_nearby_landmarks%3D900059529%3Bpopular_nearby_landmarks%3D900069601%3Bpopular_nearby_landmarks%3D900069602%3Bpopular_nearby_landmarks%3D900069603%3Bpopular_nearby_landmarks%3D900070379%3Bpopular_nearby_landmarks%3D900074815%3Bpopular_nearby_landmarks%3D900074898%3Bpopular_nearby_landmarks%3D900075026%3Bpopular_nearby_landmarks%3D900059238","","Felicity Inn","Scored 8.9","8.9","Value for money 9.0","Located within 3.4 miles of Demodara Nine Arch Bridge and 31 miles of Hakgala Botanical Garden, Felicity Inn provides rooms in Ella.","· 170 reviews","Opens in new window","Ella","Show prices","Excellent","Show on map","","https://cf.bstatic.com/xdata/images/hotel/square600/606609509.webp?k=f72092b7f6394a176a5d155f4a5514c8c2c66575feb76e4390810ddb6b8138e8&o="
"1777052003-105","https://www.booking.com/searchresults.html?label=bristol-XLwodozx2dVe8Ts0XeYuawS752260715469%3Apl%3Ata%3Ap1%3Ap2%3Aac%3Aap%3Aneg%3Afi%3Atikwd-869815001187%3Alp1009919%3Ali%3Adec%3Adm%3Appccp%3DUmFuZG9tSVYkc2RlIyh9YXdX6HrtnYy-Ml68sH-ljtU&aid=311984&dest_id=198&dest_type=country&group_adults=2&req_adults=2&no_rooms=1&broad_search_not_eligible=1&order=score&nflt=ht_id%3D204%3Bht_id%3D213%3Bht_id%3D216%3Bht_id%3D201%3Btop_destinations%3D6021%3Bpopular_nearby_landmarks%3D900059521%3Bpopular_nearby_landmarks%3D900059520%3Bpopular_nearby_landmarks%3D900074332%3Bpopular_nearby_landmarks%3D900077457%3Bpopular_nearby_landmarks%3D900059522%3Bpopular_nearby_landmarks%3D900074335%3Bpopular_nearby_landmarks%3D900074331%3Bpopular_nearby_landmarks%3D900053658%3Bpopular_nearby_landmarks%3D900053661%3Bpopular_nearby_landmarks%3D900053669%3Bpopular_nearby_landmarks%3D900058091%3Bpopular_nearby_landmarks%3D900059233%3Bpopular_nearby_landmarks%3D900059236%3Bpopular_nearby_landmarks%3D900059439%3Bpopular_nearby_landmarks%3D900059447%3Bpopular_nearby_landmarks%3D900059529%3Bpopular_nearby_landmarks%3D900069601%3Bpopular_nearby_landmarks%3D900069602%3Bpopular_nearby_landmarks%3D900069603%3Bpopular_nearby_landmarks%3D900070379%3Bpopular_nearby_landmarks%3D900074815%3Bpopular_nearby_landmarks%3D900074898%3Bpopular_nearby_landmarks%3D900075026%3Bpopular_nearby_landmarks%3D900059238","","New Ella Nature View","Scored 8.8","8.8","Value for money 9.1","Located 3.4 miles from Demodara Nine Arch Bridge, New Ella Nature View offers 1-star accommodations in Ella and features a garden, a terrace and a restaurant.","· 253 reviews","Opens in new window","Ella","Show prices","Excellent","Show on map","","https://cf.bstatic.com/xdata/images/hotel/square600/606375466.webp?k=86fa1bd7de0a4ddaf35334bd3afc094ceed3dcec41215c3347704188472723a1&o="
"1777052003-106","https://www.booking.com/searchresults.html?label=bristol-XLwodozx2dVe8Ts0XeYuawS752260715469%3Apl%3Ata%3Ap1%3Ap2%3Aac%3Aap%3Aneg%3Afi%3Atikwd-869815001187%3Alp1009919%3Ali%3Adec%3Adm%3Appccp%3DUmFuZG9tSVYkc2RlIyh9YXdX6HrtnYy-Ml68sH-ljtU&aid=311984&dest_id=198&dest_type=country&group_adults=2&req_adults=2&no_rooms=1&broad_search_not_eligible=1&order=score&nflt=ht_id%3D204%3Bht_id%3D213%3Bht_id%3D216%3Bht_id%3D201%3Btop_destinations%3D6021%3Bpopular_nearby_landmarks%3D900059521%3Bpopular_nearby_landmarks%3D900059520%3Bpopular_nearby_landmarks%3D900074332%3Bpopular_nearby_landmarks%3D900077457%3Bpopular_nearby_landmarks%3D900059522%3Bpopular_nearby_landmarks%3D900074335%3Bpopular_nearby_landmarks%3D900074331%3Bpopular_nearby_landmarks%3D900053658%3Bpopular_nearby_landmarks%3D900053661%3Bpopular_nearby_landmarks%3D900053669%3Bpopular_nearby_landmarks%3D900058091%3Bpopular_nearby_landmarks%3D900059233%3Bpopular_nearby_landmarks%3D900059236%3Bpopular_nearby_landmarks%3D900059439%3Bpopular_nearby_landmarks%3D900059447%3Bpopular_nearby_landmarks%3D900059529%3Bpopular_nearby_landmarks%3D900069601%3Bpopular_nearby_landmarks%3D900069602%3Bpopular_nearby_landmarks%3D900069603%3Bpopular_nearby_landmarks%3D900070379%3Bpopular_nearby_landmarks%3D900074815%3Bpopular_nearby_landmarks%3D900074898%3Bpopular_nearby_landmarks%3D900075026%3Bpopular_nearby_landmarks%3D900059238","","Ella Walkers Nest","Scored 8.8","8.8","Value for money 9.2","Offering garden views, Ella Walkers Nest in Ella provides accommodations, a garden, and a terrace. This guest house offers free private parking, a 24-hour front desk, and free Wifi.","· 375 reviews","Opens in new window","Ella","Show prices","Excellent","Show on map","","https://cf.bstatic.com/xdata/images/hotel/square600/352536117.webp?k=e5efd134dd45add608eb309f61b629ef118ef8a320a4168abeb51087a363a9f9&o="
"1777052003-107","https://www.booking.com/searchresults.html?label=bristol-XLwodozx2dVe8Ts0XeYuawS752260715469%3Apl%3Ata%3Ap1%3Ap2%3Aac%3Aap%3Aneg%3Afi%3Atikwd-869815001187%3Alp1009919%3Ali%3Adec%3Adm%3Appccp%3DUmFuZG9tSVYkc2RlIyh9YXdX6HrtnYy-Ml68sH-ljtU&aid=311984&dest_id=198&dest_type=country&group_adults=2&req_adults=2&no_rooms=1&broad_search_not_eligible=1&order=score&nflt=ht_id%3D204%3Bht_id%3D213%3Bht_id%3D216%3Bht_id%3D201%3Btop_destinations%3D6021%3Bpopular_nearby_landmarks%3D900059521%3Bpopular_nearby_landmarks%3D900059520%3Bpopular_nearby_landmarks%3D900074332%3Bpopular_nearby_landmarks%3D900077457%3Bpopular_nearby_landmarks%3D900059522%3Bpopular_nearby_landmarks%3D900074335%3Bpopular_nearby_landmarks%3D900074331%3Bpopular_nearby_landmarks%3D900053658%3Bpopular_nearby_landmarks%3D900053661%3Bpopular_nearby_landmarks%3D900053669%3Bpopular_nearby_landmarks%3D900058091%3Bpopular_nearby_landmarks%3D900059233%3Bpopular_nearby_landmarks%3D900059236%3Bpopular_nearby_landmarks%3D900059439%3Bpopular_nearby_landmarks%3D900059447%3Bpopular_nearby_landmarks%3D900059529%3Bpopular_nearby_landmarks%3D900069601%3Bpopular_nearby_landmarks%3D900069602%3Bpopular_nearby_landmarks%3D900069603%3Bpopular_nearby_landmarks%3D900070379%3Bpopular_nearby_landmarks%3D900074815%3Bpopular_nearby_landmarks%3D900074898%3Bpopular_nearby_landmarks%3D900075026%3Bpopular_nearby_landmarks%3D900059238","","Paraiso Guest House","Scored 8.8","8.8","Value for money 8.8","Paraiso Guest House offers accommodations in Ella, 3.3 miles from Demodara Nine Arch Bridge and 30 miles from Hakgala Botanical Garden. With river views, this accommodation provides a terrace.","· 629 reviews","Opens in new window","Ella","Show prices","Excellent","Show on map","","https://cf.bstatic.com/xdata/images/hotel/square600/787968123.webp?k=8f4a811edf056fad1ba493c9d0aba83ffe8309bf2add5a3e5414f109adb8d44c&o="
"1777052003-108","https://www.booking.com/searchresults.html?label=bristol-XLwodozx2dVe8Ts0XeYuawS752260715469%3Apl%3Ata%3Ap1%3Ap2%3Aac%3Aap%3Aneg%3Afi%3Atikwd-869815001187%3Alp1009919%3Ali%3Adec%3Adm%3Appccp%3DUmFuZG9tSVYkc2RlIyh9YXdX6HrtnYy-Ml68sH-ljtU&aid=311984&dest_id=198&dest_type=country&group_adults=2&req_adults=2&no_rooms=1&broad_search_not_eligible=1&order=score&nflt=ht_id%3D204%3Bht_id%3D213%3Bht_id%3D216%3Bht_id%3D201%3Btop_destinations%3D6021%3Bpopular_nearby_landmarks%3D900059521%3Bpopular_nearby_landmarks%3D900059520%3Bpopular_nearby_landmarks%3D900074332%3Bpopular_nearby_landmarks%3D900077457%3Bpopular_nearby_landmarks%3D900059522%3Bpopular_nearby_landmarks%3D900074335%3Bpopular_nearby_landmarks%3D900074331%3Bpopular_nearby_landmarks%3D900053658%3Bpopular_nearby_landmarks%3D900053661%3Bpopular_nearby_landmarks%3D900053669%3Bpopular_nearby_landmarks%3D900058091%3Bpopular_nearby_landmarks%3D900059233%3Bpopular_nearby_landmarks%3D900059236%3Bpopular_nearby_landmarks%3D900059439%3Bpopular_nearby_landmarks%3D900059447%3Bpopular_nearby_landmarks%3D900059529%3Bpopular_nearby_landmarks%3D900069601%3Bpopular_nearby_landmarks%3D900069602%3Bpopular_nearby_landmarks%3D900069603%3Bpopular_nearby_landmarks%3D900070379%3Bpopular_nearby_landmarks%3D900074815%3Bpopular_nearby_landmarks%3D900074898%3Bpopular_nearby_landmarks%3D900075026%3Bpopular_nearby_landmarks%3D900059238","","Hilltop Guest House","Scored 8.8","8.8","Value for money 9.0","Offering a restaurant, Hilltop guest House is located in Ella. Free WiFi access is available. Room service can be requested. Each room here will provide you with a seating area.","· 866 reviews","Opens in new window","Ella","Show prices","Excellent","Show on map","","https://cf.bstatic.com/xdata/images/hotel/square600/230759726.webp?k=a1a6e0f3c4a48471bd0d9eeb8a76d25aeb1ff952da61fcd0838175c79050f836&o="
"1777052003-109","https://www.booking.com/searchresults.html?label=bristol-XLwodozx2dVe8Ts0XeYuawS752260715469%3Apl%3Ata%3Ap1%3Ap2%3Aac%3Aap%3Aneg%3Afi%3Atikwd-869815001187%3Alp1009919%3Ali%3Adec%3Adm%3Appccp%3DUmFuZG9tSVYkc2RlIyh9YXdX6HrtnYy-Ml68sH-ljtU&aid=311984&dest_id=198&dest_type=country&group_adults=2&req_adults=2&no_rooms=1&broad_search_not_eligible=1&order=score&nflt=ht_id%3D204%3Bht_id%3D213%3Bht_id%3D216%3Bht_id%3D201%3Btop_destinations%3D6021%3Bpopular_nearby_landmarks%3D900059521%3Bpopular_nearby_landmarks%3D900059520%3Bpopular_nearby_landmarks%3D900074332%3Bpopular_nearby_landmarks%3D900077457%3Bpopular_nearby_landmarks%3D900059522%3Bpopular_nearby_landmarks%3D900074335%3Bpopular_nearby_landmarks%3D900074331%3Bpopular_nearby_landmarks%3D900053658%3Bpopular_nearby_landmarks%3D900053661%3Bpopular_nearby_landmarks%3D900053669%3Bpopular_nearby_landmarks%3D900058091%3Bpopular_nearby_landmarks%3D900059233%3Bpopular_nearby_landmarks%3D900059236%3Bpopular_nearby_landmarks%3D900059439%3Bpopular_nearby_landmarks%3D900059447%3Bpopular_nearby_landmarks%3D900059529%3Bpopular_nearby_landmarks%3D900069601%3Bpopular_nearby_landmarks%3D900069602%3Bpopular_nearby_landmarks%3D900069603%3Bpopular_nearby_landmarks%3D900070379%3Bpopular_nearby_landmarks%3D900074815%3Bpopular_nearby_landmarks%3D900074898%3Bpopular_nearby_landmarks%3D900075026%3Bpopular_nearby_landmarks%3D900059238","","Avenra Cottage","Scored 8.8","8.8","Value for money 9.3","Just a 18-minute walk from Demodara Nine Arch Bridge and 0.9 miles from Little Adam's Peak, Avenra Cottage features accommodations in Ella, with a garden and a terrace.","· 194 reviews","Opens in new window","Ella","Show prices","Excellent","Show on map","","https://cf.bstatic.com/xdata/images/hotel/square600/387412567.webp?k=bcd7f8701dae121c7c9e5b72f893d0930b0f9d6204941969216d735a78ac5199&o="
"1777052003-110","https://www.booking.com/searchresults.html?label=bristol-XLwodozx2dVe8Ts0XeYuawS752260715469%3Apl%3Ata%3Ap1%3Ap2%3Aac%3Aap%3Aneg%3Afi%3Atikwd-869815001187%3Alp1009919%3Ali%3Adec%3Adm%3Appccp%3DUmFuZG9tSVYkc2RlIyh9YXdX6HrtnYy-Ml68sH-ljtU&aid=311984&dest_id=198&dest_type=country&group_adults=2&req_adults=2&no_rooms=1&broad_search_not_eligible=1&order=score&nflt=ht_id%3D204%3Bht_id%3D213%3Bht_id%3D216%3Bht_id%3D201%3Btop_destinations%3D6021%3Bpopular_nearby_landmarks%3D900059521%3Bpopular_nearby_landmarks%3D900059520%3Bpopular_nearby_landmarks%3D900074332%3Bpopular_nearby_landmarks%3D900077457%3Bpopular_nearby_landmarks%3D900059522%3Bpopular_nearby_landmarks%3D900074335%3Bpopular_nearby_landmarks%3D900074331%3Bpopular_nearby_landmarks%3D900053658%3Bpopular_nearby_landmarks%3D900053661%3Bpopular_nearby_landmarks%3D900053669%3Bpopular_nearby_landmarks%3D900058091%3Bpopular_nearby_landmarks%3D900059233%3Bpopular_nearby_landmarks%3D900059236%3Bpopular_nearby_landmarks%3D900059439%3Bpopular_nearby_landmarks%3D900059447%3Bpopular_nearby_landmarks%3D900059529%3Bpopular_nearby_landmarks%3D900069601%3Bpopular_nearby_landmarks%3D900069602%3Bpopular_nearby_landmarks%3D900069603%3Bpopular_nearby_landmarks%3D900070379%3Bpopular_nearby_landmarks%3D900074815%3Bpopular_nearby_landmarks%3D900074898%3Bpopular_nearby_landmarks%3D900075026%3Bpopular_nearby_landmarks%3D900059238","","Nethuli Inn Ella","Scored 8.8","8.8","Value for money 9.2","Offering garden views, Nethuli Inn Ella in Ella provides accommodations, a garden, and a shared lounge. This guest house offers free private parking, free shuttle service, and free Wifi.","· 40 reviews","Opens in new window","Ella","Show prices","Excellent","Show on map","","https://cf.bstatic.com/xdata/images/hotel/square600/633453965.webp?k=72fa458e9be13d8d72303425b92b5aee3a28e95dadf8fd16cdaad74d6f241185&o="
"1777052003-111","https://www.booking.com/searchresults.html?label=bristol-XLwodozx2dVe8Ts0XeYuawS752260715469%3Apl%3Ata%3Ap1%3Ap2%3Aac%3Aap%3Aneg%3Afi%3Atikwd-869815001187%3Alp1009919%3Ali%3Adec%3Adm%3Appccp%3DUmFuZG9tSVYkc2RlIyh9YXdX6HrtnYy-Ml68sH-ljtU&aid=311984&dest_id=198&dest_type=country&group_adults=2&req_adults=2&no_rooms=1&broad_search_not_eligible=1&order=score&nflt=ht_id%3D204%3Bht_id%3D213%3Bht_id%3D216%3Bht_id%3D201%3Btop_destinations%3D6021%3Bpopular_nearby_landmarks%3D900059521%3Bpopular_nearby_landmarks%3D900059520%3Bpopular_nearby_landmarks%3D900074332%3Bpopular_nearby_landmarks%3D900077457%3Bpopular_nearby_landmarks%3D900059522%3Bpopular_nearby_landmarks%3D900074335%3Bpopular_nearby_landmarks%3D900074331%3Bpopular_nearby_landmarks%3D900053658%3Bpopular_nearby_landmarks%3D900053661%3Bpopular_nearby_landmarks%3D900053669%3Bpopular_nearby_landmarks%3D900058091%3Bpopular_nearby_landmarks%3D900059233%3Bpopular_nearby_landmarks%3D900059236%3Bpopular_nearby_landmarks%3D900059439%3Bpopular_nearby_landmarks%3D900059447%3Bpopular_nearby_landmarks%3D900059529%3Bpopular_nearby_landmarks%3D900069601%3Bpopular_nearby_landmarks%3D900069602%3Bpopular_nearby_landmarks%3D900069603%3Bpopular_nearby_landmarks%3D900070379%3Bpopular_nearby_landmarks%3D900074815%3Bpopular_nearby_landmarks%3D900074898%3Bpopular_nearby_landmarks%3D900075026%3Bpopular_nearby_landmarks%3D900059238","","Silanway Holiday Inn","Scored 8.8","8.8","Value for money 9.3","26 miles from Gregory Lake in Haputale, Silanway Holiday Inn provides accommodations with access to spa facilities and wellness packages.","· 11 reviews","Opens in new window","Haputale","Show prices","Excellent","Show on map","","https://cf.bstatic.com/xdata/images/hotel/square600/801996640.webp?k=c16d21e76c8949d8f3f98fbf91fd546e69e13044e58f42ace11fba0ca189dff1&o="
"1777052003-112","https://www.booking.com/searchresults.html?label=bristol-XLwodozx2dVe8Ts0XeYuawS752260715469%3Apl%3Ata%3Ap1%3Ap2%3Aac%3Aap%3Aneg%3Afi%3Atikwd-869815001187%3Alp1009919%3Ali%3Adec%3Adm%3Appccp%3DUmFuZG9tSVYkc2RlIyh9YXdX6HrtnYy-Ml68sH-ljtU&aid=311984&dest_id=198&dest_type=country&group_adults=2&req_adults=2&no_rooms=1&broad_search_not_eligible=1&order=score&nflt=ht_id%3D204%3Bht_id%3D213%3Bht_id%3D216%3Bht_id%3D201%3Btop_destinations%3D6021%3Bpopular_nearby_landmarks%3D900059521%3Bpopular_nearby_landmarks%3D900059520%3Bpopular_nearby_landmarks%3D900074332%3Bpopular_nearby_landmarks%3D900077457%3Bpopular_nearby_landmarks%3D900059522%3Bpopular_nearby_landmarks%3D900074335%3Bpopular_nearby_landmarks%3D900074331%3Bpopular_nearby_landmarks%3D900053658%3Bpopular_nearby_landmarks%3D900053661%3Bpopular_nearby_landmarks%3D900053669%3Bpopular_nearby_landmarks%3D900058091%3Bpopular_nearby_landmarks%3D900059233%3Bpopular_nearby_landmarks%3D900059236%3Bpopular_nearby_landmarks%3D900059439%3Bpopular_nearby_landmarks%3D900059447%3Bpopular_nearby_landmarks%3D900059529%3Bpopular_nearby_landmarks%3D900069601%3Bpopular_nearby_landmarks%3D900069602%3Bpopular_nearby_landmarks%3D900069603%3Bpopular_nearby_landmarks%3D900070379%3Bpopular_nearby_landmarks%3D900074815%3Bpopular_nearby_landmarks%3D900074898%3Bpopular_nearby_landmarks%3D900075026%3Bpopular_nearby_landmarks%3D900059238","","Erene Inn","Scored 8.8","8.8","Value for money 9.1","Just a 14-minute walk from Ella Train Station and 600 yards from Ella Spice Garden Cooking Class, Erene Inn features accommodations in Ella, with a garden.","· 19 reviews","Opens in new window","Ella","Show prices","Excellent","Show on map","","https://cf.bstatic.com/xdata/images/hotel/square600/754758341.webp?k=75b076502fee6d09f58a4d3b6f6e93908b26a37ac82c301f631478d91aa65af6&o="
"1777052003-113","https://www.booking.com/searchresults.html?label=bristol-XLwodozx2dVe8Ts0XeYuawS752260715469%3Apl%3Ata%3Ap1%3Ap2%3Aac%3Aap%3Aneg%3Afi%3Atikwd-869815001187%3Alp1009919%3Ali%3Adec%3Adm%3Appccp%3DUmFuZG9tSVYkc2RlIyh9YXdX6HrtnYy-Ml68sH-ljtU&aid=311984&dest_id=198&dest_type=country&group_adults=2&req_adults=2&no_rooms=1&broad_search_not_eligible=1&order=score&nflt=ht_id%3D204%3Bht_id%3D213%3Bht_id%3D216%3Bht_id%3D201%3Btop_destinations%3D6021%3Bpopular_nearby_landmarks%3D900059521%3Bpopular_nearby_landmarks%3D900059520%3Bpopular_nearby_landmarks%3D900074332%3Bpopular_nearby_landmarks%3D900077457%3Bpopular_nearby_landmarks%3D900059522%3Bpopular_nearby_landmarks%3D900074335%3Bpopular_nearby_landmarks%3D900074331%3Bpopular_nearby_landmarks%3D900053658%3Bpopular_nearby_landmarks%3D900053661%3Bpopular_nearby_landmarks%3D900053669%3Bpopular_nearby_landmarks%3D900058091%3Bpopular_nearby_landmarks%3D900059233%3Bpopular_nearby_landmarks%3D900059236%3Bpopular_nearby_landmarks%3D900059439%3Bpopular_nearby_landmarks%3D900059447%3Bpopular_nearby_landmarks%3D900059529%3Bpopular_nearby_landmarks%3D900069601%3Bpopular_nearby_landmarks%3D900069602%3Bpopular_nearby_landmarks%3D900069603%3Bpopular_nearby_landmarks%3D900070379%3Bpopular_nearby_landmarks%3D900074815%3Bpopular_nearby_landmarks%3D900074898%3Bpopular_nearby_landmarks%3D900075026%3Bpopular_nearby_landmarks%3D900059238","","3Arch Eco Cottage Ella","Scored 8.8","8.8","Value for money 9.1","Located in Ella, 1.7 miles from Demodara Nine Arch Bridge, 3Arch Eco Cottage Ella has accommodations with a garden, free private parking, a terrace and a restaurant.","· 318 reviews","Opens in new window","Ella","Show prices","Excellent","Show on map","","https://cf.bstatic.com/xdata/images/hotel/square600/831689508.webp?k=41015e284caf7d59b82a1bc8c5fcdcf1513788712206bf0d5e641bf6b746efbd&o="
"1777052003-114","https://www.booking.com/searchresults.html?label=bristol-XLwodozx2dVe8Ts0XeYuawS752260715469%3Apl%3Ata%3Ap1%3Ap2%3Aac%3Aap%3Aneg%3Afi%3Atikwd-869815001187%3Alp1009919%3Ali%3Adec%3Adm%3Appccp%3DUmFuZG9tSVYkc2RlIyh9YXdX6HrtnYy-Ml68sH-ljtU&aid=311984&dest_id=198&dest_type=country&group_adults=2&req_adults=2&no_rooms=1&broad_search_not_eligible=1&order=score&nflt=ht_id%3D204%3Bht_id%3D213%3Bht_id%3D216%3Bht_id%3D201%3Btop_destinations%3D6021%3Bpopular_nearby_landmarks%3D900059521%3Bpopular_nearby_landmarks%3D900059520%3Bpopular_nearby_landmarks%3D900074332%3Bpopular_nearby_landmarks%3D900077457%3Bpopular_nearby_landmarks%3D900059522%3Bpopular_nearby_landmarks%3D900074335%3Bpopular_nearby_landmarks%3D900074331%3Bpopular_nearby_landmarks%3D900053658%3Bpopular_nearby_landmarks%3D900053661%3Bpopular_nearby_landmarks%3D900053669%3Bpopular_nearby_landmarks%3D900058091%3Bpopular_nearby_landmarks%3D900059233%3Bpopular_nearby_landmarks%3D900059236%3Bpopular_nearby_landmarks%3D900059439%3Bpopular_nearby_landmarks%3D900059447%3Bpopular_nearby_landmarks%3D900059529%3Bpopular_nearby_landmarks%3D900069601%3Bpopular_nearby_landmarks%3D900069602%3Bpopular_nearby_landmarks%3D900069603%3Bpopular_nearby_landmarks%3D900070379%3Bpopular_nearby_landmarks%3D900074815%3Bpopular_nearby_landmarks%3D900074898%3Bpopular_nearby_landmarks%3D900075026%3Bpopular_nearby_landmarks%3D900059238","","Nine Arch Jungle Inn","Scored 8.8","8.8","Value for money 8.8","Nine Arch Jungle Inn provides accommodations in Ella near Demodara Nine Arch Bridge and Little Adam's Peak. This property offers access to a terrace, free private parking, and free Wifi.","· 185 reviews","Opens in new window","Ella","Show prices","Excellent","Show on map","","https://cf.bstatic.com/xdata/images/hotel/square600/639757887.webp?k=82b8842d03190e5f98b49b48aa670b03233ca4f184524537e87b8cedacbc6291&o="
"1777052003-115","https://www.booking.com/searchresults.html?label=bristol-XLwodozx2dVe8Ts0XeYuawS752260715469%3Apl%3Ata%3Ap1%3Ap2%3Aac%3Aap%3Aneg%3Afi%3Atikwd-869815001187%3Alp1009919%3Ali%3Adec%3Adm%3Appccp%3DUmFuZG9tSVYkc2RlIyh9YXdX6HrtnYy-Ml68sH-ljtU&aid=311984&dest_id=198&dest_type=country&group_adults=2&req_adults=2&no_rooms=1&broad_search_not_eligible=1&order=score&nflt=ht_id%3D204%3Bht_id%3D213%3Bht_id%3D216%3Bht_id%3D201%3Btop_destinations%3D6021%3Bpopular_nearby_landmarks%3D900059521%3Bpopular_nearby_landmarks%3D900059520%3Bpopular_nearby_landmarks%3D900074332%3Bpopular_nearby_landmarks%3D900077457%3Bpopular_nearby_landmarks%3D900059522%3Bpopular_nearby_landmarks%3D900074335%3Bpopular_nearby_landmarks%3D900074331%3Bpopular_nearby_landmarks%3D900053658%3Bpopular_nearby_landmarks%3D900053661%3Bpopular_nearby_landmarks%3D900053669%3Bpopular_nearby_landmarks%3D900058091%3Bpopular_nearby_landmarks%3D900059233%3Bpopular_nearby_landmarks%3D900059236%3Bpopular_nearby_landmarks%3D900059439%3Bpopular_nearby_landmarks%3D900059447%3Bpopular_nearby_landmarks%3D900059529%3Bpopular_nearby_landmarks%3D900069601%3Bpopular_nearby_landmarks%3D900069602%3Bpopular_nearby_landmarks%3D900069603%3Bpopular_nearby_landmarks%3D900070379%3Bpopular_nearby_landmarks%3D900074815%3Bpopular_nearby_landmarks%3D900074898%3Bpopular_nearby_landmarks%3D900075026%3Bpopular_nearby_landmarks%3D900059238","","Inspira ella","Scored 8.8","8.8","Value for money 9.0","Located in Ella, 1.2 miles from Demodara Nine Arch Bridge, Inspira ella has accommodations with a garden, free private parking and a shared lounge.","· 429 reviews","Opens in new window","Ella","Show prices","Excellent","Show on map","","https://cf.bstatic.com/xdata/images/hotel/square600/244389409.webp?k=cda97c3ade48e2a60059b1414cc2a04669ab7a6d235ba3c0f3a73e2a231a0ada&o="
"1777052003-116","https://www.booking.com/searchresults.html?label=bristol-XLwodozx2dVe8Ts0XeYuawS752260715469%3Apl%3Ata%3Ap1%3Ap2%3Aac%3Aap%3Aneg%3Afi%3Atikwd-869815001187%3Alp1009919%3Ali%3Adec%3Adm%3Appccp%3DUmFuZG9tSVYkc2RlIyh9YXdX6HrtnYy-Ml68sH-ljtU&aid=311984&dest_id=198&dest_type=country&group_adults=2&req_adults=2&no_rooms=1&broad_search_not_eligible=1&order=score&nflt=ht_id%3D204%3Bht_id%3D213%3Bht_id%3D216%3Bht_id%3D201%3Btop_destinations%3D6021%3Bpopular_nearby_landmarks%3D900059521%3Bpopular_nearby_landmarks%3D900059520%3Bpopular_nearby_landmarks%3D900074332%3Bpopular_nearby_landmarks%3D900077457%3Bpopular_nearby_landmarks%3D900059522%3Bpopular_nearby_landmarks%3D900074335%3Bpopular_nearby_landmarks%3D900074331%3Bpopular_nearby_landmarks%3D900053658%3Bpopular_nearby_landmarks%3D900053661%3Bpopular_nearby_landmarks%3D900053669%3Bpopular_nearby_landmarks%3D900058091%3Bpopular_nearby_landmarks%3D900059233%3Bpopular_nearby_landmarks%3D900059236%3Bpopular_nearby_landmarks%3D900059439%3Bpopular_nearby_landmarks%3D900059447%3Bpopular_nearby_landmarks%3D900059529%3Bpopular_nearby_landmarks%3D900069601%3Bpopular_nearby_landmarks%3D900069602%3Bpopular_nearby_landmarks%3D900069603%3Bpopular_nearby_landmarks%3D900070379%3Bpopular_nearby_landmarks%3D900074815%3Bpopular_nearby_landmarks%3D900074898%3Bpopular_nearby_landmarks%3D900075026%3Bpopular_nearby_landmarks%3D900059238","","Two Summit View Ella","Scored 8.8","8.8","Value for money 8.7","Just a 13-minute walk from Ella Spice Garden Cooking Class and 0.8 miles from Ella Train Station, Two Summit View Ella features accommodations in Ella, with a garden.","· 121 reviews","Opens in new window","Ella","Show prices","Excellent","Show on map","","https://cf.bstatic.com/xdata/images/hotel/square600/596229590.webp?k=3b7e05d1fdbdcd63110ceab71775afc1f39ef31c1f1116b0ac490008ea200dfd&o="
"1777052003-117","https://www.booking.com/searchresults.html?label=bristol-XLwodozx2dVe8Ts0XeYuawS752260715469%3Apl%3Ata%3Ap1%3Ap2%3Aac%3Aap%3Aneg%3Afi%3Atikwd-869815001187%3Alp1009919%3Ali%3Adec%3Adm%3Appccp%3DUmFuZG9tSVYkc2RlIyh9YXdX6HrtnYy-Ml68sH-ljtU&aid=311984&dest_id=198&dest_type=country&group_adults=2&req_adults=2&no_rooms=1&broad_search_not_eligible=1&order=score&nflt=ht_id%3D204%3Bht_id%3D213%3Bht_id%3D216%3Bht_id%3D201%3Btop_destinations%3D6021%3Bpopular_nearby_landmarks%3D900059521%3Bpopular_nearby_landmarks%3D900059520%3Bpopular_nearby_landmarks%3D900074332%3Bpopular_nearby_landmarks%3D900077457%3Bpopular_nearby_landmarks%3D900059522%3Bpopular_nearby_landmarks%3D900074335%3Bpopular_nearby_landmarks%3D900074331%3Bpopular_nearby_landmarks%3D900053658%3Bpopular_nearby_landmarks%3D900053661%3Bpopular_nearby_landmarks%3D900053669%3Bpopular_nearby_landmarks%3D900058091%3Bpopular_nearby_landmarks%3D900059233%3Bpopular_nearby_landmarks%3D900059236%3Bpopular_nearby_landmarks%3D900059439%3Bpopular_nearby_landmarks%3D900059447%3Bpopular_nearby_landmarks%3D900059529%3Bpopular_nearby_landmarks%3D900069601%3Bpopular_nearby_landmarks%3D900069602%3Bpopular_nearby_landmarks%3D900069603%3Bpopular_nearby_landmarks%3D900070379%3Bpopular_nearby_landmarks%3D900074815%3Bpopular_nearby_landmarks%3D900074898%3Bpopular_nearby_landmarks%3D900075026%3Bpopular_nearby_landmarks%3D900059238","","Auraya Ella","Scored 8.8","8.8","Value for money 9.0","Located in Ella, a 11-minute walk from Demodara Nine Arch Bridge, Auraya Ella provides accommodations with a garden, free private parking, a terrace and a restaurant.","· 34 reviews","Opens in new window","Ella","Show prices","Excellent","Show on map","","https://cf.bstatic.com/xdata/images/hotel/square600/795156401.webp?k=e6e41bcf2615617f25c17c60d187187273fdc34a02e986662133406736f6394b&o="
"1777052003-118","https://www.booking.com/searchresults.html?label=bristol-XLwodozx2dVe8Ts0XeYuawS752260715469%3Apl%3Ata%3Ap1%3Ap2%3Aac%3Aap%3Aneg%3Afi%3Atikwd-869815001187%3Alp1009919%3Ali%3Adec%3Adm%3Appccp%3DUmFuZG9tSVYkc2RlIyh9YXdX6HrtnYy-Ml68sH-ljtU&aid=311984&dest_id=198&dest_type=country&group_adults=2&req_adults=2&no_rooms=1&broad_search_not_eligible=1&order=score&nflt=ht_id%3D204%3Bht_id%3D213%3Bht_id%3D216%3Bht_id%3D201%3Btop_destinations%3D6021%3Bpopular_nearby_landmarks%3D900059521%3Bpopular_nearby_landmarks%3D900059520%3Bpopular_nearby_landmarks%3D900074332%3Bpopular_nearby_landmarks%3D900077457%3Bpopular_nearby_landmarks%3D900059522%3Bpopular_nearby_landmarks%3D900074335%3Bpopular_nearby_landmarks%3D900074331%3Bpopular_nearby_landmarks%3D900053658%3Bpopular_nearby_landmarks%3D900053661%3Bpopular_nearby_landmarks%3D900053669%3Bpopular_nearby_landmarks%3D900058091%3Bpopular_nearby_landmarks%3D900059233%3Bpopular_nearby_landmarks%3D900059236%3Bpopular_nearby_landmarks%3D900059439%3Bpopular_nearby_landmarks%3D900059447%3Bpopular_nearby_landmarks%3D900059529%3Bpopular_nearby_landmarks%3D900069601%3Bpopular_nearby_landmarks%3D900069602%3Bpopular_nearby_landmarks%3D900069603%3Bpopular_nearby_landmarks%3D900070379%3Bpopular_nearby_landmarks%3D900074815%3Bpopular_nearby_landmarks%3D900074898%3Bpopular_nearby_landmarks%3D900075026%3Bpopular_nearby_landmarks%3D900059238","","Ella Forest Eco View","Scored 8.8","8.8","Value for money 9.0","Located in Ella, within 1.2 miles of Demodara Nine Arch Bridge and 31 miles of Hakgala Botanical Garden, Ella Forest Eco View has accommodations with a garden and free WiFi as well as free private...","· 196 reviews","Opens in new window","Ella","Show prices","Excellent","Show on map","","https://cf.bstatic.com/xdata/images/hotel/square600/632582406.webp?k=935a9534d333bd8f8504eefe6cf3b4e143f2c74196a706adae4d4bacad726ec9&o="
"1777052003-119","https://www.booking.com/searchresults.html?label=bristol-XLwodozx2dVe8Ts0XeYuawS752260715469%3Apl%3Ata%3Ap1%3Ap2%3Aac%3Aap%3Aneg%3Afi%3Atikwd-869815001187%3Alp1009919%3Ali%3Adec%3Adm%3Appccp%3DUmFuZG9tSVYkc2RlIyh9YXdX6HrtnYy-Ml68sH-ljtU&aid=311984&dest_id=198&dest_type=country&group_adults=2&req_adults=2&no_rooms=1&broad_search_not_eligible=1&order=score&nflt=ht_id%3D204%3Bht_id%3D213%3Bht_id%3D216%3Bht_id%3D201%3Btop_destinations%3D6021%3Bpopular_nearby_landmarks%3D900059521%3Bpopular_nearby_landmarks%3D900059520%3Bpopular_nearby_landmarks%3D900074332%3Bpopular_nearby_landmarks%3D900077457%3Bpopular_nearby_landmarks%3D900059522%3Bpopular_nearby_landmarks%3D900074335%3Bpopular_nearby_landmarks%3D900074331%3Bpopular_nearby_landmarks%3D900053658%3Bpopular_nearby_landmarks%3D900053661%3Bpopular_nearby_landmarks%3D900053669%3Bpopular_nearby_landmarks%3D900058091%3Bpopular_nearby_landmarks%3D900059233%3Bpopular_nearby_landmarks%3D900059236%3Bpopular_nearby_landmarks%3D900059439%3Bpopular_nearby_landmarks%3D900059447%3Bpopular_nearby_landmarks%3D900059529%3Bpopular_nearby_landmarks%3D900069601%3Bpopular_nearby_landmarks%3D900069602%3Bpopular_nearby_landmarks%3D900069603%3Bpopular_nearby_landmarks%3D900070379%3Bpopular_nearby_landmarks%3D900074815%3Bpopular_nearby_landmarks%3D900074898%3Bpopular_nearby_landmarks%3D900075026%3Bpopular_nearby_landmarks%3D900059238","","Rich Grove Inn","Scored 8.8","8.8","Value for money 9.3","Providing mountain views, Rich Grove Inn in Ella offers accommodations, a garden, and a terrace.","· 102 reviews","Opens in new window","Ella","Show prices","Excellent","Show on map","","https://cf.bstatic.com/xdata/images/hotel/square600/844607914.webp?k=c87bb9d55b661f6222378ed8b08091a7d85fe9cc0e68c2f85a1356a9155dbb27&o="
"1777052003-120","https://www.booking.com/searchresults.html?label=bristol-XLwodozx2dVe8Ts0XeYuawS752260715469%3Apl%3Ata%3Ap1%3Ap2%3Aac%3Aap%3Aneg%3Afi%3Atikwd-869815001187%3Alp1009919%3Ali%3Adec%3Adm%3Appccp%3DUmFuZG9tSVYkc2RlIyh9YXdX6HrtnYy-Ml68sH-ljtU&aid=311984&dest_id=198&dest_type=country&group_adults=2&req_adults=2&no_rooms=1&broad_search_not_eligible=1&order=score&nflt=ht_id%3D204%3Bht_id%3D213%3Bht_id%3D216%3Bht_id%3D201%3Btop_destinations%3D6021%3Bpopular_nearby_landmarks%3D900059521%3Bpopular_nearby_landmarks%3D900059520%3Bpopular_nearby_landmarks%3D900074332%3Bpopular_nearby_landmarks%3D900077457%3Bpopular_nearby_landmarks%3D900059522%3Bpopular_nearby_landmarks%3D900074335%3Bpopular_nearby_landmarks%3D900074331%3Bpopular_nearby_landmarks%3D900053658%3Bpopular_nearby_landmarks%3D900053661%3Bpopular_nearby_landmarks%3D900053669%3Bpopular_nearby_landmarks%3D900058091%3Bpopular_nearby_landmarks%3D900059233%3Bpopular_nearby_landmarks%3D900059236%3Bpopular_nearby_landmarks%3D900059439%3Bpopular_nearby_landmarks%3D900059447%3Bpopular_nearby_landmarks%3D900059529%3Bpopular_nearby_landmarks%3D900069601%3Bpopular_nearby_landmarks%3D900069602%3Bpopular_nearby_landmarks%3D900069603%3Bpopular_nearby_landmarks%3D900070379%3Bpopular_nearby_landmarks%3D900074815%3Bpopular_nearby_landmarks%3D900074898%3Bpopular_nearby_landmarks%3D900075026%3Bpopular_nearby_landmarks%3D900059238","","Bliss In Viya","Scored 8.8","8.8","Value for money 9.2","Located in Ella, 3.4 miles from Demodara Nine Arch Bridge, Bliss In Viya provides accommodations with a garden, free private parking and a restaurant.","· 155 reviews","Opens in new window","Ella","Show prices","Excellent","Show on map","","https://cf.bstatic.com/xdata/images/hotel/square600/816216200.webp?k=1254627c6b57f96e3da80fb327325c7e3b7dd53ecd2f21dc88117507f22c57cc&o="
"1777052003-121","https://www.booking.com/searchresults.html?label=bristol-XLwodozx2dVe8Ts0XeYuawS752260715469%3Apl%3Ata%3Ap1%3Ap2%3Aac%3Aap%3Aneg%3Afi%3Atikwd-869815001187%3Alp1009919%3Ali%3Adec%3Adm%3Appccp%3DUmFuZG9tSVYkc2RlIyh9YXdX6HrtnYy-Ml68sH-ljtU&aid=311984&dest_id=198&dest_type=country&group_adults=2&req_adults=2&no_rooms=1&broad_search_not_eligible=1&order=score&nflt=ht_id%3D204%3Bht_id%3D213%3Bht_id%3D216%3Bht_id%3D201%3Btop_destinations%3D6021%3Bpopular_nearby_landmarks%3D900059521%3Bpopular_nearby_landmarks%3D900059520%3Bpopular_nearby_landmarks%3D900074332%3Bpopular_nearby_landmarks%3D900077457%3Bpopular_nearby_landmarks%3D900059522%3Bpopular_nearby_landmarks%3D900074335%3Bpopular_nearby_landmarks%3D900074331%3Bpopular_nearby_landmarks%3D900053658%3Bpopular_nearby_landmarks%3D900053661%3Bpopular_nearby_landmarks%3D900053669%3Bpopular_nearby_landmarks%3D900058091%3Bpopular_nearby_landmarks%3D900059233%3Bpopular_nearby_landmarks%3D900059236%3Bpopular_nearby_landmarks%3D900059439%3Bpopular_nearby_landmarks%3D900059447%3Bpopular_nearby_landmarks%3D900059529%3Bpopular_nearby_landmarks%3D900069601%3Bpopular_nearby_landmarks%3D900069602%3Bpopular_nearby_landmarks%3D900069603%3Bpopular_nearby_landmarks%3D900070379%3Bpopular_nearby_landmarks%3D900074815%3Bpopular_nearby_landmarks%3D900074898%3Bpopular_nearby_landmarks%3D900075026%3Bpopular_nearby_landmarks%3D900059238","","Haputale Super View","Scored 8.8","8.8","Value for money 8.9","Haputale Super View offers accommodations in Haputale, 22 miles from Horton Plains National Park and 23 miles from Hakgala Botanical Garden.","· 74 reviews","Opens in new window","Haputale","Show prices","Excellent","Show on map","","https://cf.bstatic.com/xdata/images/hotel/square600/191834222.webp?k=54dc2f4d7437557925f6a3d4f7477d227c7dfb9075a1e9ec047a4afe3eb17060&o="
"1777052003-122","https://www.booking.com/searchresults.html?label=bristol-XLwodozx2dVe8Ts0XeYuawS752260715469%3Apl%3Ata%3Ap1%3Ap2%3Aac%3Aap%3Aneg%3Afi%3Atikwd-869815001187%3Alp1009919%3Ali%3Adec%3Adm%3Appccp%3DUmFuZG9tSVYkc2RlIyh9YXdX6HrtnYy-Ml68sH-ljtU&aid=311984&dest_id=198&dest_type=country&group_adults=2&req_adults=2&no_rooms=1&broad_search_not_eligible=1&order=score&nflt=ht_id%3D204%3Bht_id%3D213%3Bht_id%3D216%3Bht_id%3D201%3Btop_destinations%3D6021%3Bpopular_nearby_landmarks%3D900059521%3Bpopular_nearby_landmarks%3D900059520%3Bpopular_nearby_landmarks%3D900074332%3Bpopular_nearby_landmarks%3D900077457%3Bpopular_nearby_landmarks%3D900059522%3Bpopular_nearby_landmarks%3D900074335%3Bpopular_nearby_landmarks%3D900074331%3Bpopular_nearby_landmarks%3D900053658%3Bpopular_nearby_landmarks%3D900053661%3Bpopular_nearby_landmarks%3D900053669%3Bpopular_nearby_landmarks%3D900058091%3Bpopular_nearby_landmarks%3D900059233%3Bpopular_nearby_landmarks%3D900059236%3Bpopular_nearby_landmarks%3D900059439%3Bpopular_nearby_landmarks%3D900059447%3Bpopular_nearby_landmarks%3D900059529%3Bpopular_nearby_landmarks%3D900069601%3Bpopular_nearby_landmarks%3D900069602%3Bpopular_nearby_landmarks%3D900069603%3Bpopular_nearby_landmarks%3D900070379%3Bpopular_nearby_landmarks%3D900074815%3Bpopular_nearby_landmarks%3D900074898%3Bpopular_nearby_landmarks%3D900075026%3Bpopular_nearby_landmarks%3D900059238","","The Residence Ella","Scored 8.7","8.7","Value for money 9.0","Located in Ella, 3.3 miles from Demodara Nine Arch Bridge, The Residence Ella has accommodations with a garden, free private parking and a terrace.","· 727 reviews","Opens in new window","Ella","Show prices","Excellent","Show on map","","https://cf.bstatic.com/xdata/images/hotel/square600/625656907.webp?k=998fa776283fefc934a0880c9aed5f2feda88c4930f0a52cc48468e64e762cc7&o="
"1777052003-123","https://www.booking.com/searchresults.html?label=bristol-XLwodozx2dVe8Ts0XeYuawS752260715469%3Apl%3Ata%3Ap1%3Ap2%3Aac%3Aap%3Aneg%3Afi%3Atikwd-869815001187%3Alp1009919%3Ali%3Adec%3Adm%3Appccp%3DUmFuZG9tSVYkc2RlIyh9YXdX6HrtnYy-Ml68sH-ljtU&aid=311984&dest_id=198&dest_type=country&group_adults=2&req_adults=2&no_rooms=1&broad_search_not_eligible=1&order=score&nflt=ht_id%3D204%3Bht_id%3D213%3Bht_id%3D216%3Bht_id%3D201%3Btop_destinations%3D6021%3Bpopular_nearby_landmarks%3D900059521%3Bpopular_nearby_landmarks%3D900059520%3Bpopular_nearby_landmarks%3D900074332%3Bpopular_nearby_landmarks%3D900077457%3Bpopular_nearby_landmarks%3D900059522%3Bpopular_nearby_landmarks%3D900074335%3Bpopular_nearby_landmarks%3D900074331%3Bpopular_nearby_landmarks%3D900053658%3Bpopular_nearby_landmarks%3D900053661%3Bpopular_nearby_landmarks%3D900053669%3Bpopular_nearby_landmarks%3D900058091%3Bpopular_nearby_landmarks%3D900059233%3Bpopular_nearby_landmarks%3D900059236%3Bpopular_nearby_landmarks%3D900059439%3Bpopular_nearby_landmarks%3D900059447%3Bpopular_nearby_landmarks%3D900059529%3Bpopular_nearby_landmarks%3D900069601%3Bpopular_nearby_landmarks%3D900069602%3Bpopular_nearby_landmarks%3D900069603%3Bpopular_nearby_landmarks%3D900070379%3Bpopular_nearby_landmarks%3D900074815%3Bpopular_nearby_landmarks%3D900074898%3Bpopular_nearby_landmarks%3D900075026%3Bpopular_nearby_landmarks%3D900059238","","Onrock Boutique Hotel","Scored 8.7","8.7","","Offering a restaurant, Onrock Boutique Hotel is located just 1312 feet from the Ella Railway Station. Free WiFi access is available. Each room here will provide you with a work desk and flat-screen...","· 792 reviews","Opens in new window","Ella","Show prices","Excellent","Show on map","","https://cf.bstatic.com/xdata/images/hotel/square600/505374979.webp?k=8f48447793ecc1c1a0b5205f5edae22ca48b842dc6c66a0ca90316c654385f73&o="
"1777052003-124","https://www.booking.com/searchresults.html?label=bristol-XLwodozx2dVe8Ts0XeYuawS752260715469%3Apl%3Ata%3Ap1%3Ap2%3Aac%3Aap%3Aneg%3Afi%3Atikwd-869815001187%3Alp1009919%3Ali%3Adec%3Adm%3Appccp%3DUmFuZG9tSVYkc2RlIyh9YXdX6HrtnYy-Ml68sH-ljtU&aid=311984&dest_id=198&dest_type=country&group_adults=2&req_adults=2&no_rooms=1&broad_search_not_eligible=1&order=score&nflt=ht_id%3D204%3Bht_id%3D213%3Bht_id%3D216%3Bht_id%3D201%3Btop_destinations%3D6021%3Bpopular_nearby_landmarks%3D900059521%3Bpopular_nearby_landmarks%3D900059520%3Bpopular_nearby_landmarks%3D900074332%3Bpopular_nearby_landmarks%3D900077457%3Bpopular_nearby_landmarks%3D900059522%3Bpopular_nearby_landmarks%3D900074335%3Bpopular_nearby_landmarks%3D900074331%3Bpopular_nearby_landmarks%3D900053658%3Bpopular_nearby_landmarks%3D900053661%3Bpopular_nearby_landmarks%3D900053669%3Bpopular_nearby_landmarks%3D900058091%3Bpopular_nearby_landmarks%3D900059233%3Bpopular_nearby_landmarks%3D900059236%3Bpopular_nearby_landmarks%3D900059439%3Bpopular_nearby_landmarks%3D900059447%3Bpopular_nearby_landmarks%3D900059529%3Bpopular_nearby_landmarks%3D900069601%3Bpopular_nearby_landmarks%3D900069602%3Bpopular_nearby_landmarks%3D900069603%3Bpopular_nearby_landmarks%3D900070379%3Bpopular_nearby_landmarks%3D900074815%3Bpopular_nearby_landmarks%3D900074898%3Bpopular_nearby_landmarks%3D900075026%3Bpopular_nearby_landmarks%3D900059238","","Ella HIDE VIEW","Scored 8.7","8.7","Value for money 8.6","Located in Ella, 3.4 miles from Demodara Nine Arch Bridge, Ella HIDE VIEW has accommodations with a garden, free private parking, a shared lounge and a terrace.","· 937 reviews","Opens in new window","Ella","Show prices","Excellent","Show on map","","https://cf.bstatic.com/xdata/images/hotel/square600/423542748.webp?k=edc790e3906a50f1aa334d28e6b5d3ca5763e4180a5163dbd3a8743cebfaeb74&o="
"1777052003-125","https://www.booking.com/searchresults.html?label=bristol-XLwodozx2dVe8Ts0XeYuawS752260715469%3Apl%3Ata%3Ap1%3Ap2%3Aac%3Aap%3Aneg%3Afi%3Atikwd-869815001187%3Alp1009919%3Ali%3Adec%3Adm%3Appccp%3DUmFuZG9tSVYkc2RlIyh9YXdX6HrtnYy-Ml68sH-ljtU&aid=311984&dest_id=198&dest_type=country&group_adults=2&req_adults=2&no_rooms=1&broad_search_not_eligible=1&order=score&nflt=ht_id%3D204%3Bht_id%3D213%3Bht_id%3D216%3Bht_id%3D201%3Btop_destinations%3D6021%3Bpopular_nearby_landmarks%3D900059521%3Bpopular_nearby_landmarks%3D900059520%3Bpopular_nearby_landmarks%3D900074332%3Bpopular_nearby_landmarks%3D900077457%3Bpopular_nearby_landmarks%3D900059522%3Bpopular_nearby_landmarks%3D900074335%3Bpopular_nearby_landmarks%3D900074331%3Bpopular_nearby_landmarks%3D900053658%3Bpopular_nearby_landmarks%3D900053661%3Bpopular_nearby_landmarks%3D900053669%3Bpopular_nearby_landmarks%3D900058091%3Bpopular_nearby_landmarks%3D900059233%3Bpopular_nearby_landmarks%3D900059236%3Bpopular_nearby_landmarks%3D900059439%3Bpopular_nearby_landmarks%3D900059447%3Bpopular_nearby_landmarks%3D900059529%3Bpopular_nearby_landmarks%3D900069601%3Bpopular_nearby_landmarks%3D900069602%3Bpopular_nearby_landmarks%3D900069603%3Bpopular_nearby_landmarks%3D900070379%3Bpopular_nearby_landmarks%3D900074815%3Bpopular_nearby_landmarks%3D900074898%3Bpopular_nearby_landmarks%3D900075026%3Bpopular_nearby_landmarks%3D900059238","","White House Ella","Scored 8.7","8.7","Value for money 8.8","Providing quiet street views, White House Ella in Ella features accommodations and a shared lounge.","· 435 reviews","Opens in new window","Ella","Show prices","Excellent","Show on map","","https://cf.bstatic.com/xdata/images/hotel/square600/179247980.webp?k=8005785a3b13b210d53ca41112c6d87ed63be1f2bbe81cbe824dcf68269c8a87&o="
"1777052003-126","https://www.booking.com/searchresults.html?label=bristol-XLwodozx2dVe8Ts0XeYuawS752260715469%3Apl%3Ata%3Ap1%3Ap2%3Aac%3Aap%3Aneg%3Afi%3Atikwd-869815001187%3Alp1009919%3Ali%3Adec%3Adm%3Appccp%3DUmFuZG9tSVYkc2RlIyh9YXdX6HrtnYy-Ml68sH-ljtU&aid=311984&dest_id=198&dest_type=country&group_adults=2&req_adults=2&no_rooms=1&broad_search_not_eligible=1&order=score&nflt=ht_id%3D204%3Bht_id%3D213%3Bht_id%3D216%3Bht_id%3D201%3Btop_destinations%3D6021%3Bpopular_nearby_landmarks%3D900059521%3Bpopular_nearby_landmarks%3D900059520%3Bpopular_nearby_landmarks%3D900074332%3Bpopular_nearby_landmarks%3D900077457%3Bpopular_nearby_landmarks%3D900059522%3Bpopular_nearby_landmarks%3D900074335%3Bpopular_nearby_landmarks%3D900074331%3Bpopular_nearby_landmarks%3D900053658%3Bpopular_nearby_landmarks%3D900053661%3Bpopular_nearby_landmarks%3D900053669%3Bpopular_nearby_landmarks%3D900058091%3Bpopular_nearby_landmarks%3D900059233%3Bpopular_nearby_landmarks%3D900059236%3Bpopular_nearby_landmarks%3D900059439%3Bpopular_nearby_landmarks%3D900059447%3Bpopular_nearby_landmarks%3D900059529%3Bpopular_nearby_landmarks%3D900069601%3Bpopular_nearby_landmarks%3D900069602%3Bpopular_nearby_landmarks%3D900069603%3Bpopular_nearby_landmarks%3D900070379%3Bpopular_nearby_landmarks%3D900074815%3Bpopular_nearby_landmarks%3D900074898%3Bpopular_nearby_landmarks%3D900075026%3Bpopular_nearby_landmarks%3D900059238","","Monaara Leisure - Ella","Scored 8.7","8.7","","Located in Ella, 2.5 miles from Demodara Nine Arch Bridge, Monaara Leisure - Ella provides accommodations with an outdoor swimming pool, free private parking, a garden and a terrace.","· 51 reviews","Opens in new window","Ella","Show prices","Excellent","Show on map","","https://cf.bstatic.com/xdata/images/hotel/square600/812268123.webp?k=e2f579a5955a219bf1ea979fcd78ec335f0bb256ffb6d1174d5987fc6b7c8de5&o="
"1777052003-127","https://www.booking.com/searchresults.html?label=bristol-XLwodozx2dVe8Ts0XeYuawS752260715469%3Apl%3Ata%3Ap1%3Ap2%3Aac%3Aap%3Aneg%3Afi%3Atikwd-869815001187%3Alp1009919%3Ali%3Adec%3Adm%3Appccp%3DUmFuZG9tSVYkc2RlIyh9YXdX6HrtnYy-Ml68sH-ljtU&aid=311984&dest_id=198&dest_type=country&group_adults=2&req_adults=2&no_rooms=1&broad_search_not_eligible=1&order=score&nflt=ht_id%3D204%3Bht_id%3D213%3Bht_id%3D216%3Bht_id%3D201%3Btop_destinations%3D6021%3Bpopular_nearby_landmarks%3D900059521%3Bpopular_nearby_landmarks%3D900059520%3Bpopular_nearby_landmarks%3D900074332%3Bpopular_nearby_landmarks%3D900077457%3Bpopular_nearby_landmarks%3D900059522%3Bpopular_nearby_landmarks%3D900074335%3Bpopular_nearby_landmarks%3D900074331%3Bpopular_nearby_landmarks%3D900053658%3Bpopular_nearby_landmarks%3D900053661%3Bpopular_nearby_landmarks%3D900053669%3Bpopular_nearby_landmarks%3D900058091%3Bpopular_nearby_landmarks%3D900059233%3Bpopular_nearby_landmarks%3D900059236%3Bpopular_nearby_landmarks%3D900059439%3Bpopular_nearby_landmarks%3D900059447%3Bpopular_nearby_landmarks%3D900059529%3Bpopular_nearby_landmarks%3D900069601%3Bpopular_nearby_landmarks%3D900069602%3Bpopular_nearby_landmarks%3D900069603%3Bpopular_nearby_landmarks%3D900070379%3Bpopular_nearby_landmarks%3D900074815%3Bpopular_nearby_landmarks%3D900074898%3Bpopular_nearby_landmarks%3D900075026%3Bpopular_nearby_landmarks%3D900059238","","The Pinnacle Ella Boutique Hotel and Spa","Scored 8.7","8.7","Location 9.3","Overlooking scenic nature, The Pinnacle Ella Boutique Hotel and Spa offers modern and tranquil accommodations with free WiFi access in its public areas.","· 201 reviews","Opens in new window","Ella","Show prices","Excellent","Show on map","","https://cf.bstatic.com/xdata/images/hotel/square600/630684294.webp?k=af58379505f8c14ce273e71b15c7a2ef29f941014a0138e825cff0cb47e74dee&o="
"1777052003-128","https://www.booking.com/searchresults.html?label=bristol-XLwodozx2dVe8Ts0XeYuawS752260715469%3Apl%3Ata%3Ap1%3Ap2%3Aac%3Aap%3Aneg%3Afi%3Atikwd-869815001187%3Alp1009919%3Ali%3Adec%3Adm%3Appccp%3DUmFuZG9tSVYkc2RlIyh9YXdX6HrtnYy-Ml68sH-ljtU&aid=311984&dest_id=198&dest_type=country&group_adults=2&req_adults=2&no_rooms=1&broad_search_not_eligible=1&order=score&nflt=ht_id%3D204%3Bht_id%3D213%3Bht_id%3D216%3Bht_id%3D201%3Btop_destinations%3D6021%3Bpopular_nearby_landmarks%3D900059521%3Bpopular_nearby_landmarks%3D900059520%3Bpopular_nearby_landmarks%3D900074332%3Bpopular_nearby_landmarks%3D900077457%3Bpopular_nearby_landmarks%3D900059522%3Bpopular_nearby_landmarks%3D900074335%3Bpopular_nearby_landmarks%3D900074331%3Bpopular_nearby_landmarks%3D900053658%3Bpopular_nearby_landmarks%3D900053661%3Bpopular_nearby_landmarks%3D900053669%3Bpopular_nearby_landmarks%3D900058091%3Bpopular_nearby_landmarks%3D900059233%3Bpopular_nearby_landmarks%3D900059236%3Bpopular_nearby_landmarks%3D900059439%3Bpopular_nearby_landmarks%3D900059447%3Bpopular_nearby_landmarks%3D900059529%3Bpopular_nearby_landmarks%3D900069601%3Bpopular_nearby_landmarks%3D900069602%3Bpopular_nearby_landmarks%3D900069603%3Bpopular_nearby_landmarks%3D900070379%3Bpopular_nearby_landmarks%3D900074815%3Bpopular_nearby_landmarks%3D900074898%3Bpopular_nearby_landmarks%3D900075026%3Bpopular_nearby_landmarks%3D900059238","","Tip Top Boutique hotel","Scored 8.7","8.7","","Located in Ella, 5 miles from Demodara Nine Arch Bridge, Tip Top Boutique hotel has accommodations with an outdoor swimming pool, free private parking, a garden and a shared lounge.","· 413 reviews","Opens in new window","Ella","Show prices","Excellent","Show on map","","https://cf.bstatic.com/xdata/images/hotel/square600/286503319.webp?k=09c2943007816c6ccae389b245785a74b21f9f85eae5f108aa1a5f86749850b5&o="
"1777052003-129","https://www.booking.com/searchresults.html?label=bristol-XLwodozx2dVe8Ts0XeYuawS752260715469%3Apl%3Ata%3Ap1%3Ap2%3Aac%3Aap%3Aneg%3Afi%3Atikwd-869815001187%3Alp1009919%3Ali%3Adec%3Adm%3Appccp%3DUmFuZG9tSVYkc2RlIyh9YXdX6HrtnYy-Ml68sH-ljtU&aid=311984&dest_id=198&dest_type=country&group_adults=2&req_adults=2&no_rooms=1&broad_search_not_eligible=1&order=score&nflt=ht_id%3D204%3Bht_id%3D213%3Bht_id%3D216%3Bht_id%3D201%3Btop_destinations%3D6021%3Bpopular_nearby_landmarks%3D900059521%3Bpopular_nearby_landmarks%3D900059520%3Bpopular_nearby_landmarks%3D900074332%3Bpopular_nearby_landmarks%3D900077457%3Bpopular_nearby_landmarks%3D900059522%3Bpopular_nearby_landmarks%3D900074335%3Bpopular_nearby_landmarks%3D900074331%3Bpopular_nearby_landmarks%3D900053658%3Bpopular_nearby_landmarks%3D900053661%3Bpopular_nearby_landmarks%3D900053669%3Bpopular_nearby_landmarks%3D900058091%3Bpopular_nearby_landmarks%3D900059233%3Bpopular_nearby_landmarks%3D900059236%3Bpopular_nearby_landmarks%3D900059439%3Bpopular_nearby_landmarks%3D900059447%3Bpopular_nearby_landmarks%3D900059529%3Bpopular_nearby_landmarks%3D900069601%3Bpopular_nearby_landmarks%3D900069602%3Bpopular_nearby_landmarks%3D900069603%3Bpopular_nearby_landmarks%3D900070379%3Bpopular_nearby_landmarks%3D900074815%3Bpopular_nearby_landmarks%3D900074898%3Bpopular_nearby_landmarks%3D900075026%3Bpopular_nearby_landmarks%3D900059238","","Amaya View Guest Inn","Scored 8.7","8.7","Value for money 9.1","Located in Haputale, 27 miles from Gregory Lake, Amaya View Guest Inn provides accommodations with a garden, free private parking, a shared lounge and a terrace.","· 338 reviews","Opens in new window","Haputale","Show prices","Excellent","Show on map","","https://cf.bstatic.com/xdata/images/hotel/square600/524259974.webp?k=ad0cc13d75960b01de14a5bef39da652e35fbe64a2ebf45cbe0324472698b190&o="
"1777052003-130","https://www.booking.com/searchresults.html?label=bristol-XLwodozx2dVe8Ts0XeYuawS752260715469%3Apl%3Ata%3Ap1%3Ap2%3Aac%3Aap%3Aneg%3Afi%3Atikwd-869815001187%3Alp1009919%3Ali%3Adec%3Adm%3Appccp%3DUmFuZG9tSVYkc2RlIyh9YXdX6HrtnYy-Ml68sH-ljtU&aid=311984&dest_id=198&dest_type=country&group_adults=2&req_adults=2&no_rooms=1&broad_search_not_eligible=1&order=score&nflt=ht_id%3D204%3Bht_id%3D213%3Bht_id%3D216%3Bht_id%3D201%3Btop_destinations%3D6021%3Bpopular_nearby_landmarks%3D900059521%3Bpopular_nearby_landmarks%3D900059520%3Bpopular_nearby_landmarks%3D900074332%3Bpopular_nearby_landmarks%3D900077457%3Bpopular_nearby_landmarks%3D900059522%3Bpopular_nearby_landmarks%3D900074335%3Bpopular_nearby_landmarks%3D900074331%3Bpopular_nearby_landmarks%3D900053658%3Bpopular_nearby_landmarks%3D900053661%3Bpopular_nearby_landmarks%3D900053669%3Bpopular_nearby_landmarks%3D900058091%3Bpopular_nearby_landmarks%3D900059233%3Bpopular_nearby_landmarks%3D900059236%3Bpopular_nearby_landmarks%3D900059439%3Bpopular_nearby_landmarks%3D900059447%3Bpopular_nearby_landmarks%3D900059529%3Bpopular_nearby_landmarks%3D900069601%3Bpopular_nearby_landmarks%3D900069602%3Bpopular_nearby_landmarks%3D900069603%3Bpopular_nearby_landmarks%3D900070379%3Bpopular_nearby_landmarks%3D900074815%3Bpopular_nearby_landmarks%3D900074898%3Bpopular_nearby_landmarks%3D900075026%3Bpopular_nearby_landmarks%3D900059238","","Jasmine Garden Inn","Scored 8.7","8.7","Value for money 9.1","Located in Ella, 3.1 miles from Demodara Nine Arch Bridge, Jasmine Garden Inn provides accommodations with a garden, free private parking, a shared lounge and a terrace.","· 42 reviews","Opens in new window","Ella","Show prices","Excellent","Show on map","","https://cf.bstatic.com/xdata/images/hotel/square600/590316965.webp?k=0f2ef98f9a435951c6a1f51e80e1d8cd40bc06935550631db013ec3a48dcce5b&o="
"1777052003-131","https://www.booking.com/searchresults.html?label=bristol-XLwodozx2dVe8Ts0XeYuawS752260715469%3Apl%3Ata%3Ap1%3Ap2%3Aac%3Aap%3Aneg%3Afi%3Atikwd-869815001187%3Alp1009919%3Ali%3Adec%3Adm%3Appccp%3DUmFuZG9tSVYkc2RlIyh9YXdX6HrtnYy-Ml68sH-ljtU&aid=311984&dest_id=198&dest_type=country&group_adults=2&req_adults=2&no_rooms=1&broad_search_not_eligible=1&order=score&nflt=ht_id%3D204%3Bht_id%3D213%3Bht_id%3D216%3Bht_id%3D201%3Btop_destinations%3D6021%3Bpopular_nearby_landmarks%3D900059521%3Bpopular_nearby_landmarks%3D900059520%3Bpopular_nearby_landmarks%3D900074332%3Bpopular_nearby_landmarks%3D900077457%3Bpopular_nearby_landmarks%3D900059522%3Bpopular_nearby_landmarks%3D900074335%3Bpopular_nearby_landmarks%3D900074331%3Bpopular_nearby_landmarks%3D900053658%3Bpopular_nearby_landmarks%3D900053661%3Bpopular_nearby_landmarks%3D900053669%3Bpopular_nearby_landmarks%3D900058091%3Bpopular_nearby_landmarks%3D900059233%3Bpopular_nearby_landmarks%3D900059236%3Bpopular_nearby_landmarks%3D900059439%3Bpopular_nearby_landmarks%3D900059447%3Bpopular_nearby_landmarks%3D900059529%3Bpopular_nearby_landmarks%3D900069601%3Bpopular_nearby_landmarks%3D900069602%3Bpopular_nearby_landmarks%3D900069603%3Bpopular_nearby_landmarks%3D900070379%3Bpopular_nearby_landmarks%3D900074815%3Bpopular_nearby_landmarks%3D900074898%3Bpopular_nearby_landmarks%3D900075026%3Bpopular_nearby_landmarks%3D900059238","","Lakshmis Hotel Ella","Scored 8.7","8.7","Value for money 8.8","Featuring free WiFi, a restaurant and a sun terrace, Lakshmis Hotel Ella offers accommodations in Ella, 1 mi from Demodara Nine Arch Bridge. Free private parking is available on site.","· 194 reviews","Opens in new window","Ella","Show prices","Excellent","Show on map","","https://cf.bstatic.com/xdata/images/hotel/square600/351025657.webp?k=cd4966fa51cc0795e23eaba8d59bb66ab3c41c8fbbcb7030172a6319970dd749&o="
"1777052003-132","https://www.booking.com/searchresults.html?label=bristol-XLwodozx2dVe8Ts0XeYuawS752260715469%3Apl%3Ata%3Ap1%3Ap2%3Aac%3Aap%3Aneg%3Afi%3Atikwd-869815001187%3Alp1009919%3Ali%3Adec%3Adm%3Appccp%3DUmFuZG9tSVYkc2RlIyh9YXdX6HrtnYy-Ml68sH-ljtU&aid=311984&dest_id=198&dest_type=country&group_adults=2&req_adults=2&no_rooms=1&broad_search_not_eligible=1&order=score&nflt=ht_id%3D204%3Bht_id%3D213%3Bht_id%3D216%3Bht_id%3D201%3Btop_destinations%3D6021%3Bpopular_nearby_landmarks%3D900059521%3Bpopular_nearby_landmarks%3D900059520%3Bpopular_nearby_landmarks%3D900074332%3Bpopular_nearby_landmarks%3D900077457%3Bpopular_nearby_landmarks%3D900059522%3Bpopular_nearby_landmarks%3D900074335%3Bpopular_nearby_landmarks%3D900074331%3Bpopular_nearby_landmarks%3D900053658%3Bpopular_nearby_landmarks%3D900053661%3Bpopular_nearby_landmarks%3D900053669%3Bpopular_nearby_landmarks%3D900058091%3Bpopular_nearby_landmarks%3D900059233%3Bpopular_nearby_landmarks%3D900059236%3Bpopular_nearby_landmarks%3D900059439%3Bpopular_nearby_landmarks%3D900059447%3Bpopular_nearby_landmarks%3D900059529%3Bpopular_nearby_landmarks%3D900069601%3Bpopular_nearby_landmarks%3D900069602%3Bpopular_nearby_landmarks%3D900069603%3Bpopular_nearby_landmarks%3D900070379%3Bpopular_nearby_landmarks%3D900074815%3Bpopular_nearby_landmarks%3D900074898%3Bpopular_nearby_landmarks%3D900075026%3Bpopular_nearby_landmarks%3D900059238","","Hidden Slope Cottage","Scored 8.7","8.7","Value for money 9.4","Just a 4-minute walk from Ella Train Station and 0.7 miles from Ella Spice Garden Cooking Class, Hidden Slope Cottage features accommodations in Ella with a garden.","· 47 reviews","Opens in new window","Ella","Show prices","Excellent","Show on map","","https://cf.bstatic.com/xdata/images/hotel/square600/195852945.webp?k=5a88a76f3fd11e291939a0e503a27f7b37f1e4805d39def2de7fa23801ac216a&o="
"1777052003-133","https://www.booking.com/searchresults.html?label=bristol-XLwodozx2dVe8Ts0XeYuawS752260715469%3Apl%3Ata%3Ap1%3Ap2%3Aac%3Aap%3Aneg%3Afi%3Atikwd-869815001187%3Alp1009919%3Ali%3Adec%3Adm%3Appccp%3DUmFuZG9tSVYkc2RlIyh9YXdX6HrtnYy-Ml68sH-ljtU&aid=311984&dest_id=198&dest_type=country&group_adults=2&req_adults=2&no_rooms=1&broad_search_not_eligible=1&order=score&nflt=ht_id%3D204%3Bht_id%3D213%3Bht_id%3D216%3Bht_id%3D201%3Btop_destinations%3D6021%3Bpopular_nearby_landmarks%3D900059521%3Bpopular_nearby_landmarks%3D900059520%3Bpopular_nearby_landmarks%3D900074332%3Bpopular_nearby_landmarks%3D900077457%3Bpopular_nearby_landmarks%3D900059522%3Bpopular_nearby_landmarks%3D900074335%3Bpopular_nearby_landmarks%3D900074331%3Bpopular_nearby_landmarks%3D900053658%3Bpopular_nearby_landmarks%3D900053661%3Bpopular_nearby_landmarks%3D900053669%3Bpopular_nearby_landmarks%3D900058091%3Bpopular_nearby_landmarks%3D900059233%3Bpopular_nearby_landmarks%3D900059236%3Bpopular_nearby_landmarks%3D900059439%3Bpopular_nearby_landmarks%3D900059447%3Bpopular_nearby_landmarks%3D900059529%3Bpopular_nearby_landmarks%3D900069601%3Bpopular_nearby_landmarks%3D900069602%3Bpopular_nearby_landmarks%3D900069603%3Bpopular_nearby_landmarks%3D900070379%3Bpopular_nearby_landmarks%3D900074815%3Bpopular_nearby_landmarks%3D900074898%3Bpopular_nearby_landmarks%3D900075026%3Bpopular_nearby_landmarks%3D900059238","","The Canapy Nest Ella","Scored 8.7","8.7","Value for money 9.2","Located within 31 miles of Hakgala Botanical Garden and 1.1 miles of Little Adam's Peak, The Canapy Nest Ella provides rooms in Ella. Ella Rock is 2.5 miles from the inn.","· 64 reviews","Opens in new window","Ella","Show prices","Excellent","Show on map","","https://cf.bstatic.com/xdata/images/hotel/square600/693651251.webp?k=42320405911304c95334469f2d42416cc84957cecd6026fc8dda280100163f54&o="
"1777052003-134","https://www.booking.com/searchresults.html?label=bristol-XLwodozx2dVe8Ts0XeYuawS752260715469%3Apl%3Ata%3Ap1%3Ap2%3Aac%3Aap%3Aneg%3Afi%3Atikwd-869815001187%3Alp1009919%3Ali%3Adec%3Adm%3Appccp%3DUmFuZG9tSVYkc2RlIyh9YXdX6HrtnYy-Ml68sH-ljtU&aid=311984&dest_id=198&dest_type=country&group_adults=2&req_adults=2&no_rooms=1&broad_search_not_eligible=1&order=score&nflt=ht_id%3D204%3Bht_id%3D213%3Bht_id%3D216%3Bht_id%3D201%3Btop_destinations%3D6021%3Bpopular_nearby_landmarks%3D900059521%3Bpopular_nearby_landmarks%3D900059520%3Bpopular_nearby_landmarks%3D900074332%3Bpopular_nearby_landmarks%3D900077457%3Bpopular_nearby_landmarks%3D900059522%3Bpopular_nearby_landmarks%3D900074335%3Bpopular_nearby_landmarks%3D900074331%3Bpopular_nearby_landmarks%3D900053658%3Bpopular_nearby_landmarks%3D900053661%3Bpopular_nearby_landmarks%3D900053669%3Bpopular_nearby_landmarks%3D900058091%3Bpopular_nearby_landmarks%3D900059233%3Bpopular_nearby_landmarks%3D900059236%3Bpopular_nearby_landmarks%3D900059439%3Bpopular_nearby_landmarks%3D900059447%3Bpopular_nearby_landmarks%3D900059529%3Bpopular_nearby_landmarks%3D900069601%3Bpopular_nearby_landmarks%3D900069602%3Bpopular_nearby_landmarks%3D900069603%3Bpopular_nearby_landmarks%3D900070379%3Bpopular_nearby_landmarks%3D900074815%3Bpopular_nearby_landmarks%3D900074898%3Bpopular_nearby_landmarks%3D900075026%3Bpopular_nearby_landmarks%3D900059238","","Ella Summer Leisure","Scored 8.7","8.7","Value for money 9.1","Offering garden views, Ella Summer Leisure in Ella provides accommodations and a garden.","· 105 reviews","Opens in new window","Ella","Show prices","Excellent","Show on map","","https://cf.bstatic.com/xdata/images/hotel/square600/449084932.webp?k=307e291dd781c9ede37e12ff28bec32e73b2817f58276c5723ac3d0a0a34200a&o="
"1777052003-135","https://www.booking.com/searchresults.html?label=bristol-XLwodozx2dVe8Ts0XeYuawS752260715469%3Apl%3Ata%3Ap1%3Ap2%3Aac%3Aap%3Aneg%3Afi%3Atikwd-869815001187%3Alp1009919%3Ali%3Adec%3Adm%3Appccp%3DUmFuZG9tSVYkc2RlIyh9YXdX6HrtnYy-Ml68sH-ljtU&aid=311984&dest_id=198&dest_type=country&group_adults=2&req_adults=2&no_rooms=1&broad_search_not_eligible=1&order=score&nflt=ht_id%3D204%3Bht_id%3D213%3Bht_id%3D216%3Bht_id%3D201%3Btop_destinations%3D6021%3Bpopular_nearby_landmarks%3D900059521%3Bpopular_nearby_landmarks%3D900059520%3Bpopular_nearby_landmarks%3D900074332%3Bpopular_nearby_landmarks%3D900077457%3Bpopular_nearby_landmarks%3D900059522%3Bpopular_nearby_landmarks%3D900074335%3Bpopular_nearby_landmarks%3D900074331%3Bpopular_nearby_landmarks%3D900053658%3Bpopular_nearby_landmarks%3D900053661%3Bpopular_nearby_landmarks%3D900053669%3Bpopular_nearby_landmarks%3D900058091%3Bpopular_nearby_landmarks%3D900059233%3Bpopular_nearby_landmarks%3D900059236%3Bpopular_nearby_landmarks%3D900059439%3Bpopular_nearby_landmarks%3D900059447%3Bpopular_nearby_landmarks%3D900059529%3Bpopular_nearby_landmarks%3D900069601%3Bpopular_nearby_landmarks%3D900069602%3Bpopular_nearby_landmarks%3D900069603%3Bpopular_nearby_landmarks%3D900070379%3Bpopular_nearby_landmarks%3D900074815%3Bpopular_nearby_landmarks%3D900074898%3Bpopular_nearby_landmarks%3D900075026%3Bpopular_nearby_landmarks%3D900059238","","Ella Woodland 3 Arch Cottage","Scored 8.7","8.7","Value for money 9.6","Located in Ella, within 1.7 miles of Demodara Nine Arch Bridge and 31 miles of Hakgala Botanical Garden, Ella Woodland 3 Arch Cottage has accommodations with a garden as well as free private parking...","· 7 reviews","Opens in new window","Ella","Show prices","Excellent","Show on map","","https://cf.bstatic.com/xdata/images/hotel/square600/628062015.webp?k=f76d1a3eb081f580f6ea80bad7fc7ed9af39bedd59c52562881b5015a0dac1d5&o="
"1777052003-136","https://www.booking.com/searchresults.html?label=bristol-XLwodozx2dVe8Ts0XeYuawS752260715469%3Apl%3Ata%3Ap1%3Ap2%3Aac%3Aap%3Aneg%3Afi%3Atikwd-869815001187%3Alp1009919%3Ali%3Adec%3Adm%3Appccp%3DUmFuZG9tSVYkc2RlIyh9YXdX6HrtnYy-Ml68sH-ljtU&aid=311984&dest_id=198&dest_type=country&group_adults=2&req_adults=2&no_rooms=1&broad_search_not_eligible=1&order=score&nflt=ht_id%3D204%3Bht_id%3D213%3Bht_id%3D216%3Bht_id%3D201%3Btop_destinations%3D6021%3Bpopular_nearby_landmarks%3D900059521%3Bpopular_nearby_landmarks%3D900059520%3Bpopular_nearby_landmarks%3D900074332%3Bpopular_nearby_landmarks%3D900077457%3Bpopular_nearby_landmarks%3D900059522%3Bpopular_nearby_landmarks%3D900074335%3Bpopular_nearby_landmarks%3D900074331%3Bpopular_nearby_landmarks%3D900053658%3Bpopular_nearby_landmarks%3D900053661%3Bpopular_nearby_landmarks%3D900053669%3Bpopular_nearby_landmarks%3D900058091%3Bpopular_nearby_landmarks%3D900059233%3Bpopular_nearby_landmarks%3D900059236%3Bpopular_nearby_landmarks%3D900059439%3Bpopular_nearby_landmarks%3D900059447%3Bpopular_nearby_landmarks%3D900059529%3Bpopular_nearby_landmarks%3D900069601%3Bpopular_nearby_landmarks%3D900069602%3Bpopular_nearby_landmarks%3D900069603%3Bpopular_nearby_landmarks%3D900070379%3Bpopular_nearby_landmarks%3D900074815%3Bpopular_nearby_landmarks%3D900074898%3Bpopular_nearby_landmarks%3D900075026%3Bpopular_nearby_landmarks%3D900059238","","90 Degrees Ella","Scored 8.6","8.6","Value for money 9.0","Located in Ella, 2.7 miles from Demodara Nine Arch Bridge, 90 Degrees Ella provides accommodations with a garden, free private parking and a terrace.","· 703 reviews","Opens in new window","Ella","Show prices","Excellent","Show on map","","https://cf.bstatic.com/xdata/images/hotel/square600/577914788.webp?k=5c112e7a9f31f3351a624db7c7beab095a7d1177ed47dc1eb08c87fe9fb76aeb&o="
"1777052003-137","https://www.booking.com/searchresults.html?label=bristol-XLwodozx2dVe8Ts0XeYuawS752260715469%3Apl%3Ata%3Ap1%3Ap2%3Aac%3Aap%3Aneg%3Afi%3Atikwd-869815001187%3Alp1009919%3Ali%3Adec%3Adm%3Appccp%3DUmFuZG9tSVYkc2RlIyh9YXdX6HrtnYy-Ml68sH-ljtU&aid=311984&dest_id=198&dest_type=country&group_adults=2&req_adults=2&no_rooms=1&broad_search_not_eligible=1&order=score&nflt=ht_id%3D204%3Bht_id%3D213%3Bht_id%3D216%3Bht_id%3D201%3Btop_destinations%3D6021%3Bpopular_nearby_landmarks%3D900059521%3Bpopular_nearby_landmarks%3D900059520%3Bpopular_nearby_landmarks%3D900074332%3Bpopular_nearby_landmarks%3D900077457%3Bpopular_nearby_landmarks%3D900059522%3Bpopular_nearby_landmarks%3D900074335%3Bpopular_nearby_landmarks%3D900074331%3Bpopular_nearby_landmarks%3D900053658%3Bpopular_nearby_landmarks%3D900053661%3Bpopular_nearby_landmarks%3D900053669%3Bpopular_nearby_landmarks%3D900058091%3Bpopular_nearby_landmarks%3D900059233%3Bpopular_nearby_landmarks%3D900059236%3Bpopular_nearby_landmarks%3D900059439%3Bpopular_nearby_landmarks%3D900059447%3Bpopular_nearby_landmarks%3D900059529%3Bpopular_nearby_landmarks%3D900069601%3Bpopular_nearby_landmarks%3D900069602%3Bpopular_nearby_landmarks%3D900069603%3Bpopular_nearby_landmarks%3D900070379%3Bpopular_nearby_landmarks%3D900074815%3Bpopular_nearby_landmarks%3D900074898%3Bpopular_nearby_landmarks%3D900075026%3Bpopular_nearby_landmarks%3D900059238","","Pearl View Guesthouse","Scored 8.6","8.6","Value for money 9.0","Pearl View Guest house offers accommodations 0.9 mi from Ella city. Free WiFi is provided and free private parking is available on site. All rooms have a seating area for your convenience.","· 388 reviews","Opens in new window","Ella","Show prices","Excellent","Show on map","","https://cf.bstatic.com/xdata/images/hotel/square600/249878709.webp?k=3cd7c7f367e88c3e3eff221093f947750e329948601a08f845af3438129a7fbc&o="
"1777052003-138","https://www.booking.com/searchresults.html?label=bristol-XLwodozx2dVe8Ts0XeYuawS752260715469%3Apl%3Ata%3Ap1%3Ap2%3Aac%3Aap%3Aneg%3Afi%3Atikwd-869815001187%3Alp1009919%3Ali%3Adec%3Adm%3Appccp%3DUmFuZG9tSVYkc2RlIyh9YXdX6HrtnYy-Ml68sH-ljtU&aid=311984&dest_id=198&dest_type=country&group_adults=2&req_adults=2&no_rooms=1&broad_search_not_eligible=1&order=score&nflt=ht_id%3D204%3Bht_id%3D213%3Bht_id%3D216%3Bht_id%3D201%3Btop_destinations%3D6021%3Bpopular_nearby_landmarks%3D900059521%3Bpopular_nearby_landmarks%3D900059520%3Bpopular_nearby_landmarks%3D900074332%3Bpopular_nearby_landmarks%3D900077457%3Bpopular_nearby_landmarks%3D900059522%3Bpopular_nearby_landmarks%3D900074335%3Bpopular_nearby_landmarks%3D900074331%3Bpopular_nearby_landmarks%3D900053658%3Bpopular_nearby_landmarks%3D900053661%3Bpopular_nearby_landmarks%3D900053669%3Bpopular_nearby_landmarks%3D900058091%3Bpopular_nearby_landmarks%3D900059233%3Bpopular_nearby_landmarks%3D900059236%3Bpopular_nearby_landmarks%3D900059439%3Bpopular_nearby_landmarks%3D900059447%3Bpopular_nearby_landmarks%3D900059529%3Bpopular_nearby_landmarks%3D900069601%3Bpopular_nearby_landmarks%3D900069602%3Bpopular_nearby_landmarks%3D900069603%3Bpopular_nearby_landmarks%3D900070379%3Bpopular_nearby_landmarks%3D900074815%3Bpopular_nearby_landmarks%3D900074898%3Bpopular_nearby_landmarks%3D900075026%3Bpopular_nearby_landmarks%3D900059238","","Rock side inn - Ella","Scored 8.6","8.6","Value for money 8.7","Boasting views of Ella Rock, Rock side inn – Ella is a guest house with garden views and free WiFi.","· 227 reviews","Opens in new window","Ella","Show prices","Excellent","Show on map","","https://cf.bstatic.com/xdata/images/hotel/square600/244729349.webp?k=8b9a010361a7b92ccfae45d7abac21044f7134a7f450f7af5101b108e7a97d6b&o="
"1777052003-139","https://www.booking.com/searchresults.html?label=bristol-XLwodozx2dVe8Ts0XeYuawS752260715469%3Apl%3Ata%3Ap1%3Ap2%3Aac%3Aap%3Aneg%3Afi%3Atikwd-869815001187%3Alp1009919%3Ali%3Adec%3Adm%3Appccp%3DUmFuZG9tSVYkc2RlIyh9YXdX6HrtnYy-Ml68sH-ljtU&aid=311984&dest_id=198&dest_type=country&group_adults=2&req_adults=2&no_rooms=1&broad_search_not_eligible=1&order=score&nflt=ht_id%3D204%3Bht_id%3D213%3Bht_id%3D216%3Bht_id%3D201%3Btop_destinations%3D6021%3Bpopular_nearby_landmarks%3D900059521%3Bpopular_nearby_landmarks%3D900059520%3Bpopular_nearby_landmarks%3D900074332%3Bpopular_nearby_landmarks%3D900077457%3Bpopular_nearby_landmarks%3D900059522%3Bpopular_nearby_landmarks%3D900074335%3Bpopular_nearby_landmarks%3D900074331%3Bpopular_nearby_landmarks%3D900053658%3Bpopular_nearby_landmarks%3D900053661%3Bpopular_nearby_landmarks%3D900053669%3Bpopular_nearby_landmarks%3D900058091%3Bpopular_nearby_landmarks%3D900059233%3Bpopular_nearby_landmarks%3D900059236%3Bpopular_nearby_landmarks%3D900059439%3Bpopular_nearby_landmarks%3D900059447%3Bpopular_nearby_landmarks%3D900059529%3Bpopular_nearby_landmarks%3D900069601%3Bpopular_nearby_landmarks%3D900069602%3Bpopular_nearby_landmarks%3D900069603%3Bpopular_nearby_landmarks%3D900070379%3Bpopular_nearby_landmarks%3D900074815%3Bpopular_nearby_landmarks%3D900074898%3Bpopular_nearby_landmarks%3D900075026%3Bpopular_nearby_landmarks%3D900059238","","Ella Alpine Resort","Scored 8.6","8.6","","Located in Ella, within 3.5 miles of Demodara Nine Arch Bridge and 31 miles of Hakgala Botanical Garden, Ella Alpine Resort provides accommodations with a terrace and free WiFi throughout the property...","· 89 reviews","Opens in new window","Ella","Show prices","Excellent","Show on map","","https://cf.bstatic.com/xdata/images/hotel/square600/88280742.webp?k=0b2870adf5c01b03481803794513e6f6ee25f1d307d3ab54dcf6a2f9b2b00ab8&o="
"1777052003-140","https://www.booking.com/searchresults.html?label=bristol-XLwodozx2dVe8Ts0XeYuawS752260715469%3Apl%3Ata%3Ap1%3Ap2%3Aac%3Aap%3Aneg%3Afi%3Atikwd-869815001187%3Alp1009919%3Ali%3Adec%3Adm%3Appccp%3DUmFuZG9tSVYkc2RlIyh9YXdX6HrtnYy-Ml68sH-ljtU&aid=311984&dest_id=198&dest_type=country&group_adults=2&req_adults=2&no_rooms=1&broad_search_not_eligible=1&order=score&nflt=ht_id%3D204%3Bht_id%3D213%3Bht_id%3D216%3Bht_id%3D201%3Btop_destinations%3D6021%3Bpopular_nearby_landmarks%3D900059521%3Bpopular_nearby_landmarks%3D900059520%3Bpopular_nearby_landmarks%3D900074332%3Bpopular_nearby_landmarks%3D900077457%3Bpopular_nearby_landmarks%3D900059522%3Bpopular_nearby_landmarks%3D900074335%3Bpopular_nearby_landmarks%3D900074331%3Bpopular_nearby_landmarks%3D900053658%3Bpopular_nearby_landmarks%3D900053661%3Bpopular_nearby_landmarks%3D900053669%3Bpopular_nearby_landmarks%3D900058091%3Bpopular_nearby_landmarks%3D900059233%3Bpopular_nearby_landmarks%3D900059236%3Bpopular_nearby_landmarks%3D900059439%3Bpopular_nearby_landmarks%3D900059447%3Bpopular_nearby_landmarks%3D900059529%3Bpopular_nearby_landmarks%3D900069601%3Bpopular_nearby_landmarks%3D900069602%3Bpopular_nearby_landmarks%3D900069603%3Bpopular_nearby_landmarks%3D900070379%3Bpopular_nearby_landmarks%3D900074815%3Bpopular_nearby_landmarks%3D900074898%3Bpopular_nearby_landmarks%3D900075026%3Bpopular_nearby_landmarks%3D900059238","","Villa Eden Paradise","Scored 8.6","8.6","Value for money 9.1","Set in Ella, a 16-minute walk from Demodara Nine Arch Bridge, Villa Eden Paradise has a garden, as well as free WiFi.","· 339 reviews","Opens in new window","Ella","Show prices","Excellent","Show on map","","https://cf.bstatic.com/xdata/images/hotel/square600/127844111.webp?k=2c19a6163ef594a7a9c0ad75adbd0bef6b7b29101c79cba650b8254f89eaed76&o="
"1777052003-141","https://www.booking.com/searchresults.html?label=bristol-XLwodozx2dVe8Ts0XeYuawS752260715469%3Apl%3Ata%3Ap1%3Ap2%3Aac%3Aap%3Aneg%3Afi%3Atikwd-869815001187%3Alp1009919%3Ali%3Adec%3Adm%3Appccp%3DUmFuZG9tSVYkc2RlIyh9YXdX6HrtnYy-Ml68sH-ljtU&aid=311984&dest_id=198&dest_type=country&group_adults=2&req_adults=2&no_rooms=1&broad_search_not_eligible=1&order=score&nflt=ht_id%3D204%3Bht_id%3D213%3Bht_id%3D216%3Bht_id%3D201%3Btop_destinations%3D6021%3Bpopular_nearby_landmarks%3D900059521%3Bpopular_nearby_landmarks%3D900059520%3Bpopular_nearby_landmarks%3D900074332%3Bpopular_nearby_landmarks%3D900077457%3Bpopular_nearby_landmarks%3D900059522%3Bpopular_nearby_landmarks%3D900074335%3Bpopular_nearby_landmarks%3D900074331%3Bpopular_nearby_landmarks%3D900053658%3Bpopular_nearby_landmarks%3D900053661%3Bpopular_nearby_landmarks%3D900053669%3Bpopular_nearby_landmarks%3D900058091%3Bpopular_nearby_landmarks%3D900059233%3Bpopular_nearby_landmarks%3D900059236%3Bpopular_nearby_landmarks%3D900059439%3Bpopular_nearby_landmarks%3D900059447%3Bpopular_nearby_landmarks%3D900059529%3Bpopular_nearby_landmarks%3D900069601%3Bpopular_nearby_landmarks%3D900069602%3Bpopular_nearby_landmarks%3D900069603%3Bpopular_nearby_landmarks%3D900070379%3Bpopular_nearby_landmarks%3D900074815%3Bpopular_nearby_landmarks%3D900074898%3Bpopular_nearby_landmarks%3D900075026%3Bpopular_nearby_landmarks%3D900059238","","Misty Elegance - Ella.","Scored 8.6","8.6","Value for money 8.9","Located in Ella, 3 miles from Demodara Nine Arch Bridge, Misty Elegance - Ella. Provides accommodations with a garden, free private parking, a terrace and a restaurant.","· 550 reviews","Opens in new window","Ella","Show prices","Excellent","Show on map","","https://cf.bstatic.com/xdata/images/hotel/square600/487826028.webp?k=7409d8ce9c2d7a30f3f45c670d8ecf5e3e085f5265ad6d4fc03b54fc54742956&o="
"1777052003-142","https://www.booking.com/searchresults.html?label=bristol-XLwodozx2dVe8Ts0XeYuawS752260715469%3Apl%3Ata%3Ap1%3Ap2%3Aac%3Aap%3Aneg%3Afi%3Atikwd-869815001187%3Alp1009919%3Ali%3Adec%3Adm%3Appccp%3DUmFuZG9tSVYkc2RlIyh9YXdX6HrtnYy-Ml68sH-ljtU&aid=311984&dest_id=198&dest_type=country&group_adults=2&req_adults=2&no_rooms=1&broad_search_not_eligible=1&order=score&nflt=ht_id%3D204%3Bht_id%3D213%3Bht_id%3D216%3Bht_id%3D201%3Btop_destinations%3D6021%3Bpopular_nearby_landmarks%3D900059521%3Bpopular_nearby_landmarks%3D900059520%3Bpopular_nearby_landmarks%3D900074332%3Bpopular_nearby_landmarks%3D900077457%3Bpopular_nearby_landmarks%3D900059522%3Bpopular_nearby_landmarks%3D900074335%3Bpopular_nearby_landmarks%3D900074331%3Bpopular_nearby_landmarks%3D900053658%3Bpopular_nearby_landmarks%3D900053661%3Bpopular_nearby_landmarks%3D900053669%3Bpopular_nearby_landmarks%3D900058091%3Bpopular_nearby_landmarks%3D900059233%3Bpopular_nearby_landmarks%3D900059236%3Bpopular_nearby_landmarks%3D900059439%3Bpopular_nearby_landmarks%3D900059447%3Bpopular_nearby_landmarks%3D900059529%3Bpopular_nearby_landmarks%3D900069601%3Bpopular_nearby_landmarks%3D900069602%3Bpopular_nearby_landmarks%3D900069603%3Bpopular_nearby_landmarks%3D900070379%3Bpopular_nearby_landmarks%3D900074815%3Bpopular_nearby_landmarks%3D900074898%3Bpopular_nearby_landmarks%3D900075026%3Bpopular_nearby_landmarks%3D900059238","","Ella Okreech Cottages","Scored 8.6","8.6","Value for money 8.9","Located in Ella, a 6-minute walk from Ella Train Station, Ella Okreech Cottages features a 24-hour reception desk, a bicycle rental, a garden, free Wi-Fi throughout the property, and free private...","· 417 reviews","Opens in new window","Ella","Show prices","Excellent","Show on map","","https://cf.bstatic.com/xdata/images/hotel/square600/746728260.webp?k=3a65bc472b5adfafe1616ad12f460c22733ecde1f6055dc6cde5baa0b8526a66&o="
"1777052003-143","https://www.booking.com/searchresults.html?label=bristol-XLwodozx2dVe8Ts0XeYuawS752260715469%3Apl%3Ata%3Ap1%3Ap2%3Aac%3Aap%3Aneg%3Afi%3Atikwd-869815001187%3Alp1009919%3Ali%3Adec%3Adm%3Appccp%3DUmFuZG9tSVYkc2RlIyh9YXdX6HrtnYy-Ml68sH-ljtU&aid=311984&dest_id=198&dest_type=country&group_adults=2&req_adults=2&no_rooms=1&broad_search_not_eligible=1&order=score&nflt=ht_id%3D204%3Bht_id%3D213%3Bht_id%3D216%3Bht_id%3D201%3Btop_destinations%3D6021%3Bpopular_nearby_landmarks%3D900059521%3Bpopular_nearby_landmarks%3D900059520%3Bpopular_nearby_landmarks%3D900074332%3Bpopular_nearby_landmarks%3D900077457%3Bpopular_nearby_landmarks%3D900059522%3Bpopular_nearby_landmarks%3D900074335%3Bpopular_nearby_landmarks%3D900074331%3Bpopular_nearby_landmarks%3D900053658%3Bpopular_nearby_landmarks%3D900053661%3Bpopular_nearby_landmarks%3D900053669%3Bpopular_nearby_landmarks%3D900058091%3Bpopular_nearby_landmarks%3D900059233%3Bpopular_nearby_landmarks%3D900059236%3Bpopular_nearby_landmarks%3D900059439%3Bpopular_nearby_landmarks%3D900059447%3Bpopular_nearby_landmarks%3D900059529%3Bpopular_nearby_landmarks%3D900069601%3Bpopular_nearby_landmarks%3D900069602%3Bpopular_nearby_landmarks%3D900069603%3Bpopular_nearby_landmarks%3D900070379%3Bpopular_nearby_landmarks%3D900074815%3Bpopular_nearby_landmarks%3D900074898%3Bpopular_nearby_landmarks%3D900075026%3Bpopular_nearby_landmarks%3D900059238","","Hostal Tree House","Scored 8.6","8.6","Value for money 9.1","Located in Ella, 2.8 miles from Demodara Nine Arch Bridge, Hostal Tree House has accommodations with a garden, free private parking, a terrace and a restaurant.","· 203 reviews","Opens in new window","Ella","Show prices","Excellent","Show on map","","https://cf.bstatic.com/xdata/images/hotel/square600/567275484.webp?k=d002acaeed29b1373b2e2f5b204f9262319c033af94d338ecd7551f6b3ddfdf5&o="
"1777052003-144","https://www.booking.com/searchresults.html?label=bristol-XLwodozx2dVe8Ts0XeYuawS752260715469%3Apl%3Ata%3Ap1%3Ap2%3Aac%3Aap%3Aneg%3Afi%3Atikwd-869815001187%3Alp1009919%3Ali%3Adec%3Adm%3Appccp%3DUmFuZG9tSVYkc2RlIyh9YXdX6HrtnYy-Ml68sH-ljtU&aid=311984&dest_id=198&dest_type=country&group_adults=2&req_adults=2&no_rooms=1&broad_search_not_eligible=1&order=score&nflt=ht_id%3D204%3Bht_id%3D213%3Bht_id%3D216%3Bht_id%3D201%3Btop_destinations%3D6021%3Bpopular_nearby_landmarks%3D900059521%3Bpopular_nearby_landmarks%3D900059520%3Bpopular_nearby_landmarks%3D900074332%3Bpopular_nearby_landmarks%3D900077457%3Bpopular_nearby_landmarks%3D900059522%3Bpopular_nearby_landmarks%3D900074335%3Bpopular_nearby_landmarks%3D900074331%3Bpopular_nearby_landmarks%3D900053658%3Bpopular_nearby_landmarks%3D900053661%3Bpopular_nearby_landmarks%3D900053669%3Bpopular_nearby_landmarks%3D900058091%3Bpopular_nearby_landmarks%3D900059233%3Bpopular_nearby_landmarks%3D900059236%3Bpopular_nearby_landmarks%3D900059439%3Bpopular_nearby_landmarks%3D900059447%3Bpopular_nearby_landmarks%3D900059529%3Bpopular_nearby_landmarks%3D900069601%3Bpopular_nearby_landmarks%3D900069602%3Bpopular_nearby_landmarks%3D900069603%3Bpopular_nearby_landmarks%3D900070379%3Bpopular_nearby_landmarks%3D900074815%3Bpopular_nearby_landmarks%3D900074898%3Bpopular_nearby_landmarks%3D900075026%3Bpopular_nearby_landmarks%3D900059238","","Ella Sunrise","Scored 8.6","8.6","Value for money 8.9","Located in Ella, 3.6 miles from Demodara Nine Arch Bridge, Ella Sunrise provides accommodations with free bikes, free private parking, a garden and a terrace.","· 203 reviews","Opens in new window","Ella","Show prices","Excellent","Show on map","","https://cf.bstatic.com/xdata/images/hotel/square600/134302516.webp?k=c2c888684d9048bbac3334485d92a4075c9267d4403e3ec8d2486c9a8a19df31&o="
"1777052003-145","https://www.booking.com/searchresults.html?label=bristol-XLwodozx2dVe8Ts0XeYuawS752260715469%3Apl%3Ata%3Ap1%3Ap2%3Aac%3Aap%3Aneg%3Afi%3Atikwd-869815001187%3Alp1009919%3Ali%3Adec%3Adm%3Appccp%3DUmFuZG9tSVYkc2RlIyh9YXdX6HrtnYy-Ml68sH-ljtU&aid=311984&dest_id=198&dest_type=country&group_adults=2&req_adults=2&no_rooms=1&broad_search_not_eligible=1&order=score&nflt=ht_id%3D204%3Bht_id%3D213%3Bht_id%3D216%3Bht_id%3D201%3Btop_destinations%3D6021%3Bpopular_nearby_landmarks%3D900059521%3Bpopular_nearby_landmarks%3D900059520%3Bpopular_nearby_landmarks%3D900074332%3Bpopular_nearby_landmarks%3D900077457%3Bpopular_nearby_landmarks%3D900059522%3Bpopular_nearby_landmarks%3D900074335%3Bpopular_nearby_landmarks%3D900074331%3Bpopular_nearby_landmarks%3D900053658%3Bpopular_nearby_landmarks%3D900053661%3Bpopular_nearby_landmarks%3D900053669%3Bpopular_nearby_landmarks%3D900058091%3Bpopular_nearby_landmarks%3D900059233%3Bpopular_nearby_landmarks%3D900059236%3Bpopular_nearby_landmarks%3D900059439%3Bpopular_nearby_landmarks%3D900059447%3Bpopular_nearby_landmarks%3D900059529%3Bpopular_nearby_landmarks%3D900069601%3Bpopular_nearby_landmarks%3D900069602%3Bpopular_nearby_landmarks%3D900069603%3Bpopular_nearby_landmarks%3D900070379%3Bpopular_nearby_landmarks%3D900074815%3Bpopular_nearby_landmarks%3D900074898%3Bpopular_nearby_landmarks%3D900075026%3Bpopular_nearby_landmarks%3D900059238","","why not guest house ella","Scored 8.6","8.6","Value for money 8.8","Just a 3-minute walk from Ella Train Station and 0.6 miles from Ella Spice Garden Cooking Class, why not guest house ella features accommodations in Ella, with free bikes, a garden, and a terrace.","· 40 reviews","Opens in new window","Ella","Show prices","Excellent","Show on map","","https://cf.bstatic.com/xdata/images/hotel/square600/594590712.webp?k=f765368b3c8bccfefa84a575a6be57dc0f1af1d756b9e4b2fb042059144459d0&o="
"1777052003-146","https://www.booking.com/searchresults.html?label=bristol-XLwodozx2dVe8Ts0XeYuawS752260715469%3Apl%3Ata%3Ap1%3Ap2%3Aac%3Aap%3Aneg%3Afi%3Atikwd-869815001187%3Alp1009919%3Ali%3Adec%3Adm%3Appccp%3DUmFuZG9tSVYkc2RlIyh9YXdX6HrtnYy-Ml68sH-ljtU&aid=311984&dest_id=198&dest_type=country&group_adults=2&req_adults=2&no_rooms=1&broad_search_not_eligible=1&order=score&nflt=ht_id%3D204%3Bht_id%3D213%3Bht_id%3D216%3Bht_id%3D201%3Btop_destinations%3D6021%3Bpopular_nearby_landmarks%3D900059521%3Bpopular_nearby_landmarks%3D900059520%3Bpopular_nearby_landmarks%3D900074332%3Bpopular_nearby_landmarks%3D900077457%3Bpopular_nearby_landmarks%3D900059522%3Bpopular_nearby_landmarks%3D900074335%3Bpopular_nearby_landmarks%3D900074331%3Bpopular_nearby_landmarks%3D900053658%3Bpopular_nearby_landmarks%3D900053661%3Bpopular_nearby_landmarks%3D900053669%3Bpopular_nearby_landmarks%3D900058091%3Bpopular_nearby_landmarks%3D900059233%3Bpopular_nearby_landmarks%3D900059236%3Bpopular_nearby_landmarks%3D900059439%3Bpopular_nearby_landmarks%3D900059447%3Bpopular_nearby_landmarks%3D900059529%3Bpopular_nearby_landmarks%3D900069601%3Bpopular_nearby_landmarks%3D900069602%3Bpopular_nearby_landmarks%3D900069603%3Bpopular_nearby_landmarks%3D900070379%3Bpopular_nearby_landmarks%3D900074815%3Bpopular_nearby_landmarks%3D900074898%3Bpopular_nearby_landmarks%3D900075026%3Bpopular_nearby_landmarks%3D900059238","","Little Cottage","Scored 8.6","8.6","Value for money 9.2","Located in Ella, within 3.4 miles of Demodara Nine Arch Bridge and 31 miles of Hakgala Botanical Garden, Little Cottage has accommodations with a terrace and free WiFi throughout the property as well...","· 76 reviews","Opens in new window","Ella","Show prices","Excellent","Show on map","","https://cf.bstatic.com/xdata/images/hotel/square600/123766896.webp?k=137a2b637df1b49dfd61639c0b3772b097da903efc086e79ca5cba7c0785de4e&o="
"1777052003-147","https://www.booking.com/searchresults.html?label=bristol-XLwodozx2dVe8Ts0XeYuawS752260715469%3Apl%3Ata%3Ap1%3Ap2%3Aac%3Aap%3Aneg%3Afi%3Atikwd-869815001187%3Alp1009919%3Ali%3Adec%3Adm%3Appccp%3DUmFuZG9tSVYkc2RlIyh9YXdX6HrtnYy-Ml68sH-ljtU&aid=311984&dest_id=198&dest_type=country&group_adults=2&req_adults=2&no_rooms=1&broad_search_not_eligible=1&order=score&nflt=ht_id%3D204%3Bht_id%3D213%3Bht_id%3D216%3Bht_id%3D201%3Btop_destinations%3D6021%3Bpopular_nearby_landmarks%3D900059521%3Bpopular_nearby_landmarks%3D900059520%3Bpopular_nearby_landmarks%3D900074332%3Bpopular_nearby_landmarks%3D900077457%3Bpopular_nearby_landmarks%3D900059522%3Bpopular_nearby_landmarks%3D900074335%3Bpopular_nearby_landmarks%3D900074331%3Bpopular_nearby_landmarks%3D900053658%3Bpopular_nearby_landmarks%3D900053661%3Bpopular_nearby_landmarks%3D900053669%3Bpopular_nearby_landmarks%3D900058091%3Bpopular_nearby_landmarks%3D900059233%3Bpopular_nearby_landmarks%3D900059236%3Bpopular_nearby_landmarks%3D900059439%3Bpopular_nearby_landmarks%3D900059447%3Bpopular_nearby_landmarks%3D900059529%3Bpopular_nearby_landmarks%3D900069601%3Bpopular_nearby_landmarks%3D900069602%3Bpopular_nearby_landmarks%3D900069603%3Bpopular_nearby_landmarks%3D900070379%3Bpopular_nearby_landmarks%3D900074815%3Bpopular_nearby_landmarks%3D900074898%3Bpopular_nearby_landmarks%3D900075026%3Bpopular_nearby_landmarks%3D900059238","","Ella Wild Grass Inn","Scored 8.6","8.6","Value for money 8.8","Featuring a garden, Ella Wild Grass Inn provides accommodations in Ella. This property offers access to a balcony and free private parking.","· 19 reviews","Opens in new window","Ella","Show prices","Excellent","Show on map","","https://cf.bstatic.com/xdata/images/hotel/square600/662619330.webp?k=e3fd66adbc8dc987f816f133e0dc9461e9c04d9fb39d792a5a8baf54e62b9d90&o="
"1777052003-148","https://www.booking.com/searchresults.html?label=bristol-XLwodozx2dVe8Ts0XeYuawS752260715469%3Apl%3Ata%3Ap1%3Ap2%3Aac%3Aap%3Aneg%3Afi%3Atikwd-869815001187%3Alp1009919%3Ali%3Adec%3Adm%3Appccp%3DUmFuZG9tSVYkc2RlIyh9YXdX6HrtnYy-Ml68sH-ljtU&aid=311984&dest_id=198&dest_type=country&group_adults=2&req_adults=2&no_rooms=1&broad_search_not_eligible=1&order=score&nflt=ht_id%3D204%3Bht_id%3D213%3Bht_id%3D216%3Bht_id%3D201%3Btop_destinations%3D6021%3Bpopular_nearby_landmarks%3D900059521%3Bpopular_nearby_landmarks%3D900059520%3Bpopular_nearby_landmarks%3D900074332%3Bpopular_nearby_landmarks%3D900077457%3Bpopular_nearby_landmarks%3D900059522%3Bpopular_nearby_landmarks%3D900074335%3Bpopular_nearby_landmarks%3D900074331%3Bpopular_nearby_landmarks%3D900053658%3Bpopular_nearby_landmarks%3D900053661%3Bpopular_nearby_landmarks%3D900053669%3Bpopular_nearby_landmarks%3D900058091%3Bpopular_nearby_landmarks%3D900059233%3Bpopular_nearby_landmarks%3D900059236%3Bpopular_nearby_landmarks%3D900059439%3Bpopular_nearby_landmarks%3D900059447%3Bpopular_nearby_landmarks%3D900059529%3Bpopular_nearby_landmarks%3D900069601%3Bpopular_nearby_landmarks%3D900069602%3Bpopular_nearby_landmarks%3D900069603%3Bpopular_nearby_landmarks%3D900070379%3Bpopular_nearby_landmarks%3D900074815%3Bpopular_nearby_landmarks%3D900074898%3Bpopular_nearby_landmarks%3D900075026%3Bpopular_nearby_landmarks%3D900059238","","Ella Flower Garden Resort","Scored 8.5","8.5","Location 9.4","Overlooking panoramic mountain views, Ella Flower Garden Resort is nestled in Ella. Rooms are equipped with a spacious private balcony and free WiFi access is available at all public areas.","· 295 reviews","Opens in new window","Ella","Show prices","Very Good","Show on map","","https://cf.bstatic.com/xdata/images/hotel/square600/656030967.webp?k=523e49fe5f3a09d026c2c2c68c4f4fe3a613644fb5d6466a47b013664608fb76&o="
"1777052003-149","https://www.booking.com/searchresults.html?label=bristol-XLwodozx2dVe8Ts0XeYuawS752260715469%3Apl%3Ata%3Ap1%3Ap2%3Aac%3Aap%3Aneg%3Afi%3Atikwd-869815001187%3Alp1009919%3Ali%3Adec%3Adm%3Appccp%3DUmFuZG9tSVYkc2RlIyh9YXdX6HrtnYy-Ml68sH-ljtU&aid=311984&dest_id=198&dest_type=country&group_adults=2&req_adults=2&no_rooms=1&broad_search_not_eligible=1&order=score&nflt=ht_id%3D204%3Bht_id%3D213%3Bht_id%3D216%3Bht_id%3D201%3Btop_destinations%3D6021%3Bpopular_nearby_landmarks%3D900059521%3Bpopular_nearby_landmarks%3D900059520%3Bpopular_nearby_landmarks%3D900074332%3Bpopular_nearby_landmarks%3D900077457%3Bpopular_nearby_landmarks%3D900059522%3Bpopular_nearby_landmarks%3D900074335%3Bpopular_nearby_landmarks%3D900074331%3Bpopular_nearby_landmarks%3D900053658%3Bpopular_nearby_landmarks%3D900053661%3Bpopular_nearby_landmarks%3D900053669%3Bpopular_nearby_landmarks%3D900058091%3Bpopular_nearby_landmarks%3D900059233%3Bpopular_nearby_landmarks%3D900059236%3Bpopular_nearby_landmarks%3D900059439%3Bpopular_nearby_landmarks%3D900059447%3Bpopular_nearby_landmarks%3D900059529%3Bpopular_nearby_landmarks%3D900069601%3Bpopular_nearby_landmarks%3D900069602%3Bpopular_nearby_landmarks%3D900069603%3Bpopular_nearby_landmarks%3D900070379%3Bpopular_nearby_landmarks%3D900074815%3Bpopular_nearby_landmarks%3D900074898%3Bpopular_nearby_landmarks%3D900075026%3Bpopular_nearby_landmarks%3D900059238","","Ravana Heights","Scored 8.5","8.5","","Located atop the Ella-pass, Ravana Heights stands 3281 ft above sea level. Offering picture perfect panoramic views of the Ella Gap and Ella Rock.","· 270 reviews","Opens in new window","Ella","Show prices","Very Good","Show on map","","https://cf.bstatic.com/xdata/images/hotel/square600/589524776.webp?k=753f754ddcc541a6d70b4f9a8bd760b0d3f6f4a24cc9c7d51b31fe9b4f243fde&o="
"1777052003-150","https://www.booking.com/searchresults.html?label=bristol-XLwodozx2dVe8Ts0XeYuawS752260715469%3Apl%3Ata%3Ap1%3Ap2%3Aac%3Aap%3Aneg%3Afi%3Atikwd-869815001187%3Alp1009919%3Ali%3Adec%3Adm%3Appccp%3DUmFuZG9tSVYkc2RlIyh9YXdX6HrtnYy-Ml68sH-ljtU&aid=311984&dest_id=198&dest_type=country&group_adults=2&req_adults=2&no_rooms=1&broad_search_not_eligible=1&order=score&nflt=ht_id%3D204%3Bht_id%3D213%3Bht_id%3D216%3Bht_id%3D201%3Btop_destinations%3D6021%3Bpopular_nearby_landmarks%3D900059521%3Bpopular_nearby_landmarks%3D900059520%3Bpopular_nearby_landmarks%3D900074332%3Bpopular_nearby_landmarks%3D900077457%3Bpopular_nearby_landmarks%3D900059522%3Bpopular_nearby_landmarks%3D900074335%3Bpopular_nearby_landmarks%3D900074331%3Bpopular_nearby_landmarks%3D900053658%3Bpopular_nearby_landmarks%3D900053661%3Bpopular_nearby_landmarks%3D900053669%3Bpopular_nearby_landmarks%3D900058091%3Bpopular_nearby_landmarks%3D900059233%3Bpopular_nearby_landmarks%3D900059236%3Bpopular_nearby_landmarks%3D900059439%3Bpopular_nearby_landmarks%3D900059447%3Bpopular_nearby_landmarks%3D900059529%3Bpopular_nearby_landmarks%3D900069601%3Bpopular_nearby_landmarks%3D900069602%3Bpopular_nearby_landmarks%3D900069603%3Bpopular_nearby_landmarks%3D900070379%3Bpopular_nearby_landmarks%3D900074815%3Bpopular_nearby_landmarks%3D900074898%3Bpopular_nearby_landmarks%3D900075026%3Bpopular_nearby_landmarks%3D900059238","","Nine Arch Gap","Scored 8.5","8.5","","Featuring garden views, Nine Arch Gap in Ella provides accommodations and a garden. This property offers access to a balcony, free private parking, and free Wifi.","· 513 reviews","Opens in new window","Ella","Show prices","Very Good","Show on map","","https://cf.bstatic.com/xdata/images/hotel/square600/191514445.webp?k=939039539fbe8730fc02e2380d1d1059de946a61470ca1b48bc5669b99086f37&o="
"1777052003-151","https://www.booking.com/searchresults.html?label=bristol-XLwodozx2dVe8Ts0XeYuawS752260715469%3Apl%3Ata%3Ap1%3Ap2%3Aac%3Aap%3Aneg%3Afi%3Atikwd-869815001187%3Alp1009919%3Ali%3Adec%3Adm%3Appccp%3DUmFuZG9tSVYkc2RlIyh9YXdX6HrtnYy-Ml68sH-ljtU&aid=311984&dest_id=198&dest_type=country&group_adults=2&req_adults=2&no_rooms=1&broad_search_not_eligible=1&order=score&nflt=ht_id%3D204%3Bht_id%3D213%3Bht_id%3D216%3Bht_id%3D201%3Btop_destinations%3D6021%3Bpopular_nearby_landmarks%3D900059521%3Bpopular_nearby_landmarks%3D900059520%3Bpopular_nearby_landmarks%3D900074332%3Bpopular_nearby_landmarks%3D900077457%3Bpopular_nearby_landmarks%3D900059522%3Bpopular_nearby_landmarks%3D900074335%3Bpopular_nearby_landmarks%3D900074331%3Bpopular_nearby_landmarks%3D900053658%3Bpopular_nearby_landmarks%3D900053661%3Bpopular_nearby_landmarks%3D900053669%3Bpopular_nearby_landmarks%3D900058091%3Bpopular_nearby_landmarks%3D900059233%3Bpopular_nearby_landmarks%3D900059236%3Bpopular_nearby_landmarks%3D900059439%3Bpopular_nearby_landmarks%3D900059447%3Bpopular_nearby_landmarks%3D900059529%3Bpopular_nearby_landmarks%3D900069601%3Bpopular_nearby_landmarks%3D900069602%3Bpopular_nearby_landmarks%3D900069603%3Bpopular_nearby_landmarks%3D900070379%3Bpopular_nearby_landmarks%3D900074815%3Bpopular_nearby_landmarks%3D900074898%3Bpopular_nearby_landmarks%3D900075026%3Bpopular_nearby_landmarks%3D900059238","","Viewfront Ella","Scored 8.5","8.5","Value for money 9.0","Located in Ella, 3 miles from Demodara Nine Arch Bridge, Viewfront Ella provides accommodations with a garden, free private parking, a terrace and a restaurant.","· 218 reviews","Opens in new window","Ella","Show prices","Very Good","Show on map","","https://cf.bstatic.com/xdata/images/hotel/square600/161730316.webp?k=cfefb96751bec0c712bb52626223cff80b83ee10e9418a9ffe0f2fa682fd18e4&o="
"1777052003-152","https://www.booking.com/searchresults.html?label=bristol-XLwodozx2dVe8Ts0XeYuawS752260715469%3Apl%3Ata%3Ap1%3Ap2%3Aac%3Aap%3Aneg%3Afi%3Atikwd-869815001187%3Alp1009919%3Ali%3Adec%3Adm%3Appccp%3DUmFuZG9tSVYkc2RlIyh9YXdX6HrtnYy-Ml68sH-ljtU&aid=311984&dest_id=198&dest_type=country&group_adults=2&req_adults=2&no_rooms=1&broad_search_not_eligible=1&order=score&nflt=ht_id%3D204%3Bht_id%3D213%3Bht_id%3D216%3Bht_id%3D201%3Btop_destinations%3D6021%3Bpopular_nearby_landmarks%3D900059521%3Bpopular_nearby_landmarks%3D900059520%3Bpopular_nearby_landmarks%3D900074332%3Bpopular_nearby_landmarks%3D900077457%3Bpopular_nearby_landmarks%3D900059522%3Bpopular_nearby_landmarks%3D900074335%3Bpopular_nearby_landmarks%3D900074331%3Bpopular_nearby_landmarks%3D900053658%3Bpopular_nearby_landmarks%3D900053661%3Bpopular_nearby_landmarks%3D900053669%3Bpopular_nearby_landmarks%3D900058091%3Bpopular_nearby_landmarks%3D900059233%3Bpopular_nearby_landmarks%3D900059236%3Bpopular_nearby_landmarks%3D900059439%3Bpopular_nearby_landmarks%3D900059447%3Bpopular_nearby_landmarks%3D900059529%3Bpopular_nearby_landmarks%3D900069601%3Bpopular_nearby_landmarks%3D900069602%3Bpopular_nearby_landmarks%3D900069603%3Bpopular_nearby_landmarks%3D900070379%3Bpopular_nearby_landmarks%3D900074815%3Bpopular_nearby_landmarks%3D900074898%3Bpopular_nearby_landmarks%3D900075026%3Bpopular_nearby_landmarks%3D900059238","","Summer Villa","Scored 8.5","8.5","Value for money 8.9","Summer Villa is located in Ella, within 3 miles of Demodara Nine Arch Bridge and 30 miles of Hakgala Botanical Garden.","· 75 reviews","Opens in new window","Ella","Show prices","Very Good","Show on map","","https://cf.bstatic.com/xdata/images/hotel/square600/704723092.webp?k=2e3ac1fffece72a442291b9a2ca47e89a42fca79a72c93e5fee09df9c5751c9e&o="
"1777052003-153","https://www.booking.com/searchresults.html?label=bristol-XLwodozx2dVe8Ts0XeYuawS752260715469%3Apl%3Ata%3Ap1%3Ap2%3Aac%3Aap%3Aneg%3Afi%3Atikwd-869815001187%3Alp1009919%3Ali%3Adec%3Adm%3Appccp%3DUmFuZG9tSVYkc2RlIyh9YXdX6HrtnYy-Ml68sH-ljtU&aid=311984&dest_id=198&dest_type=country&group_adults=2&req_adults=2&no_rooms=1&broad_search_not_eligible=1&order=score&nflt=ht_id%3D204%3Bht_id%3D213%3Bht_id%3D216%3Bht_id%3D201%3Btop_destinations%3D6021%3Bpopular_nearby_landmarks%3D900059521%3Bpopular_nearby_landmarks%3D900059520%3Bpopular_nearby_landmarks%3D900074332%3Bpopular_nearby_landmarks%3D900077457%3Bpopular_nearby_landmarks%3D900059522%3Bpopular_nearby_landmarks%3D900074335%3Bpopular_nearby_landmarks%3D900074331%3Bpopular_nearby_landmarks%3D900053658%3Bpopular_nearby_landmarks%3D900053661%3Bpopular_nearby_landmarks%3D900053669%3Bpopular_nearby_landmarks%3D900058091%3Bpopular_nearby_landmarks%3D900059233%3Bpopular_nearby_landmarks%3D900059236%3Bpopular_nearby_landmarks%3D900059439%3Bpopular_nearby_landmarks%3D900059447%3Bpopular_nearby_landmarks%3D900059529%3Bpopular_nearby_landmarks%3D900069601%3Bpopular_nearby_landmarks%3D900069602%3Bpopular_nearby_landmarks%3D900069603%3Bpopular_nearby_landmarks%3D900070379%3Bpopular_nearby_landmarks%3D900074815%3Bpopular_nearby_landmarks%3D900074898%3Bpopular_nearby_landmarks%3D900075026%3Bpopular_nearby_landmarks%3D900059238","","Oak Ray La Ella Breeze","Scored 8.5","8.5","Location 9.4","Located in Ella, 2.8 miles from Demodara Nine Arch Bridge, Oak Ray La Ella Breeze has accommodations with an outdoor swimming pool, free private parking, a shared lounge and a restaurant.","· 154 reviews","Opens in new window","Ella","Show prices","Very Good","Show on map","","https://cf.bstatic.com/xdata/images/hotel/square600/609249759.webp?k=a946ad14439f41f62c90cf9bf310214a72ed4caa2e0905a300e84b07767967da&o="
"1777052003-154","https://www.booking.com/searchresults.html?label=bristol-XLwodozx2dVe8Ts0XeYuawS752260715469%3Apl%3Ata%3Ap1%3Ap2%3Aac%3Aap%3Aneg%3Afi%3Atikwd-869815001187%3Alp1009919%3Ali%3Adec%3Adm%3Appccp%3DUmFuZG9tSVYkc2RlIyh9YXdX6HrtnYy-Ml68sH-ljtU&aid=311984&dest_id=198&dest_type=country&group_adults=2&req_adults=2&no_rooms=1&broad_search_not_eligible=1&order=score&nflt=ht_id%3D204%3Bht_id%3D213%3Bht_id%3D216%3Bht_id%3D201%3Btop_destinations%3D6021%3Bpopular_nearby_landmarks%3D900059521%3Bpopular_nearby_landmarks%3D900059520%3Bpopular_nearby_landmarks%3D900074332%3Bpopular_nearby_landmarks%3D900077457%3Bpopular_nearby_landmarks%3D900059522%3Bpopular_nearby_landmarks%3D900074335%3Bpopular_nearby_landmarks%3D900074331%3Bpopular_nearby_landmarks%3D900053658%3Bpopular_nearby_landmarks%3D900053661%3Bpopular_nearby_landmarks%3D900053669%3Bpopular_nearby_landmarks%3D900058091%3Bpopular_nearby_landmarks%3D900059233%3Bpopular_nearby_landmarks%3D900059236%3Bpopular_nearby_landmarks%3D900059439%3Bpopular_nearby_landmarks%3D900059447%3Bpopular_nearby_landmarks%3D900059529%3Bpopular_nearby_landmarks%3D900069601%3Bpopular_nearby_landmarks%3D900069602%3Bpopular_nearby_landmarks%3D900069603%3Bpopular_nearby_landmarks%3D900070379%3Bpopular_nearby_landmarks%3D900074815%3Bpopular_nearby_landmarks%3D900074898%3Bpopular_nearby_landmarks%3D900075026%3Bpopular_nearby_landmarks%3D900059238","","NAT City Ella","Scored 8.5","8.5","Value for money 8.6","Located in Ella, 1.2 miles from Demodara Nine Arch Bridge, NAT City Ella provides accommodations with a terrace, free private parking and a restaurant.","· 18 reviews","Opens in new window","Ella","Show prices","Very Good","Show on map","","https://cf.bstatic.com/xdata/images/hotel/square600/820708418.webp?k=9821d022474bda47927a7d290b2b50e72bcf5ad3e5a625191692dcb32b10e3c9&o="
"1777052003-155","https://www.booking.com/searchresults.html?label=bristol-XLwodozx2dVe8Ts0XeYuawS752260715469%3Apl%3Ata%3Ap1%3Ap2%3Aac%3Aap%3Aneg%3Afi%3Atikwd-869815001187%3Alp1009919%3Ali%3Adec%3Adm%3Appccp%3DUmFuZG9tSVYkc2RlIyh9YXdX6HrtnYy-Ml68sH-ljtU&aid=311984&dest_id=198&dest_type=country&group_adults=2&req_adults=2&no_rooms=1&broad_search_not_eligible=1&order=score&nflt=ht_id%3D204%3Bht_id%3D213%3Bht_id%3D216%3Bht_id%3D201%3Btop_destinations%3D6021%3Bpopular_nearby_landmarks%3D900059521%3Bpopular_nearby_landmarks%3D900059520%3Bpopular_nearby_landmarks%3D900074332%3Bpopular_nearby_landmarks%3D900077457%3Bpopular_nearby_landmarks%3D900059522%3Bpopular_nearby_landmarks%3D900074335%3Bpopular_nearby_landmarks%3D900074331%3Bpopular_nearby_landmarks%3D900053658%3Bpopular_nearby_landmarks%3D900053661%3Bpopular_nearby_landmarks%3D900053669%3Bpopular_nearby_landmarks%3D900058091%3Bpopular_nearby_landmarks%3D900059233%3Bpopular_nearby_landmarks%3D900059236%3Bpopular_nearby_landmarks%3D900059439%3Bpopular_nearby_landmarks%3D900059447%3Bpopular_nearby_landmarks%3D900059529%3Bpopular_nearby_landmarks%3D900069601%3Bpopular_nearby_landmarks%3D900069602%3Bpopular_nearby_landmarks%3D900069603%3Bpopular_nearby_landmarks%3D900070379%3Bpopular_nearby_landmarks%3D900074815%3Bpopular_nearby_landmarks%3D900074898%3Bpopular_nearby_landmarks%3D900075026%3Bpopular_nearby_landmarks%3D900059238","","Mountjoy Ella","Scored 8.5","8.5","Value for money 8.7","Located in Ella, 3 miles from Demodara Nine Arch Bridge, Mountjoy Ella provides accommodations with a garden, free private parking, a terrace and a restaurant.","· 164 reviews","Opens in new window","Ella","Show prices","Very Good","Show on map","","https://cf.bstatic.com/xdata/images/hotel/square600/480407797.webp?k=b3ae2bf9733e5141f91a6d9ebc65fe591ff1fc9d7172bdff63d9412eccf86a54&o="
"1777052003-156","https://www.booking.com/searchresults.html?label=bristol-XLwodozx2dVe8Ts0XeYuawS752260715469%3Apl%3Ata%3Ap1%3Ap2%3Aac%3Aap%3Aneg%3Afi%3Atikwd-869815001187%3Alp1009919%3Ali%3Adec%3Adm%3Appccp%3DUmFuZG9tSVYkc2RlIyh9YXdX6HrtnYy-Ml68sH-ljtU&aid=311984&dest_id=198&dest_type=country&group_adults=2&req_adults=2&no_rooms=1&broad_search_not_eligible=1&order=score&nflt=ht_id%3D204%3Bht_id%3D213%3Bht_id%3D216%3Bht_id%3D201%3Btop_destinations%3D6021%3Bpopular_nearby_landmarks%3D900059521%3Bpopular_nearby_landmarks%3D900059520%3Bpopular_nearby_landmarks%3D900074332%3Bpopular_nearby_landmarks%3D900077457%3Bpopular_nearby_landmarks%3D900059522%3Bpopular_nearby_landmarks%3D900074335%3Bpopular_nearby_landmarks%3D900074331%3Bpopular_nearby_landmarks%3D900053658%3Bpopular_nearby_landmarks%3D900053661%3Bpopular_nearby_landmarks%3D900053669%3Bpopular_nearby_landmarks%3D900058091%3Bpopular_nearby_landmarks%3D900059233%3Bpopular_nearby_landmarks%3D900059236%3Bpopular_nearby_landmarks%3D900059439%3Bpopular_nearby_landmarks%3D900059447%3Bpopular_nearby_landmarks%3D900059529%3Bpopular_nearby_landmarks%3D900069601%3Bpopular_nearby_landmarks%3D900069602%3Bpopular_nearby_landmarks%3D900069603%3Bpopular_nearby_landmarks%3D900070379%3Bpopular_nearby_landmarks%3D900074815%3Bpopular_nearby_landmarks%3D900074898%3Bpopular_nearby_landmarks%3D900075026%3Bpopular_nearby_landmarks%3D900059238","","Seven Heaven","Scored 8.5","8.5","Value for money 8.8","Just a 16-minute walk from Ella Spice Garden Cooking Class and 0.6 miles from Ella Train Station, Seven Heaven features accommodations in Ella, with a terrace.","· 480 reviews","Opens in new window","Ella","Show prices","Very Good","Show on map","","https://cf.bstatic.com/xdata/images/hotel/square600/112219696.webp?k=6d9f3a8af883132e4ed741307f97065b132711dfa4d6158d8e8137096be1259a&o="
"1777052003-157","https://www.booking.com/searchresults.html?label=bristol-XLwodozx2dVe8Ts0XeYuawS752260715469%3Apl%3Ata%3Ap1%3Ap2%3Aac%3Aap%3Aneg%3Afi%3Atikwd-869815001187%3Alp1009919%3Ali%3Adec%3Adm%3Appccp%3DUmFuZG9tSVYkc2RlIyh9YXdX6HrtnYy-Ml68sH-ljtU&aid=311984&dest_id=198&dest_type=country&group_adults=2&req_adults=2&no_rooms=1&broad_search_not_eligible=1&order=score&nflt=ht_id%3D204%3Bht_id%3D213%3Bht_id%3D216%3Bht_id%3D201%3Btop_destinations%3D6021%3Bpopular_nearby_landmarks%3D900059521%3Bpopular_nearby_landmarks%3D900059520%3Bpopular_nearby_landmarks%3D900074332%3Bpopular_nearby_landmarks%3D900077457%3Bpopular_nearby_landmarks%3D900059522%3Bpopular_nearby_landmarks%3D900074335%3Bpopular_nearby_landmarks%3D900074331%3Bpopular_nearby_landmarks%3D900053658%3Bpopular_nearby_landmarks%3D900053661%3Bpopular_nearby_landmarks%3D900053669%3Bpopular_nearby_landmarks%3D900058091%3Bpopular_nearby_landmarks%3D900059233%3Bpopular_nearby_landmarks%3D900059236%3Bpopular_nearby_landmarks%3D900059439%3Bpopular_nearby_landmarks%3D900059447%3Bpopular_nearby_landmarks%3D900059529%3Bpopular_nearby_landmarks%3D900069601%3Bpopular_nearby_landmarks%3D900069602%3Bpopular_nearby_landmarks%3D900069603%3Bpopular_nearby_landmarks%3D900070379%3Bpopular_nearby_landmarks%3D900074815%3Bpopular_nearby_landmarks%3D900074898%3Bpopular_nearby_landmarks%3D900075026%3Bpopular_nearby_landmarks%3D900059238","","Hidden Gem Inn","Scored 8.5","8.5","","Located in Ella, 3.4 miles from Demodara Nine Arch Bridge, Hidden Gem Inn provides accommodations with a garden, free private parking and a terrace.","· 93 reviews","Opens in new window","Ella","Show prices","Very Good","Show on map","","https://cf.bstatic.com/xdata/images/hotel/square600/734811991.webp?k=4784a64ddc6e0162f27b7cae6339d68422016e429ce244d70c91107002b8ac9d&o="
"1777052003-158","https://www.booking.com/searchresults.html?label=bristol-XLwodozx2dVe8Ts0XeYuawS752260715469%3Apl%3Ata%3Ap1%3Ap2%3Aac%3Aap%3Aneg%3Afi%3Atikwd-869815001187%3Alp1009919%3Ali%3Adec%3Adm%3Appccp%3DUmFuZG9tSVYkc2RlIyh9YXdX6HrtnYy-Ml68sH-ljtU&aid=311984&dest_id=198&dest_type=country&group_adults=2&req_adults=2&no_rooms=1&broad_search_not_eligible=1&order=score&nflt=ht_id%3D204%3Bht_id%3D213%3Bht_id%3D216%3Bht_id%3D201%3Btop_destinations%3D6021%3Bpopular_nearby_landmarks%3D900059521%3Bpopular_nearby_landmarks%3D900059520%3Bpopular_nearby_landmarks%3D900074332%3Bpopular_nearby_landmarks%3D900077457%3Bpopular_nearby_landmarks%3D900059522%3Bpopular_nearby_landmarks%3D900074335%3Bpopular_nearby_landmarks%3D900074331%3Bpopular_nearby_landmarks%3D900053658%3Bpopular_nearby_landmarks%3D900053661%3Bpopular_nearby_landmarks%3D900053669%3Bpopular_nearby_landmarks%3D900058091%3Bpopular_nearby_landmarks%3D900059233%3Bpopular_nearby_landmarks%3D900059236%3Bpopular_nearby_landmarks%3D900059439%3Bpopular_nearby_landmarks%3D900059447%3Bpopular_nearby_landmarks%3D900059529%3Bpopular_nearby_landmarks%3D900069601%3Bpopular_nearby_landmarks%3D900069602%3Bpopular_nearby_landmarks%3D900069603%3Bpopular_nearby_landmarks%3D900070379%3Bpopular_nearby_landmarks%3D900074815%3Bpopular_nearby_landmarks%3D900074898%3Bpopular_nearby_landmarks%3D900075026%3Bpopular_nearby_landmarks%3D900059238","","Once in Ella","Scored 8.5","8.5","Value for money 8.7","Providing garden views, Once in Ella in Ella offers accommodations and a garden. This guest house provides free private parking, a shared kitchen, and free Wifi.","· 87 reviews","Opens in new window","Ella","Show prices","Very Good","Show on map","","https://cf.bstatic.com/xdata/images/hotel/square600/422275402.webp?k=890888e4ae8256c90dc52f4e0e086e37d5b7213dcb6661f707ea9d995adc902d&o="
"1777052003-159","https://www.booking.com/searchresults.html?label=bristol-XLwodozx2dVe8Ts0XeYuawS752260715469%3Apl%3Ata%3Ap1%3Ap2%3Aac%3Aap%3Aneg%3Afi%3Atikwd-869815001187%3Alp1009919%3Ali%3Adec%3Adm%3Appccp%3DUmFuZG9tSVYkc2RlIyh9YXdX6HrtnYy-Ml68sH-ljtU&aid=311984&dest_id=198&dest_type=country&group_adults=2&req_adults=2&no_rooms=1&broad_search_not_eligible=1&order=score&nflt=ht_id%3D204%3Bht_id%3D213%3Bht_id%3D216%3Bht_id%3D201%3Btop_destinations%3D6021%3Bpopular_nearby_landmarks%3D900059521%3Bpopular_nearby_landmarks%3D900059520%3Bpopular_nearby_landmarks%3D900074332%3Bpopular_nearby_landmarks%3D900077457%3Bpopular_nearby_landmarks%3D900059522%3Bpopular_nearby_landmarks%3D900074335%3Bpopular_nearby_landmarks%3D900074331%3Bpopular_nearby_landmarks%3D900053658%3Bpopular_nearby_landmarks%3D900053661%3Bpopular_nearby_landmarks%3D900053669%3Bpopular_nearby_landmarks%3D900058091%3Bpopular_nearby_landmarks%3D900059233%3Bpopular_nearby_landmarks%3D900059236%3Bpopular_nearby_landmarks%3D900059439%3Bpopular_nearby_landmarks%3D900059447%3Bpopular_nearby_landmarks%3D900059529%3Bpopular_nearby_landmarks%3D900069601%3Bpopular_nearby_landmarks%3D900069602%3Bpopular_nearby_landmarks%3D900069603%3Bpopular_nearby_landmarks%3D900070379%3Bpopular_nearby_landmarks%3D900074815%3Bpopular_nearby_landmarks%3D900074898%3Bpopular_nearby_landmarks%3D900075026%3Bpopular_nearby_landmarks%3D900059238","","Rose Villa Ella","Scored 8.5","8.5","Location 9.6","Located in Ella, 1.2 miles from Demodara Nine Arch Bridge, Rose Villa Ella provides accommodations with a garden, free private parking, a shared lounge and a terrace.","· 12 reviews","Opens in new window","Ella","Show prices","Very Good","Show on map","","https://cf.bstatic.com/xdata/images/hotel/square600/513890147.webp?k=43d2c2da9cb932ec6eadf3937a3d935772216710824e8d12d83e01a65ce91ba1&o="
"1777052003-160","https://www.booking.com/searchresults.html?label=bristol-XLwodozx2dVe8Ts0XeYuawS752260715469%3Apl%3Ata%3Ap1%3Ap2%3Aac%3Aap%3Aneg%3Afi%3Atikwd-869815001187%3Alp1009919%3Ali%3Adec%3Adm%3Appccp%3DUmFuZG9tSVYkc2RlIyh9YXdX6HrtnYy-Ml68sH-ljtU&aid=311984&dest_id=198&dest_type=country&group_adults=2&req_adults=2&no_rooms=1&broad_search_not_eligible=1&order=score&nflt=ht_id%3D204%3Bht_id%3D213%3Bht_id%3D216%3Bht_id%3D201%3Btop_destinations%3D6021%3Bpopular_nearby_landmarks%3D900059521%3Bpopular_nearby_landmarks%3D900059520%3Bpopular_nearby_landmarks%3D900074332%3Bpopular_nearby_landmarks%3D900077457%3Bpopular_nearby_landmarks%3D900059522%3Bpopular_nearby_landmarks%3D900074335%3Bpopular_nearby_landmarks%3D900074331%3Bpopular_nearby_landmarks%3D900053658%3Bpopular_nearby_landmarks%3D900053661%3Bpopular_nearby_landmarks%3D900053669%3Bpopular_nearby_landmarks%3D900058091%3Bpopular_nearby_landmarks%3D900059233%3Bpopular_nearby_landmarks%3D900059236%3Bpopular_nearby_landmarks%3D900059439%3Bpopular_nearby_landmarks%3D900059447%3Bpopular_nearby_landmarks%3D900059529%3Bpopular_nearby_landmarks%3D900069601%3Bpopular_nearby_landmarks%3D900069602%3Bpopular_nearby_landmarks%3D900069603%3Bpopular_nearby_landmarks%3D900070379%3Bpopular_nearby_landmarks%3D900074815%3Bpopular_nearby_landmarks%3D900074898%3Bpopular_nearby_landmarks%3D900075026%3Bpopular_nearby_landmarks%3D900059238","","Mountain Inn - ELLA","Scored 8.5","8.5","Value for money 8.9","Located in Ella, within 1.4 miles of Demodara Nine Arch Bridge and 31 miles of Hakgala Botanical Garden, Mountain Inn - ELLA has accommodations with a terrace as well as free private parking for...","· 19 reviews","Opens in new window","Ella","Show prices","Very Good","Show on map","","https://cf.bstatic.com/xdata/images/hotel/square600/655482099.webp?k=69fa5c55c63085e6b5d013e04fd3adb2ea6fb04c6481c864dc1c1b286a2e988c&o="
"1777052003-161","https://www.booking.com/searchresults.html?label=bristol-XLwodozx2dVe8Ts0XeYuawS752260715469%3Apl%3Ata%3Ap1%3Ap2%3Aac%3Aap%3Aneg%3Afi%3Atikwd-869815001187%3Alp1009919%3Ali%3Adec%3Adm%3Appccp%3DUmFuZG9tSVYkc2RlIyh9YXdX6HrtnYy-Ml68sH-ljtU&aid=311984&dest_id=198&dest_type=country&group_adults=2&req_adults=2&no_rooms=1&broad_search_not_eligible=1&order=score&nflt=ht_id%3D204%3Bht_id%3D213%3Bht_id%3D216%3Bht_id%3D201%3Btop_destinations%3D6021%3Bpopular_nearby_landmarks%3D900059521%3Bpopular_nearby_landmarks%3D900059520%3Bpopular_nearby_landmarks%3D900074332%3Bpopular_nearby_landmarks%3D900077457%3Bpopular_nearby_landmarks%3D900059522%3Bpopular_nearby_landmarks%3D900074335%3Bpopular_nearby_landmarks%3D900074331%3Bpopular_nearby_landmarks%3D900053658%3Bpopular_nearby_landmarks%3D900053661%3Bpopular_nearby_landmarks%3D900053669%3Bpopular_nearby_landmarks%3D900058091%3Bpopular_nearby_landmarks%3D900059233%3Bpopular_nearby_landmarks%3D900059236%3Bpopular_nearby_landmarks%3D900059439%3Bpopular_nearby_landmarks%3D900059447%3Bpopular_nearby_landmarks%3D900059529%3Bpopular_nearby_landmarks%3D900069601%3Bpopular_nearby_landmarks%3D900069602%3Bpopular_nearby_landmarks%3D900069603%3Bpopular_nearby_landmarks%3D900070379%3Bpopular_nearby_landmarks%3D900074815%3Bpopular_nearby_landmarks%3D900074898%3Bpopular_nearby_landmarks%3D900075026%3Bpopular_nearby_landmarks%3D900059238","","Namara Green Ella","Scored 8.4","8.4","","Namara Green Ella enjoys a location in Ella, 30 miles from Hakgala Botanical Garden and 30 miles from Horton Plains National Park.","· 427 reviews","Opens in new window","Ella","Show prices","Very Good","Show on map","","https://cf.bstatic.com/xdata/images/hotel/square600/821365103.webp?k=aac2e5a9690e2aad5204da46544e6e47c3e62ebfccf69d5561b0dc38c3f1fafd&o="
"1777052003-162","https://www.booking.com/searchresults.html?label=bristol-XLwodozx2dVe8Ts0XeYuawS752260715469%3Apl%3Ata%3Ap1%3Ap2%3Aac%3Aap%3Aneg%3Afi%3Atikwd-869815001187%3Alp1009919%3Ali%3Adec%3Adm%3Appccp%3DUmFuZG9tSVYkc2RlIyh9YXdX6HrtnYy-Ml68sH-ljtU&aid=311984&dest_id=198&dest_type=country&group_adults=2&req_adults=2&no_rooms=1&broad_search_not_eligible=1&order=score&nflt=ht_id%3D204%3Bht_id%3D213%3Bht_id%3D216%3Bht_id%3D201%3Btop_destinations%3D6021%3Bpopular_nearby_landmarks%3D900059521%3Bpopular_nearby_landmarks%3D900059520%3Bpopular_nearby_landmarks%3D900074332%3Bpopular_nearby_landmarks%3D900077457%3Bpopular_nearby_landmarks%3D900059522%3Bpopular_nearby_landmarks%3D900074335%3Bpopular_nearby_landmarks%3D900074331%3Bpopular_nearby_landmarks%3D900053658%3Bpopular_nearby_landmarks%3D900053661%3Bpopular_nearby_landmarks%3D900053669%3Bpopular_nearby_landmarks%3D900058091%3Bpopular_nearby_landmarks%3D900059233%3Bpopular_nearby_landmarks%3D900059236%3Bpopular_nearby_landmarks%3D900059439%3Bpopular_nearby_landmarks%3D900059447%3Bpopular_nearby_landmarks%3D900059529%3Bpopular_nearby_landmarks%3D900069601%3Bpopular_nearby_landmarks%3D900069602%3Bpopular_nearby_landmarks%3D900069603%3Bpopular_nearby_landmarks%3D900070379%3Bpopular_nearby_landmarks%3D900074815%3Bpopular_nearby_landmarks%3D900074898%3Bpopular_nearby_landmarks%3D900075026%3Bpopular_nearby_landmarks%3D900059238","","Ella Camelot","Scored 8.4","8.4","Value for money 8.5","Ella Camelot enjoys a location in Ella, 4.6 miles from Demodara Nine Arch Bridge and 500 yards from Ella Rock. The villa has access to a restaurant.","· 433 reviews","Opens in new window","Ella","Show prices","Very Good","Show on map","","https://cf.bstatic.com/xdata/images/hotel/square600/237654717.webp?k=8ec2aff494047b7a2a901e4eb0b8f424622e118044299557bd342b6990001e93&o="
"1777052003-163","https://www.booking.com/searchresults.html?label=bristol-XLwodozx2dVe8Ts0XeYuawS752260715469%3Apl%3Ata%3Ap1%3Ap2%3Aac%3Aap%3Aneg%3Afi%3Atikwd-869815001187%3Alp1009919%3Ali%3Adec%3Adm%3Appccp%3DUmFuZG9tSVYkc2RlIyh9YXdX6HrtnYy-Ml68sH-ljtU&aid=311984&dest_id=198&dest_type=country&group_adults=2&req_adults=2&no_rooms=1&broad_search_not_eligible=1&order=score&nflt=ht_id%3D204%3Bht_id%3D213%3Bht_id%3D216%3Bht_id%3D201%3Btop_destinations%3D6021%3Bpopular_nearby_landmarks%3D900059521%3Bpopular_nearby_landmarks%3D900059520%3Bpopular_nearby_landmarks%3D900074332%3Bpopular_nearby_landmarks%3D900077457%3Bpopular_nearby_landmarks%3D900059522%3Bpopular_nearby_landmarks%3D900074335%3Bpopular_nearby_landmarks%3D900074331%3Bpopular_nearby_landmarks%3D900053658%3Bpopular_nearby_landmarks%3D900053661%3Bpopular_nearby_landmarks%3D900053669%3Bpopular_nearby_landmarks%3D900058091%3Bpopular_nearby_landmarks%3D900059233%3Bpopular_nearby_landmarks%3D900059236%3Bpopular_nearby_landmarks%3D900059439%3Bpopular_nearby_landmarks%3D900059447%3Bpopular_nearby_landmarks%3D900059529%3Bpopular_nearby_landmarks%3D900069601%3Bpopular_nearby_landmarks%3D900069602%3Bpopular_nearby_landmarks%3D900069603%3Bpopular_nearby_landmarks%3D900070379%3Bpopular_nearby_landmarks%3D900074815%3Bpopular_nearby_landmarks%3D900074898%3Bpopular_nearby_landmarks%3D900075026%3Bpopular_nearby_landmarks%3D900059238","","Mount Breeze Ella","Scored 8.4","8.4","Value for money 8.6","Offering garden views, Mount Breeze Ella in Ella features accommodations and a garden. This property offers access to a terrace, free private parking, and free Wifi.","· 407 reviews","Opens in new window","Ella","Show prices","Very Good","Show on map","","https://cf.bstatic.com/xdata/images/hotel/square600/784761631.webp?k=098fcc3c8af855e24eac556db824eb759119ce3f4f1023ba69fae9f93092a2ef&o="
"1777052003-164","https://www.booking.com/searchresults.html?label=bristol-XLwodozx2dVe8Ts0XeYuawS752260715469%3Apl%3Ata%3Ap1%3Ap2%3Aac%3Aap%3Aneg%3Afi%3Atikwd-869815001187%3Alp1009919%3Ali%3Adec%3Adm%3Appccp%3DUmFuZG9tSVYkc2RlIyh9YXdX6HrtnYy-Ml68sH-ljtU&aid=311984&dest_id=198&dest_type=country&group_adults=2&req_adults=2&no_rooms=1&broad_search_not_eligible=1&order=score&nflt=ht_id%3D204%3Bht_id%3D213%3Bht_id%3D216%3Bht_id%3D201%3Btop_destinations%3D6021%3Bpopular_nearby_landmarks%3D900059521%3Bpopular_nearby_landmarks%3D900059520%3Bpopular_nearby_landmarks%3D900074332%3Bpopular_nearby_landmarks%3D900077457%3Bpopular_nearby_landmarks%3D900059522%3Bpopular_nearby_landmarks%3D900074335%3Bpopular_nearby_landmarks%3D900074331%3Bpopular_nearby_landmarks%3D900053658%3Bpopular_nearby_landmarks%3D900053661%3Bpopular_nearby_landmarks%3D900053669%3Bpopular_nearby_landmarks%3D900058091%3Bpopular_nearby_landmarks%3D900059233%3Bpopular_nearby_landmarks%3D900059236%3Bpopular_nearby_landmarks%3D900059439%3Bpopular_nearby_landmarks%3D900059447%3Bpopular_nearby_landmarks%3D900059529%3Bpopular_nearby_landmarks%3D900069601%3Bpopular_nearby_landmarks%3D900069602%3Bpopular_nearby_landmarks%3D900069603%3Bpopular_nearby_landmarks%3D900070379%3Bpopular_nearby_landmarks%3D900074815%3Bpopular_nearby_landmarks%3D900074898%3Bpopular_nearby_landmarks%3D900075026%3Bpopular_nearby_landmarks%3D900059238","","Farah Guest Inn","Scored 8.4","8.4","Value for money 8.9","Providing garden views, Farah Guest Inn in Haputale offers accommodations and a garden.","· 102 reviews","Opens in new window","Haputale","Show prices","Very Good","Show on map","","https://cf.bstatic.com/xdata/images/hotel/square600/130159058.webp?k=8b8c98ffb4c3fa3c520830601e71fb4b19fc64032575469b4358121daba2c78d&o="
"1777052003-165","https://www.booking.com/searchresults.html?label=bristol-XLwodozx2dVe8Ts0XeYuawS752260715469%3Apl%3Ata%3Ap1%3Ap2%3Aac%3Aap%3Aneg%3Afi%3Atikwd-869815001187%3Alp1009919%3Ali%3Adec%3Adm%3Appccp%3DUmFuZG9tSVYkc2RlIyh9YXdX6HrtnYy-Ml68sH-ljtU&aid=311984&dest_id=198&dest_type=country&group_adults=2&req_adults=2&no_rooms=1&broad_search_not_eligible=1&order=score&nflt=ht_id%3D204%3Bht_id%3D213%3Bht_id%3D216%3Bht_id%3D201%3Btop_destinations%3D6021%3Bpopular_nearby_landmarks%3D900059521%3Bpopular_nearby_landmarks%3D900059520%3Bpopular_nearby_landmarks%3D900074332%3Bpopular_nearby_landmarks%3D900077457%3Bpopular_nearby_landmarks%3D900059522%3Bpopular_nearby_landmarks%3D900074335%3Bpopular_nearby_landmarks%3D900074331%3Bpopular_nearby_landmarks%3D900053658%3Bpopular_nearby_landmarks%3D900053661%3Bpopular_nearby_landmarks%3D900053669%3Bpopular_nearby_landmarks%3D900058091%3Bpopular_nearby_landmarks%3D900059233%3Bpopular_nearby_landmarks%3D900059236%3Bpopular_nearby_landmarks%3D900059439%3Bpopular_nearby_landmarks%3D900059447%3Bpopular_nearby_landmarks%3D900059529%3Bpopular_nearby_landmarks%3D900069601%3Bpopular_nearby_landmarks%3D900069602%3Bpopular_nearby_landmarks%3D900069603%3Bpopular_nearby_landmarks%3D900070379%3Bpopular_nearby_landmarks%3D900074815%3Bpopular_nearby_landmarks%3D900074898%3Bpopular_nearby_landmarks%3D900075026%3Bpopular_nearby_landmarks%3D900059238","","Daffodil Resort Haputale","Scored 8.4","8.4","Value for money 9.0","Daffodil Resort Haputale enjoys a location in Haputale, 15 miles from Demodara Nine Arch Bridge and 21 miles from Horton Plains National Park.","· 22 reviews","Opens in new window","Haputale","Show prices","Very Good","Show on map","","https://cf.bstatic.com/xdata/images/hotel/square600/635342137.webp?k=4e5c2226663b1f5eae81cd49eaa8e45c5e358961a53db071ba5af58942833f9c&o="
"1777052003-166","https://www.booking.com/searchresults.html?label=bristol-XLwodozx2dVe8Ts0XeYuawS752260715469%3Apl%3Ata%3Ap1%3Ap2%3Aac%3Aap%3Aneg%3Afi%3Atikwd-869815001187%3Alp1009919%3Ali%3Adec%3Adm%3Appccp%3DUmFuZG9tSVYkc2RlIyh9YXdX6HrtnYy-Ml68sH-ljtU&aid=311984&dest_id=198&dest_type=country&group_adults=2&req_adults=2&no_rooms=1&broad_search_not_eligible=1&order=score&nflt=ht_id%3D204%3Bht_id%3D213%3Bht_id%3D216%3Bht_id%3D201%3Btop_destinations%3D6021%3Bpopular_nearby_landmarks%3D900059521%3Bpopular_nearby_landmarks%3D900059520%3Bpopular_nearby_landmarks%3D900074332%3Bpopular_nearby_landmarks%3D900077457%3Bpopular_nearby_landmarks%3D900059522%3Bpopular_nearby_landmarks%3D900074335%3Bpopular_nearby_landmarks%3D900074331%3Bpopular_nearby_landmarks%3D900053658%3Bpopular_nearby_landmarks%3D900053661%3Bpopular_nearby_landmarks%3D900053669%3Bpopular_nearby_landmarks%3D900058091%3Bpopular_nearby_landmarks%3D900059233%3Bpopular_nearby_landmarks%3D900059236%3Bpopular_nearby_landmarks%3D900059439%3Bpopular_nearby_landmarks%3D900059447%3Bpopular_nearby_landmarks%3D900059529%3Bpopular_nearby_landmarks%3D900069601%3Bpopular_nearby_landmarks%3D900069602%3Bpopular_nearby_landmarks%3D900069603%3Bpopular_nearby_landmarks%3D900070379%3Bpopular_nearby_landmarks%3D900074815%3Bpopular_nearby_landmarks%3D900074898%3Bpopular_nearby_landmarks%3D900075026%3Bpopular_nearby_landmarks%3D900059238","","Ranuchanu Rockview Inn Ella","Scored 8.4","8.4","","Located within 3.3 miles of Demodara Nine Arch Bridge and 31 miles of Hakgala Botanical Garden, Ranuchanu Rockview Inn Ella provides rooms in Ella.","· 38 reviews","Opens in new window","Ella","Show prices","Very Good","Show on map","","https://cf.bstatic.com/xdata/images/hotel/square600/600375420.webp?k=2d6c881279195502494b0860731d71d26df9ea9b04856bd92fe45a47405a4f3d&o="
"1777052003-167","https://www.booking.com/searchresults.html?label=bristol-XLwodozx2dVe8Ts0XeYuawS752260715469%3Apl%3Ata%3Ap1%3Ap2%3Aac%3Aap%3Aneg%3Afi%3Atikwd-869815001187%3Alp1009919%3Ali%3Adec%3Adm%3Appccp%3DUmFuZG9tSVYkc2RlIyh9YXdX6HrtnYy-Ml68sH-ljtU&aid=311984&dest_id=198&dest_type=country&group_adults=2&req_adults=2&no_rooms=1&broad_search_not_eligible=1&order=score&nflt=ht_id%3D204%3Bht_id%3D213%3Bht_id%3D216%3Bht_id%3D201%3Btop_destinations%3D6021%3Bpopular_nearby_landmarks%3D900059521%3Bpopular_nearby_landmarks%3D900059520%3Bpopular_nearby_landmarks%3D900074332%3Bpopular_nearby_landmarks%3D900077457%3Bpopular_nearby_landmarks%3D900059522%3Bpopular_nearby_landmarks%3D900074335%3Bpopular_nearby_landmarks%3D900074331%3Bpopular_nearby_landmarks%3D900053658%3Bpopular_nearby_landmarks%3D900053661%3Bpopular_nearby_landmarks%3D900053669%3Bpopular_nearby_landmarks%3D900058091%3Bpopular_nearby_landmarks%3D900059233%3Bpopular_nearby_landmarks%3D900059236%3Bpopular_nearby_landmarks%3D900059439%3Bpopular_nearby_landmarks%3D900059447%3Bpopular_nearby_landmarks%3D900059529%3Bpopular_nearby_landmarks%3D900069601%3Bpopular_nearby_landmarks%3D900069602%3Bpopular_nearby_landmarks%3D900069603%3Bpopular_nearby_landmarks%3D900070379%3Bpopular_nearby_landmarks%3D900074815%3Bpopular_nearby_landmarks%3D900074898%3Bpopular_nearby_landmarks%3D900075026%3Bpopular_nearby_landmarks%3D900059238","","Gaga Bees Ella","Scored 8.3","8.3","","Located in Ella, 3 miles from Demodara Nine Arch Bridge, Gaga Bees Ella provides accommodations with an outdoor swimming pool, free private parking, a garden and a terrace.","· 400 reviews","Opens in new window","Ella","Show prices","Very Good","Show on map","","https://cf.bstatic.com/xdata/images/hotel/square600/577369397.webp?k=96dd4b5ca149ba14e5a81ffb4f0a77333b4b5dab89d074a073525e3e7493ee7c&o="
"1777052003-168","https://www.booking.com/searchresults.html?label=bristol-XLwodozx2dVe8Ts0XeYuawS752260715469%3Apl%3Ata%3Ap1%3Ap2%3Aac%3Aap%3Aneg%3Afi%3Atikwd-869815001187%3Alp1009919%3Ali%3Adec%3Adm%3Appccp%3DUmFuZG9tSVYkc2RlIyh9YXdX6HrtnYy-Ml68sH-ljtU&aid=311984&dest_id=198&dest_type=country&group_adults=2&req_adults=2&no_rooms=1&broad_search_not_eligible=1&order=score&nflt=ht_id%3D204%3Bht_id%3D213%3Bht_id%3D216%3Bht_id%3D201%3Btop_destinations%3D6021%3Bpopular_nearby_landmarks%3D900059521%3Bpopular_nearby_landmarks%3D900059520%3Bpopular_nearby_landmarks%3D900074332%3Bpopular_nearby_landmarks%3D900077457%3Bpopular_nearby_landmarks%3D900059522%3Bpopular_nearby_landmarks%3D900074335%3Bpopular_nearby_landmarks%3D900074331%3Bpopular_nearby_landmarks%3D900053658%3Bpopular_nearby_landmarks%3D900053661%3Bpopular_nearby_landmarks%3D900053669%3Bpopular_nearby_landmarks%3D900058091%3Bpopular_nearby_landmarks%3D900059233%3Bpopular_nearby_landmarks%3D900059236%3Bpopular_nearby_landmarks%3D900059439%3Bpopular_nearby_landmarks%3D900059447%3Bpopular_nearby_landmarks%3D900059529%3Bpopular_nearby_landmarks%3D900069601%3Bpopular_nearby_landmarks%3D900069602%3Bpopular_nearby_landmarks%3D900069603%3Bpopular_nearby_landmarks%3D900070379%3Bpopular_nearby_landmarks%3D900074815%3Bpopular_nearby_landmarks%3D900074898%3Bpopular_nearby_landmarks%3D900075026%3Bpopular_nearby_landmarks%3D900059238","","Ella Green Cottages","Scored 8.3","8.3","","Surrounded by natural green forest, Ella Green Cottages is located 984 feet away from Ella City.","· 221 reviews","Opens in new window","Ella","Show prices","Very Good","Show on map","","https://cf.bstatic.com/xdata/images/hotel/square600/174949277.webp?k=77c7cee5ca805faf3e7c8c43b403cfbaea4175c835a2eac19976d45f5339086d&o="
"1777052003-169","https://www.booking.com/searchresults.html?label=bristol-XLwodozx2dVe8Ts0XeYuawS752260715469%3Apl%3Ata%3Ap1%3Ap2%3Aac%3Aap%3Aneg%3Afi%3Atikwd-869815001187%3Alp1009919%3Ali%3Adec%3Adm%3Appccp%3DUmFuZG9tSVYkc2RlIyh9YXdX6HrtnYy-Ml68sH-ljtU&aid=311984&dest_id=198&dest_type=country&group_adults=2&req_adults=2&no_rooms=1&broad_search_not_eligible=1&order=score&nflt=ht_id%3D204%3Bht_id%3D213%3Bht_id%3D216%3Bht_id%3D201%3Btop_destinations%3D6021%3Bpopular_nearby_landmarks%3D900059521%3Bpopular_nearby_landmarks%3D900059520%3Bpopular_nearby_landmarks%3D900074332%3Bpopular_nearby_landmarks%3D900077457%3Bpopular_nearby_landmarks%3D900059522%3Bpopular_nearby_landmarks%3D900074335%3Bpopular_nearby_landmarks%3D900074331%3Bpopular_nearby_landmarks%3D900053658%3Bpopular_nearby_landmarks%3D900053661%3Bpopular_nearby_landmarks%3D900053669%3Bpopular_nearby_landmarks%3D900058091%3Bpopular_nearby_landmarks%3D900059233%3Bpopular_nearby_landmarks%3D900059236%3Bpopular_nearby_landmarks%3D900059439%3Bpopular_nearby_landmarks%3D900059447%3Bpopular_nearby_landmarks%3D900059529%3Bpopular_nearby_landmarks%3D900069601%3Bpopular_nearby_landmarks%3D900069602%3Bpopular_nearby_landmarks%3D900069603%3Bpopular_nearby_landmarks%3D900070379%3Bpopular_nearby_landmarks%3D900074815%3Bpopular_nearby_landmarks%3D900074898%3Bpopular_nearby_landmarks%3D900075026%3Bpopular_nearby_landmarks%3D900059238","","HIDE ELLA Hotel & Resort","Scored 8.3","8.3","","Located in Ella, 3.1 miles from Demodara Nine Arch Bridge, HIDE ELLA Hotel & Resort provides accommodations with an outdoor swimming pool, free private parking, a terrace and a restaurant.","· 367 reviews","Opens in new window","Ella","Show prices","Very Good","Show on map","","https://cf.bstatic.com/xdata/images/hotel/square600/584278081.webp?k=de6fed6e31e9d9fcde277896c106b74cfa30b6ac27be0b7d2702fe9b6ccb1dba&o="
"1777052003-170","https://www.booking.com/searchresults.html?label=bristol-XLwodozx2dVe8Ts0XeYuawS752260715469%3Apl%3Ata%3Ap1%3Ap2%3Aac%3Aap%3Aneg%3Afi%3Atikwd-869815001187%3Alp1009919%3Ali%3Adec%3Adm%3Appccp%3DUmFuZG9tSVYkc2RlIyh9YXdX6HrtnYy-Ml68sH-ljtU&aid=311984&dest_id=198&dest_type=country&group_adults=2&req_adults=2&no_rooms=1&broad_search_not_eligible=1&order=score&nflt=ht_id%3D204%3Bht_id%3D213%3Bht_id%3D216%3Bht_id%3D201%3Btop_destinations%3D6021%3Bpopular_nearby_landmarks%3D900059521%3Bpopular_nearby_landmarks%3D900059520%3Bpopular_nearby_landmarks%3D900074332%3Bpopular_nearby_landmarks%3D900077457%3Bpopular_nearby_landmarks%3D900059522%3Bpopular_nearby_landmarks%3D900074335%3Bpopular_nearby_landmarks%3D900074331%3Bpopular_nearby_landmarks%3D900053658%3Bpopular_nearby_landmarks%3D900053661%3Bpopular_nearby_landmarks%3D900053669%3Bpopular_nearby_landmarks%3D900058091%3Bpopular_nearby_landmarks%3D900059233%3Bpopular_nearby_landmarks%3D900059236%3Bpopular_nearby_landmarks%3D900059439%3Bpopular_nearby_landmarks%3D900059447%3Bpopular_nearby_landmarks%3D900059529%3Bpopular_nearby_landmarks%3D900069601%3Bpopular_nearby_landmarks%3D900069602%3Bpopular_nearby_landmarks%3D900069603%3Bpopular_nearby_landmarks%3D900070379%3Bpopular_nearby_landmarks%3D900074815%3Bpopular_nearby_landmarks%3D900074898%3Bpopular_nearby_landmarks%3D900075026%3Bpopular_nearby_landmarks%3D900059238","","MUM Jungle Inn","Scored 8.3","8.3","Value for money 8.7","Just a 9-minute walk from Ella Spice Garden Cooking Class and 500 yards from Ella Train Station, MUM Jungle Inn features accommodations in Ella, with a garden and a shared lounge.","· 248 reviews","Opens in new window","Ella","Show prices","Very Good","Show on map","","https://cf.bstatic.com/xdata/images/hotel/square600/738035688.webp?k=81da7c443257cc3bd5e15e128b178e155c089b6b02f28ab1ac2f435c312770d1&o="
"1777052003-171","https://www.booking.com/searchresults.html?label=bristol-XLwodozx2dVe8Ts0XeYuawS752260715469%3Apl%3Ata%3Ap1%3Ap2%3Aac%3Aap%3Aneg%3Afi%3Atikwd-869815001187%3Alp1009919%3Ali%3Adec%3Adm%3Appccp%3DUmFuZG9tSVYkc2RlIyh9YXdX6HrtnYy-Ml68sH-ljtU&aid=311984&dest_id=198&dest_type=country&group_adults=2&req_adults=2&no_rooms=1&broad_search_not_eligible=1&order=score&nflt=ht_id%3D204%3Bht_id%3D213%3Bht_id%3D216%3Bht_id%3D201%3Btop_destinations%3D6021%3Bpopular_nearby_landmarks%3D900059521%3Bpopular_nearby_landmarks%3D900059520%3Bpopular_nearby_landmarks%3D900074332%3Bpopular_nearby_landmarks%3D900077457%3Bpopular_nearby_landmarks%3D900059522%3Bpopular_nearby_landmarks%3D900074335%3Bpopular_nearby_landmarks%3D900074331%3Bpopular_nearby_landmarks%3D900053658%3Bpopular_nearby_landmarks%3D900053661%3Bpopular_nearby_landmarks%3D900053669%3Bpopular_nearby_landmarks%3D900058091%3Bpopular_nearby_landmarks%3D900059233%3Bpopular_nearby_landmarks%3D900059236%3Bpopular_nearby_landmarks%3D900059439%3Bpopular_nearby_landmarks%3D900059447%3Bpopular_nearby_landmarks%3D900059529%3Bpopular_nearby_landmarks%3D900069601%3Bpopular_nearby_landmarks%3D900069602%3Bpopular_nearby_landmarks%3D900069603%3Bpopular_nearby_landmarks%3D900070379%3Bpopular_nearby_landmarks%3D900074815%3Bpopular_nearby_landmarks%3D900074898%3Bpopular_nearby_landmarks%3D900075026%3Bpopular_nearby_landmarks%3D900059238","","Eyeful Ella","Scored 8.3","8.3","","Located in Ella, within 1.2 miles of Demodara Nine Arch Bridge and 30 miles of Hakgala Botanical Garden, Eyeful Ella provides accommodations with a terrace as well as free private parking for guests...","· 151 reviews","Opens in new window","Ella","Show prices","Very Good","Show on map","","https://cf.bstatic.com/xdata/images/hotel/square600/810965590.webp?k=e6c069dafd3a601f5c013effee1878774d75cba832704cc34f4b61aa607b3954&o="
"1777052003-172","https://www.booking.com/searchresults.html?label=bristol-XLwodozx2dVe8Ts0XeYuawS752260715469%3Apl%3Ata%3Ap1%3Ap2%3Aac%3Aap%3Aneg%3Afi%3Atikwd-869815001187%3Alp1009919%3Ali%3Adec%3Adm%3Appccp%3DUmFuZG9tSVYkc2RlIyh9YXdX6HrtnYy-Ml68sH-ljtU&aid=311984&dest_id=198&dest_type=country&group_adults=2&req_adults=2&no_rooms=1&broad_search_not_eligible=1&order=score&nflt=ht_id%3D204%3Bht_id%3D213%3Bht_id%3D216%3Bht_id%3D201%3Btop_destinations%3D6021%3Bpopular_nearby_landmarks%3D900059521%3Bpopular_nearby_landmarks%3D900059520%3Bpopular_nearby_landmarks%3D900074332%3Bpopular_nearby_landmarks%3D900077457%3Bpopular_nearby_landmarks%3D900059522%3Bpopular_nearby_landmarks%3D900074335%3Bpopular_nearby_landmarks%3D900074331%3Bpopular_nearby_landmarks%3D900053658%3Bpopular_nearby_landmarks%3D900053661%3Bpopular_nearby_landmarks%3D900053669%3Bpopular_nearby_landmarks%3D900058091%3Bpopular_nearby_landmarks%3D900059233%3Bpopular_nearby_landmarks%3D900059236%3Bpopular_nearby_landmarks%3D900059439%3Bpopular_nearby_landmarks%3D900059447%3Bpopular_nearby_landmarks%3D900059529%3Bpopular_nearby_landmarks%3D900069601%3Bpopular_nearby_landmarks%3D900069602%3Bpopular_nearby_landmarks%3D900069603%3Bpopular_nearby_landmarks%3D900070379%3Bpopular_nearby_landmarks%3D900074815%3Bpopular_nearby_landmarks%3D900074898%3Bpopular_nearby_landmarks%3D900075026%3Bpopular_nearby_landmarks%3D900059238","","Green cottage Ella","Scored 8.3","8.3","","Located in Ella, 3.1 miles from Demodara Nine Arch Bridge, Green cottage Ella provides accommodations with a garden, free private parking, a terrace and a restaurant.","· 116 reviews","Opens in new window","Ella","Show prices","Very Good","Show on map","","https://cf.bstatic.com/xdata/images/hotel/square600/855802037.webp?k=4436cef3d4b17cdcb8da9c7e38242df9e66b4db7d90b92ff221feb0bfdf9831e&o="
"1777052003-173","https://www.booking.com/searchresults.html?label=bristol-XLwodozx2dVe8Ts0XeYuawS752260715469%3Apl%3Ata%3Ap1%3Ap2%3Aac%3Aap%3Aneg%3Afi%3Atikwd-869815001187%3Alp1009919%3Ali%3Adec%3Adm%3Appccp%3DUmFuZG9tSVYkc2RlIyh9YXdX6HrtnYy-Ml68sH-ljtU&aid=311984&dest_id=198&dest_type=country&group_adults=2&req_adults=2&no_rooms=1&broad_search_not_eligible=1&order=score&nflt=ht_id%3D204%3Bht_id%3D213%3Bht_id%3D216%3Bht_id%3D201%3Btop_destinations%3D6021%3Bpopular_nearby_landmarks%3D900059521%3Bpopular_nearby_landmarks%3D900059520%3Bpopular_nearby_landmarks%3D900074332%3Bpopular_nearby_landmarks%3D900077457%3Bpopular_nearby_landmarks%3D900059522%3Bpopular_nearby_landmarks%3D900074335%3Bpopular_nearby_landmarks%3D900074331%3Bpopular_nearby_landmarks%3D900053658%3Bpopular_nearby_landmarks%3D900053661%3Bpopular_nearby_landmarks%3D900053669%3Bpopular_nearby_landmarks%3D900058091%3Bpopular_nearby_landmarks%3D900059233%3Bpopular_nearby_landmarks%3D900059236%3Bpopular_nearby_landmarks%3D900059439%3Bpopular_nearby_landmarks%3D900059447%3Bpopular_nearby_landmarks%3D900059529%3Bpopular_nearby_landmarks%3D900069601%3Bpopular_nearby_landmarks%3D900069602%3Bpopular_nearby_landmarks%3D900069603%3Bpopular_nearby_landmarks%3D900070379%3Bpopular_nearby_landmarks%3D900074815%3Bpopular_nearby_landmarks%3D900074898%3Bpopular_nearby_landmarks%3D900075026%3Bpopular_nearby_landmarks%3D900059238","","ABC Guest Inn & Restaurant","Scored 8.3","8.3","","Providing free Wifi, parking on-site, and massage services, the recently renovated property ABC Guest Inn & Restaurant offers rooms in Haputale, 27 miles from Gregory Lake and 15 miles from Demodara...","· 137 reviews","Opens in new window","Haputale","Show prices","Very Good","Show on map","","https://cf.bstatic.com/xdata/images/hotel/square600/659795652.webp?k=f7695789b1b5e2cf9225fdd3861259f14c1844478f0ef9322d3c0dc7c76ff204&o="
"1777052003-174","https://www.booking.com/searchresults.html?label=bristol-XLwodozx2dVe8Ts0XeYuawS752260715469%3Apl%3Ata%3Ap1%3Ap2%3Aac%3Aap%3Aneg%3Afi%3Atikwd-869815001187%3Alp1009919%3Ali%3Adec%3Adm%3Appccp%3DUmFuZG9tSVYkc2RlIyh9YXdX6HrtnYy-Ml68sH-ljtU&aid=311984&dest_id=198&dest_type=country&group_adults=2&req_adults=2&no_rooms=1&broad_search_not_eligible=1&order=score&nflt=ht_id%3D204%3Bht_id%3D213%3Bht_id%3D216%3Bht_id%3D201%3Btop_destinations%3D6021%3Bpopular_nearby_landmarks%3D900059521%3Bpopular_nearby_landmarks%3D900059520%3Bpopular_nearby_landmarks%3D900074332%3Bpopular_nearby_landmarks%3D900077457%3Bpopular_nearby_landmarks%3D900059522%3Bpopular_nearby_landmarks%3D900074335%3Bpopular_nearby_landmarks%3D900074331%3Bpopular_nearby_landmarks%3D900053658%3Bpopular_nearby_landmarks%3D900053661%3Bpopular_nearby_landmarks%3D900053669%3Bpopular_nearby_landmarks%3D900058091%3Bpopular_nearby_landmarks%3D900059233%3Bpopular_nearby_landmarks%3D900059236%3Bpopular_nearby_landmarks%3D900059439%3Bpopular_nearby_landmarks%3D900059447%3Bpopular_nearby_landmarks%3D900059529%3Bpopular_nearby_landmarks%3D900069601%3Bpopular_nearby_landmarks%3D900069602%3Bpopular_nearby_landmarks%3D900069603%3Bpopular_nearby_landmarks%3D900070379%3Bpopular_nearby_landmarks%3D900074815%3Bpopular_nearby_landmarks%3D900074898%3Bpopular_nearby_landmarks%3D900075026%3Bpopular_nearby_landmarks%3D900059238","","Meyon Ella","Scored 8.3","8.3","Value for money 8.5","Meyon Ella is located in Ella, just 2.7 miles from Demodara Nine Arch Bridge and 30 miles from Hakgala Botanical Garden. This guest house offers air-conditioned accommodations with a balcony.","· 38 reviews","Opens in new window","Ella","Show prices","Very Good","Show on map","","https://cf.bstatic.com/xdata/images/hotel/square600/670389568.webp?k=3c9d9012c7b951cc5f134f1bdf273cadd12fb4869c9ebd8fe7f03baf07e95255&o="
"1777052003-175","https://www.booking.com/searchresults.html?label=bristol-XLwodozx2dVe8Ts0XeYuawS752260715469%3Apl%3Ata%3Ap1%3Ap2%3Aac%3Aap%3Aneg%3Afi%3Atikwd-869815001187%3Alp1009919%3Ali%3Adec%3Adm%3Appccp%3DUmFuZG9tSVYkc2RlIyh9YXdX6HrtnYy-Ml68sH-ljtU&aid=311984&dest_id=198&dest_type=country&group_adults=2&req_adults=2&no_rooms=1&broad_search_not_eligible=1&order=score&nflt=ht_id%3D204%3Bht_id%3D213%3Bht_id%3D216%3Bht_id%3D201%3Btop_destinations%3D6021%3Bpopular_nearby_landmarks%3D900059521%3Bpopular_nearby_landmarks%3D900059520%3Bpopular_nearby_landmarks%3D900074332%3Bpopular_nearby_landmarks%3D900077457%3Bpopular_nearby_landmarks%3D900059522%3Bpopular_nearby_landmarks%3D900074335%3Bpopular_nearby_landmarks%3D900074331%3Bpopular_nearby_landmarks%3D900053658%3Bpopular_nearby_landmarks%3D900053661%3Bpopular_nearby_landmarks%3D900053669%3Bpopular_nearby_landmarks%3D900058091%3Bpopular_nearby_landmarks%3D900059233%3Bpopular_nearby_landmarks%3D900059236%3Bpopular_nearby_landmarks%3D900059439%3Bpopular_nearby_landmarks%3D900059447%3Bpopular_nearby_landmarks%3D900059529%3Bpopular_nearby_landmarks%3D900069601%3Bpopular_nearby_landmarks%3D900069602%3Bpopular_nearby_landmarks%3D900069603%3Bpopular_nearby_landmarks%3D900070379%3Bpopular_nearby_landmarks%3D900074815%3Bpopular_nearby_landmarks%3D900074898%3Bpopular_nearby_landmarks%3D900075026%3Bpopular_nearby_landmarks%3D900059238","","Kai Kazee Ella","Scored 8.3","8.3","Value for money 8.5","Located in Ella, 3.6 miles from Demodara Nine Arch Bridge, Kai Kazee Ella has accommodations with a shared lounge, free private parking, a terrace and a restaurant.","· 114 reviews","Opens in new window","Ella","Show prices","Very Good","Show on map","","https://cf.bstatic.com/xdata/images/hotel/square600/551344212.webp?k=73a4f3a355a11f0d2a53fa0ba6feb7f053b4ce8d0d151e8dc745a651efb748ac&o="
"1777052003-176","https://www.booking.com/searchresults.html?label=bristol-XLwodozx2dVe8Ts0XeYuawS752260715469%3Apl%3Ata%3Ap1%3Ap2%3Aac%3Aap%3Aneg%3Afi%3Atikwd-869815001187%3Alp1009919%3Ali%3Adec%3Adm%3Appccp%3DUmFuZG9tSVYkc2RlIyh9YXdX6HrtnYy-Ml68sH-ljtU&aid=311984&dest_id=198&dest_type=country&group_adults=2&req_adults=2&no_rooms=1&broad_search_not_eligible=1&order=score&nflt=ht_id%3D204%3Bht_id%3D213%3Bht_id%3D216%3Bht_id%3D201%3Btop_destinations%3D6021%3Bpopular_nearby_landmarks%3D900059521%3Bpopular_nearby_landmarks%3D900059520%3Bpopular_nearby_landmarks%3D900074332%3Bpopular_nearby_landmarks%3D900077457%3Bpopular_nearby_landmarks%3D900059522%3Bpopular_nearby_landmarks%3D900074335%3Bpopular_nearby_landmarks%3D900074331%3Bpopular_nearby_landmarks%3D900053658%3Bpopular_nearby_landmarks%3D900053661%3Bpopular_nearby_landmarks%3D900053669%3Bpopular_nearby_landmarks%3D900058091%3Bpopular_nearby_landmarks%3D900059233%3Bpopular_nearby_landmarks%3D900059236%3Bpopular_nearby_landmarks%3D900059439%3Bpopular_nearby_landmarks%3D900059447%3Bpopular_nearby_landmarks%3D900059529%3Bpopular_nearby_landmarks%3D900069601%3Bpopular_nearby_landmarks%3D900069602%3Bpopular_nearby_landmarks%3D900069603%3Bpopular_nearby_landmarks%3D900070379%3Bpopular_nearby_landmarks%3D900074815%3Bpopular_nearby_landmarks%3D900074898%3Bpopular_nearby_landmarks%3D900075026%3Bpopular_nearby_landmarks%3D900059238","","Elarc Ella","Scored 8.3","8.3","","Offering a garden and a terrace, Elarc Ella in Ella is close to Demodara Nine Arch Bridge and Little Adam's Peak. This guest house offers free private parking, a 24-hour front desk, and free Wifi.","· 37 reviews","Opens in new window","Ella","Show prices","Very Good","Show on map","","https://cf.bstatic.com/xdata/images/hotel/square600/728115138.webp?k=20c3c4186177ae00674ad9ee922404f3ebad64573efae9bb4492f1b188a99e00&o="
"1777052003-177","https://www.booking.com/searchresults.html?label=bristol-XLwodozx2dVe8Ts0XeYuawS752260715469%3Apl%3Ata%3Ap1%3Ap2%3Aac%3Aap%3Aneg%3Afi%3Atikwd-869815001187%3Alp1009919%3Ali%3Adec%3Adm%3Appccp%3DUmFuZG9tSVYkc2RlIyh9YXdX6HrtnYy-Ml68sH-ljtU&aid=311984&dest_id=198&dest_type=country&group_adults=2&req_adults=2&no_rooms=1&broad_search_not_eligible=1&order=score&nflt=ht_id%3D204%3Bht_id%3D213%3Bht_id%3D216%3Bht_id%3D201%3Btop_destinations%3D6021%3Bpopular_nearby_landmarks%3D900059521%3Bpopular_nearby_landmarks%3D900059520%3Bpopular_nearby_landmarks%3D900074332%3Bpopular_nearby_landmarks%3D900077457%3Bpopular_nearby_landmarks%3D900059522%3Bpopular_nearby_landmarks%3D900074335%3Bpopular_nearby_landmarks%3D900074331%3Bpopular_nearby_landmarks%3D900053658%3Bpopular_nearby_landmarks%3D900053661%3Bpopular_nearby_landmarks%3D900053669%3Bpopular_nearby_landmarks%3D900058091%3Bpopular_nearby_landmarks%3D900059233%3Bpopular_nearby_landmarks%3D900059236%3Bpopular_nearby_landmarks%3D900059439%3Bpopular_nearby_landmarks%3D900059447%3Bpopular_nearby_landmarks%3D900059529%3Bpopular_nearby_landmarks%3D900069601%3Bpopular_nearby_landmarks%3D900069602%3Bpopular_nearby_landmarks%3D900069603%3Bpopular_nearby_landmarks%3D900070379%3Bpopular_nearby_landmarks%3D900074815%3Bpopular_nearby_landmarks%3D900074898%3Bpopular_nearby_landmarks%3D900075026%3Bpopular_nearby_landmarks%3D900059238","","Ella Mansion","Scored 8.3","8.3","","Located in Ella, 2.6 miles from Demodara Nine Arch Bridge, Ella Mansion has accommodations with a garden, free private parking, a shared lounge and a terrace.","· 45 reviews","Opens in new window","Ella","Show prices","Very Good","Show on map","","https://cf.bstatic.com/xdata/images/hotel/square600/588786526.webp?k=ffe663cbda6a99023bed44ea95197f195f34edbaa2d11bfabce9682b982651c4&o="
"1777052003-178","https://www.booking.com/searchresults.html?label=bristol-XLwodozx2dVe8Ts0XeYuawS752260715469%3Apl%3Ata%3Ap1%3Ap2%3Aac%3Aap%3Aneg%3Afi%3Atikwd-869815001187%3Alp1009919%3Ali%3Adec%3Adm%3Appccp%3DUmFuZG9tSVYkc2RlIyh9YXdX6HrtnYy-Ml68sH-ljtU&aid=311984&dest_id=198&dest_type=country&group_adults=2&req_adults=2&no_rooms=1&broad_search_not_eligible=1&order=score&nflt=ht_id%3D204%3Bht_id%3D213%3Bht_id%3D216%3Bht_id%3D201%3Btop_destinations%3D6021%3Bpopular_nearby_landmarks%3D900059521%3Bpopular_nearby_landmarks%3D900059520%3Bpopular_nearby_landmarks%3D900074332%3Bpopular_nearby_landmarks%3D900077457%3Bpopular_nearby_landmarks%3D900059522%3Bpopular_nearby_landmarks%3D900074335%3Bpopular_nearby_landmarks%3D900074331%3Bpopular_nearby_landmarks%3D900053658%3Bpopular_nearby_landmarks%3D900053661%3Bpopular_nearby_landmarks%3D900053669%3Bpopular_nearby_landmarks%3D900058091%3Bpopular_nearby_landmarks%3D900059233%3Bpopular_nearby_landmarks%3D900059236%3Bpopular_nearby_landmarks%3D900059439%3Bpopular_nearby_landmarks%3D900059447%3Bpopular_nearby_landmarks%3D900059529%3Bpopular_nearby_landmarks%3D900069601%3Bpopular_nearby_landmarks%3D900069602%3Bpopular_nearby_landmarks%3D900069603%3Bpopular_nearby_landmarks%3D900070379%3Bpopular_nearby_landmarks%3D900074815%3Bpopular_nearby_landmarks%3D900074898%3Bpopular_nearby_landmarks%3D900075026%3Bpopular_nearby_landmarks%3D900059238","","Ella Mount Villa","Scored 8.3","8.3","Value for money 8.7","Ella Mount Villa enjoys a location in Ella, 3.1 miles from Demodara Nine Arch Bridge and 30 miles from Hakgala Botanical Garden. With garden views, this accommodation features a balcony.","· 74 reviews","Opens in new window","Ella","Show prices","Very Good","Show on map","","https://cf.bstatic.com/xdata/images/hotel/square600/178103415.webp?k=d628e23d2a5791bb7acfeff2749806af6a6c9f6b0577a1a2f101d21794566dea&o="
"1777052003-179","https://www.booking.com/searchresults.html?label=bristol-XLwodozx2dVe8Ts0XeYuawS752260715469%3Apl%3Ata%3Ap1%3Ap2%3Aac%3Aap%3Aneg%3Afi%3Atikwd-869815001187%3Alp1009919%3Ali%3Adec%3Adm%3Appccp%3DUmFuZG9tSVYkc2RlIyh9YXdX6HrtnYy-Ml68sH-ljtU&aid=311984&dest_id=198&dest_type=country&group_adults=2&req_adults=2&no_rooms=1&broad_search_not_eligible=1&order=score&nflt=ht_id%3D204%3Bht_id%3D213%3Bht_id%3D216%3Bht_id%3D201%3Btop_destinations%3D6021%3Bpopular_nearby_landmarks%3D900059521%3Bpopular_nearby_landmarks%3D900059520%3Bpopular_nearby_landmarks%3D900074332%3Bpopular_nearby_landmarks%3D900077457%3Bpopular_nearby_landmarks%3D900059522%3Bpopular_nearby_landmarks%3D900074335%3Bpopular_nearby_landmarks%3D900074331%3Bpopular_nearby_landmarks%3D900053658%3Bpopular_nearby_landmarks%3D900053661%3Bpopular_nearby_landmarks%3D900053669%3Bpopular_nearby_landmarks%3D900058091%3Bpopular_nearby_landmarks%3D900059233%3Bpopular_nearby_landmarks%3D900059236%3Bpopular_nearby_landmarks%3D900059439%3Bpopular_nearby_landmarks%3D900059447%3Bpopular_nearby_landmarks%3D900059529%3Bpopular_nearby_landmarks%3D900069601%3Bpopular_nearby_landmarks%3D900069602%3Bpopular_nearby_landmarks%3D900069603%3Bpopular_nearby_landmarks%3D900070379%3Bpopular_nearby_landmarks%3D900074815%3Bpopular_nearby_landmarks%3D900074898%3Bpopular_nearby_landmarks%3D900075026%3Bpopular_nearby_landmarks%3D900059238","","Ever After - Ella, Sri Lanka","Scored 8.3","8.3","Value for money 8.5","Located in Ella, 1.2 miles from Demodara Nine Arch Bridge, Ever After - Ella, Sri Lanka provides accommodations with a garden, free private parking, a terrace and a restaurant.","· 24 reviews","Opens in new window","Ella","Show prices","Very Good","Show on map","","https://cf.bstatic.com/xdata/images/hotel/square600/737484262.webp?k=1441a2423a8e38424ba9f703f49213bce60b91bca4f57c37e5b5249bf88c212c&o="
"1777052003-180","https://www.booking.com/searchresults.html?label=bristol-XLwodozx2dVe8Ts0XeYuawS752260715469%3Apl%3Ata%3Ap1%3Ap2%3Aac%3Aap%3Aneg%3Afi%3Atikwd-869815001187%3Alp1009919%3Ali%3Adec%3Adm%3Appccp%3DUmFuZG9tSVYkc2RlIyh9YXdX6HrtnYy-Ml68sH-ljtU&aid=311984&dest_id=198&dest_type=country&group_adults=2&req_adults=2&no_rooms=1&broad_search_not_eligible=1&order=score&nflt=ht_id%3D204%3Bht_id%3D213%3Bht_id%3D216%3Bht_id%3D201%3Btop_destinations%3D6021%3Bpopular_nearby_landmarks%3D900059521%3Bpopular_nearby_landmarks%3D900059520%3Bpopular_nearby_landmarks%3D900074332%3Bpopular_nearby_landmarks%3D900077457%3Bpopular_nearby_landmarks%3D900059522%3Bpopular_nearby_landmarks%3D900074335%3Bpopular_nearby_landmarks%3D900074331%3Bpopular_nearby_landmarks%3D900053658%3Bpopular_nearby_landmarks%3D900053661%3Bpopular_nearby_landmarks%3D900053669%3Bpopular_nearby_landmarks%3D900058091%3Bpopular_nearby_landmarks%3D900059233%3Bpopular_nearby_landmarks%3D900059236%3Bpopular_nearby_landmarks%3D900059439%3Bpopular_nearby_landmarks%3D900059447%3Bpopular_nearby_landmarks%3D900059529%3Bpopular_nearby_landmarks%3D900069601%3Bpopular_nearby_landmarks%3D900069602%3Bpopular_nearby_landmarks%3D900069603%3Bpopular_nearby_landmarks%3D900070379%3Bpopular_nearby_landmarks%3D900074815%3Bpopular_nearby_landmarks%3D900074898%3Bpopular_nearby_landmarks%3D900075026%3Bpopular_nearby_landmarks%3D900059238","","Ella Lucky Panoramic","Scored 8.3","8.3","Value for money 8.8","Located in Ella, 3.7 miles from Demodara Nine Arch Bridge, Ella Lucky Panoramic provides accommodations with a garden, free private parking, a terrace and a restaurant.","· 435 reviews","Opens in new window","Ella","Show prices","Very Good","Show on map","","https://cf.bstatic.com/xdata/images/hotel/square600/243456541.webp?k=7439ea4349194cfaa1e45d0c213ef2986665e9a1ed02897d6d63cc0294afc67d&o="
"1777052003-181","https://www.booking.com/searchresults.html?label=bristol-XLwodozx2dVe8Ts0XeYuawS752260715469%3Apl%3Ata%3Ap1%3Ap2%3Aac%3Aap%3Aneg%3Afi%3Atikwd-869815001187%3Alp1009919%3Ali%3Adec%3Adm%3Appccp%3DUmFuZG9tSVYkc2RlIyh9YXdX6HrtnYy-Ml68sH-ljtU&aid=311984&dest_id=198&dest_type=country&group_adults=2&req_adults=2&no_rooms=1&broad_search_not_eligible=1&order=score&nflt=ht_id%3D204%3Bht_id%3D213%3Bht_id%3D216%3Bht_id%3D201%3Btop_destinations%3D6021%3Bpopular_nearby_landmarks%3D900059521%3Bpopular_nearby_landmarks%3D900059520%3Bpopular_nearby_landmarks%3D900074332%3Bpopular_nearby_landmarks%3D900077457%3Bpopular_nearby_landmarks%3D900059522%3Bpopular_nearby_landmarks%3D900074335%3Bpopular_nearby_landmarks%3D900074331%3Bpopular_nearby_landmarks%3D900053658%3Bpopular_nearby_landmarks%3D900053661%3Bpopular_nearby_landmarks%3D900053669%3Bpopular_nearby_landmarks%3D900058091%3Bpopular_nearby_landmarks%3D900059233%3Bpopular_nearby_landmarks%3D900059236%3Bpopular_nearby_landmarks%3D900059439%3Bpopular_nearby_landmarks%3D900059447%3Bpopular_nearby_landmarks%3D900059529%3Bpopular_nearby_landmarks%3D900069601%3Bpopular_nearby_landmarks%3D900069602%3Bpopular_nearby_landmarks%3D900069603%3Bpopular_nearby_landmarks%3D900070379%3Bpopular_nearby_landmarks%3D900074815%3Bpopular_nearby_landmarks%3D900074898%3Bpopular_nearby_landmarks%3D900075026%3Bpopular_nearby_landmarks%3D900059238","","Grand Glorious","Scored 8.3","8.3","Value for money 8.6","Located in Haputale, 27 miles from Gregory Lake, Grand Glorious has accommodations with a garden, free private parking, a terrace and a restaurant.","· 79 reviews","Opens in new window","Haputale","Show prices","Very Good","Show on map","","https://cf.bstatic.com/xdata/images/hotel/square600/570649343.webp?k=c96c2041bbdc02caaea1183d6ae6505672e1c38a2ba2e4c76ae98ae9d41ecb76&o="
"1777052003-182","https://www.booking.com/searchresults.html?label=bristol-XLwodozx2dVe8Ts0XeYuawS752260715469%3Apl%3Ata%3Ap1%3Ap2%3Aac%3Aap%3Aneg%3Afi%3Atikwd-869815001187%3Alp1009919%3Ali%3Adec%3Adm%3Appccp%3DUmFuZG9tSVYkc2RlIyh9YXdX6HrtnYy-Ml68sH-ljtU&aid=311984&dest_id=198&dest_type=country&group_adults=2&req_adults=2&no_rooms=1&broad_search_not_eligible=1&order=score&nflt=ht_id%3D204%3Bht_id%3D213%3Bht_id%3D216%3Bht_id%3D201%3Btop_destinations%3D6021%3Bpopular_nearby_landmarks%3D900059521%3Bpopular_nearby_landmarks%3D900059520%3Bpopular_nearby_landmarks%3D900074332%3Bpopular_nearby_landmarks%3D900077457%3Bpopular_nearby_landmarks%3D900059522%3Bpopular_nearby_landmarks%3D900074335%3Bpopular_nearby_landmarks%3D900074331%3Bpopular_nearby_landmarks%3D900053658%3Bpopular_nearby_landmarks%3D900053661%3Bpopular_nearby_landmarks%3D900053669%3Bpopular_nearby_landmarks%3D900058091%3Bpopular_nearby_landmarks%3D900059233%3Bpopular_nearby_landmarks%3D900059236%3Bpopular_nearby_landmarks%3D900059439%3Bpopular_nearby_landmarks%3D900059447%3Bpopular_nearby_landmarks%3D900059529%3Bpopular_nearby_landmarks%3D900069601%3Bpopular_nearby_landmarks%3D900069602%3Bpopular_nearby_landmarks%3D900069603%3Bpopular_nearby_landmarks%3D900070379%3Bpopular_nearby_landmarks%3D900074815%3Bpopular_nearby_landmarks%3D900074898%3Bpopular_nearby_landmarks%3D900075026%3Bpopular_nearby_landmarks%3D900059238","","City Vibe Ella","Scored 8.3","8.3","Value for money 8.9","Located in Ella, a 18-minute walk from Demodara Nine Arch Bridge, City Vibe Ella has accommodations with a terrace, free private parking and a restaurant.","· 18 reviews","Opens in new window","Ella","Show prices","Very Good","Show on map","","https://cf.bstatic.com/xdata/images/hotel/square600/772734430.webp?k=1d57b3167770f6bacb64462f9f3d0948b76539edb58d67c3d2d7cbac1aa5ffd1&o="
"1777052003-183","https://www.booking.com/searchresults.html?label=bristol-XLwodozx2dVe8Ts0XeYuawS752260715469%3Apl%3Ata%3Ap1%3Ap2%3Aac%3Aap%3Aneg%3Afi%3Atikwd-869815001187%3Alp1009919%3Ali%3Adec%3Adm%3Appccp%3DUmFuZG9tSVYkc2RlIyh9YXdX6HrtnYy-Ml68sH-ljtU&aid=311984&dest_id=198&dest_type=country&group_adults=2&req_adults=2&no_rooms=1&broad_search_not_eligible=1&order=score&nflt=ht_id%3D204%3Bht_id%3D213%3Bht_id%3D216%3Bht_id%3D201%3Btop_destinations%3D6021%3Bpopular_nearby_landmarks%3D900059521%3Bpopular_nearby_landmarks%3D900059520%3Bpopular_nearby_landmarks%3D900074332%3Bpopular_nearby_landmarks%3D900077457%3Bpopular_nearby_landmarks%3D900059522%3Bpopular_nearby_landmarks%3D900074335%3Bpopular_nearby_landmarks%3D900074331%3Bpopular_nearby_landmarks%3D900053658%3Bpopular_nearby_landmarks%3D900053661%3Bpopular_nearby_landmarks%3D900053669%3Bpopular_nearby_landmarks%3D900058091%3Bpopular_nearby_landmarks%3D900059233%3Bpopular_nearby_landmarks%3D900059236%3Bpopular_nearby_landmarks%3D900059439%3Bpopular_nearby_landmarks%3D900059447%3Bpopular_nearby_landmarks%3D900059529%3Bpopular_nearby_landmarks%3D900069601%3Bpopular_nearby_landmarks%3D900069602%3Bpopular_nearby_landmarks%3D900069603%3Bpopular_nearby_landmarks%3D900070379%3Bpopular_nearby_landmarks%3D900074815%3Bpopular_nearby_landmarks%3D900074898%3Bpopular_nearby_landmarks%3D900075026%3Bpopular_nearby_landmarks%3D900059238","","Blissful Haven","Scored 8.3","8.3","Value for money 8.7","Just a 17-minute walk from Ella Spice Garden Cooking Class and one mile from Ella Train Station, Blissful Haven features accommodations in Ella with a garden.","· 65 reviews","Opens in new window","Ella","Show prices","Very Good","Show on map","","https://cf.bstatic.com/xdata/images/hotel/square600/599191185.webp?k=0138045c20eabd9eb614f72c5a2411ec238c153357dc0dd00adf1d65b79b2c54&o="
"1777052003-184","https://www.booking.com/searchresults.html?label=bristol-XLwodozx2dVe8Ts0XeYuawS752260715469%3Apl%3Ata%3Ap1%3Ap2%3Aac%3Aap%3Aneg%3Afi%3Atikwd-869815001187%3Alp1009919%3Ali%3Adec%3Adm%3Appccp%3DUmFuZG9tSVYkc2RlIyh9YXdX6HrtnYy-Ml68sH-ljtU&aid=311984&dest_id=198&dest_type=country&group_adults=2&req_adults=2&no_rooms=1&broad_search_not_eligible=1&order=score&nflt=ht_id%3D204%3Bht_id%3D213%3Bht_id%3D216%3Bht_id%3D201%3Btop_destinations%3D6021%3Bpopular_nearby_landmarks%3D900059521%3Bpopular_nearby_landmarks%3D900059520%3Bpopular_nearby_landmarks%3D900074332%3Bpopular_nearby_landmarks%3D900077457%3Bpopular_nearby_landmarks%3D900059522%3Bpopular_nearby_landmarks%3D900074335%3Bpopular_nearby_landmarks%3D900074331%3Bpopular_nearby_landmarks%3D900053658%3Bpopular_nearby_landmarks%3D900053661%3Bpopular_nearby_landmarks%3D900053669%3Bpopular_nearby_landmarks%3D900058091%3Bpopular_nearby_landmarks%3D900059233%3Bpopular_nearby_landmarks%3D900059236%3Bpopular_nearby_landmarks%3D900059439%3Bpopular_nearby_landmarks%3D900059447%3Bpopular_nearby_landmarks%3D900059529%3Bpopular_nearby_landmarks%3D900069601%3Bpopular_nearby_landmarks%3D900069602%3Bpopular_nearby_landmarks%3D900069603%3Bpopular_nearby_landmarks%3D900070379%3Bpopular_nearby_landmarks%3D900074815%3Bpopular_nearby_landmarks%3D900074898%3Bpopular_nearby_landmarks%3D900075026%3Bpopular_nearby_landmarks%3D900059238","","Ella Rock Heaven","Scored 8.2","8.2","Value for money 8.6","Located in Ella, 3 miles from Demodara Nine Arch Bridge, Ella Rock Heaven has accommodations with a garden, free private parking, a shared lounge and a terrace.","· 920 reviews","Opens in new window","Ella","Show prices","Very Good","Show on map","","https://cf.bstatic.com/xdata/images/hotel/square600/525441159.webp?k=a656f10127ce42fa6bde3c876193b18bebc405f123a75cd32597c99aac4825f4&o="
"1777052003-185","https://www.booking.com/searchresults.html?label=bristol-XLwodozx2dVe8Ts0XeYuawS752260715469%3Apl%3Ata%3Ap1%3Ap2%3Aac%3Aap%3Aneg%3Afi%3Atikwd-869815001187%3Alp1009919%3Ali%3Adec%3Adm%3Appccp%3DUmFuZG9tSVYkc2RlIyh9YXdX6HrtnYy-Ml68sH-ljtU&aid=311984&dest_id=198&dest_type=country&group_adults=2&req_adults=2&no_rooms=1&broad_search_not_eligible=1&order=score&nflt=ht_id%3D204%3Bht_id%3D213%3Bht_id%3D216%3Bht_id%3D201%3Btop_destinations%3D6021%3Bpopular_nearby_landmarks%3D900059521%3Bpopular_nearby_landmarks%3D900059520%3Bpopular_nearby_landmarks%3D900074332%3Bpopular_nearby_landmarks%3D900077457%3Bpopular_nearby_landmarks%3D900059522%3Bpopular_nearby_landmarks%3D900074335%3Bpopular_nearby_landmarks%3D900074331%3Bpopular_nearby_landmarks%3D900053658%3Bpopular_nearby_landmarks%3D900053661%3Bpopular_nearby_landmarks%3D900053669%3Bpopular_nearby_landmarks%3D900058091%3Bpopular_nearby_landmarks%3D900059233%3Bpopular_nearby_landmarks%3D900059236%3Bpopular_nearby_landmarks%3D900059439%3Bpopular_nearby_landmarks%3D900059447%3Bpopular_nearby_landmarks%3D900059529%3Bpopular_nearby_landmarks%3D900069601%3Bpopular_nearby_landmarks%3D900069602%3Bpopular_nearby_landmarks%3D900069603%3Bpopular_nearby_landmarks%3D900070379%3Bpopular_nearby_landmarks%3D900074815%3Bpopular_nearby_landmarks%3D900074898%3Bpopular_nearby_landmarks%3D900075026%3Bpopular_nearby_landmarks%3D900059238","","Icy Falls - Ohiya","Scored 8.2","8.2","","Located in Ohiya, 24 miles from Gregory Lake, Icy Falls - Ohiya has accommodations with a garden, free private parking, a shared lounge and a terrace.","· 155 reviews","Opens in new window","Ohiya","Show prices","Very Good","Show on map","","https://cf.bstatic.com/xdata/images/hotel/square600/524419414.webp?k=6faeff3cf26c86ebe29356aae51b4d7fed442ceeb461d42b9326b5327307cdcf&o="
"1777052003-186","https://www.booking.com/searchresults.html?label=bristol-XLwodozx2dVe8Ts0XeYuawS752260715469%3Apl%3Ata%3Ap1%3Ap2%3Aac%3Aap%3Aneg%3Afi%3Atikwd-869815001187%3Alp1009919%3Ali%3Adec%3Adm%3Appccp%3DUmFuZG9tSVYkc2RlIyh9YXdX6HrtnYy-Ml68sH-ljtU&aid=311984&dest_id=198&dest_type=country&group_adults=2&req_adults=2&no_rooms=1&broad_search_not_eligible=1&order=score&nflt=ht_id%3D204%3Bht_id%3D213%3Bht_id%3D216%3Bht_id%3D201%3Btop_destinations%3D6021%3Bpopular_nearby_landmarks%3D900059521%3Bpopular_nearby_landmarks%3D900059520%3Bpopular_nearby_landmarks%3D900074332%3Bpopular_nearby_landmarks%3D900077457%3Bpopular_nearby_landmarks%3D900059522%3Bpopular_nearby_landmarks%3D900074335%3Bpopular_nearby_landmarks%3D900074331%3Bpopular_nearby_landmarks%3D900053658%3Bpopular_nearby_landmarks%3D900053661%3Bpopular_nearby_landmarks%3D900053669%3Bpopular_nearby_landmarks%3D900058091%3Bpopular_nearby_landmarks%3D900059233%3Bpopular_nearby_landmarks%3D900059236%3Bpopular_nearby_landmarks%3D900059439%3Bpopular_nearby_landmarks%3D900059447%3Bpopular_nearby_landmarks%3D900059529%3Bpopular_nearby_landmarks%3D900069601%3Bpopular_nearby_landmarks%3D900069602%3Bpopular_nearby_landmarks%3D900069603%3Bpopular_nearby_landmarks%3D900070379%3Bpopular_nearby_landmarks%3D900074815%3Bpopular_nearby_landmarks%3D900074898%3Bpopular_nearby_landmarks%3D900075026%3Bpopular_nearby_landmarks%3D900059238","","The Cabin Ella","Scored 8.2","8.2","","Just a few steps from Demodara Nine Arch Bridge and 1.2 miles from Little Adam's Peak, The Cabin Ella features accommodations in Ella, with a garden.","· 441 reviews","Opens in new window","Ella","Show prices","Very Good","Show on map","","https://cf.bstatic.com/xdata/images/hotel/square600/334906973.webp?k=f5717f844cd1bd4ab5555d7c2ba332e61b1b5a4eab72b72dceab0711e6f19309&o="
"1777052003-187","https://www.booking.com/searchresults.html?label=bristol-XLwodozx2dVe8Ts0XeYuawS752260715469%3Apl%3Ata%3Ap1%3Ap2%3Aac%3Aap%3Aneg%3Afi%3Atikwd-869815001187%3Alp1009919%3Ali%3Adec%3Adm%3Appccp%3DUmFuZG9tSVYkc2RlIyh9YXdX6HrtnYy-Ml68sH-ljtU&aid=311984&dest_id=198&dest_type=country&group_adults=2&req_adults=2&no_rooms=1&broad_search_not_eligible=1&order=score&nflt=ht_id%3D204%3Bht_id%3D213%3Bht_id%3D216%3Bht_id%3D201%3Btop_destinations%3D6021%3Bpopular_nearby_landmarks%3D900059521%3Bpopular_nearby_landmarks%3D900059520%3Bpopular_nearby_landmarks%3D900074332%3Bpopular_nearby_landmarks%3D900077457%3Bpopular_nearby_landmarks%3D900059522%3Bpopular_nearby_landmarks%3D900074335%3Bpopular_nearby_landmarks%3D900074331%3Bpopular_nearby_landmarks%3D900053658%3Bpopular_nearby_landmarks%3D900053661%3Bpopular_nearby_landmarks%3D900053669%3Bpopular_nearby_landmarks%3D900058091%3Bpopular_nearby_landmarks%3D900059233%3Bpopular_nearby_landmarks%3D900059236%3Bpopular_nearby_landmarks%3D900059439%3Bpopular_nearby_landmarks%3D900059447%3Bpopular_nearby_landmarks%3D900059529%3Bpopular_nearby_landmarks%3D900069601%3Bpopular_nearby_landmarks%3D900069602%3Bpopular_nearby_landmarks%3D900069603%3Bpopular_nearby_landmarks%3D900070379%3Bpopular_nearby_landmarks%3D900074815%3Bpopular_nearby_landmarks%3D900074898%3Bpopular_nearby_landmarks%3D900075026%3Bpopular_nearby_landmarks%3D900059238","","88th - ELLA","Scored 8.2","8.2","","Located in Ella, 3.1 miles from Demodara Nine Arch Bridge, 88th - ELLA has accommodations with a garden, free private parking, a terrace and a restaurant.","· 40 reviews","Opens in new window","Ella","Show prices","Very Good","Show on map","","https://cf.bstatic.com/xdata/images/hotel/square600/750910294.webp?k=75797943e1bb0ca8fe3d605036b49bc53ee06bbd74fcc50fc4692ba678063c58&o="
"1777052003-188","https://www.booking.com/searchresults.html?label=bristol-XLwodozx2dVe8Ts0XeYuawS752260715469%3Apl%3Ata%3Ap1%3Ap2%3Aac%3Aap%3Aneg%3Afi%3Atikwd-869815001187%3Alp1009919%3Ali%3Adec%3Adm%3Appccp%3DUmFuZG9tSVYkc2RlIyh9YXdX6HrtnYy-Ml68sH-ljtU&aid=311984&dest_id=198&dest_type=country&group_adults=2&req_adults=2&no_rooms=1&broad_search_not_eligible=1&order=score&nflt=ht_id%3D204%3Bht_id%3D213%3Bht_id%3D216%3Bht_id%3D201%3Btop_destinations%3D6021%3Bpopular_nearby_landmarks%3D900059521%3Bpopular_nearby_landmarks%3D900059520%3Bpopular_nearby_landmarks%3D900074332%3Bpopular_nearby_landmarks%3D900077457%3Bpopular_nearby_landmarks%3D900059522%3Bpopular_nearby_landmarks%3D900074335%3Bpopular_nearby_landmarks%3D900074331%3Bpopular_nearby_landmarks%3D900053658%3Bpopular_nearby_landmarks%3D900053661%3Bpopular_nearby_landmarks%3D900053669%3Bpopular_nearby_landmarks%3D900058091%3Bpopular_nearby_landmarks%3D900059233%3Bpopular_nearby_landmarks%3D900059236%3Bpopular_nearby_landmarks%3D900059439%3Bpopular_nearby_landmarks%3D900059447%3Bpopular_nearby_landmarks%3D900059529%3Bpopular_nearby_landmarks%3D900069601%3Bpopular_nearby_landmarks%3D900069602%3Bpopular_nearby_landmarks%3D900069603%3Bpopular_nearby_landmarks%3D900070379%3Bpopular_nearby_landmarks%3D900074815%3Bpopular_nearby_landmarks%3D900074898%3Bpopular_nearby_landmarks%3D900075026%3Bpopular_nearby_landmarks%3D900059238","","BBQ HUB Ella","Scored 8.2","8.2","","Boasting massage services and free WiFi, BBQ HUB Ella is set in Ella, 1.2 mi from Demodara Nine Arch Bridge.","· 465 reviews","Opens in new window","Ella","Show prices","Very Good","Show on map","","https://cf.bstatic.com/xdata/images/hotel/square600/412373854.webp?k=ae40dd8197f3e55d5d0cc093e95150fc07bb5b24bdf7b829e67d0ae70bcc55c5&o="
"1777052003-189","https://www.booking.com/searchresults.html?label=bristol-XLwodozx2dVe8Ts0XeYuawS752260715469%3Apl%3Ata%3Ap1%3Ap2%3Aac%3Aap%3Aneg%3Afi%3Atikwd-869815001187%3Alp1009919%3Ali%3Adec%3Adm%3Appccp%3DUmFuZG9tSVYkc2RlIyh9YXdX6HrtnYy-Ml68sH-ljtU&aid=311984&dest_id=198&dest_type=country&group_adults=2&req_adults=2&no_rooms=1&broad_search_not_eligible=1&order=score&nflt=ht_id%3D204%3Bht_id%3D213%3Bht_id%3D216%3Bht_id%3D201%3Btop_destinations%3D6021%3Bpopular_nearby_landmarks%3D900059521%3Bpopular_nearby_landmarks%3D900059520%3Bpopular_nearby_landmarks%3D900074332%3Bpopular_nearby_landmarks%3D900077457%3Bpopular_nearby_landmarks%3D900059522%3Bpopular_nearby_landmarks%3D900074335%3Bpopular_nearby_landmarks%3D900074331%3Bpopular_nearby_landmarks%3D900053658%3Bpopular_nearby_landmarks%3D900053661%3Bpopular_nearby_landmarks%3D900053669%3Bpopular_nearby_landmarks%3D900058091%3Bpopular_nearby_landmarks%3D900059233%3Bpopular_nearby_landmarks%3D900059236%3Bpopular_nearby_landmarks%3D900059439%3Bpopular_nearby_landmarks%3D900059447%3Bpopular_nearby_landmarks%3D900059529%3Bpopular_nearby_landmarks%3D900069601%3Bpopular_nearby_landmarks%3D900069602%3Bpopular_nearby_landmarks%3D900069603%3Bpopular_nearby_landmarks%3D900070379%3Bpopular_nearby_landmarks%3D900074815%3Bpopular_nearby_landmarks%3D900074898%3Bpopular_nearby_landmarks%3D900075026%3Bpopular_nearby_landmarks%3D900059238","","Turn View Resort Ella","Scored 8.2","8.2","Value for money 8.7","Featuring a garden, Turn View Resort Ella is located in Ella in the Badulla District region, 1.8 miles from Demodara Nine Arch Bridge and 30 miles from Hakgala Botanical Garden.","· 50 reviews","Opens in new window","Ella","Show prices","Very Good","Show on map","","https://cf.bstatic.com/xdata/images/hotel/square600/788996235.webp?k=b23b6009befb1239ef70961d320575641975aa61fcdc0bbdc6451de5e31f330d&o="
"1777052003-190","https://www.booking.com/searchresults.html?label=bristol-XLwodozx2dVe8Ts0XeYuawS752260715469%3Apl%3Ata%3Ap1%3Ap2%3Aac%3Aap%3Aneg%3Afi%3Atikwd-869815001187%3Alp1009919%3Ali%3Adec%3Adm%3Appccp%3DUmFuZG9tSVYkc2RlIyh9YXdX6HrtnYy-Ml68sH-ljtU&aid=311984&dest_id=198&dest_type=country&group_adults=2&req_adults=2&no_rooms=1&broad_search_not_eligible=1&order=score&nflt=ht_id%3D204%3Bht_id%3D213%3Bht_id%3D216%3Bht_id%3D201%3Btop_destinations%3D6021%3Bpopular_nearby_landmarks%3D900059521%3Bpopular_nearby_landmarks%3D900059520%3Bpopular_nearby_landmarks%3D900074332%3Bpopular_nearby_landmarks%3D900077457%3Bpopular_nearby_landmarks%3D900059522%3Bpopular_nearby_landmarks%3D900074335%3Bpopular_nearby_landmarks%3D900074331%3Bpopular_nearby_landmarks%3D900053658%3Bpopular_nearby_landmarks%3D900053661%3Bpopular_nearby_landmarks%3D900053669%3Bpopular_nearby_landmarks%3D900058091%3Bpopular_nearby_landmarks%3D900059233%3Bpopular_nearby_landmarks%3D900059236%3Bpopular_nearby_landmarks%3D900059439%3Bpopular_nearby_landmarks%3D900059447%3Bpopular_nearby_landmarks%3D900059529%3Bpopular_nearby_landmarks%3D900069601%3Bpopular_nearby_landmarks%3D900069602%3Bpopular_nearby_landmarks%3D900069603%3Bpopular_nearby_landmarks%3D900070379%3Bpopular_nearby_landmarks%3D900074815%3Bpopular_nearby_landmarks%3D900074898%3Bpopular_nearby_landmarks%3D900075026%3Bpopular_nearby_landmarks%3D900059238","","Emerald Mirror Guest Ella","Scored 8.2","8.2","Value for money 8.5","Offering garden views, Emerald Mirror Guest Ella in Ella features accommodations, a garden, and a shared lounge. This property offers access to a balcony, free private parking, and free Wifi.","· 248 reviews","Opens in new window","Ella","Show prices","Very Good","Show on map","","https://cf.bstatic.com/xdata/images/hotel/square600/549657780.webp?k=e203eb7cee94d7e65342b9711490e8b0167174b7bbbfe5cb945f999efcc91b63&o="
"1777052003-191","https://www.booking.com/searchresults.html?label=bristol-XLwodozx2dVe8Ts0XeYuawS752260715469%3Apl%3Ata%3Ap1%3Ap2%3Aac%3Aap%3Aneg%3Afi%3Atikwd-869815001187%3Alp1009919%3Ali%3Adec%3Adm%3Appccp%3DUmFuZG9tSVYkc2RlIyh9YXdX6HrtnYy-Ml68sH-ljtU&aid=311984&dest_id=198&dest_type=country&group_adults=2&req_adults=2&no_rooms=1&broad_search_not_eligible=1&order=score&nflt=ht_id%3D204%3Bht_id%3D213%3Bht_id%3D216%3Bht_id%3D201%3Btop_destinations%3D6021%3Bpopular_nearby_landmarks%3D900059521%3Bpopular_nearby_landmarks%3D900059520%3Bpopular_nearby_landmarks%3D900074332%3Bpopular_nearby_landmarks%3D900077457%3Bpopular_nearby_landmarks%3D900059522%3Bpopular_nearby_landmarks%3D900074335%3Bpopular_nearby_landmarks%3D900074331%3Bpopular_nearby_landmarks%3D900053658%3Bpopular_nearby_landmarks%3D900053661%3Bpopular_nearby_landmarks%3D900053669%3Bpopular_nearby_landmarks%3D900058091%3Bpopular_nearby_landmarks%3D900059233%3Bpopular_nearby_landmarks%3D900059236%3Bpopular_nearby_landmarks%3D900059439%3Bpopular_nearby_landmarks%3D900059447%3Bpopular_nearby_landmarks%3D900059529%3Bpopular_nearby_landmarks%3D900069601%3Bpopular_nearby_landmarks%3D900069602%3Bpopular_nearby_landmarks%3D900069603%3Bpopular_nearby_landmarks%3D900070379%3Bpopular_nearby_landmarks%3D900074815%3Bpopular_nearby_landmarks%3D900074898%3Bpopular_nearby_landmarks%3D900075026%3Bpopular_nearby_landmarks%3D900059238","","Happy Laugh Ella","Scored 8.2","8.2","","Located in Ella, 4.8 miles from Demodara Nine Arch Bridge, Happy Laugh Ella has accommodations with a garden, free private parking, a terrace and a restaurant.","· 8 reviews","Opens in new window","Ella","Show prices","Very Good","Show on map","","https://cf.bstatic.com/xdata/images/hotel/square600/797151487.webp?k=f426cc9d6bafa666e3162bd5e0df8f7e1dee8a86e680c420406a806b06df686f&o="
"1777052003-192","https://www.booking.com/searchresults.html?label=bristol-XLwodozx2dVe8Ts0XeYuawS752260715469%3Apl%3Ata%3Ap1%3Ap2%3Aac%3Aap%3Aneg%3Afi%3Atikwd-869815001187%3Alp1009919%3Ali%3Adec%3Adm%3Appccp%3DUmFuZG9tSVYkc2RlIyh9YXdX6HrtnYy-Ml68sH-ljtU&aid=311984&dest_id=198&dest_type=country&group_adults=2&req_adults=2&no_rooms=1&broad_search_not_eligible=1&order=score&nflt=ht_id%3D204%3Bht_id%3D213%3Bht_id%3D216%3Bht_id%3D201%3Btop_destinations%3D6021%3Bpopular_nearby_landmarks%3D900059521%3Bpopular_nearby_landmarks%3D900059520%3Bpopular_nearby_landmarks%3D900074332%3Bpopular_nearby_landmarks%3D900077457%3Bpopular_nearby_landmarks%3D900059522%3Bpopular_nearby_landmarks%3D900074335%3Bpopular_nearby_landmarks%3D900074331%3Bpopular_nearby_landmarks%3D900053658%3Bpopular_nearby_landmarks%3D900053661%3Bpopular_nearby_landmarks%3D900053669%3Bpopular_nearby_landmarks%3D900058091%3Bpopular_nearby_landmarks%3D900059233%3Bpopular_nearby_landmarks%3D900059236%3Bpopular_nearby_landmarks%3D900059439%3Bpopular_nearby_landmarks%3D900059447%3Bpopular_nearby_landmarks%3D900059529%3Bpopular_nearby_landmarks%3D900069601%3Bpopular_nearby_landmarks%3D900069602%3Bpopular_nearby_landmarks%3D900069603%3Bpopular_nearby_landmarks%3D900070379%3Bpopular_nearby_landmarks%3D900074815%3Bpopular_nearby_landmarks%3D900074898%3Bpopular_nearby_landmarks%3D900075026%3Bpopular_nearby_landmarks%3D900059238","","Crystal Spring Luxury Hotel","Scored 8.2","8.2","","Located in Ella, 3.4 miles from Demodara Nine Arch Bridge, Crystal Spring Luxury Hotel provides accommodations with an outdoor swimming pool, free private parking, a shared lounge and a terrace.","· 404 reviews","Opens in new window","Ella","Show prices","Very Good","Show on map","","https://cf.bstatic.com/xdata/images/hotel/square600/708150634.webp?k=010928a5cdf680b0bf7228bef63711cd80ca7eae67e25d824ec48c3d0ad5db6a&o="
"1777052003-193","https://www.booking.com/searchresults.html?label=bristol-XLwodozx2dVe8Ts0XeYuawS752260715469%3Apl%3Ata%3Ap1%3Ap2%3Aac%3Aap%3Aneg%3Afi%3Atikwd-869815001187%3Alp1009919%3Ali%3Adec%3Adm%3Appccp%3DUmFuZG9tSVYkc2RlIyh9YXdX6HrtnYy-Ml68sH-ljtU&aid=311984&dest_id=198&dest_type=country&group_adults=2&req_adults=2&no_rooms=1&broad_search_not_eligible=1&order=score&nflt=ht_id%3D204%3Bht_id%3D213%3Bht_id%3D216%3Bht_id%3D201%3Btop_destinations%3D6021%3Bpopular_nearby_landmarks%3D900059521%3Bpopular_nearby_landmarks%3D900059520%3Bpopular_nearby_landmarks%3D900074332%3Bpopular_nearby_landmarks%3D900077457%3Bpopular_nearby_landmarks%3D900059522%3Bpopular_nearby_landmarks%3D900074335%3Bpopular_nearby_landmarks%3D900074331%3Bpopular_nearby_landmarks%3D900053658%3Bpopular_nearby_landmarks%3D900053661%3Bpopular_nearby_landmarks%3D900053669%3Bpopular_nearby_landmarks%3D900058091%3Bpopular_nearby_landmarks%3D900059233%3Bpopular_nearby_landmarks%3D900059236%3Bpopular_nearby_landmarks%3D900059439%3Bpopular_nearby_landmarks%3D900059447%3Bpopular_nearby_landmarks%3D900059529%3Bpopular_nearby_landmarks%3D900069601%3Bpopular_nearby_landmarks%3D900069602%3Bpopular_nearby_landmarks%3D900069603%3Bpopular_nearby_landmarks%3D900070379%3Bpopular_nearby_landmarks%3D900074815%3Bpopular_nearby_landmarks%3D900074898%3Bpopular_nearby_landmarks%3D900075026%3Bpopular_nearby_landmarks%3D900059238","","The kiwi","Scored 8.2","8.2","","Located in Ella and with Demodara Nine Arch Bridge reachable within 1.2 miles, The kiwi has a garden, non-smoking rooms, free WiFi throughout the property and a terrace.","· 82 reviews","Opens in new window","Ella","Show prices","Very Good","Show on map","","https://cf.bstatic.com/xdata/images/hotel/square600/609830841.webp?k=9bc499a930f67f677759e1ef5bf9d347464a4bcc21669a1914f0203f1ccef997&o="
"1777052003-194","https://www.booking.com/searchresults.html?label=bristol-XLwodozx2dVe8Ts0XeYuawS752260715469%3Apl%3Ata%3Ap1%3Ap2%3Aac%3Aap%3Aneg%3Afi%3Atikwd-869815001187%3Alp1009919%3Ali%3Adec%3Adm%3Appccp%3DUmFuZG9tSVYkc2RlIyh9YXdX6HrtnYy-Ml68sH-ljtU&aid=311984&dest_id=198&dest_type=country&group_adults=2&req_adults=2&no_rooms=1&broad_search_not_eligible=1&order=score&nflt=ht_id%3D204%3Bht_id%3D213%3Bht_id%3D216%3Bht_id%3D201%3Btop_destinations%3D6021%3Bpopular_nearby_landmarks%3D900059521%3Bpopular_nearby_landmarks%3D900059520%3Bpopular_nearby_landmarks%3D900074332%3Bpopular_nearby_landmarks%3D900077457%3Bpopular_nearby_landmarks%3D900059522%3Bpopular_nearby_landmarks%3D900074335%3Bpopular_nearby_landmarks%3D900074331%3Bpopular_nearby_landmarks%3D900053658%3Bpopular_nearby_landmarks%3D900053661%3Bpopular_nearby_landmarks%3D900053669%3Bpopular_nearby_landmarks%3D900058091%3Bpopular_nearby_landmarks%3D900059233%3Bpopular_nearby_landmarks%3D900059236%3Bpopular_nearby_landmarks%3D900059439%3Bpopular_nearby_landmarks%3D900059447%3Bpopular_nearby_landmarks%3D900059529%3Bpopular_nearby_landmarks%3D900069601%3Bpopular_nearby_landmarks%3D900069602%3Bpopular_nearby_landmarks%3D900069603%3Bpopular_nearby_landmarks%3D900070379%3Bpopular_nearby_landmarks%3D900074815%3Bpopular_nearby_landmarks%3D900074898%3Bpopular_nearby_landmarks%3D900075026%3Bpopular_nearby_landmarks%3D900059238","","Sa Rest Inn","Scored 8.2","8.2","Value for money 8.9","Located in Haputale, 28 miles from Gregory Lake, Sa Rest Inn provides accommodations with a garden, free private parking and a restaurant.","· 98 reviews","Opens in new window","Haputale","Show prices","Very Good","Show on map","","https://cf.bstatic.com/xdata/images/hotel/square600/130171358.webp?k=178d3eeaad97441e7ebf2c3c0040f8c641c5735373f2261a4cb242fa050df0f3&o="
"1777052003-195","https://www.booking.com/searchresults.html?label=bristol-XLwodozx2dVe8Ts0XeYuawS752260715469%3Apl%3Ata%3Ap1%3Ap2%3Aac%3Aap%3Aneg%3Afi%3Atikwd-869815001187%3Alp1009919%3Ali%3Adec%3Adm%3Appccp%3DUmFuZG9tSVYkc2RlIyh9YXdX6HrtnYy-Ml68sH-ljtU&aid=311984&dest_id=198&dest_type=country&group_adults=2&req_adults=2&no_rooms=1&broad_search_not_eligible=1&order=score&nflt=ht_id%3D204%3Bht_id%3D213%3Bht_id%3D216%3Bht_id%3D201%3Btop_destinations%3D6021%3Bpopular_nearby_landmarks%3D900059521%3Bpopular_nearby_landmarks%3D900059520%3Bpopular_nearby_landmarks%3D900074332%3Bpopular_nearby_landmarks%3D900077457%3Bpopular_nearby_landmarks%3D900059522%3Bpopular_nearby_landmarks%3D900074335%3Bpopular_nearby_landmarks%3D900074331%3Bpopular_nearby_landmarks%3D900053658%3Bpopular_nearby_landmarks%3D900053661%3Bpopular_nearby_landmarks%3D900053669%3Bpopular_nearby_landmarks%3D900058091%3Bpopular_nearby_landmarks%3D900059233%3Bpopular_nearby_landmarks%3D900059236%3Bpopular_nearby_landmarks%3D900059439%3Bpopular_nearby_landmarks%3D900059447%3Bpopular_nearby_landmarks%3D900059529%3Bpopular_nearby_landmarks%3D900069601%3Bpopular_nearby_landmarks%3D900069602%3Bpopular_nearby_landmarks%3D900069603%3Bpopular_nearby_landmarks%3D900070379%3Bpopular_nearby_landmarks%3D900074815%3Bpopular_nearby_landmarks%3D900074898%3Bpopular_nearby_landmarks%3D900075026%3Bpopular_nearby_landmarks%3D900059238","","Lakshan View Resort","Scored 8.2","8.2","Value for money 8.6","Offering garden views, Lakshan View Resort in Haputale offers accommodations, a garden, a terrace, a bar, and a shared lounge.","· 235 reviews","Opens in new window","Haputale","Show prices","Very Good","Show on map","","https://cf.bstatic.com/xdata/images/hotel/square600/576469680.webp?k=05becd368a55d56a99fd583a83a34ed58f012ad64e9def5c43afbb7ad3bc245e&o="
"1777052003-196","https://www.booking.com/searchresults.html?label=bristol-XLwodozx2dVe8Ts0XeYuawS752260715469%3Apl%3Ata%3Ap1%3Ap2%3Aac%3Aap%3Aneg%3Afi%3Atikwd-869815001187%3Alp1009919%3Ali%3Adec%3Adm%3Appccp%3DUmFuZG9tSVYkc2RlIyh9YXdX6HrtnYy-Ml68sH-ljtU&aid=311984&dest_id=198&dest_type=country&group_adults=2&req_adults=2&no_rooms=1&broad_search_not_eligible=1&order=score&nflt=ht_id%3D204%3Bht_id%3D213%3Bht_id%3D216%3Bht_id%3D201%3Btop_destinations%3D6021%3Bpopular_nearby_landmarks%3D900059521%3Bpopular_nearby_landmarks%3D900059520%3Bpopular_nearby_landmarks%3D900074332%3Bpopular_nearby_landmarks%3D900077457%3Bpopular_nearby_landmarks%3D900059522%3Bpopular_nearby_landmarks%3D900074335%3Bpopular_nearby_landmarks%3D900074331%3Bpopular_nearby_landmarks%3D900053658%3Bpopular_nearby_landmarks%3D900053661%3Bpopular_nearby_landmarks%3D900053669%3Bpopular_nearby_landmarks%3D900058091%3Bpopular_nearby_landmarks%3D900059233%3Bpopular_nearby_landmarks%3D900059236%3Bpopular_nearby_landmarks%3D900059439%3Bpopular_nearby_landmarks%3D900059447%3Bpopular_nearby_landmarks%3D900059529%3Bpopular_nearby_landmarks%3D900069601%3Bpopular_nearby_landmarks%3D900069602%3Bpopular_nearby_landmarks%3D900069603%3Bpopular_nearby_landmarks%3D900070379%3Bpopular_nearby_landmarks%3D900074815%3Bpopular_nearby_landmarks%3D900074898%3Bpopular_nearby_landmarks%3D900075026%3Bpopular_nearby_landmarks%3D900059238","","Soorya Inn Ella","Scored 8.2","8.2","Value for money 8.5","Just a 8-minute walk from Ella Spice Garden Cooking Class and half a mile from Ella Train Station, Soorya Inn Ella features accommodations in Ella, with a shared lounge.","· 76 reviews","Opens in new window","Ella","Show prices","Very Good","Show on map","","https://cf.bstatic.com/xdata/images/hotel/square600/732015480.webp?k=de8e76e96bc0b31b16525968ad288c4af170d6040d3fc6a0466486f63ed9010f&o="
"1777052003-197","https://www.booking.com/searchresults.html?label=bristol-XLwodozx2dVe8Ts0XeYuawS752260715469%3Apl%3Ata%3Ap1%3Ap2%3Aac%3Aap%3Aneg%3Afi%3Atikwd-869815001187%3Alp1009919%3Ali%3Adec%3Adm%3Appccp%3DUmFuZG9tSVYkc2RlIyh9YXdX6HrtnYy-Ml68sH-ljtU&aid=311984&dest_id=198&dest_type=country&group_adults=2&req_adults=2&no_rooms=1&broad_search_not_eligible=1&order=score&nflt=ht_id%3D204%3Bht_id%3D213%3Bht_id%3D216%3Bht_id%3D201%3Btop_destinations%3D6021%3Bpopular_nearby_landmarks%3D900059521%3Bpopular_nearby_landmarks%3D900059520%3Bpopular_nearby_landmarks%3D900074332%3Bpopular_nearby_landmarks%3D900077457%3Bpopular_nearby_landmarks%3D900059522%3Bpopular_nearby_landmarks%3D900074335%3Bpopular_nearby_landmarks%3D900074331%3Bpopular_nearby_landmarks%3D900053658%3Bpopular_nearby_landmarks%3D900053661%3Bpopular_nearby_landmarks%3D900053669%3Bpopular_nearby_landmarks%3D900058091%3Bpopular_nearby_landmarks%3D900059233%3Bpopular_nearby_landmarks%3D900059236%3Bpopular_nearby_landmarks%3D900059439%3Bpopular_nearby_landmarks%3D900059447%3Bpopular_nearby_landmarks%3D900059529%3Bpopular_nearby_landmarks%3D900069601%3Bpopular_nearby_landmarks%3D900069602%3Bpopular_nearby_landmarks%3D900069603%3Bpopular_nearby_landmarks%3D900070379%3Bpopular_nearby_landmarks%3D900074815%3Bpopular_nearby_landmarks%3D900074898%3Bpopular_nearby_landmarks%3D900075026%3Bpopular_nearby_landmarks%3D900059238","","Hotel Ella`s Edge","Scored 8.1","8.1","","Located in Ella, 3.2 miles from Demodara Nine Arch Bridge, Hotel Ella`s Edge has accommodations with a garden, free private parking, a shared lounge and a terrace.","· 284 reviews","Opens in new window","Ella","Show prices","Very Good","Show on map","","https://cf.bstatic.com/xdata/images/hotel/square600/293503245.webp?k=266d0f6e5d1f07d5a7584f756d5b31673193f7a722cc32ad692a381b13d2cdc5&o="
"1777052003-198","https://www.booking.com/searchresults.html?label=bristol-XLwodozx2dVe8Ts0XeYuawS752260715469%3Apl%3Ata%3Ap1%3Ap2%3Aac%3Aap%3Aneg%3Afi%3Atikwd-869815001187%3Alp1009919%3Ali%3Adec%3Adm%3Appccp%3DUmFuZG9tSVYkc2RlIyh9YXdX6HrtnYy-Ml68sH-ljtU&aid=311984&dest_id=198&dest_type=country&group_adults=2&req_adults=2&no_rooms=1&broad_search_not_eligible=1&order=score&nflt=ht_id%3D204%3Bht_id%3D213%3Bht_id%3D216%3Bht_id%3D201%3Btop_destinations%3D6021%3Bpopular_nearby_landmarks%3D900059521%3Bpopular_nearby_landmarks%3D900059520%3Bpopular_nearby_landmarks%3D900074332%3Bpopular_nearby_landmarks%3D900077457%3Bpopular_nearby_landmarks%3D900059522%3Bpopular_nearby_landmarks%3D900074335%3Bpopular_nearby_landmarks%3D900074331%3Bpopular_nearby_landmarks%3D900053658%3Bpopular_nearby_landmarks%3D900053661%3Bpopular_nearby_landmarks%3D900053669%3Bpopular_nearby_landmarks%3D900058091%3Bpopular_nearby_landmarks%3D900059233%3Bpopular_nearby_landmarks%3D900059236%3Bpopular_nearby_landmarks%3D900059439%3Bpopular_nearby_landmarks%3D900059447%3Bpopular_nearby_landmarks%3D900059529%3Bpopular_nearby_landmarks%3D900069601%3Bpopular_nearby_landmarks%3D900069602%3Bpopular_nearby_landmarks%3D900069603%3Bpopular_nearby_landmarks%3D900070379%3Bpopular_nearby_landmarks%3D900074815%3Bpopular_nearby_landmarks%3D900074898%3Bpopular_nearby_landmarks%3D900075026%3Bpopular_nearby_landmarks%3D900059238","","The Ceylan Crest Hotel Ella","Scored 8.1","8.1","Value for money 8.8","Located in Ella, 2.7 miles from Demodara Nine Arch Bridge, The Ceylan Crest Hotel Ella features views of the mountain.","· 39 reviews","Opens in new window","Ella","Show prices","Very Good","Show on map","","https://cf.bstatic.com/xdata/images/hotel/square600/819240450.webp?k=ff73ca52526bbd81962c844e2272e4dac183fb87118d75eb134c8d3865f5937d&o="
"1777052003-199","https://www.booking.com/searchresults.html?label=bristol-XLwodozx2dVe8Ts0XeYuawS752260715469%3Apl%3Ata%3Ap1%3Ap2%3Aac%3Aap%3Aneg%3Afi%3Atikwd-869815001187%3Alp1009919%3Ali%3Adec%3Adm%3Appccp%3DUmFuZG9tSVYkc2RlIyh9YXdX6HrtnYy-Ml68sH-ljtU&aid=311984&dest_id=198&dest_type=country&group_adults=2&req_adults=2&no_rooms=1&broad_search_not_eligible=1&order=score&nflt=ht_id%3D204%3Bht_id%3D213%3Bht_id%3D216%3Bht_id%3D201%3Btop_destinations%3D6021%3Bpopular_nearby_landmarks%3D900059521%3Bpopular_nearby_landmarks%3D900059520%3Bpopular_nearby_landmarks%3D900074332%3Bpopular_nearby_landmarks%3D900077457%3Bpopular_nearby_landmarks%3D900059522%3Bpopular_nearby_landmarks%3D900074335%3Bpopular_nearby_landmarks%3D900074331%3Bpopular_nearby_landmarks%3D900053658%3Bpopular_nearby_landmarks%3D900053661%3Bpopular_nearby_landmarks%3D900053669%3Bpopular_nearby_landmarks%3D900058091%3Bpopular_nearby_landmarks%3D900059233%3Bpopular_nearby_landmarks%3D900059236%3Bpopular_nearby_landmarks%3D900059439%3Bpopular_nearby_landmarks%3D900059447%3Bpopular_nearby_landmarks%3D900059529%3Bpopular_nearby_landmarks%3D900069601%3Bpopular_nearby_landmarks%3D900069602%3Bpopular_nearby_landmarks%3D900069603%3Bpopular_nearby_landmarks%3D900070379%3Bpopular_nearby_landmarks%3D900074815%3Bpopular_nearby_landmarks%3D900074898%3Bpopular_nearby_landmarks%3D900075026%3Bpopular_nearby_landmarks%3D900059238","","Onestar Ella","Scored 8.1","8.1","Value for money 8.6","Onestar Ella is located in Ella, 3.3 miles from Demodara Nine Arch Bridge and 30 miles from Hakgala Botanical Garden.","· 419 reviews","Opens in new window","Ella","Show prices","Very Good","Show on map","","https://cf.bstatic.com/xdata/images/hotel/square600/416948823.webp?k=89cc8f27f49eb901546c7050610abb33d94ca20c21aa4a4dbebf056a1e65e2eb&o="
"1777052003-200","https://www.booking.com/searchresults.html?label=bristol-XLwodozx2dVe8Ts0XeYuawS752260715469%3Apl%3Ata%3Ap1%3Ap2%3Aac%3Aap%3Aneg%3Afi%3Atikwd-869815001187%3Alp1009919%3Ali%3Adec%3Adm%3Appccp%3DUmFuZG9tSVYkc2RlIyh9YXdX6HrtnYy-Ml68sH-ljtU&aid=311984&dest_id=198&dest_type=country&group_adults=2&req_adults=2&no_rooms=1&broad_search_not_eligible=1&order=score&nflt=ht_id%3D204%3Bht_id%3D213%3Bht_id%3D216%3Bht_id%3D201%3Btop_destinations%3D6021%3Bpopular_nearby_landmarks%3D900059521%3Bpopular_nearby_landmarks%3D900059520%3Bpopular_nearby_landmarks%3D900074332%3Bpopular_nearby_landmarks%3D900077457%3Bpopular_nearby_landmarks%3D900059522%3Bpopular_nearby_landmarks%3D900074335%3Bpopular_nearby_landmarks%3D900074331%3Bpopular_nearby_landmarks%3D900053658%3Bpopular_nearby_landmarks%3D900053661%3Bpopular_nearby_landmarks%3D900053669%3Bpopular_nearby_landmarks%3D900058091%3Bpopular_nearby_landmarks%3D900059233%3Bpopular_nearby_landmarks%3D900059236%3Bpopular_nearby_landmarks%3D900059439%3Bpopular_nearby_landmarks%3D900059447%3Bpopular_nearby_landmarks%3D900059529%3Bpopular_nearby_landmarks%3D900069601%3Bpopular_nearby_landmarks%3D900069602%3Bpopular_nearby_landmarks%3D900069603%3Bpopular_nearby_landmarks%3D900070379%3Bpopular_nearby_landmarks%3D900074815%3Bpopular_nearby_landmarks%3D900074898%3Bpopular_nearby_landmarks%3D900075026%3Bpopular_nearby_landmarks%3D900059238","","The Tea View Guest Ella","Scored 8.1","8.1","Value for money 8.6","The Tea View Guest Ella is located in Ella, 0.9 mi from Demodara Nine Arch Bridge and 1.5 mi from Ella Rock. Free WiFi is provided and free private parking is available on site.","· 191 reviews","Opens in new window","Ella","Show prices","Very Good","Show on map","","https://cf.bstatic.com/xdata/images/hotel/square600/563385903.webp?k=e30fce1ade0b3a5eaeb247e88b9d2fb1419a5ebd89eb95bfa14912a35b0d4d29&o="
"1777052003-201","https://www.booking.com/searchresults.html?label=bristol-XLwodozx2dVe8Ts0XeYuawS752260715469%3Apl%3Ata%3Ap1%3Ap2%3Aac%3Aap%3Aneg%3Afi%3Atikwd-869815001187%3Alp1009919%3Ali%3Adec%3Adm%3Appccp%3DUmFuZG9tSVYkc2RlIyh9YXdX6HrtnYy-Ml68sH-ljtU&aid=311984&dest_id=198&dest_type=country&group_adults=2&req_adults=2&no_rooms=1&broad_search_not_eligible=1&order=score&nflt=ht_id%3D204%3Bht_id%3D213%3Bht_id%3D216%3Bht_id%3D201%3Btop_destinations%3D6021%3Bpopular_nearby_landmarks%3D900059521%3Bpopular_nearby_landmarks%3D900059520%3Bpopular_nearby_landmarks%3D900074332%3Bpopular_nearby_landmarks%3D900077457%3Bpopular_nearby_landmarks%3D900059522%3Bpopular_nearby_landmarks%3D900074335%3Bpopular_nearby_landmarks%3D900074331%3Bpopular_nearby_landmarks%3D900053658%3Bpopular_nearby_landmarks%3D900053661%3Bpopular_nearby_landmarks%3D900053669%3Bpopular_nearby_landmarks%3D900058091%3Bpopular_nearby_landmarks%3D900059233%3Bpopular_nearby_landmarks%3D900059236%3Bpopular_nearby_landmarks%3D900059439%3Bpopular_nearby_landmarks%3D900059447%3Bpopular_nearby_landmarks%3D900059529%3Bpopular_nearby_landmarks%3D900069601%3Bpopular_nearby_landmarks%3D900069602%3Bpopular_nearby_landmarks%3D900069603%3Bpopular_nearby_landmarks%3D900070379%3Bpopular_nearby_landmarks%3D900074815%3Bpopular_nearby_landmarks%3D900074898%3Bpopular_nearby_landmarks%3D900075026%3Bpopular_nearby_landmarks%3D900059238","","Ella Tiny house","Scored 8.1","8.1","Location 9.5","Ella Tiny house is located in Ella, just 2.7 miles from Demodara Nine Arch Bridge and 29 miles from Hakgala Botanical Garden.","· 10 reviews","Opens in new window","Ella","Show prices","Very Good","Show on map","","https://cf.bstatic.com/xdata/images/hotel/square600/727992331.webp?k=beb4c96762c969040f70db0ef0c8b151bb1e1ecaea777588a4561d39321d886f&o="
"1777052003-202","https://www.booking.com/searchresults.html?label=bristol-XLwodozx2dVe8Ts0XeYuawS752260715469%3Apl%3Ata%3Ap1%3Ap2%3Aac%3Aap%3Aneg%3Afi%3Atikwd-869815001187%3Alp1009919%3Ali%3Adec%3Adm%3Appccp%3DUmFuZG9tSVYkc2RlIyh9YXdX6HrtnYy-Ml68sH-ljtU&aid=311984&dest_id=198&dest_type=country&group_adults=2&req_adults=2&no_rooms=1&broad_search_not_eligible=1&order=score&nflt=ht_id%3D204%3Bht_id%3D213%3Bht_id%3D216%3Bht_id%3D201%3Btop_destinations%3D6021%3Bpopular_nearby_landmarks%3D900059521%3Bpopular_nearby_landmarks%3D900059520%3Bpopular_nearby_landmarks%3D900074332%3Bpopular_nearby_landmarks%3D900077457%3Bpopular_nearby_landmarks%3D900059522%3Bpopular_nearby_landmarks%3D900074335%3Bpopular_nearby_landmarks%3D900074331%3Bpopular_nearby_landmarks%3D900053658%3Bpopular_nearby_landmarks%3D900053661%3Bpopular_nearby_landmarks%3D900053669%3Bpopular_nearby_landmarks%3D900058091%3Bpopular_nearby_landmarks%3D900059233%3Bpopular_nearby_landmarks%3D900059236%3Bpopular_nearby_landmarks%3D900059439%3Bpopular_nearby_landmarks%3D900059447%3Bpopular_nearby_landmarks%3D900059529%3Bpopular_nearby_landmarks%3D900069601%3Bpopular_nearby_landmarks%3D900069602%3Bpopular_nearby_landmarks%3D900069603%3Bpopular_nearby_landmarks%3D900070379%3Bpopular_nearby_landmarks%3D900074815%3Bpopular_nearby_landmarks%3D900074898%3Bpopular_nearby_landmarks%3D900075026%3Bpopular_nearby_landmarks%3D900059238","","Tree Cool Resort","Scored 8.1","8.1","","Located in Ella and within a 19-minute walk of Demodara Nine Arch Bridge, Tree Cool Resort has a terrace, rooms, and free WiFi.","· 66 reviews","Opens in new window","Ella","Show prices","Very Good","Show on map","","https://cf.bstatic.com/xdata/images/hotel/square600/507824192.webp?k=953b7ec158e011305ce87de6f92a8e05279774fda459089af562a4243ea9992c&o="
"1777052003-203","https://www.booking.com/searchresults.html?label=bristol-XLwodozx2dVe8Ts0XeYuawS752260715469%3Apl%3Ata%3Ap1%3Ap2%3Aac%3Aap%3Aneg%3Afi%3Atikwd-869815001187%3Alp1009919%3Ali%3Adec%3Adm%3Appccp%3DUmFuZG9tSVYkc2RlIyh9YXdX6HrtnYy-Ml68sH-ljtU&aid=311984&dest_id=198&dest_type=country&group_adults=2&req_adults=2&no_rooms=1&broad_search_not_eligible=1&order=score&nflt=ht_id%3D204%3Bht_id%3D213%3Bht_id%3D216%3Bht_id%3D201%3Btop_destinations%3D6021%3Bpopular_nearby_landmarks%3D900059521%3Bpopular_nearby_landmarks%3D900059520%3Bpopular_nearby_landmarks%3D900074332%3Bpopular_nearby_landmarks%3D900077457%3Bpopular_nearby_landmarks%3D900059522%3Bpopular_nearby_landmarks%3D900074335%3Bpopular_nearby_landmarks%3D900074331%3Bpopular_nearby_landmarks%3D900053658%3Bpopular_nearby_landmarks%3D900053661%3Bpopular_nearby_landmarks%3D900053669%3Bpopular_nearby_landmarks%3D900058091%3Bpopular_nearby_landmarks%3D900059233%3Bpopular_nearby_landmarks%3D900059236%3Bpopular_nearby_landmarks%3D900059439%3Bpopular_nearby_landmarks%3D900059447%3Bpopular_nearby_landmarks%3D900059529%3Bpopular_nearby_landmarks%3D900069601%3Bpopular_nearby_landmarks%3D900069602%3Bpopular_nearby_landmarks%3D900069603%3Bpopular_nearby_landmarks%3D900070379%3Bpopular_nearby_landmarks%3D900074815%3Bpopular_nearby_landmarks%3D900074898%3Bpopular_nearby_landmarks%3D900075026%3Bpopular_nearby_landmarks%3D900059238","","Heart of Ella","Scored 8.0","8.0","","Located in Ella, 3.5 miles from Demodara Nine Arch Bridge, Heart of Ella has accommodations with a garden, free private parking, a terrace and a restaurant.","· 1,345 reviews","Opens in new window","Ella","Show prices","Very Good","Show on map","","https://cf.bstatic.com/xdata/images/hotel/square600/625995431.webp?k=bc0e377a01b8658fd84a594401a6e16abed3b31fb70c8472eb34f8d3cfe23dba&o="
"1777052003-204","https://www.booking.com/searchresults.html?label=bristol-XLwodozx2dVe8Ts0XeYuawS752260715469%3Apl%3Ata%3Ap1%3Ap2%3Aac%3Aap%3Aneg%3Afi%3Atikwd-869815001187%3Alp1009919%3Ali%3Adec%3Adm%3Appccp%3DUmFuZG9tSVYkc2RlIyh9YXdX6HrtnYy-Ml68sH-ljtU&aid=311984&dest_id=198&dest_type=country&group_adults=2&req_adults=2&no_rooms=1&broad_search_not_eligible=1&order=score&nflt=ht_id%3D204%3Bht_id%3D213%3Bht_id%3D216%3Bht_id%3D201%3Btop_destinations%3D6021%3Bpopular_nearby_landmarks%3D900059521%3Bpopular_nearby_landmarks%3D900059520%3Bpopular_nearby_landmarks%3D900074332%3Bpopular_nearby_landmarks%3D900077457%3Bpopular_nearby_landmarks%3D900059522%3Bpopular_nearby_landmarks%3D900074335%3Bpopular_nearby_landmarks%3D900074331%3Bpopular_nearby_landmarks%3D900053658%3Bpopular_nearby_landmarks%3D900053661%3Bpopular_nearby_landmarks%3D900053669%3Bpopular_nearby_landmarks%3D900058091%3Bpopular_nearby_landmarks%3D900059233%3Bpopular_nearby_landmarks%3D900059236%3Bpopular_nearby_landmarks%3D900059439%3Bpopular_nearby_landmarks%3D900059447%3Bpopular_nearby_landmarks%3D900059529%3Bpopular_nearby_landmarks%3D900069601%3Bpopular_nearby_landmarks%3D900069602%3Bpopular_nearby_landmarks%3D900069603%3Bpopular_nearby_landmarks%3D900070379%3Bpopular_nearby_landmarks%3D900074815%3Bpopular_nearby_landmarks%3D900074898%3Bpopular_nearby_landmarks%3D900075026%3Bpopular_nearby_landmarks%3D900059238","","Holiday Homes Guest Inn - Ella","Scored 8.0","8.0","","1.1 miles from Demodara Nine Arch Bridge in Ella, Holiday Homes Guest Inn - Ella offers accommodations with access to spa facilities, wellness packages, and fitness room.","· 660 reviews","Opens in new window","Ella","Show prices","Very Good","Show on map","","https://cf.bstatic.com/xdata/images/hotel/square600/850235182.webp?k=6c7cf13fe35a3cc9308c7fa20dbb6092cd56a6a5462bb4da80cf7f39db8e7ce7&o="
"1777052003-205","https://www.booking.com/searchresults.html?label=bristol-XLwodozx2dVe8Ts0XeYuawS752260715469%3Apl%3Ata%3Ap1%3Ap2%3Aac%3Aap%3Aneg%3Afi%3Atikwd-869815001187%3Alp1009919%3Ali%3Adec%3Adm%3Appccp%3DUmFuZG9tSVYkc2RlIyh9YXdX6HrtnYy-Ml68sH-ljtU&aid=311984&dest_id=198&dest_type=country&group_adults=2&req_adults=2&no_rooms=1&broad_search_not_eligible=1&order=score&nflt=ht_id%3D204%3Bht_id%3D213%3Bht_id%3D216%3Bht_id%3D201%3Btop_destinations%3D6021%3Bpopular_nearby_landmarks%3D900059521%3Bpopular_nearby_landmarks%3D900059520%3Bpopular_nearby_landmarks%3D900074332%3Bpopular_nearby_landmarks%3D900077457%3Bpopular_nearby_landmarks%3D900059522%3Bpopular_nearby_landmarks%3D900074335%3Bpopular_nearby_landmarks%3D900074331%3Bpopular_nearby_landmarks%3D900053658%3Bpopular_nearby_landmarks%3D900053661%3Bpopular_nearby_landmarks%3D900053669%3Bpopular_nearby_landmarks%3D900058091%3Bpopular_nearby_landmarks%3D900059233%3Bpopular_nearby_landmarks%3D900059236%3Bpopular_nearby_landmarks%3D900059439%3Bpopular_nearby_landmarks%3D900059447%3Bpopular_nearby_landmarks%3D900059529%3Bpopular_nearby_landmarks%3D900069601%3Bpopular_nearby_landmarks%3D900069602%3Bpopular_nearby_landmarks%3D900069603%3Bpopular_nearby_landmarks%3D900070379%3Bpopular_nearby_landmarks%3D900074815%3Bpopular_nearby_landmarks%3D900074898%3Bpopular_nearby_landmarks%3D900075026%3Bpopular_nearby_landmarks%3D900059238","","The Rock Face","Scored 8.0","8.0","","Located in Ella, a 17-minute walk from Demodara Nine Arch Bridge, The Rock Face has a terrace and rooms with free WiFi access.","· 907 reviews","Opens in new window","Ella","Show prices","Very Good","Show on map","","https://cf.bstatic.com/xdata/images/hotel/square600/710790076.webp?k=623e104d037ec9b317356cc4160db3c13800eff2ec289d87d3a135a0acfd8beb&o="
"1777052003-206","https://www.booking.com/searchresults.html?label=bristol-XLwodozx2dVe8Ts0XeYuawS752260715469%3Apl%3Ata%3Ap1%3Ap2%3Aac%3Aap%3Aneg%3Afi%3Atikwd-869815001187%3Alp1009919%3Ali%3Adec%3Adm%3Appccp%3DUmFuZG9tSVYkc2RlIyh9YXdX6HrtnYy-Ml68sH-ljtU&aid=311984&dest_id=198&dest_type=country&group_adults=2&req_adults=2&no_rooms=1&broad_search_not_eligible=1&order=score&nflt=ht_id%3D204%3Bht_id%3D213%3Bht_id%3D216%3Bht_id%3D201%3Btop_destinations%3D6021%3Bpopular_nearby_landmarks%3D900059521%3Bpopular_nearby_landmarks%3D900059520%3Bpopular_nearby_landmarks%3D900074332%3Bpopular_nearby_landmarks%3D900077457%3Bpopular_nearby_landmarks%3D900059522%3Bpopular_nearby_landmarks%3D900074335%3Bpopular_nearby_landmarks%3D900074331%3Bpopular_nearby_landmarks%3D900053658%3Bpopular_nearby_landmarks%3D900053661%3Bpopular_nearby_landmarks%3D900053669%3Bpopular_nearby_landmarks%3D900058091%3Bpopular_nearby_landmarks%3D900059233%3Bpopular_nearby_landmarks%3D900059236%3Bpopular_nearby_landmarks%3D900059439%3Bpopular_nearby_landmarks%3D900059447%3Bpopular_nearby_landmarks%3D900059529%3Bpopular_nearby_landmarks%3D900069601%3Bpopular_nearby_landmarks%3D900069602%3Bpopular_nearby_landmarks%3D900069603%3Bpopular_nearby_landmarks%3D900070379%3Bpopular_nearby_landmarks%3D900074815%3Bpopular_nearby_landmarks%3D900074898%3Bpopular_nearby_landmarks%3D900075026%3Bpopular_nearby_landmarks%3D900059238","","Ella Rawana Den Hotel","Scored 8.0","8.0","","Located in Ella, 2.9 miles from Demodara Nine Arch Bridge, Ella Rawana Den Hotel provides accommodations with a garden, free private parking, a terrace and a restaurant.","· 220 reviews","Opens in new window","Ella","Show prices","Very Good","Show on map","","https://cf.bstatic.com/xdata/images/hotel/square600/739684785.webp?k=1ad7aa53613582f64dbe270dea75969fe7606079157089acdf5ab9cc266f9251&o="
"1777052003-207","https://www.booking.com/searchresults.html?label=bristol-XLwodozx2dVe8Ts0XeYuawS752260715469%3Apl%3Ata%3Ap1%3Ap2%3Aac%3Aap%3Aneg%3Afi%3Atikwd-869815001187%3Alp1009919%3Ali%3Adec%3Adm%3Appccp%3DUmFuZG9tSVYkc2RlIyh9YXdX6HrtnYy-Ml68sH-ljtU&aid=311984&dest_id=198&dest_type=country&group_adults=2&req_adults=2&no_rooms=1&broad_search_not_eligible=1&order=score&nflt=ht_id%3D204%3Bht_id%3D213%3Bht_id%3D216%3Bht_id%3D201%3Btop_destinations%3D6021%3Bpopular_nearby_landmarks%3D900059521%3Bpopular_nearby_landmarks%3D900059520%3Bpopular_nearby_landmarks%3D900074332%3Bpopular_nearby_landmarks%3D900077457%3Bpopular_nearby_landmarks%3D900059522%3Bpopular_nearby_landmarks%3D900074335%3Bpopular_nearby_landmarks%3D900074331%3Bpopular_nearby_landmarks%3D900053658%3Bpopular_nearby_landmarks%3D900053661%3Bpopular_nearby_landmarks%3D900053669%3Bpopular_nearby_landmarks%3D900058091%3Bpopular_nearby_landmarks%3D900059233%3Bpopular_nearby_landmarks%3D900059236%3Bpopular_nearby_landmarks%3D900059439%3Bpopular_nearby_landmarks%3D900059447%3Bpopular_nearby_landmarks%3D900059529%3Bpopular_nearby_landmarks%3D900069601%3Bpopular_nearby_landmarks%3D900069602%3Bpopular_nearby_landmarks%3D900069603%3Bpopular_nearby_landmarks%3D900070379%3Bpopular_nearby_landmarks%3D900074815%3Bpopular_nearby_landmarks%3D900074898%3Bpopular_nearby_landmarks%3D900075026%3Bpopular_nearby_landmarks%3D900059238","","Tina Nature villa","Scored 8.0","8.0","","Offering pool views, Tina Nature villa in Ella provides accommodations and a garden. Both free Wifi and parking on-site are accessible at the villa free of charge.","· 568 reviews","Opens in new window","Ella","Show prices","Very Good","Show on map","","https://cf.bstatic.com/xdata/images/hotel/square600/139165924.webp?k=1d7289b1c68f719663b97390afa5ee2026488ed1f932fdeab72d35e84d574212&o="
"1777052003-208","https://www.booking.com/searchresults.html?label=bristol-XLwodozx2dVe8Ts0XeYuawS752260715469%3Apl%3Ata%3Ap1%3Ap2%3Aac%3Aap%3Aneg%3Afi%3Atikwd-869815001187%3Alp1009919%3Ali%3Adec%3Adm%3Appccp%3DUmFuZG9tSVYkc2RlIyh9YXdX6HrtnYy-Ml68sH-ljtU&aid=311984&dest_id=198&dest_type=country&group_adults=2&req_adults=2&no_rooms=1&broad_search_not_eligible=1&order=score&nflt=ht_id%3D204%3Bht_id%3D213%3Bht_id%3D216%3Bht_id%3D201%3Btop_destinations%3D6021%3Bpopular_nearby_landmarks%3D900059521%3Bpopular_nearby_landmarks%3D900059520%3Bpopular_nearby_landmarks%3D900074332%3Bpopular_nearby_landmarks%3D900077457%3Bpopular_nearby_landmarks%3D900059522%3Bpopular_nearby_landmarks%3D900074335%3Bpopular_nearby_landmarks%3D900074331%3Bpopular_nearby_landmarks%3D900053658%3Bpopular_nearby_landmarks%3D900053661%3Bpopular_nearby_landmarks%3D900053669%3Bpopular_nearby_landmarks%3D900058091%3Bpopular_nearby_landmarks%3D900059233%3Bpopular_nearby_landmarks%3D900059236%3Bpopular_nearby_landmarks%3D900059439%3Bpopular_nearby_landmarks%3D900059447%3Bpopular_nearby_landmarks%3D900059529%3Bpopular_nearby_landmarks%3D900069601%3Bpopular_nearby_landmarks%3D900069602%3Bpopular_nearby_landmarks%3D900069603%3Bpopular_nearby_landmarks%3D900070379%3Bpopular_nearby_landmarks%3D900074815%3Bpopular_nearby_landmarks%3D900074898%3Bpopular_nearby_landmarks%3D900075026%3Bpopular_nearby_landmarks%3D900059238","","Anjana guest house","Scored 8.0","8.0","Value for money 8.8","Anjana guest house offers accommodations in Haputale, 23 miles from Hakgala Botanical Garden and a 6-minute walk from Haputale Railway Station.","· 8 reviews","Opens in new window","Haputale","Show prices","Very Good","Show on map","","https://cf.bstatic.com/xdata/images/hotel/square600/629609218.webp?k=57d48e64b3f14622f7cc6a425e4997f128667e456f2d521d32a664fd7f7cb62c&o="
"1777052003-209","https://www.booking.com/searchresults.html?label=bristol-XLwodozx2dVe8Ts0XeYuawS752260715469%3Apl%3Ata%3Ap1%3Ap2%3Aac%3Aap%3Aneg%3Afi%3Atikwd-869815001187%3Alp1009919%3Ali%3Adec%3Adm%3Appccp%3DUmFuZG9tSVYkc2RlIyh9YXdX6HrtnYy-Ml68sH-ljtU&aid=311984&dest_id=198&dest_type=country&group_adults=2&req_adults=2&no_rooms=1&broad_search_not_eligible=1&order=score&nflt=ht_id%3D204%3Bht_id%3D213%3Bht_id%3D216%3Bht_id%3D201%3Btop_destinations%3D6021%3Bpopular_nearby_landmarks%3D900059521%3Bpopular_nearby_landmarks%3D900059520%3Bpopular_nearby_landmarks%3D900074332%3Bpopular_nearby_landmarks%3D900077457%3Bpopular_nearby_landmarks%3D900059522%3Bpopular_nearby_landmarks%3D900074335%3Bpopular_nearby_landmarks%3D900074331%3Bpopular_nearby_landmarks%3D900053658%3Bpopular_nearby_landmarks%3D900053661%3Bpopular_nearby_landmarks%3D900053669%3Bpopular_nearby_landmarks%3D900058091%3Bpopular_nearby_landmarks%3D900059233%3Bpopular_nearby_landmarks%3D900059236%3Bpopular_nearby_landmarks%3D900059439%3Bpopular_nearby_landmarks%3D900059447%3Bpopular_nearby_landmarks%3D900059529%3Bpopular_nearby_landmarks%3D900069601%3Bpopular_nearby_landmarks%3D900069602%3Bpopular_nearby_landmarks%3D900069603%3Bpopular_nearby_landmarks%3D900070379%3Bpopular_nearby_landmarks%3D900074815%3Bpopular_nearby_landmarks%3D900074898%3Bpopular_nearby_landmarks%3D900075026%3Bpopular_nearby_landmarks%3D900059238","","Hotel City Grand Ella","Scored 7.9","7.9","Location 9.3","Offering a barbecue and sun terrace, City Grand is set in Ella in the Badulla District Region. Guests can enjoy the on-site restaurant. Free private parking and shops are available on site.","· 1,103 reviews","Opens in new window","Ella","Show prices","Good","Show on map","","https://cf.bstatic.com/xdata/images/hotel/square600/154953130.webp?k=f017b627d30b4b9b33833046ca584bb83e5395bff54e40d926929adbaa3c544a&o="
"1777052003-210","https://www.booking.com/searchresults.html?label=bristol-XLwodozx2dVe8Ts0XeYuawS752260715469%3Apl%3Ata%3Ap1%3Ap2%3Aac%3Aap%3Aneg%3Afi%3Atikwd-869815001187%3Alp1009919%3Ali%3Adec%3Adm%3Appccp%3DUmFuZG9tSVYkc2RlIyh9YXdX6HrtnYy-Ml68sH-ljtU&aid=311984&dest_id=198&dest_type=country&group_adults=2&req_adults=2&no_rooms=1&broad_search_not_eligible=1&order=score&nflt=ht_id%3D204%3Bht_id%3D213%3Bht_id%3D216%3Bht_id%3D201%3Btop_destinations%3D6021%3Bpopular_nearby_landmarks%3D900059521%3Bpopular_nearby_landmarks%3D900059520%3Bpopular_nearby_landmarks%3D900074332%3Bpopular_nearby_landmarks%3D900077457%3Bpopular_nearby_landmarks%3D900059522%3Bpopular_nearby_landmarks%3D900074335%3Bpopular_nearby_landmarks%3D900074331%3Bpopular_nearby_landmarks%3D900053658%3Bpopular_nearby_landmarks%3D900053661%3Bpopular_nearby_landmarks%3D900053669%3Bpopular_nearby_landmarks%3D900058091%3Bpopular_nearby_landmarks%3D900059233%3Bpopular_nearby_landmarks%3D900059236%3Bpopular_nearby_landmarks%3D900059439%3Bpopular_nearby_landmarks%3D900059447%3Bpopular_nearby_landmarks%3D900059529%3Bpopular_nearby_landmarks%3D900069601%3Bpopular_nearby_landmarks%3D900069602%3Bpopular_nearby_landmarks%3D900069603%3Bpopular_nearby_landmarks%3D900070379%3Bpopular_nearby_landmarks%3D900074815%3Bpopular_nearby_landmarks%3D900074898%3Bpopular_nearby_landmarks%3D900075026%3Bpopular_nearby_landmarks%3D900059238","","Alta Vista","Scored 7.9","7.9","","Alta Vista is a cozy property located in the town of Ella. Surrounded by lush tropical foliage, the accommodations houses a restaurant and offers free internet access in the public areas.","· 125 reviews","Opens in new window","Ella","Show prices","Good","Show on map","","https://cf.bstatic.com/xdata/images/hotel/square600/559918714.webp?k=007903be98d94a95bbbc4d3bbfc0162b56d67a84445c1fd9c09e1638814ca9d5&o="
"1777052003-211","https://www.booking.com/searchresults.html?label=bristol-XLwodozx2dVe8Ts0XeYuawS752260715469%3Apl%3Ata%3Ap1%3Ap2%3Aac%3Aap%3Aneg%3Afi%3Atikwd-869815001187%3Alp1009919%3Ali%3Adec%3Adm%3Appccp%3DUmFuZG9tSVYkc2RlIyh9YXdX6HrtnYy-Ml68sH-ljtU&aid=311984&dest_id=198&dest_type=country&group_adults=2&req_adults=2&no_rooms=1&broad_search_not_eligible=1&order=score&nflt=ht_id%3D204%3Bht_id%3D213%3Bht_id%3D216%3Bht_id%3D201%3Btop_destinations%3D6021%3Bpopular_nearby_landmarks%3D900059521%3Bpopular_nearby_landmarks%3D900059520%3Bpopular_nearby_landmarks%3D900074332%3Bpopular_nearby_landmarks%3D900077457%3Bpopular_nearby_landmarks%3D900059522%3Bpopular_nearby_landmarks%3D900074335%3Bpopular_nearby_landmarks%3D900074331%3Bpopular_nearby_landmarks%3D900053658%3Bpopular_nearby_landmarks%3D900053661%3Bpopular_nearby_landmarks%3D900053669%3Bpopular_nearby_landmarks%3D900058091%3Bpopular_nearby_landmarks%3D900059233%3Bpopular_nearby_landmarks%3D900059236%3Bpopular_nearby_landmarks%3D900059439%3Bpopular_nearby_landmarks%3D900059447%3Bpopular_nearby_landmarks%3D900059529%3Bpopular_nearby_landmarks%3D900069601%3Bpopular_nearby_landmarks%3D900069602%3Bpopular_nearby_landmarks%3D900069603%3Bpopular_nearby_landmarks%3D900070379%3Bpopular_nearby_landmarks%3D900074815%3Bpopular_nearby_landmarks%3D900074898%3Bpopular_nearby_landmarks%3D900075026%3Bpopular_nearby_landmarks%3D900059238","","Dinaro Guest","Scored 7.9","7.9","Value for money 8.6","Dinaro Guest is a recently renovated guest house in Ella near Ella Train Station. With garden views, this accommodation offers a terrace.","· 67 reviews","Opens in new window","Ella","Show prices","Good","Show on map","","https://cf.bstatic.com/xdata/images/hotel/square600/589012169.webp?k=404a0dd507b4680b800f18c3cf33bc588ee16f49a0716ab23d32a56230f85871&o="
"1777052003-212","https://www.booking.com/searchresults.html?label=bristol-XLwodozx2dVe8Ts0XeYuawS752260715469%3Apl%3Ata%3Ap1%3Ap2%3Aac%3Aap%3Aneg%3Afi%3Atikwd-869815001187%3Alp1009919%3Ali%3Adec%3Adm%3Appccp%3DUmFuZG9tSVYkc2RlIyh9YXdX6HrtnYy-Ml68sH-ljtU&aid=311984&dest_id=198&dest_type=country&group_adults=2&req_adults=2&no_rooms=1&broad_search_not_eligible=1&order=score&nflt=ht_id%3D204%3Bht_id%3D213%3Bht_id%3D216%3Bht_id%3D201%3Btop_destinations%3D6021%3Bpopular_nearby_landmarks%3D900059521%3Bpopular_nearby_landmarks%3D900059520%3Bpopular_nearby_landmarks%3D900074332%3Bpopular_nearby_landmarks%3D900077457%3Bpopular_nearby_landmarks%3D900059522%3Bpopular_nearby_landmarks%3D900074335%3Bpopular_nearby_landmarks%3D900074331%3Bpopular_nearby_landmarks%3D900053658%3Bpopular_nearby_landmarks%3D900053661%3Bpopular_nearby_landmarks%3D900053669%3Bpopular_nearby_landmarks%3D900058091%3Bpopular_nearby_landmarks%3D900059233%3Bpopular_nearby_landmarks%3D900059236%3Bpopular_nearby_landmarks%3D900059439%3Bpopular_nearby_landmarks%3D900059447%3Bpopular_nearby_landmarks%3D900059529%3Bpopular_nearby_landmarks%3D900069601%3Bpopular_nearby_landmarks%3D900069602%3Bpopular_nearby_landmarks%3D900069603%3Bpopular_nearby_landmarks%3D900070379%3Bpopular_nearby_landmarks%3D900074815%3Bpopular_nearby_landmarks%3D900074898%3Bpopular_nearby_landmarks%3D900075026%3Bpopular_nearby_landmarks%3D900059238","","Olympus Plaza Hotel","Scored 7.8","7.8","","Located in Haputale, 26 miles from Gregory Lake, Olympus Plaza Hotel provides accommodations with a shared lounge, free private parking, a terrace and a restaurant.","· 40 reviews","Opens in new window","Haputale","Show prices","Good","Show on map","","https://cf.bstatic.com/xdata/images/hotel/square600/292304181.webp?k=8f6f3adb98e8f2ddcc8f6f5adb18350e2c30df41d36b9af9f678243e8a7f513f&o="
"1777052003-213","https://www.booking.com/searchresults.html?label=bristol-XLwodozx2dVe8Ts0XeYuawS752260715469%3Apl%3Ata%3Ap1%3Ap2%3Aac%3Aap%3Aneg%3Afi%3Atikwd-869815001187%3Alp1009919%3Ali%3Adec%3Adm%3Appccp%3DUmFuZG9tSVYkc2RlIyh9YXdX6HrtnYy-Ml68sH-ljtU&aid=311984&dest_id=198&dest_type=country&group_adults=2&req_adults=2&no_rooms=1&broad_search_not_eligible=1&order=score&nflt=ht_id%3D204%3Bht_id%3D213%3Bht_id%3D216%3Bht_id%3D201%3Btop_destinations%3D6021%3Bpopular_nearby_landmarks%3D900059521%3Bpopular_nearby_landmarks%3D900059520%3Bpopular_nearby_landmarks%3D900074332%3Bpopular_nearby_landmarks%3D900077457%3Bpopular_nearby_landmarks%3D900059522%3Bpopular_nearby_landmarks%3D900074335%3Bpopular_nearby_landmarks%3D900074331%3Bpopular_nearby_landmarks%3D900053658%3Bpopular_nearby_landmarks%3D900053661%3Bpopular_nearby_landmarks%3D900053669%3Bpopular_nearby_landmarks%3D900058091%3Bpopular_nearby_landmarks%3D900059233%3Bpopular_nearby_landmarks%3D900059236%3Bpopular_nearby_landmarks%3D900059439%3Bpopular_nearby_landmarks%3D900059447%3Bpopular_nearby_landmarks%3D900059529%3Bpopular_nearby_landmarks%3D900069601%3Bpopular_nearby_landmarks%3D900069602%3Bpopular_nearby_landmarks%3D900069603%3Bpopular_nearby_landmarks%3D900070379%3Bpopular_nearby_landmarks%3D900074815%3Bpopular_nearby_landmarks%3D900074898%3Bpopular_nearby_landmarks%3D900075026%3Bpopular_nearby_landmarks%3D900059238","","Bel View Guest House","Scored 7.8","7.8","Value for money 8.8","Featuring lake views, Bel View Guest House in Haputale features accommodations, a garden, barbecue facilities, and a shared lounge. This property offers access to a patio and free private parking.","· 317 reviews","Opens in new window","Haputale","Show prices","Good","Show on map","","https://cf.bstatic.com/xdata/images/hotel/square600/471487888.webp?k=d6ba595af0f0757d1b3676c06e8a0514879da3f4814660bdf5d2cccb7cb4493b&o="
"1777052003-214","https://www.booking.com/searchresults.html?label=bristol-XLwodozx2dVe8Ts0XeYuawS752260715469%3Apl%3Ata%3Ap1%3Ap2%3Aac%3Aap%3Aneg%3Afi%3Atikwd-869815001187%3Alp1009919%3Ali%3Adec%3Adm%3Appccp%3DUmFuZG9tSVYkc2RlIyh9YXdX6HrtnYy-Ml68sH-ljtU&aid=311984&dest_id=198&dest_type=country&group_adults=2&req_adults=2&no_rooms=1&broad_search_not_eligible=1&order=score&nflt=ht_id%3D204%3Bht_id%3D213%3Bht_id%3D216%3Bht_id%3D201%3Btop_destinations%3D6021%3Bpopular_nearby_landmarks%3D900059521%3Bpopular_nearby_landmarks%3D900059520%3Bpopular_nearby_landmarks%3D900074332%3Bpopular_nearby_landmarks%3D900077457%3Bpopular_nearby_landmarks%3D900059522%3Bpopular_nearby_landmarks%3D900074335%3Bpopular_nearby_landmarks%3D900074331%3Bpopular_nearby_landmarks%3D900053658%3Bpopular_nearby_landmarks%3D900053661%3Bpopular_nearby_landmarks%3D900053669%3Bpopular_nearby_landmarks%3D900058091%3Bpopular_nearby_landmarks%3D900059233%3Bpopular_nearby_landmarks%3D900059236%3Bpopular_nearby_landmarks%3D900059439%3Bpopular_nearby_landmarks%3D900059447%3Bpopular_nearby_landmarks%3D900059529%3Bpopular_nearby_landmarks%3D900069601%3Bpopular_nearby_landmarks%3D900069602%3Bpopular_nearby_landmarks%3D900069603%3Bpopular_nearby_landmarks%3D900070379%3Bpopular_nearby_landmarks%3D900074815%3Bpopular_nearby_landmarks%3D900074898%3Bpopular_nearby_landmarks%3D900075026%3Bpopular_nearby_landmarks%3D900059238","","Heavens Gate Ella","Scored 7.8","7.8","","Located in Ella, 3 miles from Demodara Nine Arch Bridge, Heavens Gate Ella has accommodations with a garden, free private parking, a shared lounge and a terrace.","· 130 reviews","Opens in new window","Ella","Show prices","Good","Show on map","","https://cf.bstatic.com/xdata/images/hotel/square600/804096827.webp?k=5c9cc3de91a60354dafdde6d957adcaf2b5367b24918263ec9fb5f55a14b9266&o="
"1777052003-215","https://www.booking.com/searchresults.html?label=bristol-XLwodozx2dVe8Ts0XeYuawS752260715469%3Apl%3Ata%3Ap1%3Ap2%3Aac%3Aap%3Aneg%3Afi%3Atikwd-869815001187%3Alp1009919%3Ali%3Adec%3Adm%3Appccp%3DUmFuZG9tSVYkc2RlIyh9YXdX6HrtnYy-Ml68sH-ljtU&aid=311984&dest_id=198&dest_type=country&group_adults=2&req_adults=2&no_rooms=1&broad_search_not_eligible=1&order=score&nflt=ht_id%3D204%3Bht_id%3D213%3Bht_id%3D216%3Bht_id%3D201%3Btop_destinations%3D6021%3Bpopular_nearby_landmarks%3D900059521%3Bpopular_nearby_landmarks%3D900059520%3Bpopular_nearby_landmarks%3D900074332%3Bpopular_nearby_landmarks%3D900077457%3Bpopular_nearby_landmarks%3D900059522%3Bpopular_nearby_landmarks%3D900074335%3Bpopular_nearby_landmarks%3D900074331%3Bpopular_nearby_landmarks%3D900053658%3Bpopular_nearby_landmarks%3D900053661%3Bpopular_nearby_landmarks%3D900053669%3Bpopular_nearby_landmarks%3D900058091%3Bpopular_nearby_landmarks%3D900059233%3Bpopular_nearby_landmarks%3D900059236%3Bpopular_nearby_landmarks%3D900059439%3Bpopular_nearby_landmarks%3D900059447%3Bpopular_nearby_landmarks%3D900059529%3Bpopular_nearby_landmarks%3D900069601%3Bpopular_nearby_landmarks%3D900069602%3Bpopular_nearby_landmarks%3D900069603%3Bpopular_nearby_landmarks%3D900070379%3Bpopular_nearby_landmarks%3D900074815%3Bpopular_nearby_landmarks%3D900074898%3Bpopular_nearby_landmarks%3D900075026%3Bpopular_nearby_landmarks%3D900059238","","49 Ella","Scored 7.8","7.8","","Located in Ella, 2.6 miles from Demodara Nine Arch Bridge, 49 Ella provides accommodations with a garden, free private parking, a shared lounge and a terrace.","· 126 reviews","Opens in new window","Ella","Show prices","Good","Show on map","","https://cf.bstatic.com/xdata/images/hotel/square600/426780984.webp?k=4597a86adf640e9c38bc1d431e24e9d65d25b1e27d7e3e917d2efd21e39b40f2&o="
"1777052003-216","https://www.booking.com/searchresults.html?label=bristol-XLwodozx2dVe8Ts0XeYuawS752260715469%3Apl%3Ata%3Ap1%3Ap2%3Aac%3Aap%3Aneg%3Afi%3Atikwd-869815001187%3Alp1009919%3Ali%3Adec%3Adm%3Appccp%3DUmFuZG9tSVYkc2RlIyh9YXdX6HrtnYy-Ml68sH-ljtU&aid=311984&dest_id=198&dest_type=country&group_adults=2&req_adults=2&no_rooms=1&broad_search_not_eligible=1&order=score&nflt=ht_id%3D204%3Bht_id%3D213%3Bht_id%3D216%3Bht_id%3D201%3Btop_destinations%3D6021%3Bpopular_nearby_landmarks%3D900059521%3Bpopular_nearby_landmarks%3D900059520%3Bpopular_nearby_landmarks%3D900074332%3Bpopular_nearby_landmarks%3D900077457%3Bpopular_nearby_landmarks%3D900059522%3Bpopular_nearby_landmarks%3D900074335%3Bpopular_nearby_landmarks%3D900074331%3Bpopular_nearby_landmarks%3D900053658%3Bpopular_nearby_landmarks%3D900053661%3Bpopular_nearby_landmarks%3D900053669%3Bpopular_nearby_landmarks%3D900058091%3Bpopular_nearby_landmarks%3D900059233%3Bpopular_nearby_landmarks%3D900059236%3Bpopular_nearby_landmarks%3D900059439%3Bpopular_nearby_landmarks%3D900059447%3Bpopular_nearby_landmarks%3D900059529%3Bpopular_nearby_landmarks%3D900069601%3Bpopular_nearby_landmarks%3D900069602%3Bpopular_nearby_landmarks%3D900069603%3Bpopular_nearby_landmarks%3D900070379%3Bpopular_nearby_landmarks%3D900074815%3Bpopular_nearby_landmarks%3D900074898%3Bpopular_nearby_landmarks%3D900075026%3Bpopular_nearby_landmarks%3D900059238","","Ella Tunnel Corner Inn","Scored 7.8","7.8","","Located in Ella, 2.5 miles from Demodara Nine Arch Bridge, Ella Tunnel Corner Inn has accommodations with a garden, free private parking, a shared lounge and massage services.","· 210 reviews","Opens in new window","Ella","Show prices","Good","Show on map","","https://cf.bstatic.com/xdata/images/hotel/square600/400371287.webp?k=14159ee1374f5d367f1234bc53affec115435aea3194602bf17b49e70aff274f&o="
"1777052003-217","https://www.booking.com/searchresults.html?label=bristol-XLwodozx2dVe8Ts0XeYuawS752260715469%3Apl%3Ata%3Ap1%3Ap2%3Aac%3Aap%3Aneg%3Afi%3Atikwd-869815001187%3Alp1009919%3Ali%3Adec%3Adm%3Appccp%3DUmFuZG9tSVYkc2RlIyh9YXdX6HrtnYy-Ml68sH-ljtU&aid=311984&dest_id=198&dest_type=country&group_adults=2&req_adults=2&no_rooms=1&broad_search_not_eligible=1&order=score&nflt=ht_id%3D204%3Bht_id%3D213%3Bht_id%3D216%3Bht_id%3D201%3Btop_destinations%3D6021%3Bpopular_nearby_landmarks%3D900059521%3Bpopular_nearby_landmarks%3D900059520%3Bpopular_nearby_landmarks%3D900074332%3Bpopular_nearby_landmarks%3D900077457%3Bpopular_nearby_landmarks%3D900059522%3Bpopular_nearby_landmarks%3D900074335%3Bpopular_nearby_landmarks%3D900074331%3Bpopular_nearby_landmarks%3D900053658%3Bpopular_nearby_landmarks%3D900053661%3Bpopular_nearby_landmarks%3D900053669%3Bpopular_nearby_landmarks%3D900058091%3Bpopular_nearby_landmarks%3D900059233%3Bpopular_nearby_landmarks%3D900059236%3Bpopular_nearby_landmarks%3D900059439%3Bpopular_nearby_landmarks%3D900059447%3Bpopular_nearby_landmarks%3D900059529%3Bpopular_nearby_landmarks%3D900069601%3Bpopular_nearby_landmarks%3D900069602%3Bpopular_nearby_landmarks%3D900069603%3Bpopular_nearby_landmarks%3D900070379%3Bpopular_nearby_landmarks%3D900074815%3Bpopular_nearby_landmarks%3D900074898%3Bpopular_nearby_landmarks%3D900075026%3Bpopular_nearby_landmarks%3D900059238","","The Peak Ella","Scored 7.8","7.8","","Located in Ella, 3.1 miles from Demodara Nine Arch Bridge, The Peak Ella provides accommodations with a garden, free private parking, a terrace and a restaurant.","· 359 reviews","Opens in new window","Ella","Show prices","Good","Show on map","","https://cf.bstatic.com/xdata/images/hotel/square600/466611262.webp?k=1b23829873df674b4bfe4441749c0af4f067915bc3b929662b9c6b483ebf7d3f&o="
"1777052003-218","https://www.booking.com/searchresults.html?label=bristol-XLwodozx2dVe8Ts0XeYuawS752260715469%3Apl%3Ata%3Ap1%3Ap2%3Aac%3Aap%3Aneg%3Afi%3Atikwd-869815001187%3Alp1009919%3Ali%3Adec%3Adm%3Appccp%3DUmFuZG9tSVYkc2RlIyh9YXdX6HrtnYy-Ml68sH-ljtU&aid=311984&dest_id=198&dest_type=country&group_adults=2&req_adults=2&no_rooms=1&broad_search_not_eligible=1&order=score&nflt=ht_id%3D204%3Bht_id%3D213%3Bht_id%3D216%3Bht_id%3D201%3Btop_destinations%3D6021%3Bpopular_nearby_landmarks%3D900059521%3Bpopular_nearby_landmarks%3D900059520%3Bpopular_nearby_landmarks%3D900074332%3Bpopular_nearby_landmarks%3D900077457%3Bpopular_nearby_landmarks%3D900059522%3Bpopular_nearby_landmarks%3D900074335%3Bpopular_nearby_landmarks%3D900074331%3Bpopular_nearby_landmarks%3D900053658%3Bpopular_nearby_landmarks%3D900053661%3Bpopular_nearby_landmarks%3D900053669%3Bpopular_nearby_landmarks%3D900058091%3Bpopular_nearby_landmarks%3D900059233%3Bpopular_nearby_landmarks%3D900059236%3Bpopular_nearby_landmarks%3D900059439%3Bpopular_nearby_landmarks%3D900059447%3Bpopular_nearby_landmarks%3D900059529%3Bpopular_nearby_landmarks%3D900069601%3Bpopular_nearby_landmarks%3D900069602%3Bpopular_nearby_landmarks%3D900069603%3Bpopular_nearby_landmarks%3D900070379%3Bpopular_nearby_landmarks%3D900074815%3Bpopular_nearby_landmarks%3D900074898%3Bpopular_nearby_landmarks%3D900075026%3Bpopular_nearby_landmarks%3D900059238","","The golden canopy","Scored 7.8","7.8","Value for money 8.5","The golden canopy is located in Ella, within 30 miles of Hakgala Botanical Garden and 1.2 miles of Little Adam's Peak.","· 12 reviews","Opens in new window","Ella","Show prices","Good","Show on map","","https://cf.bstatic.com/xdata/images/hotel/square600/803819408.webp?k=7d082f0ae5351633fed824421e90ca64229cf0241724052459fbd27569435429&o="
"1777052003-219","https://www.booking.com/searchresults.html?label=bristol-XLwodozx2dVe8Ts0XeYuawS752260715469%3Apl%3Ata%3Ap1%3Ap2%3Aac%3Aap%3Aneg%3Afi%3Atikwd-869815001187%3Alp1009919%3Ali%3Adec%3Adm%3Appccp%3DUmFuZG9tSVYkc2RlIyh9YXdX6HrtnYy-Ml68sH-ljtU&aid=311984&dest_id=198&dest_type=country&group_adults=2&req_adults=2&no_rooms=1&broad_search_not_eligible=1&order=score&nflt=ht_id%3D204%3Bht_id%3D213%3Bht_id%3D216%3Bht_id%3D201%3Btop_destinations%3D6021%3Bpopular_nearby_landmarks%3D900059521%3Bpopular_nearby_landmarks%3D900059520%3Bpopular_nearby_landmarks%3D900074332%3Bpopular_nearby_landmarks%3D900077457%3Bpopular_nearby_landmarks%3D900059522%3Bpopular_nearby_landmarks%3D900074335%3Bpopular_nearby_landmarks%3D900074331%3Bpopular_nearby_landmarks%3D900053658%3Bpopular_nearby_landmarks%3D900053661%3Bpopular_nearby_landmarks%3D900053669%3Bpopular_nearby_landmarks%3D900058091%3Bpopular_nearby_landmarks%3D900059233%3Bpopular_nearby_landmarks%3D900059236%3Bpopular_nearby_landmarks%3D900059439%3Bpopular_nearby_landmarks%3D900059447%3Bpopular_nearby_landmarks%3D900059529%3Bpopular_nearby_landmarks%3D900069601%3Bpopular_nearby_landmarks%3D900069602%3Bpopular_nearby_landmarks%3D900069603%3Bpopular_nearby_landmarks%3D900070379%3Bpopular_nearby_landmarks%3D900074815%3Bpopular_nearby_landmarks%3D900074898%3Bpopular_nearby_landmarks%3D900075026%3Bpopular_nearby_landmarks%3D900059238","","Ceylon House By Sunrise","Scored 7.7","7.7","","Just a 11-minute walk from Ella Spice Garden Cooking Class and 0.7 miles from Ella Train Station, Ceylon House By Sunrise features accommodations in Ella, with a terrace.","· 325 reviews","Opens in new window","Ella","Show prices","Good","Show on map","","https://cf.bstatic.com/xdata/images/hotel/square600/478762596.webp?k=c5080b734a052355b290266007315123e1b3dfff0c3ca010e7cb51ac9f88c8ea&o="
"1777052003-220","https://www.booking.com/searchresults.html?label=bristol-XLwodozx2dVe8Ts0XeYuawS752260715469%3Apl%3Ata%3Ap1%3Ap2%3Aac%3Aap%3Aneg%3Afi%3Atikwd-869815001187%3Alp1009919%3Ali%3Adec%3Adm%3Appccp%3DUmFuZG9tSVYkc2RlIyh9YXdX6HrtnYy-Ml68sH-ljtU&aid=311984&dest_id=198&dest_type=country&group_adults=2&req_adults=2&no_rooms=1&broad_search_not_eligible=1&order=score&nflt=ht_id%3D204%3Bht_id%3D213%3Bht_id%3D216%3Bht_id%3D201%3Btop_destinations%3D6021%3Bpopular_nearby_landmarks%3D900059521%3Bpopular_nearby_landmarks%3D900059520%3Bpopular_nearby_landmarks%3D900074332%3Bpopular_nearby_landmarks%3D900077457%3Bpopular_nearby_landmarks%3D900059522%3Bpopular_nearby_landmarks%3D900074335%3Bpopular_nearby_landmarks%3D900074331%3Bpopular_nearby_landmarks%3D900053658%3Bpopular_nearby_landmarks%3D900053661%3Bpopular_nearby_landmarks%3D900053669%3Bpopular_nearby_landmarks%3D900058091%3Bpopular_nearby_landmarks%3D900059233%3Bpopular_nearby_landmarks%3D900059236%3Bpopular_nearby_landmarks%3D900059439%3Bpopular_nearby_landmarks%3D900059447%3Bpopular_nearby_landmarks%3D900059529%3Bpopular_nearby_landmarks%3D900069601%3Bpopular_nearby_landmarks%3D900069602%3Bpopular_nearby_landmarks%3D900069603%3Bpopular_nearby_landmarks%3D900070379%3Bpopular_nearby_landmarks%3D900074815%3Bpopular_nearby_landmarks%3D900074898%3Bpopular_nearby_landmarks%3D900075026%3Bpopular_nearby_landmarks%3D900059238","","Rowinrich Cottages","Scored 7.7","7.7","","Offering a terrace and views of the mountain, Rowinrich Cottages is located in Ella in the Badulla District Region, 0.9 mi from Demodara Nine Arch Bridge. Guests can enjoy the on-site restaurant.","· 250 reviews","Opens in new window","Ella","Show prices","Good","Show on map","","https://cf.bstatic.com/xdata/images/hotel/square600/786023506.webp?k=01dd1c0e05ac5c0fbfe52c8ccd36fa718d9b190a10a2694dc676367b8bfbc421&o="
"1777052003-221","https://www.booking.com/searchresults.html?label=bristol-XLwodozx2dVe8Ts0XeYuawS752260715469%3Apl%3Ata%3Ap1%3Ap2%3Aac%3Aap%3Aneg%3Afi%3Atikwd-869815001187%3Alp1009919%3Ali%3Adec%3Adm%3Appccp%3DUmFuZG9tSVYkc2RlIyh9YXdX6HrtnYy-Ml68sH-ljtU&aid=311984&dest_id=198&dest_type=country&group_adults=2&req_adults=2&no_rooms=1&broad_search_not_eligible=1&order=score&nflt=ht_id%3D204%3Bht_id%3D213%3Bht_id%3D216%3Bht_id%3D201%3Btop_destinations%3D6021%3Bpopular_nearby_landmarks%3D900059521%3Bpopular_nearby_landmarks%3D900059520%3Bpopular_nearby_landmarks%3D900074332%3Bpopular_nearby_landmarks%3D900077457%3Bpopular_nearby_landmarks%3D900059522%3Bpopular_nearby_landmarks%3D900074335%3Bpopular_nearby_landmarks%3D900074331%3Bpopular_nearby_landmarks%3D900053658%3Bpopular_nearby_landmarks%3D900053661%3Bpopular_nearby_landmarks%3D900053669%3Bpopular_nearby_landmarks%3D900058091%3Bpopular_nearby_landmarks%3D900059233%3Bpopular_nearby_landmarks%3D900059236%3Bpopular_nearby_landmarks%3D900059439%3Bpopular_nearby_landmarks%3D900059447%3Bpopular_nearby_landmarks%3D900059529%3Bpopular_nearby_landmarks%3D900069601%3Bpopular_nearby_landmarks%3D900069602%3Bpopular_nearby_landmarks%3D900069603%3Bpopular_nearby_landmarks%3D900070379%3Bpopular_nearby_landmarks%3D900074815%3Bpopular_nearby_landmarks%3D900074898%3Bpopular_nearby_landmarks%3D900075026%3Bpopular_nearby_landmarks%3D900059238","","Oak Ray Ella Gap Hotel","Scored 7.7","7.7","","Ella Gap Hotel welcomes guests with luxury rooms, an outdoor swimming pool and a restaurant / bar. The property also provides free WiFi.","· 98 reviews","Opens in new window","Ella","Show prices","Good","Show on map","","https://cf.bstatic.com/xdata/images/hotel/square600/156047313.webp?k=d8248cc5ac464931a5d9cf33cf35f4954535b8a4bd6c6bbbab540a3a9e7aea92&o="
"1777052003-222","https://www.booking.com/searchresults.html?label=bristol-XLwodozx2dVe8Ts0XeYuawS752260715469%3Apl%3Ata%3Ap1%3Ap2%3Aac%3Aap%3Aneg%3Afi%3Atikwd-869815001187%3Alp1009919%3Ali%3Adec%3Adm%3Appccp%3DUmFuZG9tSVYkc2RlIyh9YXdX6HrtnYy-Ml68sH-ljtU&aid=311984&dest_id=198&dest_type=country&group_adults=2&req_adults=2&no_rooms=1&broad_search_not_eligible=1&order=score&nflt=ht_id%3D204%3Bht_id%3D213%3Bht_id%3D216%3Bht_id%3D201%3Btop_destinations%3D6021%3Bpopular_nearby_landmarks%3D900059521%3Bpopular_nearby_landmarks%3D900059520%3Bpopular_nearby_landmarks%3D900074332%3Bpopular_nearby_landmarks%3D900077457%3Bpopular_nearby_landmarks%3D900059522%3Bpopular_nearby_landmarks%3D900074335%3Bpopular_nearby_landmarks%3D900074331%3Bpopular_nearby_landmarks%3D900053658%3Bpopular_nearby_landmarks%3D900053661%3Bpopular_nearby_landmarks%3D900053669%3Bpopular_nearby_landmarks%3D900058091%3Bpopular_nearby_landmarks%3D900059233%3Bpopular_nearby_landmarks%3D900059236%3Bpopular_nearby_landmarks%3D900059439%3Bpopular_nearby_landmarks%3D900059447%3Bpopular_nearby_landmarks%3D900059529%3Bpopular_nearby_landmarks%3D900069601%3Bpopular_nearby_landmarks%3D900069602%3Bpopular_nearby_landmarks%3D900069603%3Bpopular_nearby_landmarks%3D900070379%3Bpopular_nearby_landmarks%3D900074815%3Bpopular_nearby_landmarks%3D900074898%3Bpopular_nearby_landmarks%3D900075026%3Bpopular_nearby_landmarks%3D900059238","","City Heaven Ella","Scored 7.6","7.6","","Located in Ella, 2.8 miles from Demodara Nine Arch Bridge, City Heaven Ella provides accommodations with a shared lounge, free private parking and a terrace.","· 433 reviews","Opens in new window","Ella","Show prices","Good","Show on map","","https://cf.bstatic.com/xdata/images/hotel/square600/437844134.webp?k=076b5fd911509aa2d040c79a74a08a726d4e20bf0ad5caf5c0c99fc869296817&o="
"1777052003-223","https://www.booking.com/searchresults.html?label=bristol-XLwodozx2dVe8Ts0XeYuawS752260715469%3Apl%3Ata%3Ap1%3Ap2%3Aac%3Aap%3Aneg%3Afi%3Atikwd-869815001187%3Alp1009919%3Ali%3Adec%3Adm%3Appccp%3DUmFuZG9tSVYkc2RlIyh9YXdX6HrtnYy-Ml68sH-ljtU&aid=311984&dest_id=198&dest_type=country&group_adults=2&req_adults=2&no_rooms=1&broad_search_not_eligible=1&order=score&nflt=ht_id%3D204%3Bht_id%3D213%3Bht_id%3D216%3Bht_id%3D201%3Btop_destinations%3D6021%3Bpopular_nearby_landmarks%3D900059521%3Bpopular_nearby_landmarks%3D900059520%3Bpopular_nearby_landmarks%3D900074332%3Bpopular_nearby_landmarks%3D900077457%3Bpopular_nearby_landmarks%3D900059522%3Bpopular_nearby_landmarks%3D900074335%3Bpopular_nearby_landmarks%3D900074331%3Bpopular_nearby_landmarks%3D900053658%3Bpopular_nearby_landmarks%3D900053661%3Bpopular_nearby_landmarks%3D900053669%3Bpopular_nearby_landmarks%3D900058091%3Bpopular_nearby_landmarks%3D900059233%3Bpopular_nearby_landmarks%3D900059236%3Bpopular_nearby_landmarks%3D900059439%3Bpopular_nearby_landmarks%3D900059447%3Bpopular_nearby_landmarks%3D900059529%3Bpopular_nearby_landmarks%3D900069601%3Bpopular_nearby_landmarks%3D900069602%3Bpopular_nearby_landmarks%3D900069603%3Bpopular_nearby_landmarks%3D900070379%3Bpopular_nearby_landmarks%3D900074815%3Bpopular_nearby_landmarks%3D900074898%3Bpopular_nearby_landmarks%3D900075026%3Bpopular_nearby_landmarks%3D900059238","","Rawana View Ella","Scored 7.5","7.5","","Offering a restaurant and free bikes, Rawana View Ella is located in Ella and provides a 24-hour front desk for the convenience of the guests. Free WiFi access is available.","· 322 reviews","Opens in new window","Ella","Show prices","Good","Show on map","","https://cf.bstatic.com/xdata/images/hotel/square600/842725785.webp?k=b1c93c0748ee6ba1302ef989167393decb0d7e90a63c12f4794fa70090e75943&o="
"1777052003-224","https://www.booking.com/searchresults.html?label=bristol-XLwodozx2dVe8Ts0XeYuawS752260715469%3Apl%3Ata%3Ap1%3Ap2%3Aac%3Aap%3Aneg%3Afi%3Atikwd-869815001187%3Alp1009919%3Ali%3Adec%3Adm%3Appccp%3DUmFuZG9tSVYkc2RlIyh9YXdX6HrtnYy-Ml68sH-ljtU&aid=311984&dest_id=198&dest_type=country&group_adults=2&req_adults=2&no_rooms=1&broad_search_not_eligible=1&order=score&nflt=ht_id%3D204%3Bht_id%3D213%3Bht_id%3D216%3Bht_id%3D201%3Btop_destinations%3D6021%3Bpopular_nearby_landmarks%3D900059521%3Bpopular_nearby_landmarks%3D900059520%3Bpopular_nearby_landmarks%3D900074332%3Bpopular_nearby_landmarks%3D900077457%3Bpopular_nearby_landmarks%3D900059522%3Bpopular_nearby_landmarks%3D900074335%3Bpopular_nearby_landmarks%3D900074331%3Bpopular_nearby_landmarks%3D900053658%3Bpopular_nearby_landmarks%3D900053661%3Bpopular_nearby_landmarks%3D900053669%3Bpopular_nearby_landmarks%3D900058091%3Bpopular_nearby_landmarks%3D900059233%3Bpopular_nearby_landmarks%3D900059236%3Bpopular_nearby_landmarks%3D900059439%3Bpopular_nearby_landmarks%3D900059447%3Bpopular_nearby_landmarks%3D900059529%3Bpopular_nearby_landmarks%3D900069601%3Bpopular_nearby_landmarks%3D900069602%3Bpopular_nearby_landmarks%3D900069603%3Bpopular_nearby_landmarks%3D900070379%3Bpopular_nearby_landmarks%3D900074815%3Bpopular_nearby_landmarks%3D900074898%3Bpopular_nearby_landmarks%3D900075026%3Bpopular_nearby_landmarks%3D900059238","","Mandara Mount Hotel","Scored 7.5","7.5","","Located in Ella, 3 miles from Demodara Nine Arch Bridge, Mandara Mount Hotel provides accommodations with a garden, free private parking, a terrace and a restaurant.","· 123 reviews","Opens in new window","Ella","Show prices","Good","Show on map","","https://cf.bstatic.com/xdata/images/hotel/square600/523946003.webp?k=091c444ce154ae8a6bf58ab409c731e634f3253ebc60151e7467f398dfdfbc65&o="
"1777052003-225","https://www.booking.com/searchresults.html?label=bristol-XLwodozx2dVe8Ts0XeYuawS752260715469%3Apl%3Ata%3Ap1%3Ap2%3Aac%3Aap%3Aneg%3Afi%3Atikwd-869815001187%3Alp1009919%3Ali%3Adec%3Adm%3Appccp%3DUmFuZG9tSVYkc2RlIyh9YXdX6HrtnYy-Ml68sH-ljtU&aid=311984&dest_id=198&dest_type=country&group_adults=2&req_adults=2&no_rooms=1&broad_search_not_eligible=1&order=score&nflt=ht_id%3D204%3Bht_id%3D213%3Bht_id%3D216%3Bht_id%3D201%3Btop_destinations%3D6021%3Bpopular_nearby_landmarks%3D900059521%3Bpopular_nearby_landmarks%3D900059520%3Bpopular_nearby_landmarks%3D900074332%3Bpopular_nearby_landmarks%3D900077457%3Bpopular_nearby_landmarks%3D900059522%3Bpopular_nearby_landmarks%3D900074335%3Bpopular_nearby_landmarks%3D900074331%3Bpopular_nearby_landmarks%3D900053658%3Bpopular_nearby_landmarks%3D900053661%3Bpopular_nearby_landmarks%3D900053669%3Bpopular_nearby_landmarks%3D900058091%3Bpopular_nearby_landmarks%3D900059233%3Bpopular_nearby_landmarks%3D900059236%3Bpopular_nearby_landmarks%3D900059439%3Bpopular_nearby_landmarks%3D900059447%3Bpopular_nearby_landmarks%3D900059529%3Bpopular_nearby_landmarks%3D900069601%3Bpopular_nearby_landmarks%3D900069602%3Bpopular_nearby_landmarks%3D900069603%3Bpopular_nearby_landmarks%3D900070379%3Bpopular_nearby_landmarks%3D900074815%3Bpopular_nearby_landmarks%3D900074898%3Bpopular_nearby_landmarks%3D900075026%3Bpopular_nearby_landmarks%3D900059238","","Newburgh Ella - The Tea Factory Resort","Scored 7.5","7.5","","Featuring a restaurant and a bar, Newburgh Ella - The Tea Factory Resort is located in Ella, a 16-minute walk from Demodara Nine Arch Bridge and 31 miles from Hakgala Botanical Garden.","· 15 reviews","Opens in new window","Ella","Show prices","Good","Show on map","New to Booking.com","https://cf.bstatic.com/xdata/images/hotel/square600/813728747.webp?k=5397230430eb1f18afe86d55603172e86aaafce3dbc2d375ec1f4e8befdcff0a&o="
"1777052003-226","https://www.booking.com/searchresults.html?label=bristol-XLwodozx2dVe8Ts0XeYuawS752260715469%3Apl%3Ata%3Ap1%3Ap2%3Aac%3Aap%3Aneg%3Afi%3Atikwd-869815001187%3Alp1009919%3Ali%3Adec%3Adm%3Appccp%3DUmFuZG9tSVYkc2RlIyh9YXdX6HrtnYy-Ml68sH-ljtU&aid=311984&dest_id=198&dest_type=country&group_adults=2&req_adults=2&no_rooms=1&broad_search_not_eligible=1&order=score&nflt=ht_id%3D204%3Bht_id%3D213%3Bht_id%3D216%3Bht_id%3D201%3Btop_destinations%3D6021%3Bpopular_nearby_landmarks%3D900059521%3Bpopular_nearby_landmarks%3D900059520%3Bpopular_nearby_landmarks%3D900074332%3Bpopular_nearby_landmarks%3D900077457%3Bpopular_nearby_landmarks%3D900059522%3Bpopular_nearby_landmarks%3D900074335%3Bpopular_nearby_landmarks%3D900074331%3Bpopular_nearby_landmarks%3D900053658%3Bpopular_nearby_landmarks%3D900053661%3Bpopular_nearby_landmarks%3D900053669%3Bpopular_nearby_landmarks%3D900058091%3Bpopular_nearby_landmarks%3D900059233%3Bpopular_nearby_landmarks%3D900059236%3Bpopular_nearby_landmarks%3D900059439%3Bpopular_nearby_landmarks%3D900059447%3Bpopular_nearby_landmarks%3D900059529%3Bpopular_nearby_landmarks%3D900069601%3Bpopular_nearby_landmarks%3D900069602%3Bpopular_nearby_landmarks%3D900069603%3Bpopular_nearby_landmarks%3D900070379%3Bpopular_nearby_landmarks%3D900074815%3Bpopular_nearby_landmarks%3D900074898%3Bpopular_nearby_landmarks%3D900075026%3Bpopular_nearby_landmarks%3D900059238","","Ella Forest Paradise Hotel","Scored 7.5","7.5","","Nestled away from the hustle and bustle, Ella Forest Paradise Hotel offers free Wi-Fi and houses a restaurant – Crazy Horse, which serves local Sri Lankan cuisine.","· 692 reviews","Opens in new window","Ella","Show prices","Good","Show on map","","https://cf.bstatic.com/xdata/images/hotel/square600/222679202.webp?k=037bc78ee790e4ad274a24079fbc4ecc238294a9590a2bee25fe6e85bb6ec2b2&o="
"1777052003-227","https://www.booking.com/searchresults.html?label=bristol-XLwodozx2dVe8Ts0XeYuawS752260715469%3Apl%3Ata%3Ap1%3Ap2%3Aac%3Aap%3Aneg%3Afi%3Atikwd-869815001187%3Alp1009919%3Ali%3Adec%3Adm%3Appccp%3DUmFuZG9tSVYkc2RlIyh9YXdX6HrtnYy-Ml68sH-ljtU&aid=311984&dest_id=198&dest_type=country&group_adults=2&req_adults=2&no_rooms=1&broad_search_not_eligible=1&order=score&nflt=ht_id%3D204%3Bht_id%3D213%3Bht_id%3D216%3Bht_id%3D201%3Btop_destinations%3D6021%3Bpopular_nearby_landmarks%3D900059521%3Bpopular_nearby_landmarks%3D900059520%3Bpopular_nearby_landmarks%3D900074332%3Bpopular_nearby_landmarks%3D900077457%3Bpopular_nearby_landmarks%3D900059522%3Bpopular_nearby_landmarks%3D900074335%3Bpopular_nearby_landmarks%3D900074331%3Bpopular_nearby_landmarks%3D900053658%3Bpopular_nearby_landmarks%3D900053661%3Bpopular_nearby_landmarks%3D900053669%3Bpopular_nearby_landmarks%3D900058091%3Bpopular_nearby_landmarks%3D900059233%3Bpopular_nearby_landmarks%3D900059236%3Bpopular_nearby_landmarks%3D900059439%3Bpopular_nearby_landmarks%3D900059447%3Bpopular_nearby_landmarks%3D900059529%3Bpopular_nearby_landmarks%3D900069601%3Bpopular_nearby_landmarks%3D900069602%3Bpopular_nearby_landmarks%3D900069603%3Bpopular_nearby_landmarks%3D900070379%3Bpopular_nearby_landmarks%3D900074815%3Bpopular_nearby_landmarks%3D900074898%3Bpopular_nearby_landmarks%3D900075026%3Bpopular_nearby_landmarks%3D900059238","","Misty Bliss","Scored 7.5","7.5","","Misty Bliss enjoys a location in Ella, 31 miles from Hakgala Botanical Garden and 1.1 miles from Little Adam's Peak. There's a private entrance at the guest house for the convenience of those who...","· 64 reviews","Opens in new window","Ella","Show prices","Good","Show on map","","https://cf.bstatic.com/xdata/images/hotel/square600/802521163.webp?k=fe641c172114b4c5cd35982352bc0ca869ac828632d2d64fd232b33dc84b6a56&o="
"1777052003-228","https://www.booking.com/searchresults.html?label=bristol-XLwodozx2dVe8Ts0XeYuawS752260715469%3Apl%3Ata%3Ap1%3Ap2%3Aac%3Aap%3Aneg%3Afi%3Atikwd-869815001187%3Alp1009919%3Ali%3Adec%3Adm%3Appccp%3DUmFuZG9tSVYkc2RlIyh9YXdX6HrtnYy-Ml68sH-ljtU&aid=311984&dest_id=198&dest_type=country&group_adults=2&req_adults=2&no_rooms=1&broad_search_not_eligible=1&order=score&nflt=ht_id%3D204%3Bht_id%3D213%3Bht_id%3D216%3Bht_id%3D201%3Btop_destinations%3D6021%3Bpopular_nearby_landmarks%3D900059521%3Bpopular_nearby_landmarks%3D900059520%3Bpopular_nearby_landmarks%3D900074332%3Bpopular_nearby_landmarks%3D900077457%3Bpopular_nearby_landmarks%3D900059522%3Bpopular_nearby_landmarks%3D900074335%3Bpopular_nearby_landmarks%3D900074331%3Bpopular_nearby_landmarks%3D900053658%3Bpopular_nearby_landmarks%3D900053661%3Bpopular_nearby_landmarks%3D900053669%3Bpopular_nearby_landmarks%3D900058091%3Bpopular_nearby_landmarks%3D900059233%3Bpopular_nearby_landmarks%3D900059236%3Bpopular_nearby_landmarks%3D900059439%3Bpopular_nearby_landmarks%3D900059447%3Bpopular_nearby_landmarks%3D900059529%3Bpopular_nearby_landmarks%3D900069601%3Bpopular_nearby_landmarks%3D900069602%3Bpopular_nearby_landmarks%3D900069603%3Bpopular_nearby_landmarks%3D900070379%3Bpopular_nearby_landmarks%3D900074815%3Bpopular_nearby_landmarks%3D900074898%3Bpopular_nearby_landmarks%3D900075026%3Bpopular_nearby_landmarks%3D900059238","","Green Garden Bungalow","Scored 7.5","7.5","","Green Garden Bungalow is located in Haputale, 23 miles from Hakgala Botanical Garden and a 8-minute walk from Haputale Railway Station.","· 10 reviews","Opens in new window","Haputale","Show prices","Good","Show on map","","https://cf.bstatic.com/xdata/images/hotel/square600/613327324.webp?k=70589b4eaa20a7705c594ffe4b6c99b6fff2593c5e02a3b7c9eec20f8feb67a3&o="
"1777052003-229","https://www.booking.com/searchresults.html?label=bristol-XLwodozx2dVe8Ts0XeYuawS752260715469%3Apl%3Ata%3Ap1%3Ap2%3Aac%3Aap%3Aneg%3Afi%3Atikwd-869815001187%3Alp1009919%3Ali%3Adec%3Adm%3Appccp%3DUmFuZG9tSVYkc2RlIyh9YXdX6HrtnYy-Ml68sH-ljtU&aid=311984&dest_id=198&dest_type=country&group_adults=2&req_adults=2&no_rooms=1&broad_search_not_eligible=1&order=score&nflt=ht_id%3D204%3Bht_id%3D213%3Bht_id%3D216%3Bht_id%3D201%3Btop_destinations%3D6021%3Bpopular_nearby_landmarks%3D900059521%3Bpopular_nearby_landmarks%3D900059520%3Bpopular_nearby_landmarks%3D900074332%3Bpopular_nearby_landmarks%3D900077457%3Bpopular_nearby_landmarks%3D900059522%3Bpopular_nearby_landmarks%3D900074335%3Bpopular_nearby_landmarks%3D900074331%3Bpopular_nearby_landmarks%3D900053658%3Bpopular_nearby_landmarks%3D900053661%3Bpopular_nearby_landmarks%3D900053669%3Bpopular_nearby_landmarks%3D900058091%3Bpopular_nearby_landmarks%3D900059233%3Bpopular_nearby_landmarks%3D900059236%3Bpopular_nearby_landmarks%3D900059439%3Bpopular_nearby_landmarks%3D900059447%3Bpopular_nearby_landmarks%3D900059529%3Bpopular_nearby_landmarks%3D900069601%3Bpopular_nearby_landmarks%3D900069602%3Bpopular_nearby_landmarks%3D900069603%3Bpopular_nearby_landmarks%3D900070379%3Bpopular_nearby_landmarks%3D900074815%3Bpopular_nearby_landmarks%3D900074898%3Bpopular_nearby_landmarks%3D900075026%3Bpopular_nearby_landmarks%3D900059238","","Belmount Ella","Scored 7.4","7.4","","Located in Ella, within 1.2 miles of Demodara Nine Arch Bridge and 31 miles of Hakgala Botanical Garden, Belmount Ella has accommodations with a terrace and free WiFi throughout the property as well...","· 72 reviews","Opens in new window","Ella","Show prices","Good","Show on map","","https://cf.bstatic.com/xdata/images/hotel/square600/664250429.webp?k=ac1207c288c984212c93bf33b1c360a796f8e6dccd41c58e169680bea665f82c&o="
"1777052003-230","https://www.booking.com/searchresults.html?label=bristol-XLwodozx2dVe8Ts0XeYuawS752260715469%3Apl%3Ata%3Ap1%3Ap2%3Aac%3Aap%3Aneg%3Afi%3Atikwd-869815001187%3Alp1009919%3Ali%3Adec%3Adm%3Appccp%3DUmFuZG9tSVYkc2RlIyh9YXdX6HrtnYy-Ml68sH-ljtU&aid=311984&dest_id=198&dest_type=country&group_adults=2&req_adults=2&no_rooms=1&broad_search_not_eligible=1&order=score&nflt=ht_id%3D204%3Bht_id%3D213%3Bht_id%3D216%3Bht_id%3D201%3Btop_destinations%3D6021%3Bpopular_nearby_landmarks%3D900059521%3Bpopular_nearby_landmarks%3D900059520%3Bpopular_nearby_landmarks%3D900074332%3Bpopular_nearby_landmarks%3D900077457%3Bpopular_nearby_landmarks%3D900059522%3Bpopular_nearby_landmarks%3D900074335%3Bpopular_nearby_landmarks%3D900074331%3Bpopular_nearby_landmarks%3D900053658%3Bpopular_nearby_landmarks%3D900053661%3Bpopular_nearby_landmarks%3D900053669%3Bpopular_nearby_landmarks%3D900058091%3Bpopular_nearby_landmarks%3D900059233%3Bpopular_nearby_landmarks%3D900059236%3Bpopular_nearby_landmarks%3D900059439%3Bpopular_nearby_landmarks%3D900059447%3Bpopular_nearby_landmarks%3D900059529%3Bpopular_nearby_landmarks%3D900069601%3Bpopular_nearby_landmarks%3D900069602%3Bpopular_nearby_landmarks%3D900069603%3Bpopular_nearby_landmarks%3D900070379%3Bpopular_nearby_landmarks%3D900074815%3Bpopular_nearby_landmarks%3D900074898%3Bpopular_nearby_landmarks%3D900075026%3Bpopular_nearby_landmarks%3D900059238","","Mount Crest - Ella","Scored 7.4","7.4","","Just a 5-minute walk from Ella Train Station and half a mile from Ella Spice Garden Cooking Class, Mount Crest - Ella features accommodations in Ella, with barbecue facilities and a shared lounge.","· 50 reviews","Opens in new window","Ella","Show prices","Good","Show on map","","https://cf.bstatic.com/xdata/images/hotel/square600/712980849.webp?k=b5703b193bf0c29f6fe078010462035aa62aedeab6a288e5e2404a1d78abd6b8&o="
"1777052003-231","https://www.booking.com/searchresults.html?label=bristol-XLwodozx2dVe8Ts0XeYuawS752260715469%3Apl%3Ata%3Ap1%3Ap2%3Aac%3Aap%3Aneg%3Afi%3Atikwd-869815001187%3Alp1009919%3Ali%3Adec%3Adm%3Appccp%3DUmFuZG9tSVYkc2RlIyh9YXdX6HrtnYy-Ml68sH-ljtU&aid=311984&dest_id=198&dest_type=country&group_adults=2&req_adults=2&no_rooms=1&broad_search_not_eligible=1&order=score&nflt=ht_id%3D204%3Bht_id%3D213%3Bht_id%3D216%3Bht_id%3D201%3Btop_destinations%3D6021%3Bpopular_nearby_landmarks%3D900059521%3Bpopular_nearby_landmarks%3D900059520%3Bpopular_nearby_landmarks%3D900074332%3Bpopular_nearby_landmarks%3D900077457%3Bpopular_nearby_landmarks%3D900059522%3Bpopular_nearby_landmarks%3D900074335%3Bpopular_nearby_landmarks%3D900074331%3Bpopular_nearby_landmarks%3D900053658%3Bpopular_nearby_landmarks%3D900053661%3Bpopular_nearby_landmarks%3D900053669%3Bpopular_nearby_landmarks%3D900058091%3Bpopular_nearby_landmarks%3D900059233%3Bpopular_nearby_landmarks%3D900059236%3Bpopular_nearby_landmarks%3D900059439%3Bpopular_nearby_landmarks%3D900059447%3Bpopular_nearby_landmarks%3D900059529%3Bpopular_nearby_landmarks%3D900069601%3Bpopular_nearby_landmarks%3D900069602%3Bpopular_nearby_landmarks%3D900069603%3Bpopular_nearby_landmarks%3D900070379%3Bpopular_nearby_landmarks%3D900074815%3Bpopular_nearby_landmarks%3D900074898%3Bpopular_nearby_landmarks%3D900075026%3Bpopular_nearby_landmarks%3D900059238","","Awinco Haputale","Scored 7.4","7.4","","Located in Haputale, 27 miles from Gregory Lake, Awinco Haputale has accommodations with a garden, free private parking, a terrace and a restaurant.","· 64 reviews","Opens in new window","Haputale","Show prices","Good","Show on map","","https://cf.bstatic.com/xdata/images/hotel/square600/430700115.webp?k=c55fca9d6277c51057378e7cc4e1f354a97ddff195423c9e90e3af3bc4068c0e&o="
"1777052003-232","https://www.booking.com/searchresults.html?label=bristol-XLwodozx2dVe8Ts0XeYuawS752260715469%3Apl%3Ata%3Ap1%3Ap2%3Aac%3Aap%3Aneg%3Afi%3Atikwd-869815001187%3Alp1009919%3Ali%3Adec%3Adm%3Appccp%3DUmFuZG9tSVYkc2RlIyh9YXdX6HrtnYy-Ml68sH-ljtU&aid=311984&dest_id=198&dest_type=country&group_adults=2&req_adults=2&no_rooms=1&broad_search_not_eligible=1&order=score&nflt=ht_id%3D204%3Bht_id%3D213%3Bht_id%3D216%3Bht_id%3D201%3Btop_destinations%3D6021%3Bpopular_nearby_landmarks%3D900059521%3Bpopular_nearby_landmarks%3D900059520%3Bpopular_nearby_landmarks%3D900074332%3Bpopular_nearby_landmarks%3D900077457%3Bpopular_nearby_landmarks%3D900059522%3Bpopular_nearby_landmarks%3D900074335%3Bpopular_nearby_landmarks%3D900074331%3Bpopular_nearby_landmarks%3D900053658%3Bpopular_nearby_landmarks%3D900053661%3Bpopular_nearby_landmarks%3D900053669%3Bpopular_nearby_landmarks%3D900058091%3Bpopular_nearby_landmarks%3D900059233%3Bpopular_nearby_landmarks%3D900059236%3Bpopular_nearby_landmarks%3D900059439%3Bpopular_nearby_landmarks%3D900059447%3Bpopular_nearby_landmarks%3D900059529%3Bpopular_nearby_landmarks%3D900069601%3Bpopular_nearby_landmarks%3D900069602%3Bpopular_nearby_landmarks%3D900069603%3Bpopular_nearby_landmarks%3D900070379%3Bpopular_nearby_landmarks%3D900074815%3Bpopular_nearby_landmarks%3D900074898%3Bpopular_nearby_landmarks%3D900075026%3Bpopular_nearby_landmarks%3D900059238","","Horton Mountain","Scored 7.3","7.3","","Located in Ohiya, 24 miles from Gregory Lake, Horton Mountain provides accommodations with a garden, free private parking and a shared lounge.","· 41 reviews","Opens in new window","Ohiya","Show prices","Good","Show on map","","https://cf.bstatic.com/xdata/images/hotel/square600/113047071.webp?k=ed60f02d5d4fa199c8507a1cfa6934c981a0c777ac0dee0734f2cf6878580f49&o="
"1777052003-233","https://www.booking.com/searchresults.html?label=bristol-XLwodozx2dVe8Ts0XeYuawS752260715469%3Apl%3Ata%3Ap1%3Ap2%3Aac%3Aap%3Aneg%3Afi%3Atikwd-869815001187%3Alp1009919%3Ali%3Adec%3Adm%3Appccp%3DUmFuZG9tSVYkc2RlIyh9YXdX6HrtnYy-Ml68sH-ljtU&aid=311984&dest_id=198&dest_type=country&group_adults=2&req_adults=2&no_rooms=1&broad_search_not_eligible=1&order=score&nflt=ht_id%3D204%3Bht_id%3D213%3Bht_id%3D216%3Bht_id%3D201%3Btop_destinations%3D6021%3Bpopular_nearby_landmarks%3D900059521%3Bpopular_nearby_landmarks%3D900059520%3Bpopular_nearby_landmarks%3D900074332%3Bpopular_nearby_landmarks%3D900077457%3Bpopular_nearby_landmarks%3D900059522%3Bpopular_nearby_landmarks%3D900074335%3Bpopular_nearby_landmarks%3D900074331%3Bpopular_nearby_landmarks%3D900053658%3Bpopular_nearby_landmarks%3D900053661%3Bpopular_nearby_landmarks%3D900053669%3Bpopular_nearby_landmarks%3D900058091%3Bpopular_nearby_landmarks%3D900059233%3Bpopular_nearby_landmarks%3D900059236%3Bpopular_nearby_landmarks%3D900059439%3Bpopular_nearby_landmarks%3D900059447%3Bpopular_nearby_landmarks%3D900059529%3Bpopular_nearby_landmarks%3D900069601%3Bpopular_nearby_landmarks%3D900069602%3Bpopular_nearby_landmarks%3D900069603%3Bpopular_nearby_landmarks%3D900070379%3Bpopular_nearby_landmarks%3D900074815%3Bpopular_nearby_landmarks%3D900074898%3Bpopular_nearby_landmarks%3D900075026%3Bpopular_nearby_landmarks%3D900059238","","Ohiya View Resort","Scored 7.3","7.3","","Ohiya View Resort offers accommodations in Ohiya, 24 miles from Gregory Lake and 7.2 miles from Horton Plains National Park. The guest house features both Wifi and private parking free of charge.","· 36 reviews","Opens in new window","Ohiya","Show prices","Good","Show on map","","https://cf.bstatic.com/xdata/images/hotel/square600/610130346.webp?k=d93244d77777af08326b91f5c7a77ea050c24dfdeccc85b0afe7ffe9847d553a&o="
"1777052003-234","https://www.booking.com/searchresults.html?label=bristol-XLwodozx2dVe8Ts0XeYuawS752260715469%3Apl%3Ata%3Ap1%3Ap2%3Aac%3Aap%3Aneg%3Afi%3Atikwd-869815001187%3Alp1009919%3Ali%3Adec%3Adm%3Appccp%3DUmFuZG9tSVYkc2RlIyh9YXdX6HrtnYy-Ml68sH-ljtU&aid=311984&dest_id=198&dest_type=country&group_adults=2&req_adults=2&no_rooms=1&broad_search_not_eligible=1&order=score&nflt=ht_id%3D204%3Bht_id%3D213%3Bht_id%3D216%3Bht_id%3D201%3Btop_destinations%3D6021%3Bpopular_nearby_landmarks%3D900059521%3Bpopular_nearby_landmarks%3D900059520%3Bpopular_nearby_landmarks%3D900074332%3Bpopular_nearby_landmarks%3D900077457%3Bpopular_nearby_landmarks%3D900059522%3Bpopular_nearby_landmarks%3D900074335%3Bpopular_nearby_landmarks%3D900074331%3Bpopular_nearby_landmarks%3D900053658%3Bpopular_nearby_landmarks%3D900053661%3Bpopular_nearby_landmarks%3D900053669%3Bpopular_nearby_landmarks%3D900058091%3Bpopular_nearby_landmarks%3D900059233%3Bpopular_nearby_landmarks%3D900059236%3Bpopular_nearby_landmarks%3D900059439%3Bpopular_nearby_landmarks%3D900059447%3Bpopular_nearby_landmarks%3D900059529%3Bpopular_nearby_landmarks%3D900069601%3Bpopular_nearby_landmarks%3D900069602%3Bpopular_nearby_landmarks%3D900069603%3Bpopular_nearby_landmarks%3D900070379%3Bpopular_nearby_landmarks%3D900074815%3Bpopular_nearby_landmarks%3D900074898%3Bpopular_nearby_landmarks%3D900075026%3Bpopular_nearby_landmarks%3D900059238","","Ella j villa","Scored 7.3","7.3","","Just a few steps from Ella Train Station and a 10-minute walk from Ella Spice Garden Cooking Class, Ella j villa features accommodations in Ella with a garden.","· 80 reviews","Opens in new window","Ella","Show prices","Good","Show on map","","https://cf.bstatic.com/xdata/images/hotel/square600/438546124.webp?k=c8af062d59f136231f4a12ab3e402fadb55d44445af6dc66e40ba6f883763531&o="
"1777052003-235","https://www.booking.com/searchresults.html?label=bristol-XLwodozx2dVe8Ts0XeYuawS752260715469%3Apl%3Ata%3Ap1%3Ap2%3Aac%3Aap%3Aneg%3Afi%3Atikwd-869815001187%3Alp1009919%3Ali%3Adec%3Adm%3Appccp%3DUmFuZG9tSVYkc2RlIyh9YXdX6HrtnYy-Ml68sH-ljtU&aid=311984&dest_id=198&dest_type=country&group_adults=2&req_adults=2&no_rooms=1&broad_search_not_eligible=1&order=score&nflt=ht_id%3D204%3Bht_id%3D213%3Bht_id%3D216%3Bht_id%3D201%3Btop_destinations%3D6021%3Bpopular_nearby_landmarks%3D900059521%3Bpopular_nearby_landmarks%3D900059520%3Bpopular_nearby_landmarks%3D900074332%3Bpopular_nearby_landmarks%3D900077457%3Bpopular_nearby_landmarks%3D900059522%3Bpopular_nearby_landmarks%3D900074335%3Bpopular_nearby_landmarks%3D900074331%3Bpopular_nearby_landmarks%3D900053658%3Bpopular_nearby_landmarks%3D900053661%3Bpopular_nearby_landmarks%3D900053669%3Bpopular_nearby_landmarks%3D900058091%3Bpopular_nearby_landmarks%3D900059233%3Bpopular_nearby_landmarks%3D900059236%3Bpopular_nearby_landmarks%3D900059439%3Bpopular_nearby_landmarks%3D900059447%3Bpopular_nearby_landmarks%3D900059529%3Bpopular_nearby_landmarks%3D900069601%3Bpopular_nearby_landmarks%3D900069602%3Bpopular_nearby_landmarks%3D900069603%3Bpopular_nearby_landmarks%3D900070379%3Bpopular_nearby_landmarks%3D900074815%3Bpopular_nearby_landmarks%3D900074898%3Bpopular_nearby_landmarks%3D900075026%3Bpopular_nearby_landmarks%3D900059238","","O2 Ella","Scored 7.2","7.2","","Located in Ella, 2.9 miles from Demodara Nine Arch Bridge, O2 Ella provides accommodations with an outdoor swimming pool, free private parking, a garden and a terrace.","· 133 reviews","Opens in new window","Ella","Show prices","Good","Show on map","","https://cf.bstatic.com/xdata/images/hotel/square600/390435529.webp?k=832f24a419dc3a2c55351eaa627ecc67e93d563f2d44c4acd1185c40b8ae460b&o="
"1777052003-236","https://www.booking.com/searchresults.html?label=bristol-XLwodozx2dVe8Ts0XeYuawS752260715469%3Apl%3Ata%3Ap1%3Ap2%3Aac%3Aap%3Aneg%3Afi%3Atikwd-869815001187%3Alp1009919%3Ali%3Adec%3Adm%3Appccp%3DUmFuZG9tSVYkc2RlIyh9YXdX6HrtnYy-Ml68sH-ljtU&aid=311984&dest_id=198&dest_type=country&group_adults=2&req_adults=2&no_rooms=1&broad_search_not_eligible=1&order=score&nflt=ht_id%3D204%3Bht_id%3D213%3Bht_id%3D216%3Bht_id%3D201%3Btop_destinations%3D6021%3Bpopular_nearby_landmarks%3D900059521%3Bpopular_nearby_landmarks%3D900059520%3Bpopular_nearby_landmarks%3D900074332%3Bpopular_nearby_landmarks%3D900077457%3Bpopular_nearby_landmarks%3D900059522%3Bpopular_nearby_landmarks%3D900074335%3Bpopular_nearby_landmarks%3D900074331%3Bpopular_nearby_landmarks%3D900053658%3Bpopular_nearby_landmarks%3D900053661%3Bpopular_nearby_landmarks%3D900053669%3Bpopular_nearby_landmarks%3D900058091%3Bpopular_nearby_landmarks%3D900059233%3Bpopular_nearby_landmarks%3D900059236%3Bpopular_nearby_landmarks%3D900059439%3Bpopular_nearby_landmarks%3D900059447%3Bpopular_nearby_landmarks%3D900059529%3Bpopular_nearby_landmarks%3D900069601%3Bpopular_nearby_landmarks%3D900069602%3Bpopular_nearby_landmarks%3D900069603%3Bpopular_nearby_landmarks%3D900070379%3Bpopular_nearby_landmarks%3D900074815%3Bpopular_nearby_landmarks%3D900074898%3Bpopular_nearby_landmarks%3D900075026%3Bpopular_nearby_landmarks%3D900059238","","3 Arch Resort Ella","Scored 7.2","7.2","","Located in Ella, 1.6 miles from Demodara Nine Arch Bridge, 3 Arch Resort Ella has accommodations with a garden, free private parking, a terrace and a bar.","· 45 reviews","Opens in new window","Ella","Show prices","Good","Show on map","","https://cf.bstatic.com/xdata/images/hotel/square600/248027921.webp?k=db5857e1463b68f98089525506a30cdc736b741fbffcc2fe263f6cdefabd70cf&o="
"1777052003-237","https://www.booking.com/searchresults.html?label=bristol-XLwodozx2dVe8Ts0XeYuawS752260715469%3Apl%3Ata%3Ap1%3Ap2%3Aac%3Aap%3Aneg%3Afi%3Atikwd-869815001187%3Alp1009919%3Ali%3Adec%3Adm%3Appccp%3DUmFuZG9tSVYkc2RlIyh9YXdX6HrtnYy-Ml68sH-ljtU&aid=311984&dest_id=198&dest_type=country&group_adults=2&req_adults=2&no_rooms=1&broad_search_not_eligible=1&order=score&nflt=ht_id%3D204%3Bht_id%3D213%3Bht_id%3D216%3Bht_id%3D201%3Btop_destinations%3D6021%3Bpopular_nearby_landmarks%3D900059521%3Bpopular_nearby_landmarks%3D900059520%3Bpopular_nearby_landmarks%3D900074332%3Bpopular_nearby_landmarks%3D900077457%3Bpopular_nearby_landmarks%3D900059522%3Bpopular_nearby_landmarks%3D900074335%3Bpopular_nearby_landmarks%3D900074331%3Bpopular_nearby_landmarks%3D900053658%3Bpopular_nearby_landmarks%3D900053661%3Bpopular_nearby_landmarks%3D900053669%3Bpopular_nearby_landmarks%3D900058091%3Bpopular_nearby_landmarks%3D900059233%3Bpopular_nearby_landmarks%3D900059236%3Bpopular_nearby_landmarks%3D900059439%3Bpopular_nearby_landmarks%3D900059447%3Bpopular_nearby_landmarks%3D900059529%3Bpopular_nearby_landmarks%3D900069601%3Bpopular_nearby_landmarks%3D900069602%3Bpopular_nearby_landmarks%3D900069603%3Bpopular_nearby_landmarks%3D900070379%3Bpopular_nearby_landmarks%3D900074815%3Bpopular_nearby_landmarks%3D900074898%3Bpopular_nearby_landmarks%3D900075026%3Bpopular_nearby_landmarks%3D900059238","","New happy love by silkfive","Scored 7.2","7.2","","Located in Ella, 4.8 miles from Demodara Nine Arch Bridge, New happy love by silkfive provides accommodations with a garden, free private parking, a terrace and a restaurant.","· 32 reviews","Opens in new window","Ella","Show prices","Good","Show on map","","https://cf.bstatic.com/xdata/images/hotel/square600/724168233.webp?k=1062140388e61feb7e10ec135e4775f219ba68c94b9aa11f19301aa21ef945da&o="
"1777052003-238","https://www.booking.com/searchresults.html?label=bristol-XLwodozx2dVe8Ts0XeYuawS752260715469%3Apl%3Ata%3Ap1%3Ap2%3Aac%3Aap%3Aneg%3Afi%3Atikwd-869815001187%3Alp1009919%3Ali%3Adec%3Adm%3Appccp%3DUmFuZG9tSVYkc2RlIyh9YXdX6HrtnYy-Ml68sH-ljtU&aid=311984&dest_id=198&dest_type=country&group_adults=2&req_adults=2&no_rooms=1&broad_search_not_eligible=1&order=score&nflt=ht_id%3D204%3Bht_id%3D213%3Bht_id%3D216%3Bht_id%3D201%3Btop_destinations%3D6021%3Bpopular_nearby_landmarks%3D900059521%3Bpopular_nearby_landmarks%3D900059520%3Bpopular_nearby_landmarks%3D900074332%3Bpopular_nearby_landmarks%3D900077457%3Bpopular_nearby_landmarks%3D900059522%3Bpopular_nearby_landmarks%3D900074335%3Bpopular_nearby_landmarks%3D900074331%3Bpopular_nearby_landmarks%3D900053658%3Bpopular_nearby_landmarks%3D900053661%3Bpopular_nearby_landmarks%3D900053669%3Bpopular_nearby_landmarks%3D900058091%3Bpopular_nearby_landmarks%3D900059233%3Bpopular_nearby_landmarks%3D900059236%3Bpopular_nearby_landmarks%3D900059439%3Bpopular_nearby_landmarks%3D900059447%3Bpopular_nearby_landmarks%3D900059529%3Bpopular_nearby_landmarks%3D900069601%3Bpopular_nearby_landmarks%3D900069602%3Bpopular_nearby_landmarks%3D900069603%3Bpopular_nearby_landmarks%3D900070379%3Bpopular_nearby_landmarks%3D900074815%3Bpopular_nearby_landmarks%3D900074898%3Bpopular_nearby_landmarks%3D900075026%3Bpopular_nearby_landmarks%3D900059238","","Green View Ella","Scored 7.1","7.1","","Located in Ella, 3 miles from Demodara Nine Arch Bridge, Green View Ella provides accommodations with a garden, free private parking, a terrace and a restaurant.","· 33 reviews","Opens in new window","Ella","Show prices","Good","Show on map","","https://cf.bstatic.com/xdata/images/hotel/square600/270251544.webp?k=0d23abf23cf2fe25ccdf6d5966ed7a353fbafa4974c22b81cd0813a9d56587d1&o="
"1777052003-239","https://www.booking.com/searchresults.html?label=bristol-XLwodozx2dVe8Ts0XeYuawS752260715469%3Apl%3Ata%3Ap1%3Ap2%3Aac%3Aap%3Aneg%3Afi%3Atikwd-869815001187%3Alp1009919%3Ali%3Adec%3Adm%3Appccp%3DUmFuZG9tSVYkc2RlIyh9YXdX6HrtnYy-Ml68sH-ljtU&aid=311984&dest_id=198&dest_type=country&group_adults=2&req_adults=2&no_rooms=1&broad_search_not_eligible=1&order=score&nflt=ht_id%3D204%3Bht_id%3D213%3Bht_id%3D216%3Bht_id%3D201%3Btop_destinations%3D6021%3Bpopular_nearby_landmarks%3D900059521%3Bpopular_nearby_landmarks%3D900059520%3Bpopular_nearby_landmarks%3D900074332%3Bpopular_nearby_landmarks%3D900077457%3Bpopular_nearby_landmarks%3D900059522%3Bpopular_nearby_landmarks%3D900074335%3Bpopular_nearby_landmarks%3D900074331%3Bpopular_nearby_landmarks%3D900053658%3Bpopular_nearby_landmarks%3D900053661%3Bpopular_nearby_landmarks%3D900053669%3Bpopular_nearby_landmarks%3D900058091%3Bpopular_nearby_landmarks%3D900059233%3Bpopular_nearby_landmarks%3D900059236%3Bpopular_nearby_landmarks%3D900059439%3Bpopular_nearby_landmarks%3D900059447%3Bpopular_nearby_landmarks%3D900059529%3Bpopular_nearby_landmarks%3D900069601%3Bpopular_nearby_landmarks%3D900069602%3Bpopular_nearby_landmarks%3D900069603%3Bpopular_nearby_landmarks%3D900070379%3Bpopular_nearby_landmarks%3D900074815%3Bpopular_nearby_landmarks%3D900074898%3Bpopular_nearby_landmarks%3D900075026%3Bpopular_nearby_landmarks%3D900059238","","Empyrean Ella","Scored 7.1","7.1","","Located in Ella, 3.7 miles from Demodara Nine Arch Bridge, Empyrean Ella has accommodations with a garden, free private parking and a terrace.","· 51 reviews","Opens in new window","Ella","Show prices","Good","Show on map","","https://cf.bstatic.com/xdata/images/hotel/square600/547762473.webp?k=04fa8e4519fb933cad4efa4c60fc47dfa5fbd67605c1b50395e3b7081ff262a8&o="
"1777052003-240","https://www.booking.com/searchresults.html?label=bristol-XLwodozx2dVe8Ts0XeYuawS752260715469%3Apl%3Ata%3Ap1%3Ap2%3Aac%3Aap%3Aneg%3Afi%3Atikwd-869815001187%3Alp1009919%3Ali%3Adec%3Adm%3Appccp%3DUmFuZG9tSVYkc2RlIyh9YXdX6HrtnYy-Ml68sH-ljtU&aid=311984&dest_id=198&dest_type=country&group_adults=2&req_adults=2&no_rooms=1&broad_search_not_eligible=1&order=score&nflt=ht_id%3D204%3Bht_id%3D213%3Bht_id%3D216%3Bht_id%3D201%3Btop_destinations%3D6021%3Bpopular_nearby_landmarks%3D900059521%3Bpopular_nearby_landmarks%3D900059520%3Bpopular_nearby_landmarks%3D900074332%3Bpopular_nearby_landmarks%3D900077457%3Bpopular_nearby_landmarks%3D900059522%3Bpopular_nearby_landmarks%3D900074335%3Bpopular_nearby_landmarks%3D900074331%3Bpopular_nearby_landmarks%3D900053658%3Bpopular_nearby_landmarks%3D900053661%3Bpopular_nearby_landmarks%3D900053669%3Bpopular_nearby_landmarks%3D900058091%3Bpopular_nearby_landmarks%3D900059233%3Bpopular_nearby_landmarks%3D900059236%3Bpopular_nearby_landmarks%3D900059439%3Bpopular_nearby_landmarks%3D900059447%3Bpopular_nearby_landmarks%3D900059529%3Bpopular_nearby_landmarks%3D900069601%3Bpopular_nearby_landmarks%3D900069602%3Bpopular_nearby_landmarks%3D900069603%3Bpopular_nearby_landmarks%3D900070379%3Bpopular_nearby_landmarks%3D900074815%3Bpopular_nearby_landmarks%3D900074898%3Bpopular_nearby_landmarks%3D900075026%3Bpopular_nearby_landmarks%3D900059238","","Ella 360","Scored 7.1","7.1","","Located in Ella, 1.2 miles from Demodara Nine Arch Bridge, Ella 360 provides accommodations with a shared lounge, free private parking, a terrace and a bar.","· 17 reviews","Opens in new window","Ella","Show prices","Good","Show on map","","https://cf.bstatic.com/xdata/images/hotel/square600/81539581.webp?k=c8f230ee8288528c8ae5988305a6bc67eb7a6b9e200fb629aaff612a8d41f6d7&o="
"1777052003-241","https://www.booking.com/searchresults.html?label=bristol-XLwodozx2dVe8Ts0XeYuawS752260715469%3Apl%3Ata%3Ap1%3Ap2%3Aac%3Aap%3Aneg%3Afi%3Atikwd-869815001187%3Alp1009919%3Ali%3Adec%3Adm%3Appccp%3DUmFuZG9tSVYkc2RlIyh9YXdX6HrtnYy-Ml68sH-ljtU&aid=311984&dest_id=198&dest_type=country&group_adults=2&req_adults=2&no_rooms=1&broad_search_not_eligible=1&order=score&nflt=ht_id%3D204%3Bht_id%3D213%3Bht_id%3D216%3Bht_id%3D201%3Btop_destinations%3D6021%3Bpopular_nearby_landmarks%3D900059521%3Bpopular_nearby_landmarks%3D900059520%3Bpopular_nearby_landmarks%3D900074332%3Bpopular_nearby_landmarks%3D900077457%3Bpopular_nearby_landmarks%3D900059522%3Bpopular_nearby_landmarks%3D900074335%3Bpopular_nearby_landmarks%3D900074331%3Bpopular_nearby_landmarks%3D900053658%3Bpopular_nearby_landmarks%3D900053661%3Bpopular_nearby_landmarks%3D900053669%3Bpopular_nearby_landmarks%3D900058091%3Bpopular_nearby_landmarks%3D900059233%3Bpopular_nearby_landmarks%3D900059236%3Bpopular_nearby_landmarks%3D900059439%3Bpopular_nearby_landmarks%3D900059447%3Bpopular_nearby_landmarks%3D900059529%3Bpopular_nearby_landmarks%3D900069601%3Bpopular_nearby_landmarks%3D900069602%3Bpopular_nearby_landmarks%3D900069603%3Bpopular_nearby_landmarks%3D900070379%3Bpopular_nearby_landmarks%3D900074815%3Bpopular_nearby_landmarks%3D900074898%3Bpopular_nearby_landmarks%3D900075026%3Bpopular_nearby_landmarks%3D900059238","","Grand View Guest House","Scored 7.0","7.0","","Grand View Guest House offers accommodations in Haputale, 27 miles from Gregory Lake and 15 miles from Demodara Nine Arch Bridge.","· 71 reviews","Opens in new window","Haputale","Show prices","Good","Show on map","","https://cf.bstatic.com/xdata/images/hotel/square600/542148551.webp?k=04074cbe75bdab8cd47614cc399fcb41c939d6cd58fe5cb4a970ee9f2f7c47b2&o="
"1777052003-242","https://www.booking.com/searchresults.html?label=bristol-XLwodozx2dVe8Ts0XeYuawS752260715469%3Apl%3Ata%3Ap1%3Ap2%3Aac%3Aap%3Aneg%3Afi%3Atikwd-869815001187%3Alp1009919%3Ali%3Adec%3Adm%3Appccp%3DUmFuZG9tSVYkc2RlIyh9YXdX6HrtnYy-Ml68sH-ljtU&aid=311984&dest_id=198&dest_type=country&group_adults=2&req_adults=2&no_rooms=1&broad_search_not_eligible=1&order=score&nflt=ht_id%3D204%3Bht_id%3D213%3Bht_id%3D216%3Bht_id%3D201%3Btop_destinations%3D6021%3Bpopular_nearby_landmarks%3D900059521%3Bpopular_nearby_landmarks%3D900059520%3Bpopular_nearby_landmarks%3D900074332%3Bpopular_nearby_landmarks%3D900077457%3Bpopular_nearby_landmarks%3D900059522%3Bpopular_nearby_landmarks%3D900074335%3Bpopular_nearby_landmarks%3D900074331%3Bpopular_nearby_landmarks%3D900053658%3Bpopular_nearby_landmarks%3D900053661%3Bpopular_nearby_landmarks%3D900053669%3Bpopular_nearby_landmarks%3D900058091%3Bpopular_nearby_landmarks%3D900059233%3Bpopular_nearby_landmarks%3D900059236%3Bpopular_nearby_landmarks%3D900059439%3Bpopular_nearby_landmarks%3D900059447%3Bpopular_nearby_landmarks%3D900059529%3Bpopular_nearby_landmarks%3D900069601%3Bpopular_nearby_landmarks%3D900069602%3Bpopular_nearby_landmarks%3D900069603%3Bpopular_nearby_landmarks%3D900070379%3Bpopular_nearby_landmarks%3D900074815%3Bpopular_nearby_landmarks%3D900074898%3Bpopular_nearby_landmarks%3D900075026%3Bpopular_nearby_landmarks%3D900059238","","Hotel Mississipi Ella","Scored 7.0","7.0","","Hotel Mississipi Ella enjoys a location in Ella, 3.6 miles from Demodara Nine Arch Bridge and 30 miles from Hakgala Botanical Garden.","· 26 reviews","Opens in new window","Ella","Show prices","Good","Show on map","","https://cf.bstatic.com/xdata/images/hotel/square600/770839570.webp?k=b969dc052d1a8484a147a511cde5832cd6b6df07632d7622199bd02c3bfd479f&o="
"1777052003-243","https://www.booking.com/searchresults.html?label=bristol-XLwodozx2dVe8Ts0XeYuawS752260715469%3Apl%3Ata%3Ap1%3Ap2%3Aac%3Aap%3Aneg%3Afi%3Atikwd-869815001187%3Alp1009919%3Ali%3Adec%3Adm%3Appccp%3DUmFuZG9tSVYkc2RlIyh9YXdX6HrtnYy-Ml68sH-ljtU&aid=311984&dest_id=198&dest_type=country&group_adults=2&req_adults=2&no_rooms=1&broad_search_not_eligible=1&order=score&nflt=ht_id%3D204%3Bht_id%3D213%3Bht_id%3D216%3Bht_id%3D201%3Btop_destinations%3D6021%3Bpopular_nearby_landmarks%3D900059521%3Bpopular_nearby_landmarks%3D900059520%3Bpopular_nearby_landmarks%3D900074332%3Bpopular_nearby_landmarks%3D900077457%3Bpopular_nearby_landmarks%3D900059522%3Bpopular_nearby_landmarks%3D900074335%3Bpopular_nearby_landmarks%3D900074331%3Bpopular_nearby_landmarks%3D900053658%3Bpopular_nearby_landmarks%3D900053661%3Bpopular_nearby_landmarks%3D900053669%3Bpopular_nearby_landmarks%3D900058091%3Bpopular_nearby_landmarks%3D900059233%3Bpopular_nearby_landmarks%3D900059236%3Bpopular_nearby_landmarks%3D900059439%3Bpopular_nearby_landmarks%3D900059447%3Bpopular_nearby_landmarks%3D900059529%3Bpopular_nearby_landmarks%3D900069601%3Bpopular_nearby_landmarks%3D900069602%3Bpopular_nearby_landmarks%3D900069603%3Bpopular_nearby_landmarks%3D900070379%3Bpopular_nearby_landmarks%3D900074815%3Bpopular_nearby_landmarks%3D900074898%3Bpopular_nearby_landmarks%3D900075026%3Bpopular_nearby_landmarks%3D900059238","","Grand Cliff Ella","Scored 6.9","6.9","","Located in Ella, 3.4 miles from Demodara Nine Arch Bridge, Grand Cliff Ella provides accommodations with a shared lounge, free private parking, a terrace and a restaurant.","· 103 reviews","Opens in new window","Ella","Show prices","Review score","Show on map","","https://cf.bstatic.com/xdata/images/hotel/square600/783446309.webp?k=01e5cda00cf69cae4809dc8d737b4843120554f544f623e86a3bd300887ae578&o="
"1777052003-244","https://www.booking.com/searchresults.html?label=bristol-XLwodozx2dVe8Ts0XeYuawS752260715469%3Apl%3Ata%3Ap1%3Ap2%3Aac%3Aap%3Aneg%3Afi%3Atikwd-869815001187%3Alp1009919%3Ali%3Adec%3Adm%3Appccp%3DUmFuZG9tSVYkc2RlIyh9YXdX6HrtnYy-Ml68sH-ljtU&aid=311984&dest_id=198&dest_type=country&group_adults=2&req_adults=2&no_rooms=1&broad_search_not_eligible=1&order=score&nflt=ht_id%3D204%3Bht_id%3D213%3Bht_id%3D216%3Bht_id%3D201%3Btop_destinations%3D6021%3Bpopular_nearby_landmarks%3D900059521%3Bpopular_nearby_landmarks%3D900059520%3Bpopular_nearby_landmarks%3D900074332%3Bpopular_nearby_landmarks%3D900077457%3Bpopular_nearby_landmarks%3D900059522%3Bpopular_nearby_landmarks%3D900074335%3Bpopular_nearby_landmarks%3D900074331%3Bpopular_nearby_landmarks%3D900053658%3Bpopular_nearby_landmarks%3D900053661%3Bpopular_nearby_landmarks%3D900053669%3Bpopular_nearby_landmarks%3D900058091%3Bpopular_nearby_landmarks%3D900059233%3Bpopular_nearby_landmarks%3D900059236%3Bpopular_nearby_landmarks%3D900059439%3Bpopular_nearby_landmarks%3D900059447%3Bpopular_nearby_landmarks%3D900059529%3Bpopular_nearby_landmarks%3D900069601%3Bpopular_nearby_landmarks%3D900069602%3Bpopular_nearby_landmarks%3D900069603%3Bpopular_nearby_landmarks%3D900070379%3Bpopular_nearby_landmarks%3D900074815%3Bpopular_nearby_landmarks%3D900074898%3Bpopular_nearby_landmarks%3D900075026%3Bpopular_nearby_landmarks%3D900059238","","Spice Ella","Scored 6.7","6.7","","Located in Ella, 2.8 miles from Demodara Nine Arch Bridge, Spice Ella provides accommodations with a garden, free private parking, a terrace and a restaurant.","· 60 reviews","Opens in new window","Ella","Show prices","Review score","Show on map","","https://cf.bstatic.com/xdata/images/hotel/square600/526563401.webp?k=04df572fb09dcfae669f5a1d787afc058e35fef098993ddb35029965ed441385&o="
"1777052003-245","https://www.booking.com/searchresults.html?label=bristol-XLwodozx2dVe8Ts0XeYuawS752260715469%3Apl%3Ata%3Ap1%3Ap2%3Aac%3Aap%3Aneg%3Afi%3Atikwd-869815001187%3Alp1009919%3Ali%3Adec%3Adm%3Appccp%3DUmFuZG9tSVYkc2RlIyh9YXdX6HrtnYy-Ml68sH-ljtU&aid=311984&dest_id=198&dest_type=country&group_adults=2&req_adults=2&no_rooms=1&broad_search_not_eligible=1&order=score&nflt=ht_id%3D204%3Bht_id%3D213%3Bht_id%3D216%3Bht_id%3D201%3Btop_destinations%3D6021%3Bpopular_nearby_landmarks%3D900059521%3Bpopular_nearby_landmarks%3D900059520%3Bpopular_nearby_landmarks%3D900074332%3Bpopular_nearby_landmarks%3D900077457%3Bpopular_nearby_landmarks%3D900059522%3Bpopular_nearby_landmarks%3D900074335%3Bpopular_nearby_landmarks%3D900074331%3Bpopular_nearby_landmarks%3D900053658%3Bpopular_nearby_landmarks%3D900053661%3Bpopular_nearby_landmarks%3D900053669%3Bpopular_nearby_landmarks%3D900058091%3Bpopular_nearby_landmarks%3D900059233%3Bpopular_nearby_landmarks%3D900059236%3Bpopular_nearby_landmarks%3D900059439%3Bpopular_nearby_landmarks%3D900059447%3Bpopular_nearby_landmarks%3D900059529%3Bpopular_nearby_landmarks%3D900069601%3Bpopular_nearby_landmarks%3D900069602%3Bpopular_nearby_landmarks%3D900069603%3Bpopular_nearby_landmarks%3D900070379%3Bpopular_nearby_landmarks%3D900074815%3Bpopular_nearby_landmarks%3D900074898%3Bpopular_nearby_landmarks%3D900075026%3Bpopular_nearby_landmarks%3D900059238","","Highcliffe Guest House","Scored 6.4","6.4","","Highcliffe Guest House in Haputale provides accommodations with a garden, a bar, and a shared lounge. This guest house features free private parking, a 24-hour front desk, and free Wifi.","· 22 reviews","Opens in new window","Haputale","Show prices","Review score","Show on map","","https://cf.bstatic.com/xdata/images/hotel/square600/326401002.webp?k=bb4119c811e359f79bc450eb77d5f1630aba6806f320f05d84c1292ec7a60fbf&o="
"1777052003-246","https://www.booking.com/searchresults.html?label=bristol-XLwodozx2dVe8Ts0XeYuawS752260715469%3Apl%3Ata%3Ap1%3Ap2%3Aac%3Aap%3Aneg%3Afi%3Atikwd-869815001187%3Alp1009919%3Ali%3Adec%3Adm%3Appccp%3DUmFuZG9tSVYkc2RlIyh9YXdX6HrtnYy-Ml68sH-ljtU&aid=311984&dest_id=198&dest_type=country&group_adults=2&req_adults=2&no_rooms=1&broad_search_not_eligible=1&order=score&nflt=ht_id%3D204%3Bht_id%3D213%3Bht_id%3D216%3Bht_id%3D201%3Btop_destinations%3D6021%3Bpopular_nearby_landmarks%3D900059521%3Bpopular_nearby_landmarks%3D900059520%3Bpopular_nearby_landmarks%3D900074332%3Bpopular_nearby_landmarks%3D900077457%3Bpopular_nearby_landmarks%3D900059522%3Bpopular_nearby_landmarks%3D900074335%3Bpopular_nearby_landmarks%3D900074331%3Bpopular_nearby_landmarks%3D900053658%3Bpopular_nearby_landmarks%3D900053661%3Bpopular_nearby_landmarks%3D900053669%3Bpopular_nearby_landmarks%3D900058091%3Bpopular_nearby_landmarks%3D900059233%3Bpopular_nearby_landmarks%3D900059236%3Bpopular_nearby_landmarks%3D900059439%3Bpopular_nearby_landmarks%3D900059447%3Bpopular_nearby_landmarks%3D900059529%3Bpopular_nearby_landmarks%3D900069601%3Bpopular_nearby_landmarks%3D900069602%3Bpopular_nearby_landmarks%3D900069603%3Bpopular_nearby_landmarks%3D900070379%3Bpopular_nearby_landmarks%3D900074815%3Bpopular_nearby_landmarks%3D900074898%3Bpopular_nearby_landmarks%3D900075026%3Bpopular_nearby_landmarks%3D900059238","","Little Heaven","Scored 6.2","6.2","","Little Heaven enjoys a location in Ella, 31 miles from Horton Plains National Park and 2 miles from Ella Rock.","· 8 reviews","Opens in new window","Ella","Show prices","Review score","Show on map","","https://cf.bstatic.com/xdata/images/hotel/square600/402200169.webp?k=4525ff61a1cb80e557c8e318603658087434bb2191d50a6815f95913c6cea6a7&o="
"1777052003-247","https://www.booking.com/searchresults.html?label=bristol-XLwodozx2dVe8Ts0XeYuawS752260715469%3Apl%3Ata%3Ap1%3Ap2%3Aac%3Aap%3Aneg%3Afi%3Atikwd-869815001187%3Alp1009919%3Ali%3Adec%3Adm%3Appccp%3DUmFuZG9tSVYkc2RlIyh9YXdX6HrtnYy-Ml68sH-ljtU&aid=311984&dest_id=198&dest_type=country&group_adults=2&req_adults=2&no_rooms=1&broad_search_not_eligible=1&order=score&nflt=ht_id%3D204%3Bht_id%3D213%3Bht_id%3D216%3Bht_id%3D201%3Btop_destinations%3D6021%3Bpopular_nearby_landmarks%3D900059521%3Bpopular_nearby_landmarks%3D900059520%3Bpopular_nearby_landmarks%3D900074332%3Bpopular_nearby_landmarks%3D900077457%3Bpopular_nearby_landmarks%3D900059522%3Bpopular_nearby_landmarks%3D900074335%3Bpopular_nearby_landmarks%3D900074331%3Bpopular_nearby_landmarks%3D900053658%3Bpopular_nearby_landmarks%3D900053661%3Bpopular_nearby_landmarks%3D900053669%3Bpopular_nearby_landmarks%3D900058091%3Bpopular_nearby_landmarks%3D900059233%3Bpopular_nearby_landmarks%3D900059236%3Bpopular_nearby_landmarks%3D900059439%3Bpopular_nearby_landmarks%3D900059447%3Bpopular_nearby_landmarks%3D900059529%3Bpopular_nearby_landmarks%3D900069601%3Bpopular_nearby_landmarks%3D900069602%3Bpopular_nearby_landmarks%3D900069603%3Bpopular_nearby_landmarks%3D900070379%3Bpopular_nearby_landmarks%3D900074815%3Bpopular_nearby_landmarks%3D900074898%3Bpopular_nearby_landmarks%3D900075026%3Bpopular_nearby_landmarks%3D900059238","","Royal Grand Guest Inn Ella","Scored 6.0","6.0","","Royal Grand Guest Inn Ella offers accommodations in Ella, 30 miles from Hakgala Botanical Garden and 31 miles from Horton Plains National Park.","· 5 reviews","Opens in new window","Ella","Show prices","Review score","Show on map","","https://cf.bstatic.com/xdata/images/hotel/square600/755848671.webp?k=5499640ff4c5e41848b679d2688797654060ab4675fe6219e92905b707a85587&o="
"1777052003-248","https://www.booking.com/searchresults.html?label=bristol-XLwodozx2dVe8Ts0XeYuawS752260715469%3Apl%3Ata%3Ap1%3Ap2%3Aac%3Aap%3Aneg%3Afi%3Atikwd-869815001187%3Alp1009919%3Ali%3Adec%3Adm%3Appccp%3DUmFuZG9tSVYkc2RlIyh9YXdX6HrtnYy-Ml68sH-ljtU&aid=311984&dest_id=198&dest_type=country&group_adults=2&req_adults=2&no_rooms=1&broad_search_not_eligible=1&order=score&nflt=ht_id%3D204%3Bht_id%3D213%3Bht_id%3D216%3Bht_id%3D201%3Btop_destinations%3D6021%3Bpopular_nearby_landmarks%3D900059521%3Bpopular_nearby_landmarks%3D900059520%3Bpopular_nearby_landmarks%3D900074332%3Bpopular_nearby_landmarks%3D900077457%3Bpopular_nearby_landmarks%3D900059522%3Bpopular_nearby_landmarks%3D900074335%3Bpopular_nearby_landmarks%3D900074331%3Bpopular_nearby_landmarks%3D900053658%3Bpopular_nearby_landmarks%3D900053661%3Bpopular_nearby_landmarks%3D900053669%3Bpopular_nearby_landmarks%3D900058091%3Bpopular_nearby_landmarks%3D900059233%3Bpopular_nearby_landmarks%3D900059236%3Bpopular_nearby_landmarks%3D900059439%3Bpopular_nearby_landmarks%3D900059447%3Bpopular_nearby_landmarks%3D900059529%3Bpopular_nearby_landmarks%3D900069601%3Bpopular_nearby_landmarks%3D900069602%3Bpopular_nearby_landmarks%3D900069603%3Bpopular_nearby_landmarks%3D900070379%3Bpopular_nearby_landmarks%3D900074815%3Bpopular_nearby_landmarks%3D900074898%3Bpopular_nearby_landmarks%3D900075026%3Bpopular_nearby_landmarks%3D900059238","","Chill Wood Ella","","","","Featuring garden views, Chill Wood Ella in Ella features accommodations and a garden. This property offers access to a terrace, free private parking, and free Wifi.","","Opens in new window","Ella","Show prices","","Show on map","New to Booking.com","https://cf.bstatic.com/xdata/images/hotel/square600/847359721.webp?k=3bc128812806686b4543973bda341c86d02b65490d0584993439d7ceb89366ce&o="
"1777052003-249","https://www.booking.com/searchresults.html?label=bristol-XLwodozx2dVe8Ts0XeYuawS752260715469%3Apl%3Ata%3Ap1%3Ap2%3Aac%3Aap%3Aneg%3Afi%3Atikwd-869815001187%3Alp1009919%3Ali%3Adec%3Adm%3Appccp%3DUmFuZG9tSVYkc2RlIyh9YXdX6HrtnYy-Ml68sH-ljtU&aid=311984&dest_id=198&dest_type=country&group_adults=2&req_adults=2&no_rooms=1&broad_search_not_eligible=1&order=score&nflt=ht_id%3D204%3Bht_id%3D213%3Bht_id%3D216%3Bht_id%3D201%3Btop_destinations%3D6021%3Bpopular_nearby_landmarks%3D900059521%3Bpopular_nearby_landmarks%3D900059520%3Bpopular_nearby_landmarks%3D900074332%3Bpopular_nearby_landmarks%3D900077457%3Bpopular_nearby_landmarks%3D900059522%3Bpopular_nearby_landmarks%3D900074335%3Bpopular_nearby_landmarks%3D900074331%3Bpopular_nearby_landmarks%3D900053658%3Bpopular_nearby_landmarks%3D900053661%3Bpopular_nearby_landmarks%3D900053669%3Bpopular_nearby_landmarks%3D900058091%3Bpopular_nearby_landmarks%3D900059233%3Bpopular_nearby_landmarks%3D900059236%3Bpopular_nearby_landmarks%3D900059439%3Bpopular_nearby_landmarks%3D900059447%3Bpopular_nearby_landmarks%3D900059529%3Bpopular_nearby_landmarks%3D900069601%3Bpopular_nearby_landmarks%3D900069602%3Bpopular_nearby_landmarks%3D900069603%3Bpopular_nearby_landmarks%3D900070379%3Bpopular_nearby_landmarks%3D900074815%3Bpopular_nearby_landmarks%3D900074898%3Bpopular_nearby_landmarks%3D900075026%3Bpopular_nearby_landmarks%3D900059238","","Hotel Budget 1st","Scored 6.0","6.0","","Located in Ella, within 4.4 miles of Demodara Nine Arch Bridge and 31 miles of Hakgala Botanical Garden, Hotel Budget 1st has accommodations with a restaurant and free WiFi throughout the property as...","· 2 reviews","Opens in new window","Ella","Show prices","Review score","Show on map","New to Booking.com","https://cf.bstatic.com/xdata/images/hotel/square600/819283393.webp?k=59b26efc3e3b36db58baf28b52d753ae62d15b3e387bfcdbc8b84f1716d35697&o="
"1777052003-250","https://www.booking.com/searchresults.html?label=bristol-XLwodozx2dVe8Ts0XeYuawS752260715469%3Apl%3Ata%3Ap1%3Ap2%3Aac%3Aap%3Aneg%3Afi%3Atikwd-869815001187%3Alp1009919%3Ali%3Adec%3Adm%3Appccp%3DUmFuZG9tSVYkc2RlIyh9YXdX6HrtnYy-Ml68sH-ljtU&aid=311984&dest_id=198&dest_type=country&group_adults=2&req_adults=2&no_rooms=1&broad_search_not_eligible=1&order=score&nflt=ht_id%3D204%3Bht_id%3D213%3Bht_id%3D216%3Bht_id%3D201%3Btop_destinations%3D6021%3Bpopular_nearby_landmarks%3D900059521%3Bpopular_nearby_landmarks%3D900059520%3Bpopular_nearby_landmarks%3D900074332%3Bpopular_nearby_landmarks%3D900077457%3Bpopular_nearby_landmarks%3D900059522%3Bpopular_nearby_landmarks%3D900074335%3Bpopular_nearby_landmarks%3D900074331%3Bpopular_nearby_landmarks%3D900053658%3Bpopular_nearby_landmarks%3D900053661%3Bpopular_nearby_landmarks%3D900053669%3Bpopular_nearby_landmarks%3D900058091%3Bpopular_nearby_landmarks%3D900059233%3Bpopular_nearby_landmarks%3D900059236%3Bpopular_nearby_landmarks%3D900059439%3Bpopular_nearby_landmarks%3D900059447%3Bpopular_nearby_landmarks%3D900059529%3Bpopular_nearby_landmarks%3D900069601%3Bpopular_nearby_landmarks%3D900069602%3Bpopular_nearby_landmarks%3D900069603%3Bpopular_nearby_landmarks%3D900070379%3Bpopular_nearby_landmarks%3D900074815%3Bpopular_nearby_landmarks%3D900074898%3Bpopular_nearby_landmarks%3D900075026%3Bpopular_nearby_landmarks%3D900059238","","Gotrika Valley Gesst","","","","Featuring mountain views, Gotrika Valley Gesst in Ella features accommodations and a garden.","","Opens in new window","Ella","Show prices","","Show on map","New to Booking.com","https://cf.bstatic.com/xdata/images/hotel/square600/844342005.webp?k=6b4f1bf350ddb42d538e1b21b7597f85555c15cc63f8f09df27c6dc3458e14fa&o="
"1777052003-251","https://www.booking.com/searchresults.html?label=bristol-XLwodozx2dVe8Ts0XeYuawS752260715469%3Apl%3Ata%3Ap1%3Ap2%3Aac%3Aap%3Aneg%3Afi%3Atikwd-869815001187%3Alp1009919%3Ali%3Adec%3Adm%3Appccp%3DUmFuZG9tSVYkc2RlIyh9YXdX6HrtnYy-Ml68sH-ljtU&aid=311984&dest_id=198&dest_type=country&group_adults=2&req_adults=2&no_rooms=1&broad_search_not_eligible=1&order=score&nflt=ht_id%3D204%3Bht_id%3D213%3Bht_id%3D216%3Bht_id%3D201%3Btop_destinations%3D6021%3Bpopular_nearby_landmarks%3D900059521%3Bpopular_nearby_landmarks%3D900059520%3Bpopular_nearby_landmarks%3D900074332%3Bpopular_nearby_landmarks%3D900077457%3Bpopular_nearby_landmarks%3D900059522%3Bpopular_nearby_landmarks%3D900074335%3Bpopular_nearby_landmarks%3D900074331%3Bpopular_nearby_landmarks%3D900053658%3Bpopular_nearby_landmarks%3D900053661%3Bpopular_nearby_landmarks%3D900053669%3Bpopular_nearby_landmarks%3D900058091%3Bpopular_nearby_landmarks%3D900059233%3Bpopular_nearby_landmarks%3D900059236%3Bpopular_nearby_landmarks%3D900059439%3Bpopular_nearby_landmarks%3D900059447%3Bpopular_nearby_landmarks%3D900059529%3Bpopular_nearby_landmarks%3D900069601%3Bpopular_nearby_landmarks%3D900069602%3Bpopular_nearby_landmarks%3D900069603%3Bpopular_nearby_landmarks%3D900070379%3Bpopular_nearby_landmarks%3D900074815%3Bpopular_nearby_landmarks%3D900074898%3Bpopular_nearby_landmarks%3D900075026%3Bpopular_nearby_landmarks%3D900059238","","Happy Rest House Ella","Scored 10","10","Value for money 9.4","Happy Rest House Ella enjoys a location in Ella, 2 miles from Demodara Nine Arch Bridge and 29 miles from Hakgala Botanical Garden.","· 4 reviews","Opens in new window","Ella","Show prices","Exceptional","Show on map","","https://cf.bstatic.com/xdata/images/hotel/square600/835848500.webp?k=1e2260873256116d7fb08008a46d07fdbf9feffe300c0ed0a7240d14271665c4&o="
"1777052003-252","https://www.booking.com/searchresults.html?label=bristol-XLwodozx2dVe8Ts0XeYuawS752260715469%3Apl%3Ata%3Ap1%3Ap2%3Aac%3Aap%3Aneg%3Afi%3Atikwd-869815001187%3Alp1009919%3Ali%3Adec%3Adm%3Appccp%3DUmFuZG9tSVYkc2RlIyh9YXdX6HrtnYy-Ml68sH-ljtU&aid=311984&dest_id=198&dest_type=country&group_adults=2&req_adults=2&no_rooms=1&broad_search_not_eligible=1&order=score&nflt=ht_id%3D204%3Bht_id%3D213%3Bht_id%3D216%3Bht_id%3D201%3Btop_destinations%3D6021%3Bpopular_nearby_landmarks%3D900059521%3Bpopular_nearby_landmarks%3D900059520%3Bpopular_nearby_landmarks%3D900074332%3Bpopular_nearby_landmarks%3D900077457%3Bpopular_nearby_landmarks%3D900059522%3Bpopular_nearby_landmarks%3D900074335%3Bpopular_nearby_landmarks%3D900074331%3Bpopular_nearby_landmarks%3D900053658%3Bpopular_nearby_landmarks%3D900053661%3Bpopular_nearby_landmarks%3D900053669%3Bpopular_nearby_landmarks%3D900058091%3Bpopular_nearby_landmarks%3D900059233%3Bpopular_nearby_landmarks%3D900059236%3Bpopular_nearby_landmarks%3D900059439%3Bpopular_nearby_landmarks%3D900059447%3Bpopular_nearby_landmarks%3D900059529%3Bpopular_nearby_landmarks%3D900069601%3Bpopular_nearby_landmarks%3D900069602%3Bpopular_nearby_landmarks%3D900069603%3Bpopular_nearby_landmarks%3D900070379%3Bpopular_nearby_landmarks%3D900074815%3Bpopular_nearby_landmarks%3D900074898%3Bpopular_nearby_landmarks%3D900075026%3Bpopular_nearby_landmarks%3D900059238","","Lavee Villa Ella","Scored 10","10","Value for money 10","Lavee Villa Ella is located in Ella, within 1.1 miles of Demodara Nine Arch Bridge and 31 miles of Hakgala Botanical Garden. Featuring room service, this property also provides guests with a terrace.","· 4 reviews","Opens in new window","Ella","Show prices","Exceptional","Show on map","New to Booking.com","https://cf.bstatic.com/xdata/images/hotel/square600/841579311.webp?k=ff7aaaff432245a073e152c307587eedbc9c52c66d45556c21cc78faf84cf60d&o="
"1777052003-253","https://www.booking.com/searchresults.html?label=bristol-XLwodozx2dVe8Ts0XeYuawS752260715469%3Apl%3Ata%3Ap1%3Ap2%3Aac%3Aap%3Aneg%3Afi%3Atikwd-869815001187%3Alp1009919%3Ali%3Adec%3Adm%3Appccp%3DUmFuZG9tSVYkc2RlIyh9YXdX6HrtnYy-Ml68sH-ljtU&aid=311984&dest_id=198&dest_type=country&group_adults=2&req_adults=2&no_rooms=1&broad_search_not_eligible=1&order=score&nflt=ht_id%3D204%3Bht_id%3D213%3Bht_id%3D216%3Bht_id%3D201%3Btop_destinations%3D6021%3Bpopular_nearby_landmarks%3D900059521%3Bpopular_nearby_landmarks%3D900059520%3Bpopular_nearby_landmarks%3D900074332%3Bpopular_nearby_landmarks%3D900077457%3Bpopular_nearby_landmarks%3D900059522%3Bpopular_nearby_landmarks%3D900074335%3Bpopular_nearby_landmarks%3D900074331%3Bpopular_nearby_landmarks%3D900053658%3Bpopular_nearby_landmarks%3D900053661%3Bpopular_nearby_landmarks%3D900053669%3Bpopular_nearby_landmarks%3D900058091%3Bpopular_nearby_landmarks%3D900059233%3Bpopular_nearby_landmarks%3D900059236%3Bpopular_nearby_landmarks%3D900059439%3Bpopular_nearby_landmarks%3D900059447%3Bpopular_nearby_landmarks%3D900059529%3Bpopular_nearby_landmarks%3D900069601%3Bpopular_nearby_landmarks%3D900069602%3Bpopular_nearby_landmarks%3D900069603%3Bpopular_nearby_landmarks%3D900070379%3Bpopular_nearby_landmarks%3D900074815%3Bpopular_nearby_landmarks%3D900074898%3Bpopular_nearby_landmarks%3D900075026%3Bpopular_nearby_landmarks%3D900059238","","Flower Resort Ella","Scored 10","10","Value for money 10","Located in Ella, 3.8 miles from Demodara Nine Arch Bridge, Flower Resort Ella has accommodations with a terrace, free private parking and a restaurant.","· 2 reviews","Opens in new window","Ella","Show prices","Exceptional","Show on map","New to Booking.com","https://cf.bstatic.com/xdata/images/hotel/square600/841584803.webp?k=3c9fd25fe05bfa67a857f92f0110af220b55b1c28e2b8a4297ad5f6d9c710583&o="
"1777052003-254","https://www.booking.com/searchresults.html?label=bristol-XLwodozx2dVe8Ts0XeYuawS752260715469%3Apl%3Ata%3Ap1%3Ap2%3Aac%3Aap%3Aneg%3Afi%3Atikwd-869815001187%3Alp1009919%3Ali%3Adec%3Adm%3Appccp%3DUmFuZG9tSVYkc2RlIyh9YXdX6HrtnYy-Ml68sH-ljtU&aid=311984&dest_id=198&dest_type=country&group_adults=2&req_adults=2&no_rooms=1&broad_search_not_eligible=1&order=score&nflt=ht_id%3D204%3Bht_id%3D213%3Bht_id%3D216%3Bht_id%3D201%3Btop_destinations%3D6021%3Bpopular_nearby_landmarks%3D900059521%3Bpopular_nearby_landmarks%3D900059520%3Bpopular_nearby_landmarks%3D900074332%3Bpopular_nearby_landmarks%3D900077457%3Bpopular_nearby_landmarks%3D900059522%3Bpopular_nearby_landmarks%3D900074335%3Bpopular_nearby_landmarks%3D900074331%3Bpopular_nearby_landmarks%3D900053658%3Bpopular_nearby_landmarks%3D900053661%3Bpopular_nearby_landmarks%3D900053669%3Bpopular_nearby_landmarks%3D900058091%3Bpopular_nearby_landmarks%3D900059233%3Bpopular_nearby_landmarks%3D900059236%3Bpopular_nearby_landmarks%3D900059439%3Bpopular_nearby_landmarks%3D900059447%3Bpopular_nearby_landmarks%3D900059529%3Bpopular_nearby_landmarks%3D900069601%3Bpopular_nearby_landmarks%3D900069602%3Bpopular_nearby_landmarks%3D900069603%3Bpopular_nearby_landmarks%3D900070379%3Bpopular_nearby_landmarks%3D900074815%3Bpopular_nearby_landmarks%3D900074898%3Bpopular_nearby_landmarks%3D900075026%3Bpopular_nearby_landmarks%3D900059238","","Okan Rock Residence","Scored 9.0","9.0","Value for money 10","Okan Rock Residence enjoys a location in Ella, 29 miles from Hakgala Botanical Garden and 31 miles from Horton Plains National Park. This property offers access to a balcony and free private parking.","· 3 reviews","Opens in new window","Ella","Show prices","Wonderful","Show on map","","https://cf.bstatic.com/xdata/images/hotel/square600/847661483.webp?k=7c194daff992135815d535e61db3a0128e3308c5c3e547fbd0d6668d2be5668b&o="
"1777052003-255","https://www.booking.com/searchresults.html?label=bristol-XLwodozx2dVe8Ts0XeYuawS752260715469%3Apl%3Ata%3Ap1%3Ap2%3Aac%3Aap%3Aneg%3Afi%3Atikwd-869815001187%3Alp1009919%3Ali%3Adec%3Adm%3Appccp%3DUmFuZG9tSVYkc2RlIyh9YXdX6HrtnYy-Ml68sH-ljtU&aid=311984&dest_id=198&dest_type=country&group_adults=2&req_adults=2&no_rooms=1&broad_search_not_eligible=1&order=score&nflt=ht_id%3D204%3Bht_id%3D213%3Bht_id%3D216%3Bht_id%3D201%3Btop_destinations%3D6021%3Bpopular_nearby_landmarks%3D900059521%3Bpopular_nearby_landmarks%3D900059520%3Bpopular_nearby_landmarks%3D900074332%3Bpopular_nearby_landmarks%3D900077457%3Bpopular_nearby_landmarks%3D900059522%3Bpopular_nearby_landmarks%3D900074335%3Bpopular_nearby_landmarks%3D900074331%3Bpopular_nearby_landmarks%3D900053658%3Bpopular_nearby_landmarks%3D900053661%3Bpopular_nearby_landmarks%3D900053669%3Bpopular_nearby_landmarks%3D900058091%3Bpopular_nearby_landmarks%3D900059233%3Bpopular_nearby_landmarks%3D900059236%3Bpopular_nearby_landmarks%3D900059439%3Bpopular_nearby_landmarks%3D900059447%3Bpopular_nearby_landmarks%3D900059529%3Bpopular_nearby_landmarks%3D900069601%3Bpopular_nearby_landmarks%3D900069602%3Bpopular_nearby_landmarks%3D900069603%3Bpopular_nearby_landmarks%3D900070379%3Bpopular_nearby_landmarks%3D900074815%3Bpopular_nearby_landmarks%3D900074898%3Bpopular_nearby_landmarks%3D900075026%3Bpopular_nearby_landmarks%3D900059238","","Ella Breathing Space","Scored 10","10","Value for money 10","Just a 15-minute walk from Ella Spice Garden Cooking Class and 0.8 miles from Ella Train Station, Ella Breathing Space features accommodations in Ella with a garden.","· 1 review","Opens in new window","Ella","Show prices","Exceptional","Show on map","New to Booking.com","https://cf.bstatic.com/xdata/images/hotel/square600/835326981.webp?k=d5ed003706c22acad5fd139dbf8b1636d507f988ee46583b15370dec27e2870d&o="
"1777052003-256","https://www.booking.com/searchresults.html?label=bristol-XLwodozx2dVe8Ts0XeYuawS752260715469%3Apl%3Ata%3Ap1%3Ap2%3Aac%3Aap%3Aneg%3Afi%3Atikwd-869815001187%3Alp1009919%3Ali%3Adec%3Adm%3Appccp%3DUmFuZG9tSVYkc2RlIyh9YXdX6HrtnYy-Ml68sH-ljtU&aid=311984&dest_id=198&dest_type=country&group_adults=2&req_adults=2&no_rooms=1&broad_search_not_eligible=1&order=score&nflt=ht_id%3D204%3Bht_id%3D213%3Bht_id%3D216%3Bht_id%3D201%3Btop_destinations%3D6021%3Bpopular_nearby_landmarks%3D900059521%3Bpopular_nearby_landmarks%3D900059520%3Bpopular_nearby_landmarks%3D900074332%3Bpopular_nearby_landmarks%3D900077457%3Bpopular_nearby_landmarks%3D900059522%3Bpopular_nearby_landmarks%3D900074335%3Bpopular_nearby_landmarks%3D900074331%3Bpopular_nearby_landmarks%3D900053658%3Bpopular_nearby_landmarks%3D900053661%3Bpopular_nearby_landmarks%3D900053669%3Bpopular_nearby_landmarks%3D900058091%3Bpopular_nearby_landmarks%3D900059233%3Bpopular_nearby_landmarks%3D900059236%3Bpopular_nearby_landmarks%3D900059439%3Bpopular_nearby_landmarks%3D900059447%3Bpopular_nearby_landmarks%3D900059529%3Bpopular_nearby_landmarks%3D900069601%3Bpopular_nearby_landmarks%3D900069602%3Bpopular_nearby_landmarks%3D900069603%3Bpopular_nearby_landmarks%3D900070379%3Bpopular_nearby_landmarks%3D900074815%3Bpopular_nearby_landmarks%3D900074898%3Bpopular_nearby_landmarks%3D900075026%3Bpopular_nearby_landmarks%3D900059238","","Ella viewpoint sunnyview","Scored 8.0","8.0","Value for money 10","Offering garden views, Ella viewpoint sunnyview in Ella offers accommodations and a garden. This property offers access to a terrace, free private parking, and free Wifi.","· 3 reviews","Opens in new window","Ella","Show prices","Very Good","Show on map","","https://cf.bstatic.com/xdata/images/hotel/square600/660885500.webp?k=1d860b05d7125ea8146705edf43fa3b0f020d29029ca727929f2c5036d659eb1&o="
"1777052003-257","https://www.booking.com/searchresults.html?label=bristol-XLwodozx2dVe8Ts0XeYuawS752260715469%3Apl%3Ata%3Ap1%3Ap2%3Aac%3Aap%3Aneg%3Afi%3Atikwd-869815001187%3Alp1009919%3Ali%3Adec%3Adm%3Appccp%3DUmFuZG9tSVYkc2RlIyh9YXdX6HrtnYy-Ml68sH-ljtU&aid=311984&dest_id=198&dest_type=country&group_adults=2&req_adults=2&no_rooms=1&broad_search_not_eligible=1&order=score&nflt=ht_id%3D204%3Bht_id%3D213%3Bht_id%3D216%3Bht_id%3D201%3Btop_destinations%3D6021%3Bpopular_nearby_landmarks%3D900059521%3Bpopular_nearby_landmarks%3D900059520%3Bpopular_nearby_landmarks%3D900074332%3Bpopular_nearby_landmarks%3D900077457%3Bpopular_nearby_landmarks%3D900059522%3Bpopular_nearby_landmarks%3D900074335%3Bpopular_nearby_landmarks%3D900074331%3Bpopular_nearby_landmarks%3D900053658%3Bpopular_nearby_landmarks%3D900053661%3Bpopular_nearby_landmarks%3D900053669%3Bpopular_nearby_landmarks%3D900058091%3Bpopular_nearby_landmarks%3D900059233%3Bpopular_nearby_landmarks%3D900059236%3Bpopular_nearby_landmarks%3D900059439%3Bpopular_nearby_landmarks%3D900059447%3Bpopular_nearby_landmarks%3D900059529%3Bpopular_nearby_landmarks%3D900069601%3Bpopular_nearby_landmarks%3D900069602%3Bpopular_nearby_landmarks%3D900069603%3Bpopular_nearby_landmarks%3D900070379%3Bpopular_nearby_landmarks%3D900074815%3Bpopular_nearby_landmarks%3D900074898%3Bpopular_nearby_landmarks%3D900075026%3Bpopular_nearby_landmarks%3D900059238","","Munro Haputhale","","","","Located in Haputale, within 26 miles of Gregory Lake and 16 miles of Demodara Nine Arch Bridge, Munro Haputhale provides accommodations with a restaurant and free WiFi throughout the property as well...","","Opens in new window","Haputale","Show prices","","Show on map","New to Booking.com","https://cf.bstatic.com/xdata/images/hotel/square600/848588301.webp?k=f35eae0e46d8db48cbfead4082827352d0023266fa02d58d611ab4046878149e&o="
"1777052003-258","https://www.booking.com/searchresults.html?label=bristol-XLwodozx2dVe8Ts0XeYuawS752260715469%3Apl%3Ata%3Ap1%3Ap2%3Aac%3Aap%3Aneg%3Afi%3Atikwd-869815001187%3Alp1009919%3Ali%3Adec%3Adm%3Appccp%3DUmFuZG9tSVYkc2RlIyh9YXdX6HrtnYy-Ml68sH-ljtU&aid=311984&dest_id=198&dest_type=country&group_adults=2&req_adults=2&no_rooms=1&broad_search_not_eligible=1&order=score&nflt=ht_id%3D204%3Bht_id%3D213%3Bht_id%3D216%3Bht_id%3D201%3Btop_destinations%3D6021%3Bpopular_nearby_landmarks%3D900059521%3Bpopular_nearby_landmarks%3D900059520%3Bpopular_nearby_landmarks%3D900074332%3Bpopular_nearby_landmarks%3D900077457%3Bpopular_nearby_landmarks%3D900059522%3Bpopular_nearby_landmarks%3D900074335%3Bpopular_nearby_landmarks%3D900074331%3Bpopular_nearby_landmarks%3D900053658%3Bpopular_nearby_landmarks%3D900053661%3Bpopular_nearby_landmarks%3D900053669%3Bpopular_nearby_landmarks%3D900058091%3Bpopular_nearby_landmarks%3D900059233%3Bpopular_nearby_landmarks%3D900059236%3Bpopular_nearby_landmarks%3D900059439%3Bpopular_nearby_landmarks%3D900059447%3Bpopular_nearby_landmarks%3D900059529%3Bpopular_nearby_landmarks%3D900069601%3Bpopular_nearby_landmarks%3D900069602%3Bpopular_nearby_landmarks%3D900069603%3Bpopular_nearby_landmarks%3D900070379%3Bpopular_nearby_landmarks%3D900074815%3Bpopular_nearby_landmarks%3D900074898%3Bpopular_nearby_landmarks%3D900075026%3Bpopular_nearby_landmarks%3D900059238","","Sisila villa ella","","","","Located in Ella, 1.1 miles from Demodara Nine Arch Bridge, Sisila villa ella has accommodations with a garden, free private parking, a terrace and a restaurant.","","Opens in new window","Ella","Show prices","","Show on map","","https://cf.bstatic.com/xdata/images/hotel/square600/807695843.webp?k=16a332d75512464031799219ee0f326f03c505e78c89ec7eb7bd71583dfea8e4&o="
"1777052003-259","https://www.booking.com/searchresults.html?label=bristol-XLwodozx2dVe8Ts0XeYuawS752260715469%3Apl%3Ata%3Ap1%3Ap2%3Aac%3Aap%3Aneg%3Afi%3Atikwd-869815001187%3Alp1009919%3Ali%3Adec%3Adm%3Appccp%3DUmFuZG9tSVYkc2RlIyh9YXdX6HrtnYy-Ml68sH-ljtU&aid=311984&dest_id=198&dest_type=country&group_adults=2&req_adults=2&no_rooms=1&broad_search_not_eligible=1&order=score&nflt=ht_id%3D204%3Bht_id%3D213%3Bht_id%3D216%3Bht_id%3D201%3Btop_destinations%3D6021%3Bpopular_nearby_landmarks%3D900059521%3Bpopular_nearby_landmarks%3D900059520%3Bpopular_nearby_landmarks%3D900074332%3Bpopular_nearby_landmarks%3D900077457%3Bpopular_nearby_landmarks%3D900059522%3Bpopular_nearby_landmarks%3D900074335%3Bpopular_nearby_landmarks%3D900074331%3Bpopular_nearby_landmarks%3D900053658%3Bpopular_nearby_landmarks%3D900053661%3Bpopular_nearby_landmarks%3D900053669%3Bpopular_nearby_landmarks%3D900058091%3Bpopular_nearby_landmarks%3D900059233%3Bpopular_nearby_landmarks%3D900059236%3Bpopular_nearby_landmarks%3D900059439%3Bpopular_nearby_landmarks%3D900059447%3Bpopular_nearby_landmarks%3D900059529%3Bpopular_nearby_landmarks%3D900069601%3Bpopular_nearby_landmarks%3D900069602%3Bpopular_nearby_landmarks%3D900069603%3Bpopular_nearby_landmarks%3D900070379%3Bpopular_nearby_landmarks%3D900074815%3Bpopular_nearby_landmarks%3D900074898%3Bpopular_nearby_landmarks%3D900075026%3Bpopular_nearby_landmarks%3D900059238","","Riverside Bliss Cottage","Scored 9.0","9.0","Value for money 10","Riverside Bliss Cottage is located in Demodera, just 2.7 miles from Demodara Nine Arch Bridge and 30 miles from Hakgala Botanical Garden. With mountain views, this accommodation provides a terrace.","· 1 review","Opens in new window","Demodera","Show prices","Wonderful","Show on map","New to Booking.com","https://cf.bstatic.com/xdata/images/hotel/square600/812763367.webp?k=6a5d31a70e71cf0524a782dc88b7cc0020540abb85bdc7aeca8d7fb5959e1b62&o="
"1777052003-260","https://www.booking.com/searchresults.html?label=bristol-XLwodozx2dVe8Ts0XeYuawS752260715469%3Apl%3Ata%3Ap1%3Ap2%3Aac%3Aap%3Aneg%3Afi%3Atikwd-869815001187%3Alp1009919%3Ali%3Adec%3Adm%3Appccp%3DUmFuZG9tSVYkc2RlIyh9YXdX6HrtnYy-Ml68sH-ljtU&aid=311984&dest_id=198&dest_type=country&group_adults=2&req_adults=2&no_rooms=1&broad_search_not_eligible=1&order=score&nflt=ht_id%3D204%3Bht_id%3D213%3Bht_id%3D216%3Bht_id%3D201%3Btop_destinations%3D6021%3Bpopular_nearby_landmarks%3D900059521%3Bpopular_nearby_landmarks%3D900059520%3Bpopular_nearby_landmarks%3D900074332%3Bpopular_nearby_landmarks%3D900077457%3Bpopular_nearby_landmarks%3D900059522%3Bpopular_nearby_landmarks%3D900074335%3Bpopular_nearby_landmarks%3D900074331%3Bpopular_nearby_landmarks%3D900053658%3Bpopular_nearby_landmarks%3D900053661%3Bpopular_nearby_landmarks%3D900053669%3Bpopular_nearby_landmarks%3D900058091%3Bpopular_nearby_landmarks%3D900059233%3Bpopular_nearby_landmarks%3D900059236%3Bpopular_nearby_landmarks%3D900059439%3Bpopular_nearby_landmarks%3D900059447%3Bpopular_nearby_landmarks%3D900059529%3Bpopular_nearby_landmarks%3D900069601%3Bpopular_nearby_landmarks%3D900069602%3Bpopular_nearby_landmarks%3D900069603%3Bpopular_nearby_landmarks%3D900070379%3Bpopular_nearby_landmarks%3D900074815%3Bpopular_nearby_landmarks%3D900074898%3Bpopular_nearby_landmarks%3D900075026%3Bpopular_nearby_landmarks%3D900059238","","Cloud Nest Cabana","Scored 4.5","4.5","","Cloud Nest Cabana is located in Ohiya, just 23 miles from Gregory Lake and 8 miles from Horton Plains National Park. This property offers access to a balcony and free private parking.","· 2 reviews","Opens in new window","Ohiya","Show prices","Review score","Show on map","New to Booking.com","https://cf.bstatic.com/xdata/images/hotel/square600/811066871.webp?k=d4695da78dc2c69a4e3f2c24c977e80dd201ddaa41cdb8184815a5f422de72b6&o="
"1777052003-261","https://www.booking.com/searchresults.html?label=bristol-XLwodozx2dVe8Ts0XeYuawS752260715469%3Apl%3Ata%3Ap1%3Ap2%3Aac%3Aap%3Aneg%3Afi%3Atikwd-869815001187%3Alp1009919%3Ali%3Adec%3Adm%3Appccp%3DUmFuZG9tSVYkc2RlIyh9YXdX6HrtnYy-Ml68sH-ljtU&aid=311984&dest_id=198&dest_type=country&group_adults=2&req_adults=2&no_rooms=1&broad_search_not_eligible=1&order=score&nflt=ht_id%3D204%3Bht_id%3D213%3Bht_id%3D216%3Bht_id%3D201%3Btop_destinations%3D6021%3Bpopular_nearby_landmarks%3D900059521%3Bpopular_nearby_landmarks%3D900059520%3Bpopular_nearby_landmarks%3D900074332%3Bpopular_nearby_landmarks%3D900077457%3Bpopular_nearby_landmarks%3D900059522%3Bpopular_nearby_landmarks%3D900074335%3Bpopular_nearby_landmarks%3D900074331%3Bpopular_nearby_landmarks%3D900053658%3Bpopular_nearby_landmarks%3D900053661%3Bpopular_nearby_landmarks%3D900053669%3Bpopular_nearby_landmarks%3D900058091%3Bpopular_nearby_landmarks%3D900059233%3Bpopular_nearby_landmarks%3D900059236%3Bpopular_nearby_landmarks%3D900059439%3Bpopular_nearby_landmarks%3D900059447%3Bpopular_nearby_landmarks%3D900059529%3Bpopular_nearby_landmarks%3D900069601%3Bpopular_nearby_landmarks%3D900069602%3Bpopular_nearby_landmarks%3D900069603%3Bpopular_nearby_landmarks%3D900070379%3Bpopular_nearby_landmarks%3D900074815%3Bpopular_nearby_landmarks%3D900074898%3Bpopular_nearby_landmarks%3D900075026%3Bpopular_nearby_landmarks%3D900059238","","Dream Arch","","","","Located in Demodera, 2.4 miles from Demodara Nine Arch Bridge, Dream Arch has accommodations with a garden, free private parking and a terrace.","","Opens in new window","Demodera","Show prices","","Show on map","New to Booking.com","https://cf.bstatic.com/xdata/images/hotel/square600/841623334.webp?k=638c271713351d043d1a71f57f7af296655acd10de7ae81cdc9c7a1cab990bea&o="
"1777052003-262","https://www.booking.com/searchresults.html?label=bristol-XLwodozx2dVe8Ts0XeYuawS752260715469%3Apl%3Ata%3Ap1%3Ap2%3Aac%3Aap%3Aneg%3Afi%3Atikwd-869815001187%3Alp1009919%3Ali%3Adec%3Adm%3Appccp%3DUmFuZG9tSVYkc2RlIyh9YXdX6HrtnYy-Ml68sH-ljtU&aid=311984&dest_id=198&dest_type=country&group_adults=2&req_adults=2&no_rooms=1&broad_search_not_eligible=1&order=score&nflt=ht_id%3D204%3Bht_id%3D213%3Bht_id%3D216%3Bht_id%3D201%3Btop_destinations%3D6021%3Bpopular_nearby_landmarks%3D900059521%3Bpopular_nearby_landmarks%3D900059520%3Bpopular_nearby_landmarks%3D900074332%3Bpopular_nearby_landmarks%3D900077457%3Bpopular_nearby_landmarks%3D900059522%3Bpopular_nearby_landmarks%3D900074335%3Bpopular_nearby_landmarks%3D900074331%3Bpopular_nearby_landmarks%3D900053658%3Bpopular_nearby_landmarks%3D900053661%3Bpopular_nearby_landmarks%3D900053669%3Bpopular_nearby_landmarks%3D900058091%3Bpopular_nearby_landmarks%3D900059233%3Bpopular_nearby_landmarks%3D900059236%3Bpopular_nearby_landmarks%3D900059439%3Bpopular_nearby_landmarks%3D900059447%3Bpopular_nearby_landmarks%3D900059529%3Bpopular_nearby_landmarks%3D900069601%3Bpopular_nearby_landmarks%3D900069602%3Bpopular_nearby_landmarks%3D900069603%3Bpopular_nearby_landmarks%3D900070379%3Bpopular_nearby_landmarks%3D900074815%3Bpopular_nearby_landmarks%3D900074898%3Bpopular_nearby_landmarks%3D900075026%3Bpopular_nearby_landmarks%3D900059238","","Ella Tour Paradise","","","","Ella Tour Paradise is located in Ella, just 30 miles from Hakgala Botanical Garden and 1.2 miles from Little Adam's Peak. This property offers access to a terrace, free private parking, and free Wifi....","","Opens in new window","Ella","Show prices","","Show on map","New to Booking.com","https://cf.bstatic.com/xdata/images/hotel/square600/832641340.webp?k=b30747eb96dfd9989618cbb4e29545e6c98f467f97e34cd9fd48bf919af9da77&o="
"1777052003-263","https://www.booking.com/searchresults.html?label=bristol-XLwodozx2dVe8Ts0XeYuawS752260715469%3Apl%3Ata%3Ap1%3Ap2%3Aac%3Aap%3Aneg%3Afi%3Atikwd-869815001187%3Alp1009919%3Ali%3Adec%3Adm%3Appccp%3DUmFuZG9tSVYkc2RlIyh9YXdX6HrtnYy-Ml68sH-ljtU&aid=311984&dest_id=198&dest_type=country&group_adults=2&req_adults=2&no_rooms=1&broad_search_not_eligible=1&order=score&nflt=ht_id%3D204%3Bht_id%3D213%3Bht_id%3D216%3Bht_id%3D201%3Btop_destinations%3D6021%3Bpopular_nearby_landmarks%3D900059521%3Bpopular_nearby_landmarks%3D900059520%3Bpopular_nearby_landmarks%3D900074332%3Bpopular_nearby_landmarks%3D900077457%3Bpopular_nearby_landmarks%3D900059522%3Bpopular_nearby_landmarks%3D900074335%3Bpopular_nearby_landmarks%3D900074331%3Bpopular_nearby_landmarks%3D900053658%3Bpopular_nearby_landmarks%3D900053661%3Bpopular_nearby_landmarks%3D900053669%3Bpopular_nearby_landmarks%3D900058091%3Bpopular_nearby_landmarks%3D900059233%3Bpopular_nearby_landmarks%3D900059236%3Bpopular_nearby_landmarks%3D900059439%3Bpopular_nearby_landmarks%3D900059447%3Bpopular_nearby_landmarks%3D900059529%3Bpopular_nearby_landmarks%3D900069601%3Bpopular_nearby_landmarks%3D900069602%3Bpopular_nearby_landmarks%3D900069603%3Bpopular_nearby_landmarks%3D900070379%3Bpopular_nearby_landmarks%3D900074815%3Bpopular_nearby_landmarks%3D900074898%3Bpopular_nearby_landmarks%3D900075026%3Bpopular_nearby_landmarks%3D900059238","","Mount View Villa","","","","Mount View Villa is located in Haputale, just 26 miles from Gregory Lake and 15 miles from Demodara Nine Arch Bridge. Both Wifi and private parking are accessible at the guest house free of charge.","","Opens in new window","Haputale","Show prices","","Show on map","New to Booking.com","https://cf.bstatic.com/xdata/images/hotel/square600/841547745.webp?k=579b564a0f691935bc7a84b7af9d79158415f96f20520f59325b5807aacf3a63&o="
"1777052003-264","https://www.booking.com/searchresults.html?label=bristol-XLwodozx2dVe8Ts0XeYuawS752260715469%3Apl%3Ata%3Ap1%3Ap2%3Aac%3Aap%3Aneg%3Afi%3Atikwd-869815001187%3Alp1009919%3Ali%3Adec%3Adm%3Appccp%3DUmFuZG9tSVYkc2RlIyh9YXdX6HrtnYy-Ml68sH-ljtU&aid=311984&dest_id=198&dest_type=country&group_adults=2&req_adults=2&no_rooms=1&broad_search_not_eligible=1&order=score&nflt=ht_id%3D204%3Bht_id%3D213%3Bht_id%3D216%3Bht_id%3D201%3Btop_destinations%3D6021%3Bpopular_nearby_landmarks%3D900059521%3Bpopular_nearby_landmarks%3D900059520%3Bpopular_nearby_landmarks%3D900074332%3Bpopular_nearby_landmarks%3D900077457%3Bpopular_nearby_landmarks%3D900059522%3Bpopular_nearby_landmarks%3D900074335%3Bpopular_nearby_landmarks%3D900074331%3Bpopular_nearby_landmarks%3D900053658%3Bpopular_nearby_landmarks%3D900053661%3Bpopular_nearby_landmarks%3D900053669%3Bpopular_nearby_landmarks%3D900058091%3Bpopular_nearby_landmarks%3D900059233%3Bpopular_nearby_landmarks%3D900059236%3Bpopular_nearby_landmarks%3D900059439%3Bpopular_nearby_landmarks%3D900059447%3Bpopular_nearby_landmarks%3D900059529%3Bpopular_nearby_landmarks%3D900069601%3Bpopular_nearby_landmarks%3D900069602%3Bpopular_nearby_landmarks%3D900069603%3Bpopular_nearby_landmarks%3D900070379%3Bpopular_nearby_landmarks%3D900074815%3Bpopular_nearby_landmarks%3D900074898%3Bpopular_nearby_landmarks%3D900075026%3Bpopular_nearby_landmarks%3D900059238","","Mount Breeze","Scored 8.3","8.3","","Located in Ella, within a 17-minute walk of Demodara Nine Arch Bridge and 30 miles of Hakgala Botanical Garden, Mount Breeze has accommodations with a garden and free WiFi throughout the property as...","· 3 reviews","Opens in new window","Ella","Show prices","Very Good","Show on map","","https://cf.bstatic.com/xdata/images/hotel/square600/815639028.webp?k=8da1376235bf4a9e18054c2a7de4b6b4f29441251e9d1ed77e41065309778aff&o="
"1777052003-265","https://www.booking.com/searchresults.html?label=bristol-XLwodozx2dVe8Ts0XeYuawS752260715469%3Apl%3Ata%3Ap1%3Ap2%3Aac%3Aap%3Aneg%3Afi%3Atikwd-869815001187%3Alp1009919%3Ali%3Adec%3Adm%3Appccp%3DUmFuZG9tSVYkc2RlIyh9YXdX6HrtnYy-Ml68sH-ljtU&aid=311984&dest_id=198&dest_type=country&group_adults=2&req_adults=2&no_rooms=1&broad_search_not_eligible=1&order=score&nflt=ht_id%3D204%3Bht_id%3D213%3Bht_id%3D216%3Bht_id%3D201%3Btop_destinations%3D6021%3Bpopular_nearby_landmarks%3D900059521%3Bpopular_nearby_landmarks%3D900059520%3Bpopular_nearby_landmarks%3D900074332%3Bpopular_nearby_landmarks%3D900077457%3Bpopular_nearby_landmarks%3D900059522%3Bpopular_nearby_landmarks%3D900074335%3Bpopular_nearby_landmarks%3D900074331%3Bpopular_nearby_landmarks%3D900053658%3Bpopular_nearby_landmarks%3D900053661%3Bpopular_nearby_landmarks%3D900053669%3Bpopular_nearby_landmarks%3D900058091%3Bpopular_nearby_landmarks%3D900059233%3Bpopular_nearby_landmarks%3D900059236%3Bpopular_nearby_landmarks%3D900059439%3Bpopular_nearby_landmarks%3D900059447%3Bpopular_nearby_landmarks%3D900059529%3Bpopular_nearby_landmarks%3D900069601%3Bpopular_nearby_landmarks%3D900069602%3Bpopular_nearby_landmarks%3D900069603%3Bpopular_nearby_landmarks%3D900070379%3Bpopular_nearby_landmarks%3D900074815%3Bpopular_nearby_landmarks%3D900074898%3Bpopular_nearby_landmarks%3D900075026%3Bpopular_nearby_landmarks%3D900059238","","Grand Hyatt","","","","Located in Ella, within 1.1 miles of Demodara Nine Arch Bridge and 29 miles of Hakgala Botanical Garden, Grand Hyatt has accommodations with a terrace and free WiFi throughout the property as well as...","","Opens in new window","Ella","Show prices","","Show on map","New to Booking.com","https://cf.bstatic.com/xdata/images/hotel/square600/829834238.webp?k=0f93b369d51dc8cda61b48fcb4b65243f7ebda93f09d31ba725af93556cb8c04&o="
"1777052003-266","https://www.booking.com/searchresults.html?label=bristol-XLwodozx2dVe8Ts0XeYuawS752260715469%3Apl%3Ata%3Ap1%3Ap2%3Aac%3Aap%3Aneg%3Afi%3Atikwd-869815001187%3Alp1009919%3Ali%3Adec%3Adm%3Appccp%3DUmFuZG9tSVYkc2RlIyh9YXdX6HrtnYy-Ml68sH-ljtU&aid=311984&dest_id=198&dest_type=country&group_adults=2&req_adults=2&no_rooms=1&broad_search_not_eligible=1&order=score&nflt=ht_id%3D204%3Bht_id%3D213%3Bht_id%3D216%3Bht_id%3D201%3Btop_destinations%3D6021%3Bpopular_nearby_landmarks%3D900059521%3Bpopular_nearby_landmarks%3D900059520%3Bpopular_nearby_landmarks%3D900074332%3Bpopular_nearby_landmarks%3D900077457%3Bpopular_nearby_landmarks%3D900059522%3Bpopular_nearby_landmarks%3D900074335%3Bpopular_nearby_landmarks%3D900074331%3Bpopular_nearby_landmarks%3D900053658%3Bpopular_nearby_landmarks%3D900053661%3Bpopular_nearby_landmarks%3D900053669%3Bpopular_nearby_landmarks%3D900058091%3Bpopular_nearby_landmarks%3D900059233%3Bpopular_nearby_landmarks%3D900059236%3Bpopular_nearby_landmarks%3D900059439%3Bpopular_nearby_landmarks%3D900059447%3Bpopular_nearby_landmarks%3D900059529%3Bpopular_nearby_landmarks%3D900069601%3Bpopular_nearby_landmarks%3D900069602%3Bpopular_nearby_landmarks%3D900069603%3Bpopular_nearby_landmarks%3D900070379%3Bpopular_nearby_landmarks%3D900074815%3Bpopular_nearby_landmarks%3D900074898%3Bpopular_nearby_landmarks%3D900075026%3Bpopular_nearby_landmarks%3D900059238","","The Misty Heaven","Scored 10","10","Value for money 10","Located in Ella, 3 miles from Demodara Nine Arch Bridge, The Misty Heaven provides accommodations with a garden, free private parking and a terrace.","· 1 review","Opens in new window","Ella","Show prices","Exceptional","Show on map","New to Booking.com","https://cf.bstatic.com/xdata/images/hotel/square600/825635833.webp?k=049e28cef731d1434022aec0a5a4acb224ef4a4cb33eacf0a18ef4f65dc03b48&o="
"1777052003-267","https://www.booking.com/searchresults.html?label=bristol-XLwodozx2dVe8Ts0XeYuawS752260715469%3Apl%3Ata%3Ap1%3Ap2%3Aac%3Aap%3Aneg%3Afi%3Atikwd-869815001187%3Alp1009919%3Ali%3Adec%3Adm%3Appccp%3DUmFuZG9tSVYkc2RlIyh9YXdX6HrtnYy-Ml68sH-ljtU&aid=311984&dest_id=198&dest_type=country&group_adults=2&req_adults=2&no_rooms=1&broad_search_not_eligible=1&order=score&nflt=ht_id%3D204%3Bht_id%3D213%3Bht_id%3D216%3Bht_id%3D201%3Btop_destinations%3D6021%3Bpopular_nearby_landmarks%3D900059521%3Bpopular_nearby_landmarks%3D900059520%3Bpopular_nearby_landmarks%3D900074332%3Bpopular_nearby_landmarks%3D900077457%3Bpopular_nearby_landmarks%3D900059522%3Bpopular_nearby_landmarks%3D900074335%3Bpopular_nearby_landmarks%3D900074331%3Bpopular_nearby_landmarks%3D900053658%3Bpopular_nearby_landmarks%3D900053661%3Bpopular_nearby_landmarks%3D900053669%3Bpopular_nearby_landmarks%3D900058091%3Bpopular_nearby_landmarks%3D900059233%3Bpopular_nearby_landmarks%3D900059236%3Bpopular_nearby_landmarks%3D900059439%3Bpopular_nearby_landmarks%3D900059447%3Bpopular_nearby_landmarks%3D900059529%3Bpopular_nearby_landmarks%3D900069601%3Bpopular_nearby_landmarks%3D900069602%3Bpopular_nearby_landmarks%3D900069603%3Bpopular_nearby_landmarks%3D900070379%3Bpopular_nearby_landmarks%3D900074815%3Bpopular_nearby_landmarks%3D900074898%3Bpopular_nearby_landmarks%3D900075026%3Bpopular_nearby_landmarks%3D900059238","","Diduli Hotel","","","","Located in Ella, 1.1 miles from Demodara Nine Arch Bridge, Diduli Hotel has accommodations with a restaurant, free private parking and a bar.","","Opens in new window","Ella","Show prices","","Show on map","New to Booking.com","https://cf.bstatic.com/xdata/images/hotel/square600/830311883.webp?k=1998176dda5af867337ab930924ac5586855189819ecc759697f83e18dae49cd&o="
"1777052003-268","https://www.booking.com/searchresults.html?label=bristol-XLwodozx2dVe8Ts0XeYuawS752260715469%3Apl%3Ata%3Ap1%3Ap2%3Aac%3Aap%3Aneg%3Afi%3Atikwd-869815001187%3Alp1009919%3Ali%3Adec%3Adm%3Appccp%3DUmFuZG9tSVYkc2RlIyh9YXdX6HrtnYy-Ml68sH-ljtU&aid=311984&dest_id=198&dest_type=country&group_adults=2&req_adults=2&no_rooms=1&broad_search_not_eligible=1&order=score&nflt=ht_id%3D204%3Bht_id%3D213%3Bht_id%3D216%3Bht_id%3D201%3Btop_destinations%3D6021%3Bpopular_nearby_landmarks%3D900059521%3Bpopular_nearby_landmarks%3D900059520%3Bpopular_nearby_landmarks%3D900074332%3Bpopular_nearby_landmarks%3D900077457%3Bpopular_nearby_landmarks%3D900059522%3Bpopular_nearby_landmarks%3D900074335%3Bpopular_nearby_landmarks%3D900074331%3Bpopular_nearby_landmarks%3D900053658%3Bpopular_nearby_landmarks%3D900053661%3Bpopular_nearby_landmarks%3D900053669%3Bpopular_nearby_landmarks%3D900058091%3Bpopular_nearby_landmarks%3D900059233%3Bpopular_nearby_landmarks%3D900059236%3Bpopular_nearby_landmarks%3D900059439%3Bpopular_nearby_landmarks%3D900059447%3Bpopular_nearby_landmarks%3D900059529%3Bpopular_nearby_landmarks%3D900069601%3Bpopular_nearby_landmarks%3D900069602%3Bpopular_nearby_landmarks%3D900069603%3Bpopular_nearby_landmarks%3D900070379%3Bpopular_nearby_landmarks%3D900074815%3Bpopular_nearby_landmarks%3D900074898%3Bpopular_nearby_landmarks%3D900075026%3Bpopular_nearby_landmarks%3D900059238","","Ella Ostella Hostel","","","","Located in Ella, 3.5 miles from Demodara Nine Arch Bridge, Ella Ostella Hostel has accommodations with a garden, free private parking, a terrace and barbecue facilities.","","Opens in new window","Ella","Show prices","","Show on map","","https://cf.bstatic.com/xdata/images/hotel/square600/426354749.webp?k=16e97b4fdf19c690aafbe2dd65838a7a3c3d21f82fb228da6d3b65cb2d713f83&o="
"1777052003-269","https://www.booking.com/searchresults.html?label=bristol-XLwodozx2dVe8Ts0XeYuawS752260715469%3Apl%3Ata%3Ap1%3Ap2%3Aac%3Aap%3Aneg%3Afi%3Atikwd-869815001187%3Alp1009919%3Ali%3Adec%3Adm%3Appccp%3DUmFuZG9tSVYkc2RlIyh9YXdX6HrtnYy-Ml68sH-ljtU&aid=311984&dest_id=198&dest_type=country&group_adults=2&req_adults=2&no_rooms=1&broad_search_not_eligible=1&order=score&nflt=ht_id%3D204%3Bht_id%3D213%3Bht_id%3D216%3Bht_id%3D201%3Btop_destinations%3D6021%3Bpopular_nearby_landmarks%3D900059521%3Bpopular_nearby_landmarks%3D900059520%3Bpopular_nearby_landmarks%3D900074332%3Bpopular_nearby_landmarks%3D900077457%3Bpopular_nearby_landmarks%3D900059522%3Bpopular_nearby_landmarks%3D900074335%3Bpopular_nearby_landmarks%3D900074331%3Bpopular_nearby_landmarks%3D900053658%3Bpopular_nearby_landmarks%3D900053661%3Bpopular_nearby_landmarks%3D900053669%3Bpopular_nearby_landmarks%3D900058091%3Bpopular_nearby_landmarks%3D900059233%3Bpopular_nearby_landmarks%3D900059236%3Bpopular_nearby_landmarks%3D900059439%3Bpopular_nearby_landmarks%3D900059447%3Bpopular_nearby_landmarks%3D900059529%3Bpopular_nearby_landmarks%3D900069601%3Bpopular_nearby_landmarks%3D900069602%3Bpopular_nearby_landmarks%3D900069603%3Bpopular_nearby_landmarks%3D900070379%3Bpopular_nearby_landmarks%3D900074815%3Bpopular_nearby_landmarks%3D900074898%3Bpopular_nearby_landmarks%3D900075026%3Bpopular_nearby_landmarks%3D900059238","","Seenbest Eco Ella","","","","Located in Ella, 2.6 miles from Demodara Nine Arch Bridge, Seenbest Eco Ella provides accommodations with a garden, free private parking and a terrace.","","Opens in new window","Ella","Show prices","","Show on map","","https://cf.bstatic.com/xdata/images/hotel/square600/809352147.webp?k=a0960467c08113f8d1e9c8f8841c769cf37ec61d3ed8fa84b52199a0309af352&o="
"1777052003-270","https://www.booking.com/searchresults.html?label=bristol-XLwodozx2dVe8Ts0XeYuawS752260715469%3Apl%3Ata%3Ap1%3Ap2%3Aac%3Aap%3Aneg%3Afi%3Atikwd-869815001187%3Alp1009919%3Ali%3Adec%3Adm%3Appccp%3DUmFuZG9tSVYkc2RlIyh9YXdX6HrtnYy-Ml68sH-ljtU&aid=311984&dest_id=198&dest_type=country&group_adults=2&req_adults=2&no_rooms=1&broad_search_not_eligible=1&order=score&nflt=ht_id%3D204%3Bht_id%3D213%3Bht_id%3D216%3Bht_id%3D201%3Btop_destinations%3D6021%3Bpopular_nearby_landmarks%3D900059521%3Bpopular_nearby_landmarks%3D900059520%3Bpopular_nearby_landmarks%3D900074332%3Bpopular_nearby_landmarks%3D900077457%3Bpopular_nearby_landmarks%3D900059522%3Bpopular_nearby_landmarks%3D900074335%3Bpopular_nearby_landmarks%3D900074331%3Bpopular_nearby_landmarks%3D900053658%3Bpopular_nearby_landmarks%3D900053661%3Bpopular_nearby_landmarks%3D900053669%3Bpopular_nearby_landmarks%3D900058091%3Bpopular_nearby_landmarks%3D900059233%3Bpopular_nearby_landmarks%3D900059236%3Bpopular_nearby_landmarks%3D900059439%3Bpopular_nearby_landmarks%3D900059447%3Bpopular_nearby_landmarks%3D900059529%3Bpopular_nearby_landmarks%3D900069601%3Bpopular_nearby_landmarks%3D900069602%3Bpopular_nearby_landmarks%3D900069603%3Bpopular_nearby_landmarks%3D900070379%3Bpopular_nearby_landmarks%3D900074815%3Bpopular_nearby_landmarks%3D900074898%3Bpopular_nearby_landmarks%3D900075026%3Bpopular_nearby_landmarks%3D900059238","","The Bunker Ella","Scored 7.0","7.0","","The Bunker Ella features air-conditioned rooms in Ella. This property offers access to a balcony and free private parking.","· 2 reviews","Opens in new window","Ella","Show prices","Good","Show on map","","https://cf.bstatic.com/xdata/images/hotel/square600/809066008.webp?k=a0ddf8c922cd407a55edb604e36e4d20f244daa81ce07d99870906ebb069bfcb&o="
"1777052003-271","https://www.booking.com/searchresults.html?label=bristol-XLwodozx2dVe8Ts0XeYuawS752260715469%3Apl%3Ata%3Ap1%3Ap2%3Aac%3Aap%3Aneg%3Afi%3Atikwd-869815001187%3Alp1009919%3Ali%3Adec%3Adm%3Appccp%3DUmFuZG9tSVYkc2RlIyh9YXdX6HrtnYy-Ml68sH-ljtU&aid=311984&dest_id=198&dest_type=country&group_adults=2&req_adults=2&no_rooms=1&broad_search_not_eligible=1&order=score&nflt=ht_id%3D204%3Bht_id%3D213%3Bht_id%3D216%3Bht_id%3D201%3Btop_destinations%3D6021%3Bpopular_nearby_landmarks%3D900059521%3Bpopular_nearby_landmarks%3D900059520%3Bpopular_nearby_landmarks%3D900074332%3Bpopular_nearby_landmarks%3D900077457%3Bpopular_nearby_landmarks%3D900059522%3Bpopular_nearby_landmarks%3D900074335%3Bpopular_nearby_landmarks%3D900074331%3Bpopular_nearby_landmarks%3D900053658%3Bpopular_nearby_landmarks%3D900053661%3Bpopular_nearby_landmarks%3D900053669%3Bpopular_nearby_landmarks%3D900058091%3Bpopular_nearby_landmarks%3D900059233%3Bpopular_nearby_landmarks%3D900059236%3Bpopular_nearby_landmarks%3D900059439%3Bpopular_nearby_landmarks%3D900059447%3Bpopular_nearby_landmarks%3D900059529%3Bpopular_nearby_landmarks%3D900069601%3Bpopular_nearby_landmarks%3D900069602%3Bpopular_nearby_landmarks%3D900069603%3Bpopular_nearby_landmarks%3D900070379%3Bpopular_nearby_landmarks%3D900074815%3Bpopular_nearby_landmarks%3D900074898%3Bpopular_nearby_landmarks%3D900075026%3Bpopular_nearby_landmarks%3D900059238","","Uga Ghiri - Ella - All Inlusive","","","","Located in Ella, a 17-minute walk from Demodara Nine Arch Bridge, Uga Ghiri - Ella - All Inlusive provides accommodations with a garden, free private parking, a restaurant and a bar.","","Opens in new window","Ella","Show prices","","Show on map","New to Booking.com","https://cf.bstatic.com/xdata/images/hotel/square600/823863629.webp?k=f4601a88611fd1b9ab100d0a5f09c7dd9118a738008fdc34cee311e7799417e4&o="
"1777052003-272","https://www.booking.com/searchresults.html?label=bristol-XLwodozx2dVe8Ts0XeYuawS752260715469%3Apl%3Ata%3Ap1%3Ap2%3Aac%3Aap%3Aneg%3Afi%3Atikwd-869815001187%3Alp1009919%3Ali%3Adec%3Adm%3Appccp%3DUmFuZG9tSVYkc2RlIyh9YXdX6HrtnYy-Ml68sH-ljtU&aid=311984&dest_id=198&dest_type=country&group_adults=2&req_adults=2&no_rooms=1&broad_search_not_eligible=1&order=score&nflt=ht_id%3D204%3Bht_id%3D213%3Bht_id%3D216%3Bht_id%3D201%3Btop_destinations%3D6021%3Bpopular_nearby_landmarks%3D900059521%3Bpopular_nearby_landmarks%3D900059520%3Bpopular_nearby_landmarks%3D900074332%3Bpopular_nearby_landmarks%3D900077457%3Bpopular_nearby_landmarks%3D900059522%3Bpopular_nearby_landmarks%3D900074335%3Bpopular_nearby_landmarks%3D900074331%3Bpopular_nearby_landmarks%3D900053658%3Bpopular_nearby_landmarks%3D900053661%3Bpopular_nearby_landmarks%3D900053669%3Bpopular_nearby_landmarks%3D900058091%3Bpopular_nearby_landmarks%3D900059233%3Bpopular_nearby_landmarks%3D900059236%3Bpopular_nearby_landmarks%3D900059439%3Bpopular_nearby_landmarks%3D900059447%3Bpopular_nearby_landmarks%3D900059529%3Bpopular_nearby_landmarks%3D900069601%3Bpopular_nearby_landmarks%3D900069602%3Bpopular_nearby_landmarks%3D900069603%3Bpopular_nearby_landmarks%3D900070379%3Bpopular_nearby_landmarks%3D900074815%3Bpopular_nearby_landmarks%3D900074898%3Bpopular_nearby_landmarks%3D900075026%3Bpopular_nearby_landmarks%3D900059238","","oasis","Scored 10","10","Value for money 10","Oasis offers accommodations in Ella, 29 miles from Hakgala Botanical Garden and 31 miles from Horton Plains National Park.","· 1 review","Opens in new window","Ella","Show prices","Exceptional","Show on map","New to Booking.com","https://cf.bstatic.com/xdata/images/hotel/square600/819723072.webp?k=3fc536ac9b3388ed383e6bf7abac9f21ef0bb91df3395fd1c2b213e4eee39fec&o="
"1777052003-273","https://www.booking.com/searchresults.html?label=bristol-XLwodozx2dVe8Ts0XeYuawS752260715469%3Apl%3Ata%3Ap1%3Ap2%3Aac%3Aap%3Aneg%3Afi%3Atikwd-869815001187%3Alp1009919%3Ali%3Adec%3Adm%3Appccp%3DUmFuZG9tSVYkc2RlIyh9YXdX6HrtnYy-Ml68sH-ljtU&aid=311984&dest_id=198&dest_type=country&group_adults=2&req_adults=2&no_rooms=1&broad_search_not_eligible=1&order=score&nflt=ht_id%3D204%3Bht_id%3D213%3Bht_id%3D216%3Bht_id%3D201%3Btop_destinations%3D6021%3Bpopular_nearby_landmarks%3D900059521%3Bpopular_nearby_landmarks%3D900059520%3Bpopular_nearby_landmarks%3D900074332%3Bpopular_nearby_landmarks%3D900077457%3Bpopular_nearby_landmarks%3D900059522%3Bpopular_nearby_landmarks%3D900074335%3Bpopular_nearby_landmarks%3D900074331%3Bpopular_nearby_landmarks%3D900053658%3Bpopular_nearby_landmarks%3D900053661%3Bpopular_nearby_landmarks%3D900053669%3Bpopular_nearby_landmarks%3D900058091%3Bpopular_nearby_landmarks%3D900059233%3Bpopular_nearby_landmarks%3D900059236%3Bpopular_nearby_landmarks%3D900059439%3Bpopular_nearby_landmarks%3D900059447%3Bpopular_nearby_landmarks%3D900059529%3Bpopular_nearby_landmarks%3D900069601%3Bpopular_nearby_landmarks%3D900069602%3Bpopular_nearby_landmarks%3D900069603%3Bpopular_nearby_landmarks%3D900070379%3Bpopular_nearby_landmarks%3D900074815%3Bpopular_nearby_landmarks%3D900074898%3Bpopular_nearby_landmarks%3D900075026%3Bpopular_nearby_landmarks%3D900059238","","Slon Ella","Scored 10","10","Value for money 10","Located in Ella and with Demodara Nine Arch Bridge reachable within 2.7 miles, Slon Ella provides a terrace, non-smoking rooms, free WiFi throughout the property and a restaurant.","· 1 review","Opens in new window","Ella","Show prices","Exceptional","Show on map","New to Booking.com","https://cf.bstatic.com/xdata/images/hotel/square600/822527149.webp?k=979e8e47c289fa3a61f2c13a627de78ac91f2fc5000992146505bf21b4fba18d&o="
"1777052003-274","https://www.booking.com/searchresults.html?label=bristol-XLwodozx2dVe8Ts0XeYuawS752260715469%3Apl%3Ata%3Ap1%3Ap2%3Aac%3Aap%3Aneg%3Afi%3Atikwd-869815001187%3Alp1009919%3Ali%3Adec%3Adm%3Appccp%3DUmFuZG9tSVYkc2RlIyh9YXdX6HrtnYy-Ml68sH-ljtU&aid=311984&dest_id=198&dest_type=country&group_adults=2&req_adults=2&no_rooms=1&broad_search_not_eligible=1&order=score&nflt=ht_id%3D204%3Bht_id%3D213%3Bht_id%3D216%3Bht_id%3D201%3Btop_destinations%3D6021%3Bpopular_nearby_landmarks%3D900059521%3Bpopular_nearby_landmarks%3D900059520%3Bpopular_nearby_landmarks%3D900074332%3Bpopular_nearby_landmarks%3D900077457%3Bpopular_nearby_landmarks%3D900059522%3Bpopular_nearby_landmarks%3D900074335%3Bpopular_nearby_landmarks%3D900074331%3Bpopular_nearby_landmarks%3D900053658%3Bpopular_nearby_landmarks%3D900053661%3Bpopular_nearby_landmarks%3D900053669%3Bpopular_nearby_landmarks%3D900058091%3Bpopular_nearby_landmarks%3D900059233%3Bpopular_nearby_landmarks%3D900059236%3Bpopular_nearby_landmarks%3D900059439%3Bpopular_nearby_landmarks%3D900059447%3Bpopular_nearby_landmarks%3D900059529%3Bpopular_nearby_landmarks%3D900069601%3Bpopular_nearby_landmarks%3D900069602%3Bpopular_nearby_landmarks%3D900069603%3Bpopular_nearby_landmarks%3D900070379%3Bpopular_nearby_landmarks%3D900074815%3Bpopular_nearby_landmarks%3D900074898%3Bpopular_nearby_landmarks%3D900075026%3Bpopular_nearby_landmarks%3D900059238","","Cloud nine Ella","","","","Just a 9-minute walk from Ella Train Station and 1.2 miles from Ella Spice Garden Cooking Class, Cloud nine Ella features accommodations in Ella with a garden.","","Opens in new window","Ella","Show prices","","Show on map","","https://cf.bstatic.com/xdata/images/hotel/square600/737687850.webp?k=6bff20d50447f37a2ad96313ba2d34f9ac9cf338aeb2ca42479bfde50bb1f12e&o="
"1777052003-275","https://www.booking.com/searchresults.html?label=bristol-XLwodozx2dVe8Ts0XeYuawS752260715469%3Apl%3Ata%3Ap1%3Ap2%3Aac%3Aap%3Aneg%3Afi%3Atikwd-869815001187%3Alp1009919%3Ali%3Adec%3Adm%3Appccp%3DUmFuZG9tSVYkc2RlIyh9YXdX6HrtnYy-Ml68sH-ljtU&aid=311984&dest_id=198&dest_type=country&group_adults=2&req_adults=2&no_rooms=1&broad_search_not_eligible=1&order=score&nflt=ht_id%3D204%3Bht_id%3D213%3Bht_id%3D216%3Bht_id%3D201%3Btop_destinations%3D6021%3Bpopular_nearby_landmarks%3D900059521%3Bpopular_nearby_landmarks%3D900059520%3Bpopular_nearby_landmarks%3D900074332%3Bpopular_nearby_landmarks%3D900077457%3Bpopular_nearby_landmarks%3D900059522%3Bpopular_nearby_landmarks%3D900074335%3Bpopular_nearby_landmarks%3D900074331%3Bpopular_nearby_landmarks%3D900053658%3Bpopular_nearby_landmarks%3D900053661%3Bpopular_nearby_landmarks%3D900053669%3Bpopular_nearby_landmarks%3D900058091%3Bpopular_nearby_landmarks%3D900059233%3Bpopular_nearby_landmarks%3D900059236%3Bpopular_nearby_landmarks%3D900059439%3Bpopular_nearby_landmarks%3D900059447%3Bpopular_nearby_landmarks%3D900059529%3Bpopular_nearby_landmarks%3D900069601%3Bpopular_nearby_landmarks%3D900069602%3Bpopular_nearby_landmarks%3D900069603%3Bpopular_nearby_landmarks%3D900070379%3Bpopular_nearby_landmarks%3D900074815%3Bpopular_nearby_landmarks%3D900074898%3Bpopular_nearby_landmarks%3D900075026%3Bpopular_nearby_landmarks%3D900059238","","Bridge Front Inn Ella","Scored 10","10","Value for money 10","Located in Ella, within a 1-minute walk of Demodara Nine Arch Bridge and 31 miles of Hakgala Botanical Garden, Bridge Front Inn Ella provides accommodations with a terrace as well as free private...","· 2 reviews","Opens in new window","Ella","Show prices","Exceptional","Show on map","","https://cf.bstatic.com/xdata/images/hotel/square600/795196813.webp?k=e2e679e7446473da8b1d5ef073a1d4c71ce2e81675d777b9bf5c89834b4339ca&o="
"1777052003-276","https://www.booking.com/searchresults.html?label=bristol-XLwodozx2dVe8Ts0XeYuawS752260715469%3Apl%3Ata%3Ap1%3Ap2%3Aac%3Aap%3Aneg%3Afi%3Atikwd-869815001187%3Alp1009919%3Ali%3Adec%3Adm%3Appccp%3DUmFuZG9tSVYkc2RlIyh9YXdX6HrtnYy-Ml68sH-ljtU&aid=311984&dest_id=198&dest_type=country&group_adults=2&req_adults=2&no_rooms=1&broad_search_not_eligible=1&order=score&nflt=ht_id%3D204%3Bht_id%3D213%3Bht_id%3D216%3Bht_id%3D201%3Btop_destinations%3D6021%3Bpopular_nearby_landmarks%3D900059521%3Bpopular_nearby_landmarks%3D900059520%3Bpopular_nearby_landmarks%3D900074332%3Bpopular_nearby_landmarks%3D900077457%3Bpopular_nearby_landmarks%3D900059522%3Bpopular_nearby_landmarks%3D900074335%3Bpopular_nearby_landmarks%3D900074331%3Bpopular_nearby_landmarks%3D900053658%3Bpopular_nearby_landmarks%3D900053661%3Bpopular_nearby_landmarks%3D900053669%3Bpopular_nearby_landmarks%3D900058091%3Bpopular_nearby_landmarks%3D900059233%3Bpopular_nearby_landmarks%3D900059236%3Bpopular_nearby_landmarks%3D900059439%3Bpopular_nearby_landmarks%3D900059447%3Bpopular_nearby_landmarks%3D900059529%3Bpopular_nearby_landmarks%3D900069601%3Bpopular_nearby_landmarks%3D900069602%3Bpopular_nearby_landmarks%3D900069603%3Bpopular_nearby_landmarks%3D900070379%3Bpopular_nearby_landmarks%3D900074815%3Bpopular_nearby_landmarks%3D900074898%3Bpopular_nearby_landmarks%3D900075026%3Bpopular_nearby_landmarks%3D900059238","","Annex kavi","","","","Just 1.1 miles from Demodara Nine Arch Bridge and a 10-minute walk from Ella Spice Garden Cooking Class, Annex kavi features accommodations in Ella with a terrace.","","Opens in new window","Ella","Show prices","","Show on map","","https://cf.bstatic.com/xdata/images/hotel/square600/789689616.webp?k=5ecab5b0b035a5c96a61a53ebaabb09fc52ba661235266caccbeacf2e4fd604c&o="
"1777052003-277","https://www.booking.com/searchresults.html?label=bristol-XLwodozx2dVe8Ts0XeYuawS752260715469%3Apl%3Ata%3Ap1%3Ap2%3Aac%3Aap%3Aneg%3Afi%3Atikwd-869815001187%3Alp1009919%3Ali%3Adec%3Adm%3Appccp%3DUmFuZG9tSVYkc2RlIyh9YXdX6HrtnYy-Ml68sH-ljtU&aid=311984&dest_id=198&dest_type=country&group_adults=2&req_adults=2&no_rooms=1&broad_search_not_eligible=1&order=score&nflt=ht_id%3D204%3Bht_id%3D213%3Bht_id%3D216%3Bht_id%3D201%3Btop_destinations%3D6021%3Bpopular_nearby_landmarks%3D900059521%3Bpopular_nearby_landmarks%3D900059520%3Bpopular_nearby_landmarks%3D900074332%3Bpopular_nearby_landmarks%3D900077457%3Bpopular_nearby_landmarks%3D900059522%3Bpopular_nearby_landmarks%3D900074335%3Bpopular_nearby_landmarks%3D900074331%3Bpopular_nearby_landmarks%3D900053658%3Bpopular_nearby_landmarks%3D900053661%3Bpopular_nearby_landmarks%3D900053669%3Bpopular_nearby_landmarks%3D900058091%3Bpopular_nearby_landmarks%3D900059233%3Bpopular_nearby_landmarks%3D900059236%3Bpopular_nearby_landmarks%3D900059439%3Bpopular_nearby_landmarks%3D900059447%3Bpopular_nearby_landmarks%3D900059529%3Bpopular_nearby_landmarks%3D900069601%3Bpopular_nearby_landmarks%3D900069602%3Bpopular_nearby_landmarks%3D900069603%3Bpopular_nearby_landmarks%3D900070379%3Bpopular_nearby_landmarks%3D900074815%3Bpopular_nearby_landmarks%3D900074898%3Bpopular_nearby_landmarks%3D900075026%3Bpopular_nearby_landmarks%3D900059238","","Why Not Guset House Ella","","","","2.4 miles from Demodara Nine Arch Bridge in Ella, Why Not Guset House Ella provides accommodations with access to spa facilities, wellness packages, and steam room.","","Opens in new window","Ella","Show prices","","Show on map","","https://cf.bstatic.com/xdata/images/hotel/square600/797019619.webp?k=6115a39cdde76bd7a9261b1225ce4bfce040aa0a13f6e43aaaf63dd706f8d01b&o="
"1777052003-278","https://www.booking.com/searchresults.html?label=bristol-XLwodozx2dVe8Ts0XeYuawS752260715469%3Apl%3Ata%3Ap1%3Ap2%3Aac%3Aap%3Aneg%3Afi%3Atikwd-869815001187%3Alp1009919%3Ali%3Adec%3Adm%3Appccp%3DUmFuZG9tSVYkc2RlIyh9YXdX6HrtnYy-Ml68sH-ljtU&aid=311984&dest_id=198&dest_type=country&group_adults=2&req_adults=2&no_rooms=1&broad_search_not_eligible=1&order=score&nflt=ht_id%3D204%3Bht_id%3D213%3Bht_id%3D216%3Bht_id%3D201%3Btop_destinations%3D6021%3Bpopular_nearby_landmarks%3D900059521%3Bpopular_nearby_landmarks%3D900059520%3Bpopular_nearby_landmarks%3D900074332%3Bpopular_nearby_landmarks%3D900077457%3Bpopular_nearby_landmarks%3D900059522%3Bpopular_nearby_landmarks%3D900074335%3Bpopular_nearby_landmarks%3D900074331%3Bpopular_nearby_landmarks%3D900053658%3Bpopular_nearby_landmarks%3D900053661%3Bpopular_nearby_landmarks%3D900053669%3Bpopular_nearby_landmarks%3D900058091%3Bpopular_nearby_landmarks%3D900059233%3Bpopular_nearby_landmarks%3D900059236%3Bpopular_nearby_landmarks%3D900059439%3Bpopular_nearby_landmarks%3D900059447%3Bpopular_nearby_landmarks%3D900059529%3Bpopular_nearby_landmarks%3D900069601%3Bpopular_nearby_landmarks%3D900069602%3Bpopular_nearby_landmarks%3D900069603%3Bpopular_nearby_landmarks%3D900070379%3Bpopular_nearby_landmarks%3D900074815%3Bpopular_nearby_landmarks%3D900074898%3Bpopular_nearby_landmarks%3D900075026%3Bpopular_nearby_landmarks%3D900059238","","Camellia Guest Inn","Scored 10","10","Value for money 10","Just a 17-minute walk from Ella Train Station and half a mile from Ella Spice Garden Cooking Class, Camellia Guest Inn features accommodations in Ella with a garden.","· 3 reviews","Opens in new window","Ella","Show prices","Exceptional","Show on map","","https://cf.bstatic.com/xdata/images/hotel/square600/802471194.webp?k=0f4f2756f6c3209f635795e7d7262d47c0071359e3f9fcbca8716c88e90d5549&o="
"1777052003-279","https://www.booking.com/searchresults.html?label=bristol-XLwodozx2dVe8Ts0XeYuawS752260715469%3Apl%3Ata%3Ap1%3Ap2%3Aac%3Aap%3Aneg%3Afi%3Atikwd-869815001187%3Alp1009919%3Ali%3Adec%3Adm%3Appccp%3DUmFuZG9tSVYkc2RlIyh9YXdX6HrtnYy-Ml68sH-ljtU&aid=311984&dest_id=198&dest_type=country&group_adults=2&req_adults=2&no_rooms=1&broad_search_not_eligible=1&order=score&nflt=ht_id%3D204%3Bht_id%3D213%3Bht_id%3D216%3Bht_id%3D201%3Btop_destinations%3D6021%3Bpopular_nearby_landmarks%3D900059521%3Bpopular_nearby_landmarks%3D900059520%3Bpopular_nearby_landmarks%3D900074332%3Bpopular_nearby_landmarks%3D900077457%3Bpopular_nearby_landmarks%3D900059522%3Bpopular_nearby_landmarks%3D900074335%3Bpopular_nearby_landmarks%3D900074331%3Bpopular_nearby_landmarks%3D900053658%3Bpopular_nearby_landmarks%3D900053661%3Bpopular_nearby_landmarks%3D900053669%3Bpopular_nearby_landmarks%3D900058091%3Bpopular_nearby_landmarks%3D900059233%3Bpopular_nearby_landmarks%3D900059236%3Bpopular_nearby_landmarks%3D900059439%3Bpopular_nearby_landmarks%3D900059447%3Bpopular_nearby_landmarks%3D900059529%3Bpopular_nearby_landmarks%3D900069601%3Bpopular_nearby_landmarks%3D900069602%3Bpopular_nearby_landmarks%3D900069603%3Bpopular_nearby_landmarks%3D900070379%3Bpopular_nearby_landmarks%3D900074815%3Bpopular_nearby_landmarks%3D900074898%3Bpopular_nearby_landmarks%3D900075026%3Bpopular_nearby_landmarks%3D900059238","","Ella Ninestars Lodge","Scored 8.8","8.8","Value for money 9.4","Providing a garden, Ella Ninestars Lodge provides accommodations in Ella. This property offers access to a terrace, free private parking, and free Wifi. All rooms have a patio with garden views.","· 4 reviews","Opens in new window","Ella","Show prices","Excellent","Show on map","","https://cf.bstatic.com/xdata/images/hotel/square600/776737333.webp?k=bcafe162817828747bff3570705fb915b866c53772f8a2d19a88f998272a0ccf&o="
"1777052003-280","https://www.booking.com/searchresults.html?label=bristol-XLwodozx2dVe8Ts0XeYuawS752260715469%3Apl%3Ata%3Ap1%3Ap2%3Aac%3Aap%3Aneg%3Afi%3Atikwd-869815001187%3Alp1009919%3Ali%3Adec%3Adm%3Appccp%3DUmFuZG9tSVYkc2RlIyh9YXdX6HrtnYy-Ml68sH-ljtU&aid=311984&dest_id=198&dest_type=country&group_adults=2&req_adults=2&no_rooms=1&broad_search_not_eligible=1&order=score&nflt=ht_id%3D204%3Bht_id%3D213%3Bht_id%3D216%3Bht_id%3D201%3Btop_destinations%3D6021%3Bpopular_nearby_landmarks%3D900059521%3Bpopular_nearby_landmarks%3D900059520%3Bpopular_nearby_landmarks%3D900074332%3Bpopular_nearby_landmarks%3D900077457%3Bpopular_nearby_landmarks%3D900059522%3Bpopular_nearby_landmarks%3D900074335%3Bpopular_nearby_landmarks%3D900074331%3Bpopular_nearby_landmarks%3D900053658%3Bpopular_nearby_landmarks%3D900053661%3Bpopular_nearby_landmarks%3D900053669%3Bpopular_nearby_landmarks%3D900058091%3Bpopular_nearby_landmarks%3D900059233%3Bpopular_nearby_landmarks%3D900059236%3Bpopular_nearby_landmarks%3D900059439%3Bpopular_nearby_landmarks%3D900059447%3Bpopular_nearby_landmarks%3D900059529%3Bpopular_nearby_landmarks%3D900069601%3Bpopular_nearby_landmarks%3D900069602%3Bpopular_nearby_landmarks%3D900069603%3Bpopular_nearby_landmarks%3D900070379%3Bpopular_nearby_landmarks%3D900074815%3Bpopular_nearby_landmarks%3D900074898%3Bpopular_nearby_landmarks%3D900075026%3Bpopular_nearby_landmarks%3D900059238","","Radiance Ella Urban Camping","","","","Located in Ella, Radiance Ella Urban Camping features a garden, terrace, restaurant, and free WiFi throughout the property.","","Opens in new window","Ella","Show prices","","Show on map","New to Booking.com","https://cf.bstatic.com/xdata/images/hotel/square600/816346513.webp?k=ab6e15013ab1f3127a10e16d0c0719e78860f0c2276d340758ebdc112b294686&o="
"1777052003-281","https://www.booking.com/searchresults.html?label=bristol-XLwodozx2dVe8Ts0XeYuawS752260715469%3Apl%3Ata%3Ap1%3Ap2%3Aac%3Aap%3Aneg%3Afi%3Atikwd-869815001187%3Alp1009919%3Ali%3Adec%3Adm%3Appccp%3DUmFuZG9tSVYkc2RlIyh9YXdX6HrtnYy-Ml68sH-ljtU&aid=311984&dest_id=198&dest_type=country&group_adults=2&req_adults=2&no_rooms=1&broad_search_not_eligible=1&order=score&nflt=ht_id%3D204%3Bht_id%3D213%3Bht_id%3D216%3Bht_id%3D201%3Btop_destinations%3D6021%3Bpopular_nearby_landmarks%3D900059521%3Bpopular_nearby_landmarks%3D900059520%3Bpopular_nearby_landmarks%3D900074332%3Bpopular_nearby_landmarks%3D900077457%3Bpopular_nearby_landmarks%3D900059522%3Bpopular_nearby_landmarks%3D900074335%3Bpopular_nearby_landmarks%3D900074331%3Bpopular_nearby_landmarks%3D900053658%3Bpopular_nearby_landmarks%3D900053661%3Bpopular_nearby_landmarks%3D900053669%3Bpopular_nearby_landmarks%3D900058091%3Bpopular_nearby_landmarks%3D900059233%3Bpopular_nearby_landmarks%3D900059236%3Bpopular_nearby_landmarks%3D900059439%3Bpopular_nearby_landmarks%3D900059447%3Bpopular_nearby_landmarks%3D900059529%3Bpopular_nearby_landmarks%3D900069601%3Bpopular_nearby_landmarks%3D900069602%3Bpopular_nearby_landmarks%3D900069603%3Bpopular_nearby_landmarks%3D900070379%3Bpopular_nearby_landmarks%3D900074815%3Bpopular_nearby_landmarks%3D900074898%3Bpopular_nearby_landmarks%3D900075026%3Bpopular_nearby_landmarks%3D900059238","","Ceylon tea resort Ella","","","","1.7 miles from Demodara Nine Arch Bridge in Ella, Ceylon tea resort Ella provides accommodations with access to a hot tub. This property offers access to a balcony, free private parking, and free...","","Opens in new window","Ella","Show prices","","Show on map","New to Booking.com","https://cf.bstatic.com/xdata/images/hotel/square600/832153823.webp?k=f4f5ca6b4de0e129a856a8ec9cd04570e6764a387a36c3ba3bbcd5089f44cae3&o="
"1777052003-282","https://www.booking.com/searchresults.html?label=bristol-XLwodozx2dVe8Ts0XeYuawS752260715469%3Apl%3Ata%3Ap1%3Ap2%3Aac%3Aap%3Aneg%3Afi%3Atikwd-869815001187%3Alp1009919%3Ali%3Adec%3Adm%3Appccp%3DUmFuZG9tSVYkc2RlIyh9YXdX6HrtnYy-Ml68sH-ljtU&aid=311984&dest_id=198&dest_type=country&group_adults=2&req_adults=2&no_rooms=1&broad_search_not_eligible=1&order=score&nflt=ht_id%3D204%3Bht_id%3D213%3Bht_id%3D216%3Bht_id%3D201%3Btop_destinations%3D6021%3Bpopular_nearby_landmarks%3D900059521%3Bpopular_nearby_landmarks%3D900059520%3Bpopular_nearby_landmarks%3D900074332%3Bpopular_nearby_landmarks%3D900077457%3Bpopular_nearby_landmarks%3D900059522%3Bpopular_nearby_landmarks%3D900074335%3Bpopular_nearby_landmarks%3D900074331%3Bpopular_nearby_landmarks%3D900053658%3Bpopular_nearby_landmarks%3D900053661%3Bpopular_nearby_landmarks%3D900053669%3Bpopular_nearby_landmarks%3D900058091%3Bpopular_nearby_landmarks%3D900059233%3Bpopular_nearby_landmarks%3D900059236%3Bpopular_nearby_landmarks%3D900059439%3Bpopular_nearby_landmarks%3D900059447%3Bpopular_nearby_landmarks%3D900059529%3Bpopular_nearby_landmarks%3D900069601%3Bpopular_nearby_landmarks%3D900069602%3Bpopular_nearby_landmarks%3D900069603%3Bpopular_nearby_landmarks%3D900070379%3Bpopular_nearby_landmarks%3D900074815%3Bpopular_nearby_landmarks%3D900074898%3Bpopular_nearby_landmarks%3D900075026%3Bpopular_nearby_landmarks%3D900059238","","Wonder Tree Lodge","Scored 8.0","8.0","Value for money 10","Located in Ella, 1.1 miles from Demodara Nine Arch Bridge, Wonder Tree Lodge provides accommodations with a garden, free private parking and a terrace.","· 1 review","Opens in new window","Ella","Show prices","Very Good","Show on map","","https://cf.bstatic.com/xdata/images/hotel/square600/751318808.webp?k=c704c40c94610a6a4c888201e4f3518eead7ed4337c8f70f588c917157d03a32&o="
"1777052003-283","https://www.booking.com/searchresults.html?label=bristol-XLwodozx2dVe8Ts0XeYuawS752260715469%3Apl%3Ata%3Ap1%3Ap2%3Aac%3Aap%3Aneg%3Afi%3Atikwd-869815001187%3Alp1009919%3Ali%3Adec%3Adm%3Appccp%3DUmFuZG9tSVYkc2RlIyh9YXdX6HrtnYy-Ml68sH-ljtU&aid=311984&dest_id=198&dest_type=country&group_adults=2&req_adults=2&no_rooms=1&broad_search_not_eligible=1&order=score&nflt=ht_id%3D204%3Bht_id%3D213%3Bht_id%3D216%3Bht_id%3D201%3Btop_destinations%3D6021%3Bpopular_nearby_landmarks%3D900059521%3Bpopular_nearby_landmarks%3D900059520%3Bpopular_nearby_landmarks%3D900074332%3Bpopular_nearby_landmarks%3D900077457%3Bpopular_nearby_landmarks%3D900059522%3Bpopular_nearby_landmarks%3D900074335%3Bpopular_nearby_landmarks%3D900074331%3Bpopular_nearby_landmarks%3D900053658%3Bpopular_nearby_landmarks%3D900053661%3Bpopular_nearby_landmarks%3D900053669%3Bpopular_nearby_landmarks%3D900058091%3Bpopular_nearby_landmarks%3D900059233%3Bpopular_nearby_landmarks%3D900059236%3Bpopular_nearby_landmarks%3D900059439%3Bpopular_nearby_landmarks%3D900059447%3Bpopular_nearby_landmarks%3D900059529%3Bpopular_nearby_landmarks%3D900069601%3Bpopular_nearby_landmarks%3D900069602%3Bpopular_nearby_landmarks%3D900069603%3Bpopular_nearby_landmarks%3D900070379%3Bpopular_nearby_landmarks%3D900074815%3Bpopular_nearby_landmarks%3D900074898%3Bpopular_nearby_landmarks%3D900075026%3Bpopular_nearby_landmarks%3D900059238","","Ella Dream Mountain","","","","Ella Dream Mountain in Badulla provides accommodations with a garden, a terrace, and a shared lounge. With mountain views, this accommodation provides a balcony.","","Opens in new window","Badulla","Show prices","","Show on map","","https://cf.bstatic.com/xdata/images/hotel/square600/808580666.webp?k=c2f59e47ec1af171dac8d20fad378d63b6630c917879cf2d662d6ea3ebe3e023&o="
"1777052003-284","https://www.booking.com/searchresults.html?label=bristol-XLwodozx2dVe8Ts0XeYuawS752260715469%3Apl%3Ata%3Ap1%3Ap2%3Aac%3Aap%3Aneg%3Afi%3Atikwd-869815001187%3Alp1009919%3Ali%3Adec%3Adm%3Appccp%3DUmFuZG9tSVYkc2RlIyh9YXdX6HrtnYy-Ml68sH-ljtU&aid=311984&dest_id=198&dest_type=country&group_adults=2&req_adults=2&no_rooms=1&broad_search_not_eligible=1&order=score&nflt=ht_id%3D204%3Bht_id%3D213%3Bht_id%3D216%3Bht_id%3D201%3Btop_destinations%3D6021%3Bpopular_nearby_landmarks%3D900059521%3Bpopular_nearby_landmarks%3D900059520%3Bpopular_nearby_landmarks%3D900074332%3Bpopular_nearby_landmarks%3D900077457%3Bpopular_nearby_landmarks%3D900059522%3Bpopular_nearby_landmarks%3D900074335%3Bpopular_nearby_landmarks%3D900074331%3Bpopular_nearby_landmarks%3D900053658%3Bpopular_nearby_landmarks%3D900053661%3Bpopular_nearby_landmarks%3D900053669%3Bpopular_nearby_landmarks%3D900058091%3Bpopular_nearby_landmarks%3D900059233%3Bpopular_nearby_landmarks%3D900059236%3Bpopular_nearby_landmarks%3D900059439%3Bpopular_nearby_landmarks%3D900059447%3Bpopular_nearby_landmarks%3D900059529%3Bpopular_nearby_landmarks%3D900069601%3Bpopular_nearby_landmarks%3D900069602%3Bpopular_nearby_landmarks%3D900069603%3Bpopular_nearby_landmarks%3D900070379%3Bpopular_nearby_landmarks%3D900074815%3Bpopular_nearby_landmarks%3D900074898%3Bpopular_nearby_landmarks%3D900075026%3Bpopular_nearby_landmarks%3D900059238","","Hidden Highest EllA","Scored 9.0","9.0","Value for money 10","Just a 16-minute walk from Demodara Nine Arch Bridge and 0.7 miles from Ella Spice Garden Cooking Class, Hidden Highest EllA features accommodations in Ella with a garden.","· 1 review","Opens in new window","Ella","Show prices","Wonderful","Show on map","","https://cf.bstatic.com/xdata/images/hotel/square600/773707287.webp?k=230c0d73d1b6a44b0f3d584d4ba2866e9405ee2b2894cfe898c7a6963a2dabc7&o="
"1777052003-285","https://www.booking.com/searchresults.html?label=bristol-XLwodozx2dVe8Ts0XeYuawS752260715469%3Apl%3Ata%3Ap1%3Ap2%3Aac%3Aap%3Aneg%3Afi%3Atikwd-869815001187%3Alp1009919%3Ali%3Adec%3Adm%3Appccp%3DUmFuZG9tSVYkc2RlIyh9YXdX6HrtnYy-Ml68sH-ljtU&aid=311984&dest_id=198&dest_type=country&group_adults=2&req_adults=2&no_rooms=1&broad_search_not_eligible=1&order=score&nflt=ht_id%3D204%3Bht_id%3D213%3Bht_id%3D216%3Bht_id%3D201%3Btop_destinations%3D6021%3Bpopular_nearby_landmarks%3D900059521%3Bpopular_nearby_landmarks%3D900059520%3Bpopular_nearby_landmarks%3D900074332%3Bpopular_nearby_landmarks%3D900077457%3Bpopular_nearby_landmarks%3D900059522%3Bpopular_nearby_landmarks%3D900074335%3Bpopular_nearby_landmarks%3D900074331%3Bpopular_nearby_landmarks%3D900053658%3Bpopular_nearby_landmarks%3D900053661%3Bpopular_nearby_landmarks%3D900053669%3Bpopular_nearby_landmarks%3D900058091%3Bpopular_nearby_landmarks%3D900059233%3Bpopular_nearby_landmarks%3D900059236%3Bpopular_nearby_landmarks%3D900059439%3Bpopular_nearby_landmarks%3D900059447%3Bpopular_nearby_landmarks%3D900059529%3Bpopular_nearby_landmarks%3D900069601%3Bpopular_nearby_landmarks%3D900069602%3Bpopular_nearby_landmarks%3D900069603%3Bpopular_nearby_landmarks%3D900070379%3Bpopular_nearby_landmarks%3D900074815%3Bpopular_nearby_landmarks%3D900074898%3Bpopular_nearby_landmarks%3D900075026%3Bpopular_nearby_landmarks%3D900059238","","Ishara Guest Inn Ella","","","","Just a 15-minute walk from Ella Train Station and 0.4 miles from Ella Spice Garden Cooking Class, Ishara Guest Inn Ella features accommodations in Ella with a garden.","","Opens in new window","Ella","Show prices","","Show on map","New to Booking.com","https://cf.bstatic.com/xdata/images/hotel/square600/855155470.webp?k=9821c3b4adce9810b21732e5d42e2748f67d32abcdfc8179c354edfc88520d2a&o="
"1777052003-286","https://www.booking.com/searchresults.html?label=bristol-XLwodozx2dVe8Ts0XeYuawS752260715469%3Apl%3Ata%3Ap1%3Ap2%3Aac%3Aap%3Aneg%3Afi%3Atikwd-869815001187%3Alp1009919%3Ali%3Adec%3Adm%3Appccp%3DUmFuZG9tSVYkc2RlIyh9YXdX6HrtnYy-Ml68sH-ljtU&aid=311984&dest_id=198&dest_type=country&group_adults=2&req_adults=2&no_rooms=1&broad_search_not_eligible=1&order=score&nflt=ht_id%3D204%3Bht_id%3D213%3Bht_id%3D216%3Bht_id%3D201%3Btop_destinations%3D6021%3Bpopular_nearby_landmarks%3D900059521%3Bpopular_nearby_landmarks%3D900059520%3Bpopular_nearby_landmarks%3D900074332%3Bpopular_nearby_landmarks%3D900077457%3Bpopular_nearby_landmarks%3D900059522%3Bpopular_nearby_landmarks%3D900074335%3Bpopular_nearby_landmarks%3D900074331%3Bpopular_nearby_landmarks%3D900053658%3Bpopular_nearby_landmarks%3D900053661%3Bpopular_nearby_landmarks%3D900053669%3Bpopular_nearby_landmarks%3D900058091%3Bpopular_nearby_landmarks%3D900059233%3Bpopular_nearby_landmarks%3D900059236%3Bpopular_nearby_landmarks%3D900059439%3Bpopular_nearby_landmarks%3D900059447%3Bpopular_nearby_landmarks%3D900059529%3Bpopular_nearby_landmarks%3D900069601%3Bpopular_nearby_landmarks%3D900069602%3Bpopular_nearby_landmarks%3D900069603%3Bpopular_nearby_landmarks%3D900070379%3Bpopular_nearby_landmarks%3D900074815%3Bpopular_nearby_landmarks%3D900074898%3Bpopular_nearby_landmarks%3D900075026%3Bpopular_nearby_landmarks%3D900059238","","Ella nature nest villa","Scored 1.5","1.5","","Ella nature nest villa enjoys a location in Ella, 30 miles from Horton Plains National Park and a 16-minute walk from Ella Train Station.","· 2 reviews","Opens in new window","Ella","Show prices","Review score","Show on map","","https://cf.bstatic.com/xdata/images/hotel/square600/755289088.webp?k=ef9a9233906a0a063c393cc11e7b464e5c591de463f968fb5e7c82ccfa5c7002&o="
"1777052003-287","https://www.booking.com/searchresults.html?label=bristol-XLwodozx2dVe8Ts0XeYuawS752260715469%3Apl%3Ata%3Ap1%3Ap2%3Aac%3Aap%3Aneg%3Afi%3Atikwd-869815001187%3Alp1009919%3Ali%3Adec%3Adm%3Appccp%3DUmFuZG9tSVYkc2RlIyh9YXdX6HrtnYy-Ml68sH-ljtU&aid=311984&dest_id=198&dest_type=country&group_adults=2&req_adults=2&no_rooms=1&broad_search_not_eligible=1&order=score&nflt=ht_id%3D204%3Bht_id%3D213%3Bht_id%3D216%3Bht_id%3D201%3Btop_destinations%3D6021%3Bpopular_nearby_landmarks%3D900059521%3Bpopular_nearby_landmarks%3D900059520%3Bpopular_nearby_landmarks%3D900074332%3Bpopular_nearby_landmarks%3D900077457%3Bpopular_nearby_landmarks%3D900059522%3Bpopular_nearby_landmarks%3D900074335%3Bpopular_nearby_landmarks%3D900074331%3Bpopular_nearby_landmarks%3D900053658%3Bpopular_nearby_landmarks%3D900053661%3Bpopular_nearby_landmarks%3D900053669%3Bpopular_nearby_landmarks%3D900058091%3Bpopular_nearby_landmarks%3D900059233%3Bpopular_nearby_landmarks%3D900059236%3Bpopular_nearby_landmarks%3D900059439%3Bpopular_nearby_landmarks%3D900059447%3Bpopular_nearby_landmarks%3D900059529%3Bpopular_nearby_landmarks%3D900069601%3Bpopular_nearby_landmarks%3D900069602%3Bpopular_nearby_landmarks%3D900069603%3Bpopular_nearby_landmarks%3D900070379%3Bpopular_nearby_landmarks%3D900074815%3Bpopular_nearby_landmarks%3D900074898%3Bpopular_nearby_landmarks%3D900075026%3Bpopular_nearby_landmarks%3D900059238","","Green view Guest Inn Ella","Scored 1.0","1.0","","3 miles from Demodara Nine Arch Bridge in Ella, Green view Guest Inn Ella provides accommodations with access to spa facilities, wellness packages, and beauty services.","· 1 review","Opens in new window","Ella","Show prices","Review score","Show on map","","https://cf.bstatic.com/xdata/images/hotel/square600/801401827.webp?k=8353a95d09e2d19e3426b6f363e50bbb0526d442def8c6f3d69f1d11eb7dc84a&o="
"1777052003-288","https://www.booking.com/searchresults.html?label=bristol-XLwodozx2dVe8Ts0XeYuawS752260715469%3Apl%3Ata%3Ap1%3Ap2%3Aac%3Aap%3Aneg%3Afi%3Atikwd-869815001187%3Alp1009919%3Ali%3Adec%3Adm%3Appccp%3DUmFuZG9tSVYkc2RlIyh9YXdX6HrtnYy-Ml68sH-ljtU&aid=311984&dest_id=198&dest_type=country&group_adults=2&req_adults=2&no_rooms=1&broad_search_not_eligible=1&order=score&nflt=ht_id%3D204%3Bht_id%3D213%3Bht_id%3D216%3Bht_id%3D201%3Btop_destinations%3D6021%3Bpopular_nearby_landmarks%3D900059521%3Bpopular_nearby_landmarks%3D900059520%3Bpopular_nearby_landmarks%3D900074332%3Bpopular_nearby_landmarks%3D900077457%3Bpopular_nearby_landmarks%3D900059522%3Bpopular_nearby_landmarks%3D900074335%3Bpopular_nearby_landmarks%3D900074331%3Bpopular_nearby_landmarks%3D900053658%3Bpopular_nearby_landmarks%3D900053661%3Bpopular_nearby_landmarks%3D900053669%3Bpopular_nearby_landmarks%3D900058091%3Bpopular_nearby_landmarks%3D900059233%3Bpopular_nearby_landmarks%3D900059236%3Bpopular_nearby_landmarks%3D900059439%3Bpopular_nearby_landmarks%3D900059447%3Bpopular_nearby_landmarks%3D900059529%3Bpopular_nearby_landmarks%3D900069601%3Bpopular_nearby_landmarks%3D900069602%3Bpopular_nearby_landmarks%3D900069603%3Bpopular_nearby_landmarks%3D900070379%3Bpopular_nearby_landmarks%3D900074815%3Bpopular_nearby_landmarks%3D900074898%3Bpopular_nearby_landmarks%3D900075026%3Bpopular_nearby_landmarks%3D900059238","","Tea Heaven Retreat","","","","Just a 18-minute walk from Ella Train Station and 0.9 miles from Ella Spice Garden Cooking Class, Tea Heaven Retreat features accommodations in Ella with a garden.","","Opens in new window","Ella","Show prices","","Show on map","","https://cf.bstatic.com/xdata/images/hotel/square600/760660443.webp?k=0c083f66cb504f2d95372f319bc3e41fa62a5acccca3e0d415393bd1366a99f6&o="
"1777052003-289","https://www.booking.com/searchresults.html?label=bristol-XLwodozx2dVe8Ts0XeYuawS752260715469%3Apl%3Ata%3Ap1%3Ap2%3Aac%3Aap%3Aneg%3Afi%3Atikwd-869815001187%3Alp1009919%3Ali%3Adec%3Adm%3Appccp%3DUmFuZG9tSVYkc2RlIyh9YXdX6HrtnYy-Ml68sH-ljtU&aid=311984&dest_id=198&dest_type=country&group_adults=2&req_adults=2&no_rooms=1&broad_search_not_eligible=1&order=score&nflt=ht_id%3D204%3Bht_id%3D213%3Bht_id%3D216%3Bht_id%3D201%3Btop_destinations%3D6021%3Bpopular_nearby_landmarks%3D900059521%3Bpopular_nearby_landmarks%3D900059520%3Bpopular_nearby_landmarks%3D900074332%3Bpopular_nearby_landmarks%3D900077457%3Bpopular_nearby_landmarks%3D900059522%3Bpopular_nearby_landmarks%3D900074335%3Bpopular_nearby_landmarks%3D900074331%3Bpopular_nearby_landmarks%3D900053658%3Bpopular_nearby_landmarks%3D900053661%3Bpopular_nearby_landmarks%3D900053669%3Bpopular_nearby_landmarks%3D900058091%3Bpopular_nearby_landmarks%3D900059233%3Bpopular_nearby_landmarks%3D900059236%3Bpopular_nearby_landmarks%3D900059439%3Bpopular_nearby_landmarks%3D900059447%3Bpopular_nearby_landmarks%3D900059529%3Bpopular_nearby_landmarks%3D900069601%3Bpopular_nearby_landmarks%3D900069602%3Bpopular_nearby_landmarks%3D900069603%3Bpopular_nearby_landmarks%3D900070379%3Bpopular_nearby_landmarks%3D900074815%3Bpopular_nearby_landmarks%3D900074898%3Bpopular_nearby_landmarks%3D900075026%3Bpopular_nearby_landmarks%3D900059238","","Best View Guest Inn Ella","Scored 5.0","5.0","","Located in Ella, 3.4 miles from Demodara Nine Arch Bridge, Best View Guest Inn Ella provides accommodations with a shared lounge, free private parking and a restaurant.","· 1 review","Opens in new window","Ella","Show prices","Review score","Show on map","","https://cf.bstatic.com/xdata/images/hotel/square600/746432744.webp?k=74f988d19531c01e55e45cd6e02a2d634d0d1506845ea406025da4c15bc32da5&o="
"1777052003-290","https://www.booking.com/searchresults.html?label=bristol-XLwodozx2dVe8Ts0XeYuawS752260715469%3Apl%3Ata%3Ap1%3Ap2%3Aac%3Aap%3Aneg%3Afi%3Atikwd-869815001187%3Alp1009919%3Ali%3Adec%3Adm%3Appccp%3DUmFuZG9tSVYkc2RlIyh9YXdX6HrtnYy-Ml68sH-ljtU&aid=311984&dest_id=198&dest_type=country&group_adults=2&req_adults=2&no_rooms=1&broad_search_not_eligible=1&order=score&nflt=ht_id%3D204%3Bht_id%3D213%3Bht_id%3D216%3Bht_id%3D201%3Btop_destinations%3D6021%3Bpopular_nearby_landmarks%3D900059521%3Bpopular_nearby_landmarks%3D900059520%3Bpopular_nearby_landmarks%3D900074332%3Bpopular_nearby_landmarks%3D900077457%3Bpopular_nearby_landmarks%3D900059522%3Bpopular_nearby_landmarks%3D900074335%3Bpopular_nearby_landmarks%3D900074331%3Bpopular_nearby_landmarks%3D900053658%3Bpopular_nearby_landmarks%3D900053661%3Bpopular_nearby_landmarks%3D900053669%3Bpopular_nearby_landmarks%3D900058091%3Bpopular_nearby_landmarks%3D900059233%3Bpopular_nearby_landmarks%3D900059236%3Bpopular_nearby_landmarks%3D900059439%3Bpopular_nearby_landmarks%3D900059447%3Bpopular_nearby_landmarks%3D900059529%3Bpopular_nearby_landmarks%3D900069601%3Bpopular_nearby_landmarks%3D900069602%3Bpopular_nearby_landmarks%3D900069603%3Bpopular_nearby_landmarks%3D900070379%3Bpopular_nearby_landmarks%3D900074815%3Bpopular_nearby_landmarks%3D900074898%3Bpopular_nearby_landmarks%3D900075026%3Bpopular_nearby_landmarks%3D900059238","","New grand mud ella","","","","New grand mud ella offers accommodations in Ella, 2.5 miles from Demodara Nine Arch Bridge and 29 miles from Hakgala Botanical Garden. This apartment provides free private parking and free Wifi.","","Opens in new window","Ella","Show prices","","Show on map","","https://cf.bstatic.com/xdata/images/hotel/square600/753107554.webp?k=3495ec1a27ef52a661df16e356810531d31bf497c67dcfa80e5162b9dbb0e797&o="
"1777052003-291","https://www.booking.com/searchresults.html?label=bristol-XLwodozx2dVe8Ts0XeYuawS752260715469%3Apl%3Ata%3Ap1%3Ap2%3Aac%3Aap%3Aneg%3Afi%3Atikwd-869815001187%3Alp1009919%3Ali%3Adec%3Adm%3Appccp%3DUmFuZG9tSVYkc2RlIyh9YXdX6HrtnYy-Ml68sH-ljtU&aid=311984&dest_id=198&dest_type=country&group_adults=2&req_adults=2&no_rooms=1&broad_search_not_eligible=1&order=score&nflt=ht_id%3D204%3Bht_id%3D213%3Bht_id%3D216%3Bht_id%3D201%3Btop_destinations%3D6021%3Bpopular_nearby_landmarks%3D900059521%3Bpopular_nearby_landmarks%3D900059520%3Bpopular_nearby_landmarks%3D900074332%3Bpopular_nearby_landmarks%3D900077457%3Bpopular_nearby_landmarks%3D900059522%3Bpopular_nearby_landmarks%3D900074335%3Bpopular_nearby_landmarks%3D900074331%3Bpopular_nearby_landmarks%3D900053658%3Bpopular_nearby_landmarks%3D900053661%3Bpopular_nearby_landmarks%3D900053669%3Bpopular_nearby_landmarks%3D900058091%3Bpopular_nearby_landmarks%3D900059233%3Bpopular_nearby_landmarks%3D900059236%3Bpopular_nearby_landmarks%3D900059439%3Bpopular_nearby_landmarks%3D900059447%3Bpopular_nearby_landmarks%3D900059529%3Bpopular_nearby_landmarks%3D900069601%3Bpopular_nearby_landmarks%3D900069602%3Bpopular_nearby_landmarks%3D900069603%3Bpopular_nearby_landmarks%3D900070379%3Bpopular_nearby_landmarks%3D900074815%3Bpopular_nearby_landmarks%3D900074898%3Bpopular_nearby_landmarks%3D900075026%3Bpopular_nearby_landmarks%3D900059238","","Sherwood 109","Scored 1.0","1.0","","Located in Haputale, 26 miles from Gregory Lake, Sherwood 109 provides accommodations with a terrace, free private parking and a restaurant.","· 1 review","Opens in new window","Haputale","Show prices","Review score","Show on map","","https://cf.bstatic.com/xdata/images/hotel/square600/747345227.webp?k=147a8e5ccdb5951c58b61e5b4cd09d522c0719882c1cd0c77ae7fc60823acf96&o="
"1777052003-292","https://www.booking.com/searchresults.html?label=bristol-XLwodozx2dVe8Ts0XeYuawS752260715469%3Apl%3Ata%3Ap1%3Ap2%3Aac%3Aap%3Aneg%3Afi%3Atikwd-869815001187%3Alp1009919%3Ali%3Adec%3Adm%3Appccp%3DUmFuZG9tSVYkc2RlIyh9YXdX6HrtnYy-Ml68sH-ljtU&aid=311984&dest_id=198&dest_type=country&group_adults=2&req_adults=2&no_rooms=1&broad_search_not_eligible=1&order=score&nflt=ht_id%3D204%3Bht_id%3D213%3Bht_id%3D216%3Bht_id%3D201%3Btop_destinations%3D6021%3Bpopular_nearby_landmarks%3D900059521%3Bpopular_nearby_landmarks%3D900059520%3Bpopular_nearby_landmarks%3D900074332%3Bpopular_nearby_landmarks%3D900077457%3Bpopular_nearby_landmarks%3D900059522%3Bpopular_nearby_landmarks%3D900074335%3Bpopular_nearby_landmarks%3D900074331%3Bpopular_nearby_landmarks%3D900053658%3Bpopular_nearby_landmarks%3D900053661%3Bpopular_nearby_landmarks%3D900053669%3Bpopular_nearby_landmarks%3D900058091%3Bpopular_nearby_landmarks%3D900059233%3Bpopular_nearby_landmarks%3D900059236%3Bpopular_nearby_landmarks%3D900059439%3Bpopular_nearby_landmarks%3D900059447%3Bpopular_nearby_landmarks%3D900059529%3Bpopular_nearby_landmarks%3D900069601%3Bpopular_nearby_landmarks%3D900069602%3Bpopular_nearby_landmarks%3D900069603%3Bpopular_nearby_landmarks%3D900070379%3Bpopular_nearby_landmarks%3D900074815%3Bpopular_nearby_landmarks%3D900074898%3Bpopular_nearby_landmarks%3D900075026%3Bpopular_nearby_landmarks%3D900059238","","The C - luxury home in Ella town","","","","The C - luxury home in Ella town is located in Ella, just 3.1 miles from Demodara Nine Arch Bridge and 30 miles from Hakgala Botanical Garden. With garden views, this accommodation offers a patio.","","Opens in new window","Ella","Show prices","","Show on map","","https://cf.bstatic.com/xdata/images/hotel/square600/744541941.webp?k=ea19f7f2597274b60eb47572396fc1496694a08040f60fe404477c7e408015ac&o="
"1777052003-293","https://www.booking.com/searchresults.html?label=bristol-XLwodozx2dVe8Ts0XeYuawS752260715469%3Apl%3Ata%3Ap1%3Ap2%3Aac%3Aap%3Aneg%3Afi%3Atikwd-869815001187%3Alp1009919%3Ali%3Adec%3Adm%3Appccp%3DUmFuZG9tSVYkc2RlIyh9YXdX6HrtnYy-Ml68sH-ljtU&aid=311984&dest_id=198&dest_type=country&group_adults=2&req_adults=2&no_rooms=1&broad_search_not_eligible=1&order=score&nflt=ht_id%3D204%3Bht_id%3D213%3Bht_id%3D216%3Bht_id%3D201%3Btop_destinations%3D6021%3Bpopular_nearby_landmarks%3D900059521%3Bpopular_nearby_landmarks%3D900059520%3Bpopular_nearby_landmarks%3D900074332%3Bpopular_nearby_landmarks%3D900077457%3Bpopular_nearby_landmarks%3D900059522%3Bpopular_nearby_landmarks%3D900074335%3Bpopular_nearby_landmarks%3D900074331%3Bpopular_nearby_landmarks%3D900053658%3Bpopular_nearby_landmarks%3D900053661%3Bpopular_nearby_landmarks%3D900053669%3Bpopular_nearby_landmarks%3D900058091%3Bpopular_nearby_landmarks%3D900059233%3Bpopular_nearby_landmarks%3D900059236%3Bpopular_nearby_landmarks%3D900059439%3Bpopular_nearby_landmarks%3D900059447%3Bpopular_nearby_landmarks%3D900059529%3Bpopular_nearby_landmarks%3D900069601%3Bpopular_nearby_landmarks%3D900069602%3Bpopular_nearby_landmarks%3D900069603%3Bpopular_nearby_landmarks%3D900070379%3Bpopular_nearby_landmarks%3D900074815%3Bpopular_nearby_landmarks%3D900074898%3Bpopular_nearby_landmarks%3D900075026%3Bpopular_nearby_landmarks%3D900059238","","New Grand Matt Ella","","","","New Grand Matt Ella provides a sauna and free private parking, and is within 2.7 miles of Demodara Nine Arch Bridge and 29 miles of Hakgala Botanical Garden.","","Opens in new window","Ella","Show prices","","Show on map","","https://cf.bstatic.com/xdata/images/hotel/square600/750396211.webp?k=018c10ed1ee4de830c6bc7cc553ba262c09c9e59081a5e9d252b3f2bc8c52939&o="
"1777052003-294","https://www.booking.com/searchresults.html?label=bristol-XLwodozx2dVe8Ts0XeYuawS752260715469%3Apl%3Ata%3Ap1%3Ap2%3Aac%3Aap%3Aneg%3Afi%3Atikwd-869815001187%3Alp1009919%3Ali%3Adec%3Adm%3Appccp%3DUmFuZG9tSVYkc2RlIyh9YXdX6HrtnYy-Ml68sH-ljtU&aid=311984&dest_id=198&dest_type=country&group_adults=2&req_adults=2&no_rooms=1&broad_search_not_eligible=1&order=score&nflt=ht_id%3D204%3Bht_id%3D213%3Bht_id%3D216%3Bht_id%3D201%3Btop_destinations%3D6021%3Bpopular_nearby_landmarks%3D900059521%3Bpopular_nearby_landmarks%3D900059520%3Bpopular_nearby_landmarks%3D900074332%3Bpopular_nearby_landmarks%3D900077457%3Bpopular_nearby_landmarks%3D900059522%3Bpopular_nearby_landmarks%3D900074335%3Bpopular_nearby_landmarks%3D900074331%3Bpopular_nearby_landmarks%3D900053658%3Bpopular_nearby_landmarks%3D900053661%3Bpopular_nearby_landmarks%3D900053669%3Bpopular_nearby_landmarks%3D900058091%3Bpopular_nearby_landmarks%3D900059233%3Bpopular_nearby_landmarks%3D900059236%3Bpopular_nearby_landmarks%3D900059439%3Bpopular_nearby_landmarks%3D900059447%3Bpopular_nearby_landmarks%3D900059529%3Bpopular_nearby_landmarks%3D900069601%3Bpopular_nearby_landmarks%3D900069602%3Bpopular_nearby_landmarks%3D900069603%3Bpopular_nearby_landmarks%3D900070379%3Bpopular_nearby_landmarks%3D900074815%3Bpopular_nearby_landmarks%3D900074898%3Bpopular_nearby_landmarks%3D900075026%3Bpopular_nearby_landmarks%3D900059238","","Waves Rock ella","","","","Located within 29 miles of Hakgala Botanical Garden and 31 miles of Horton Plains National Park, Waves Rock ella has rooms in Ella.","","Opens in new window","Ella","Show prices","","Show on map","","https://cf.bstatic.com/xdata/images/hotel/square600/730759981.webp?k=083dcb65ca42dfcb28d111a42edb4f307c37bb77a80ef34de2b9598564912be2&o="
"1777052003-295","https://www.booking.com/searchresults.html?label=bristol-XLwodozx2dVe8Ts0XeYuawS752260715469%3Apl%3Ata%3Ap1%3Ap2%3Aac%3Aap%3Aneg%3Afi%3Atikwd-869815001187%3Alp1009919%3Ali%3Adec%3Adm%3Appccp%3DUmFuZG9tSVYkc2RlIyh9YXdX6HrtnYy-Ml68sH-ljtU&aid=311984&dest_id=198&dest_type=country&group_adults=2&req_adults=2&no_rooms=1&broad_search_not_eligible=1&order=score&nflt=ht_id%3D204%3Bht_id%3D213%3Bht_id%3D216%3Bht_id%3D201%3Btop_destinations%3D6021%3Bpopular_nearby_landmarks%3D900059521%3Bpopular_nearby_landmarks%3D900059520%3Bpopular_nearby_landmarks%3D900074332%3Bpopular_nearby_landmarks%3D900077457%3Bpopular_nearby_landmarks%3D900059522%3Bpopular_nearby_landmarks%3D900074335%3Bpopular_nearby_landmarks%3D900074331%3Bpopular_nearby_landmarks%3D900053658%3Bpopular_nearby_landmarks%3D900053661%3Bpopular_nearby_landmarks%3D900053669%3Bpopular_nearby_landmarks%3D900058091%3Bpopular_nearby_landmarks%3D900059233%3Bpopular_nearby_landmarks%3D900059236%3Bpopular_nearby_landmarks%3D900059439%3Bpopular_nearby_landmarks%3D900059447%3Bpopular_nearby_landmarks%3D900059529%3Bpopular_nearby_landmarks%3D900069601%3Bpopular_nearby_landmarks%3D900069602%3Bpopular_nearby_landmarks%3D900069603%3Bpopular_nearby_landmarks%3D900070379%3Bpopular_nearby_landmarks%3D900074815%3Bpopular_nearby_landmarks%3D900074898%3Bpopular_nearby_landmarks%3D900075026%3Bpopular_nearby_landmarks%3D900059238","","Ella Dreams net","","","","Ella Dreams net is located in Ella, just 2.7 miles from Demodara Nine Arch Bridge and 29 miles from Hakgala Botanical Garden.","","Opens in new window","Ella","Show prices","","Show on map","","https://cf.bstatic.com/xdata/images/hotel/square600/808685078.webp?k=a8447953ef923b59726de37453227945a86f13ff7e6a727c5b16ef4ca204a72e&o="
"1777052003-296","https://www.booking.com/searchresults.html?label=bristol-XLwodozx2dVe8Ts0XeYuawS752260715469%3Apl%3Ata%3Ap1%3Ap2%3Aac%3Aap%3Aneg%3Afi%3Atikwd-869815001187%3Alp1009919%3Ali%3Adec%3Adm%3Appccp%3DUmFuZG9tSVYkc2RlIyh9YXdX6HrtnYy-Ml68sH-ljtU&aid=311984&dest_id=198&dest_type=country&group_adults=2&req_adults=2&no_rooms=1&broad_search_not_eligible=1&order=score&nflt=ht_id%3D204%3Bht_id%3D213%3Bht_id%3D216%3Bht_id%3D201%3Btop_destinations%3D6021%3Bpopular_nearby_landmarks%3D900059521%3Bpopular_nearby_landmarks%3D900059520%3Bpopular_nearby_landmarks%3D900074332%3Bpopular_nearby_landmarks%3D900077457%3Bpopular_nearby_landmarks%3D900059522%3Bpopular_nearby_landmarks%3D900074335%3Bpopular_nearby_landmarks%3D900074331%3Bpopular_nearby_landmarks%3D900053658%3Bpopular_nearby_landmarks%3D900053661%3Bpopular_nearby_landmarks%3D900053669%3Bpopular_nearby_landmarks%3D900058091%3Bpopular_nearby_landmarks%3D900059233%3Bpopular_nearby_landmarks%3D900059236%3Bpopular_nearby_landmarks%3D900059439%3Bpopular_nearby_landmarks%3D900059447%3Bpopular_nearby_landmarks%3D900059529%3Bpopular_nearby_landmarks%3D900069601%3Bpopular_nearby_landmarks%3D900069602%3Bpopular_nearby_landmarks%3D900069603%3Bpopular_nearby_landmarks%3D900070379%3Bpopular_nearby_landmarks%3D900074815%3Bpopular_nearby_landmarks%3D900074898%3Bpopular_nearby_landmarks%3D900075026%3Bpopular_nearby_landmarks%3D900059238","","Quiet Nest Inn","Scored 10","10","Value for money 10","Quiet Nest Inn offers accommodations in Ella, 1.2 miles from Demodara Nine Arch Bridge and one mile from Little Adam's Peak. This guest house provides free private parking, room service, and free...","· 1 review","Opens in new window","Ella","Show prices","Exceptional","Show on map","","https://cf.bstatic.com/xdata/images/hotel/square600/607902886.webp?k=ff9bb3a905d62e83c43458c8dbad65af66d8e83f1993ad63a593765a5db1311a&o="
"1777052003-297","https://www.booking.com/searchresults.html?label=bristol-XLwodozx2dVe8Ts0XeYuawS752260715469%3Apl%3Ata%3Ap1%3Ap2%3Aac%3Aap%3Aneg%3Afi%3Atikwd-869815001187%3Alp1009919%3Ali%3Adec%3Adm%3Appccp%3DUmFuZG9tSVYkc2RlIyh9YXdX6HrtnYy-Ml68sH-ljtU&aid=311984&dest_id=198&dest_type=country&group_adults=2&req_adults=2&no_rooms=1&broad_search_not_eligible=1&order=score&nflt=ht_id%3D204%3Bht_id%3D213%3Bht_id%3D216%3Bht_id%3D201%3Btop_destinations%3D6021%3Bpopular_nearby_landmarks%3D900059521%3Bpopular_nearby_landmarks%3D900059520%3Bpopular_nearby_landmarks%3D900074332%3Bpopular_nearby_landmarks%3D900077457%3Bpopular_nearby_landmarks%3D900059522%3Bpopular_nearby_landmarks%3D900074335%3Bpopular_nearby_landmarks%3D900074331%3Bpopular_nearby_landmarks%3D900053658%3Bpopular_nearby_landmarks%3D900053661%3Bpopular_nearby_landmarks%3D900053669%3Bpopular_nearby_landmarks%3D900058091%3Bpopular_nearby_landmarks%3D900059233%3Bpopular_nearby_landmarks%3D900059236%3Bpopular_nearby_landmarks%3D900059439%3Bpopular_nearby_landmarks%3D900059447%3Bpopular_nearby_landmarks%3D900059529%3Bpopular_nearby_landmarks%3D900069601%3Bpopular_nearby_landmarks%3D900069602%3Bpopular_nearby_landmarks%3D900069603%3Bpopular_nearby_landmarks%3D900070379%3Bpopular_nearby_landmarks%3D900074815%3Bpopular_nearby_landmarks%3D900074898%3Bpopular_nearby_landmarks%3D900075026%3Bpopular_nearby_landmarks%3D900059238","","FORET Ella Home","","","","Just a 9-minute walk from Ella Spice Garden Cooking Class and 1.1 miles from Ella Train Station, FORET Ella Home features accommodations in Ella, with a garden.","","Opens in new window","Ella","Show prices","","Show on map","","https://cf.bstatic.com/xdata/images/hotel/square600/757547426.webp?k=3bdffb450bafde9eca29796ced25736817229b0bfcdb43c5739377363052a819&o="
"1777052003-298","https://www.booking.com/searchresults.html?label=bristol-XLwodozx2dVe8Ts0XeYuawS752260715469%3Apl%3Ata%3Ap1%3Ap2%3Aac%3Aap%3Aneg%3Afi%3Atikwd-869815001187%3Alp1009919%3Ali%3Adec%3Adm%3Appccp%3DUmFuZG9tSVYkc2RlIyh9YXdX6HrtnYy-Ml68sH-ljtU&aid=311984&dest_id=198&dest_type=country&group_adults=2&req_adults=2&no_rooms=1&broad_search_not_eligible=1&order=score&nflt=ht_id%3D204%3Bht_id%3D213%3Bht_id%3D216%3Bht_id%3D201%3Btop_destinations%3D6021%3Bpopular_nearby_landmarks%3D900059521%3Bpopular_nearby_landmarks%3D900059520%3Bpopular_nearby_landmarks%3D900074332%3Bpopular_nearby_landmarks%3D900077457%3Bpopular_nearby_landmarks%3D900059522%3Bpopular_nearby_landmarks%3D900074335%3Bpopular_nearby_landmarks%3D900074331%3Bpopular_nearby_landmarks%3D900053658%3Bpopular_nearby_landmarks%3D900053661%3Bpopular_nearby_landmarks%3D900053669%3Bpopular_nearby_landmarks%3D900058091%3Bpopular_nearby_landmarks%3D900059233%3Bpopular_nearby_landmarks%3D900059236%3Bpopular_nearby_landmarks%3D900059439%3Bpopular_nearby_landmarks%3D900059447%3Bpopular_nearby_landmarks%3D900059529%3Bpopular_nearby_landmarks%3D900069601%3Bpopular_nearby_landmarks%3D900069602%3Bpopular_nearby_landmarks%3D900069603%3Bpopular_nearby_landmarks%3D900070379%3Bpopular_nearby_landmarks%3D900074815%3Bpopular_nearby_landmarks%3D900074898%3Bpopular_nearby_landmarks%3D900075026%3Bpopular_nearby_landmarks%3D900059238","","Funky CoCo Bar","Scored 10","10","Value for money 10","Located in Ella, Funky CoCo Bar provides 3-star accommodations with private balconies.","· 1 review","Opens in new window","Ella","Show prices","Exceptional","Show on map","","https://cf.bstatic.com/xdata/images/hotel/square600/743423273.webp?k=95ebf7ffbd9bce1f653439938e7748eb18819f10a971af91f2e9cf7c831bef8b&o="
"1777052003-299","https://www.booking.com/searchresults.html?label=bristol-XLwodozx2dVe8Ts0XeYuawS752260715469%3Apl%3Ata%3Ap1%3Ap2%3Aac%3Aap%3Aneg%3Afi%3Atikwd-869815001187%3Alp1009919%3Ali%3Adec%3Adm%3Appccp%3DUmFuZG9tSVYkc2RlIyh9YXdX6HrtnYy-Ml68sH-ljtU&aid=311984&dest_id=198&dest_type=country&group_adults=2&req_adults=2&no_rooms=1&broad_search_not_eligible=1&order=score&nflt=ht_id%3D204%3Bht_id%3D213%3Bht_id%3D216%3Bht_id%3D201%3Btop_destinations%3D6021%3Bpopular_nearby_landmarks%3D900059521%3Bpopular_nearby_landmarks%3D900059520%3Bpopular_nearby_landmarks%3D900074332%3Bpopular_nearby_landmarks%3D900077457%3Bpopular_nearby_landmarks%3D900059522%3Bpopular_nearby_landmarks%3D900074335%3Bpopular_nearby_landmarks%3D900074331%3Bpopular_nearby_landmarks%3D900053658%3Bpopular_nearby_landmarks%3D900053661%3Bpopular_nearby_landmarks%3D900053669%3Bpopular_nearby_landmarks%3D900058091%3Bpopular_nearby_landmarks%3D900059233%3Bpopular_nearby_landmarks%3D900059236%3Bpopular_nearby_landmarks%3D900059439%3Bpopular_nearby_landmarks%3D900059447%3Bpopular_nearby_landmarks%3D900059529%3Bpopular_nearby_landmarks%3D900069601%3Bpopular_nearby_landmarks%3D900069602%3Bpopular_nearby_landmarks%3D900069603%3Bpopular_nearby_landmarks%3D900070379%3Bpopular_nearby_landmarks%3D900074815%3Bpopular_nearby_landmarks%3D900074898%3Bpopular_nearby_landmarks%3D900075026%3Bpopular_nearby_landmarks%3D900059238","","Elephant Ella","","","","Located in Ella, Elephant Ella has a terrace, restaurant, bar, and free WiFi throughout the property.","","Opens in new window","Ella","Show prices","","Show on map","","https://cf.bstatic.com/xdata/images/hotel/square600/806551197.webp?k=b014ff54444380f1e5974477f24403da1badc6d6e31520285c03588f73a41203&o="
"1777052003-300","https://www.booking.com/searchresults.html?label=bristol-XLwodozx2dVe8Ts0XeYuawS752260715469%3Apl%3Ata%3Ap1%3Ap2%3Aac%3Aap%3Aneg%3Afi%3Atikwd-869815001187%3Alp1009919%3Ali%3Adec%3Adm%3Appccp%3DUmFuZG9tSVYkc2RlIyh9YXdX6HrtnYy-Ml68sH-ljtU&aid=311984&dest_id=198&dest_type=country&group_adults=2&req_adults=2&no_rooms=1&broad_search_not_eligible=1&order=score&nflt=ht_id%3D204%3Bht_id%3D213%3Bht_id%3D216%3Bht_id%3D201%3Btop_destinations%3D6021%3Bpopular_nearby_landmarks%3D900059521%3Bpopular_nearby_landmarks%3D900059520%3Bpopular_nearby_landmarks%3D900074332%3Bpopular_nearby_landmarks%3D900077457%3Bpopular_nearby_landmarks%3D900059522%3Bpopular_nearby_landmarks%3D900074335%3Bpopular_nearby_landmarks%3D900074331%3Bpopular_nearby_landmarks%3D900053658%3Bpopular_nearby_landmarks%3D900053661%3Bpopular_nearby_landmarks%3D900053669%3Bpopular_nearby_landmarks%3D900058091%3Bpopular_nearby_landmarks%3D900059233%3Bpopular_nearby_landmarks%3D900059236%3Bpopular_nearby_landmarks%3D900059439%3Bpopular_nearby_landmarks%3D900059447%3Bpopular_nearby_landmarks%3D900059529%3Bpopular_nearby_landmarks%3D900069601%3Bpopular_nearby_landmarks%3D900069602%3Bpopular_nearby_landmarks%3D900069603%3Bpopular_nearby_landmarks%3D900070379%3Bpopular_nearby_landmarks%3D900074815%3Bpopular_nearby_landmarks%3D900074898%3Bpopular_nearby_landmarks%3D900075026%3Bpopular_nearby_landmarks%3D900059238","","Riverside Bliss Cottage","","","","Riverside Bliss Cottage offers accommodations in Gawarawela, 2.7 miles from Demodara Nine Arch Bridge and 30 miles from Hakgala Botanical Garden. This guest house offers accommodations with a terrace....","","Opens in new window","Gawarawela","Show prices","","Show on map","New to Booking.com","https://cf.bstatic.com/xdata/images/hotel/square600/813335909.webp?k=3312911a23a22bf30b34a98c4ae61c48a01483d0514bb9e1c78281fd4481a32a&o="
"1777052003-301","https://www.booking.com/searchresults.html?label=bristol-XLwodozx2dVe8Ts0XeYuawS752260715469%3Apl%3Ata%3Ap1%3Ap2%3Aac%3Aap%3Aneg%3Afi%3Atikwd-869815001187%3Alp1009919%3Ali%3Adec%3Adm%3Appccp%3DUmFuZG9tSVYkc2RlIyh9YXdX6HrtnYy-Ml68sH-ljtU&aid=311984&dest_id=198&dest_type=country&group_adults=2&req_adults=2&no_rooms=1&broad_search_not_eligible=1&order=score&nflt=ht_id%3D204%3Bht_id%3D213%3Bht_id%3D216%3Bht_id%3D201%3Btop_destinations%3D6021%3Bpopular_nearby_landmarks%3D900059521%3Bpopular_nearby_landmarks%3D900059520%3Bpopular_nearby_landmarks%3D900074332%3Bpopular_nearby_landmarks%3D900077457%3Bpopular_nearby_landmarks%3D900059522%3Bpopular_nearby_landmarks%3D900074335%3Bpopular_nearby_landmarks%3D900074331%3Bpopular_nearby_landmarks%3D900053658%3Bpopular_nearby_landmarks%3D900053661%3Bpopular_nearby_landmarks%3D900053669%3Bpopular_nearby_landmarks%3D900058091%3Bpopular_nearby_landmarks%3D900059233%3Bpopular_nearby_landmarks%3D900059236%3Bpopular_nearby_landmarks%3D900059439%3Bpopular_nearby_landmarks%3D900059447%3Bpopular_nearby_landmarks%3D900059529%3Bpopular_nearby_landmarks%3D900069601%3Bpopular_nearby_landmarks%3D900069602%3Bpopular_nearby_landmarks%3D900069603%3Bpopular_nearby_landmarks%3D900070379%3Bpopular_nearby_landmarks%3D900074815%3Bpopular_nearby_landmarks%3D900074898%3Bpopular_nearby_landmarks%3D900075026%3Bpopular_nearby_landmarks%3D900059238","","Ella Bungalow","Scored 10","10","Value for money 10","Ella Bungalow enjoys a location in Ella, 2.6 miles from Demodara Nine Arch Bridge and 29 miles from Hakgala Botanical Garden.","· 1 review","Opens in new window","Ella","Show prices","Exceptional","Show on map","","https://cf.bstatic.com/xdata/images/hotel/square600/759718644.webp?k=c6c923574afe35f58e897df99bb50f1c13354071dd55125ca412f25cc77892b2&o="
"1777052003-302","https://www.booking.com/searchresults.html?label=bristol-XLwodozx2dVe8Ts0XeYuawS752260715469%3Apl%3Ata%3Ap1%3Ap2%3Aac%3Aap%3Aneg%3Afi%3Atikwd-869815001187%3Alp1009919%3Ali%3Adec%3Adm%3Appccp%3DUmFuZG9tSVYkc2RlIyh9YXdX6HrtnYy-Ml68sH-ljtU&aid=311984&dest_id=198&dest_type=country&group_adults=2&req_adults=2&no_rooms=1&broad_search_not_eligible=1&order=score&nflt=ht_id%3D204%3Bht_id%3D213%3Bht_id%3D216%3Bht_id%3D201%3Btop_destinations%3D6021%3Bpopular_nearby_landmarks%3D900059521%3Bpopular_nearby_landmarks%3D900059520%3Bpopular_nearby_landmarks%3D900074332%3Bpopular_nearby_landmarks%3D900077457%3Bpopular_nearby_landmarks%3D900059522%3Bpopular_nearby_landmarks%3D900074335%3Bpopular_nearby_landmarks%3D900074331%3Bpopular_nearby_landmarks%3D900053658%3Bpopular_nearby_landmarks%3D900053661%3Bpopular_nearby_landmarks%3D900053669%3Bpopular_nearby_landmarks%3D900058091%3Bpopular_nearby_landmarks%3D900059233%3Bpopular_nearby_landmarks%3D900059236%3Bpopular_nearby_landmarks%3D900059439%3Bpopular_nearby_landmarks%3D900059447%3Bpopular_nearby_landmarks%3D900059529%3Bpopular_nearby_landmarks%3D900069601%3Bpopular_nearby_landmarks%3D900069602%3Bpopular_nearby_landmarks%3D900069603%3Bpopular_nearby_landmarks%3D900070379%3Bpopular_nearby_landmarks%3D900074815%3Bpopular_nearby_landmarks%3D900074898%3Bpopular_nearby_landmarks%3D900075026%3Bpopular_nearby_landmarks%3D900059238","","Ellariverline","Scored 1.0","1.0","","Located in Demodera, within 3.4 miles of Demodara Nine Arch Bridge and 30 miles of Hakgala Botanical Garden, Ellariverline provides accommodations with a restaurant as well as free private parking for...","· 1 review","Opens in new window","Demodera","Show prices","Review score","Show on map","","https://cf.bstatic.com/xdata/images/hotel/square600/648970607.webp?k=ce00522fb4d7f672c42b21a387ba1030dc40c7e92392f6a2c46942b0f73a5855&o="
"1777052003-303","https://www.booking.com/searchresults.html?label=bristol-XLwodozx2dVe8Ts0XeYuawS752260715469%3Apl%3Ata%3Ap1%3Ap2%3Aac%3Aap%3Aneg%3Afi%3Atikwd-869815001187%3Alp1009919%3Ali%3Adec%3Adm%3Appccp%3DUmFuZG9tSVYkc2RlIyh9YXdX6HrtnYy-Ml68sH-ljtU&aid=311984&dest_id=198&dest_type=country&group_adults=2&req_adults=2&no_rooms=1&broad_search_not_eligible=1&order=score&nflt=ht_id%3D204%3Bht_id%3D213%3Bht_id%3D216%3Bht_id%3D201%3Btop_destinations%3D6021%3Bpopular_nearby_landmarks%3D900059521%3Bpopular_nearby_landmarks%3D900059520%3Bpopular_nearby_landmarks%3D900074332%3Bpopular_nearby_landmarks%3D900077457%3Bpopular_nearby_landmarks%3D900059522%3Bpopular_nearby_landmarks%3D900074335%3Bpopular_nearby_landmarks%3D900074331%3Bpopular_nearby_landmarks%3D900053658%3Bpopular_nearby_landmarks%3D900053661%3Bpopular_nearby_landmarks%3D900053669%3Bpopular_nearby_landmarks%3D900058091%3Bpopular_nearby_landmarks%3D900059233%3Bpopular_nearby_landmarks%3D900059236%3Bpopular_nearby_landmarks%3D900059439%3Bpopular_nearby_landmarks%3D900059447%3Bpopular_nearby_landmarks%3D900059529%3Bpopular_nearby_landmarks%3D900069601%3Bpopular_nearby_landmarks%3D900069602%3Bpopular_nearby_landmarks%3D900069603%3Bpopular_nearby_landmarks%3D900070379%3Bpopular_nearby_landmarks%3D900074815%3Bpopular_nearby_landmarks%3D900074898%3Bpopular_nearby_landmarks%3D900075026%3Bpopular_nearby_landmarks%3D900059238","","Great escape ella","","","","Great escape ella offers accommodations in Ella, 31 miles from Horton Plains National Park and 2 miles from Ella Rock.","","Opens in new window","Ella","Show prices","","Show on map","","https://cf.bstatic.com/xdata/images/hotel/square600/732989178.webp?k=00fc326d19894cc32f20e5ad57ed7cda82999ab2d86fc85d54a98f6edffa7301&o="
"1777052003-304","https://www.booking.com/searchresults.html?label=bristol-XLwodozx2dVe8Ts0XeYuawS752260715469%3Apl%3Ata%3Ap1%3Ap2%3Aac%3Aap%3Aneg%3Afi%3Atikwd-869815001187%3Alp1009919%3Ali%3Adec%3Adm%3Appccp%3DUmFuZG9tSVYkc2RlIyh9YXdX6HrtnYy-Ml68sH-ljtU&aid=311984&dest_id=198&dest_type=country&group_adults=2&req_adults=2&no_rooms=1&broad_search_not_eligible=1&order=score&nflt=ht_id%3D204%3Bht_id%3D213%3Bht_id%3D216%3Bht_id%3D201%3Btop_destinations%3D6021%3Bpopular_nearby_landmarks%3D900059521%3Bpopular_nearby_landmarks%3D900059520%3Bpopular_nearby_landmarks%3D900074332%3Bpopular_nearby_landmarks%3D900077457%3Bpopular_nearby_landmarks%3D900059522%3Bpopular_nearby_landmarks%3D900074335%3Bpopular_nearby_landmarks%3D900074331%3Bpopular_nearby_landmarks%3D900053658%3Bpopular_nearby_landmarks%3D900053661%3Bpopular_nearby_landmarks%3D900053669%3Bpopular_nearby_landmarks%3D900058091%3Bpopular_nearby_landmarks%3D900059233%3Bpopular_nearby_landmarks%3D900059236%3Bpopular_nearby_landmarks%3D900059439%3Bpopular_nearby_landmarks%3D900059447%3Bpopular_nearby_landmarks%3D900059529%3Bpopular_nearby_landmarks%3D900069601%3Bpopular_nearby_landmarks%3D900069602%3Bpopular_nearby_landmarks%3D900069603%3Bpopular_nearby_landmarks%3D900070379%3Bpopular_nearby_landmarks%3D900074815%3Bpopular_nearby_landmarks%3D900074898%3Bpopular_nearby_landmarks%3D900075026%3Bpopular_nearby_landmarks%3D900059238","","Ella Little Heaven guest","Scored 2.0","2.0","","Just 1.1 miles from Demodara Nine Arch Bridge and a 6-minute walk from Ella Spice Garden Cooking Class, Ella Little Heaven guest features accommodations in Ella, with a garden.","· 1 review","Opens in new window","Ella","Show prices","Review score","Show on map","New to Booking.com","https://cf.bstatic.com/xdata/images/hotel/square600/819394197.webp?k=af756c8eee4332aefb2e81b04ed06ad75d05271df0d7d8811863a6cafc3bbe80&o="
"1777052003-305","https://www.booking.com/searchresults.html?label=bristol-XLwodozx2dVe8Ts0XeYuawS752260715469%3Apl%3Ata%3Ap1%3Ap2%3Aac%3Aap%3Aneg%3Afi%3Atikwd-869815001187%3Alp1009919%3Ali%3Adec%3Adm%3Appccp%3DUmFuZG9tSVYkc2RlIyh9YXdX6HrtnYy-Ml68sH-ljtU&aid=311984&dest_id=198&dest_type=country&group_adults=2&req_adults=2&no_rooms=1&broad_search_not_eligible=1&order=score&nflt=ht_id%3D204%3Bht_id%3D213%3Bht_id%3D216%3Bht_id%3D201%3Btop_destinations%3D6021%3Bpopular_nearby_landmarks%3D900059521%3Bpopular_nearby_landmarks%3D900059520%3Bpopular_nearby_landmarks%3D900074332%3Bpopular_nearby_landmarks%3D900077457%3Bpopular_nearby_landmarks%3D900059522%3Bpopular_nearby_landmarks%3D900074335%3Bpopular_nearby_landmarks%3D900074331%3Bpopular_nearby_landmarks%3D900053658%3Bpopular_nearby_landmarks%3D900053661%3Bpopular_nearby_landmarks%3D900053669%3Bpopular_nearby_landmarks%3D900058091%3Bpopular_nearby_landmarks%3D900059233%3Bpopular_nearby_landmarks%3D900059236%3Bpopular_nearby_landmarks%3D900059439%3Bpopular_nearby_landmarks%3D900059447%3Bpopular_nearby_landmarks%3D900059529%3Bpopular_nearby_landmarks%3D900069601%3Bpopular_nearby_landmarks%3D900069602%3Bpopular_nearby_landmarks%3D900069603%3Bpopular_nearby_landmarks%3D900070379%3Bpopular_nearby_landmarks%3D900074815%3Bpopular_nearby_landmarks%3D900074898%3Bpopular_nearby_landmarks%3D900075026%3Bpopular_nearby_landmarks%3D900059238","","Abance Villa","Scored 1.0","1.0","","Abance Villa offers accommodations in Ella, 29 miles from Hakgala Botanical Garden and 31 miles from Horton Plains National Park. Guests can go for a swim in the private pool.","· 1 review","Opens in new window","Ella","Show prices","Review score","Show on map","","https://cf.bstatic.com/xdata/images/hotel/square600/764169401.webp?k=2eaebba1feaa2207d7a144652535be94060d696f8b75afb0df18b48dcc3af8f1&o="
