web_scraper_order,web_scraper_start_url,data,data2,data3,data4,data5,data6,data7,data8,data9,data10,data11,data12,image
"1777049497-1","https://www.booking.com/searchresults.html?label=bristol-XLwodozx2dVe8Ts0XeYuawS752260715469%3Apl%3Ata%3Ap1%3Ap2%3Aac%3Aap%3Aneg%3Afi%3Atikwd-869815001187%3Alp1009919%3Ali%3Adec%3Adm%3Appccp%3DUmFuZG9tSVYkc2RlIyh9YXdX6HrtnYy-Ml68sH-ljtU&aid=311984&dest_id=198&dest_type=country&group_adults=2&req_adults=2&no_rooms=1&broad_search_not_eligible=1&order=score&nflt=ht_id%3D204%3Bht_id%3D213%3Bht_id%3D216%3Bht_id%3D201%3Btop_destinations%3D6021%3Bpopular_nearby_landmarks%3D900059521%3Bpopular_nearby_landmarks%3D900059520%3Bpopular_nearby_landmarks%3D900074332%3Bpopular_nearby_landmarks%3D900077457%3Bpopular_nearby_landmarks%3D900059522%3Bpopular_nearby_landmarks%3D900074335%3Bpopular_nearby_landmarks%3D900074331%3Bpopular_nearby_landmarks%3D900053658%3Bpopular_nearby_landmarks%3D900053661%3Bpopular_nearby_landmarks%3D900053669%3Bpopular_nearby_landmarks%3D900058091%3Bpopular_nearby_landmarks%3D900059233%3Bpopular_nearby_landmarks%3D900059236%3Bpopular_nearby_landmarks%3D900059439%3Bpopular_nearby_landmarks%3D900059447%3Bpopular_nearby_landmarks%3D900059529%3Bpopular_nearby_landmarks%3D900069601%3Bpopular_nearby_landmarks%3D900069602%3Bpopular_nearby_landmarks%3D900069603%3Bpopular_nearby_landmarks%3D900070379%3Bpopular_nearby_landmarks%3D900074815%3Bpopular_nearby_landmarks%3D900074898%3Bpopular_nearby_landmarks%3D900075026%3Bpopular_nearby_landmarks%3D900059238","Evergreen Cottage","Scored 10","10","Value for money 9.9","Featuring lake views, Evergreen Cottage in Ella provides accommodations and a garden. This property offers access to a balcony and free private parking.","· 20 reviews","Opens in new window","Ella","Show prices","Exceptional","Show on map","","https://cf.bstatic.com/xdata/images/hotel/square600/819431878.webp?k=40738fa7a7af0a3601a719b07da921917624e70d491b829ded18e6beb0507bfa&o="
"1777049497-2","https://www.booking.com/searchresults.html?label=bristol-XLwodozx2dVe8Ts0XeYuawS752260715469%3Apl%3Ata%3Ap1%3Ap2%3Aac%3Aap%3Aneg%3Afi%3Atikwd-869815001187%3Alp1009919%3Ali%3Adec%3Adm%3Appccp%3DUmFuZG9tSVYkc2RlIyh9YXdX6HrtnYy-Ml68sH-ljtU&aid=311984&dest_id=198&dest_type=country&group_adults=2&req_adults=2&no_rooms=1&broad_search_not_eligible=1&order=score&nflt=ht_id%3D204%3Bht_id%3D213%3Bht_id%3D216%3Bht_id%3D201%3Btop_destinations%3D6021%3Bpopular_nearby_landmarks%3D900059521%3Bpopular_nearby_landmarks%3D900059520%3Bpopular_nearby_landmarks%3D900074332%3Bpopular_nearby_landmarks%3D900077457%3Bpopular_nearby_landmarks%3D900059522%3Bpopular_nearby_landmarks%3D900074335%3Bpopular_nearby_landmarks%3D900074331%3Bpopular_nearby_landmarks%3D900053658%3Bpopular_nearby_landmarks%3D900053661%3Bpopular_nearby_landmarks%3D900053669%3Bpopular_nearby_landmarks%3D900058091%3Bpopular_nearby_landmarks%3D900059233%3Bpopular_nearby_landmarks%3D900059236%3Bpopular_nearby_landmarks%3D900059439%3Bpopular_nearby_landmarks%3D900059447%3Bpopular_nearby_landmarks%3D900059529%3Bpopular_nearby_landmarks%3D900069601%3Bpopular_nearby_landmarks%3D900069602%3Bpopular_nearby_landmarks%3D900069603%3Bpopular_nearby_landmarks%3D900070379%3Bpopular_nearby_landmarks%3D900074815%3Bpopular_nearby_landmarks%3D900074898%3Bpopular_nearby_landmarks%3D900075026%3Bpopular_nearby_landmarks%3D900059238","Noble Nova Ella","Scored 10","10","Value for money 10","3.4 miles from Demodara Nine Arch Bridge in Ella, Noble Nova Ella features accommodations with access to a public bath. This property offers access to a terrace, free private parking, and free Wifi.","· 9 reviews","Opens in new window","Ella","Show prices","Exceptional","Show on map","New to Booking.com","https://cf.bstatic.com/xdata/images/hotel/square600/855116083.webp?k=7efc410794897628920c6405ec1837f75d0dc46c8e2b9a49b73ea87fe7304768&o="
"1777049497-3","https://www.booking.com/searchresults.html?label=bristol-XLwodozx2dVe8Ts0XeYuawS752260715469%3Apl%3Ata%3Ap1%3Ap2%3Aac%3Aap%3Aneg%3Afi%3Atikwd-869815001187%3Alp1009919%3Ali%3Adec%3Adm%3Appccp%3DUmFuZG9tSVYkc2RlIyh9YXdX6HrtnYy-Ml68sH-ljtU&aid=311984&dest_id=198&dest_type=country&group_adults=2&req_adults=2&no_rooms=1&broad_search_not_eligible=1&order=score&nflt=ht_id%3D204%3Bht_id%3D213%3Bht_id%3D216%3Bht_id%3D201%3Btop_destinations%3D6021%3Bpopular_nearby_landmarks%3D900059521%3Bpopular_nearby_landmarks%3D900059520%3Bpopular_nearby_landmarks%3D900074332%3Bpopular_nearby_landmarks%3D900077457%3Bpopular_nearby_landmarks%3D900059522%3Bpopular_nearby_landmarks%3D900074335%3Bpopular_nearby_landmarks%3D900074331%3Bpopular_nearby_landmarks%3D900053658%3Bpopular_nearby_landmarks%3D900053661%3Bpopular_nearby_landmarks%3D900053669%3Bpopular_nearby_landmarks%3D900058091%3Bpopular_nearby_landmarks%3D900059233%3Bpopular_nearby_landmarks%3D900059236%3Bpopular_nearby_landmarks%3D900059439%3Bpopular_nearby_landmarks%3D900059447%3Bpopular_nearby_landmarks%3D900059529%3Bpopular_nearby_landmarks%3D900069601%3Bpopular_nearby_landmarks%3D900069602%3Bpopular_nearby_landmarks%3D900069603%3Bpopular_nearby_landmarks%3D900070379%3Bpopular_nearby_landmarks%3D900074815%3Bpopular_nearby_landmarks%3D900074898%3Bpopular_nearby_landmarks%3D900075026%3Bpopular_nearby_landmarks%3D900059238","Green Nature Paradise Ella","Scored 9.9","9.9","Value for money 9.9","Located in Ella, a few steps from Demodara Nine Arch Bridge, Green Nature Paradise Ella provides accommodations with a garden, free private parking and a terrace.","· 376 reviews","Opens in new window","Ella","Show prices","Exceptional","Show on map","","https://cf.bstatic.com/xdata/images/hotel/square600/402701498.webp?k=c9733a25e4183d3f8af0e740fe65ad60c90a99733966d150e4cf5f469cb2157d&o="
"1777049497-4","https://www.booking.com/searchresults.html?label=bristol-XLwodozx2dVe8Ts0XeYuawS752260715469%3Apl%3Ata%3Ap1%3Ap2%3Aac%3Aap%3Aneg%3Afi%3Atikwd-869815001187%3Alp1009919%3Ali%3Adec%3Adm%3Appccp%3DUmFuZG9tSVYkc2RlIyh9YXdX6HrtnYy-Ml68sH-ljtU&aid=311984&dest_id=198&dest_type=country&group_adults=2&req_adults=2&no_rooms=1&broad_search_not_eligible=1&order=score&nflt=ht_id%3D204%3Bht_id%3D213%3Bht_id%3D216%3Bht_id%3D201%3Btop_destinations%3D6021%3Bpopular_nearby_landmarks%3D900059521%3Bpopular_nearby_landmarks%3D900059520%3Bpopular_nearby_landmarks%3D900074332%3Bpopular_nearby_landmarks%3D900077457%3Bpopular_nearby_landmarks%3D900059522%3Bpopular_nearby_landmarks%3D900074335%3Bpopular_nearby_landmarks%3D900074331%3Bpopular_nearby_landmarks%3D900053658%3Bpopular_nearby_landmarks%3D900053661%3Bpopular_nearby_landmarks%3D900053669%3Bpopular_nearby_landmarks%3D900058091%3Bpopular_nearby_landmarks%3D900059233%3Bpopular_nearby_landmarks%3D900059236%3Bpopular_nearby_landmarks%3D900059439%3Bpopular_nearby_landmarks%3D900059447%3Bpopular_nearby_landmarks%3D900059529%3Bpopular_nearby_landmarks%3D900069601%3Bpopular_nearby_landmarks%3D900069602%3Bpopular_nearby_landmarks%3D900069603%3Bpopular_nearby_landmarks%3D900070379%3Bpopular_nearby_landmarks%3D900074815%3Bpopular_nearby_landmarks%3D900074898%3Bpopular_nearby_landmarks%3D900075026%3Bpopular_nearby_landmarks%3D900059238","Shine Haven Ella","Scored 9.9","9.9","Value for money 10","Featuring a garden, Shine Haven Ella features accommodations in Ella. This property offers access to a terrace, free private parking, and free Wifi. Staff on site can arrange a shuttle service.","· 13 reviews","Opens in new window","Ella","Show prices","Exceptional","Show on map","","https://cf.bstatic.com/xdata/images/hotel/square600/829164894.webp?k=2a5a8c4eb357fb7784f36772572c121417a2f42545346d841be7bc74c4bd6b3b&o="
"1777049497-5","https://www.booking.com/searchresults.html?label=bristol-XLwodozx2dVe8Ts0XeYuawS752260715469%3Apl%3Ata%3Ap1%3Ap2%3Aac%3Aap%3Aneg%3Afi%3Atikwd-869815001187%3Alp1009919%3Ali%3Adec%3Adm%3Appccp%3DUmFuZG9tSVYkc2RlIyh9YXdX6HrtnYy-Ml68sH-ljtU&aid=311984&dest_id=198&dest_type=country&group_adults=2&req_adults=2&no_rooms=1&broad_search_not_eligible=1&order=score&nflt=ht_id%3D204%3Bht_id%3D213%3Bht_id%3D216%3Bht_id%3D201%3Btop_destinations%3D6021%3Bpopular_nearby_landmarks%3D900059521%3Bpopular_nearby_landmarks%3D900059520%3Bpopular_nearby_landmarks%3D900074332%3Bpopular_nearby_landmarks%3D900077457%3Bpopular_nearby_landmarks%3D900059522%3Bpopular_nearby_landmarks%3D900074335%3Bpopular_nearby_landmarks%3D900074331%3Bpopular_nearby_landmarks%3D900053658%3Bpopular_nearby_landmarks%3D900053661%3Bpopular_nearby_landmarks%3D900053669%3Bpopular_nearby_landmarks%3D900058091%3Bpopular_nearby_landmarks%3D900059233%3Bpopular_nearby_landmarks%3D900059236%3Bpopular_nearby_landmarks%3D900059439%3Bpopular_nearby_landmarks%3D900059447%3Bpopular_nearby_landmarks%3D900059529%3Bpopular_nearby_landmarks%3D900069601%3Bpopular_nearby_landmarks%3D900069602%3Bpopular_nearby_landmarks%3D900069603%3Bpopular_nearby_landmarks%3D900070379%3Bpopular_nearby_landmarks%3D900074815%3Bpopular_nearby_landmarks%3D900074898%3Bpopular_nearby_landmarks%3D900075026%3Bpopular_nearby_landmarks%3D900059238","Serene Space Ella","Scored 9.9","9.9","Value for money 10","Just a 19-minute walk from Demodara Nine Arch Bridge and 0.6 miles from Ella Spice Garden Cooking Class, Serene Space Ella features accommodations in Ella with a garden.","· 8 reviews","Opens in new window","Ella","Show prices","Exceptional","Show on map","","https://cf.bstatic.com/xdata/images/hotel/square600/800057332.webp?k=2ea2b32a7ab208f39031b7809e74fdd54f2e08c4431718dfde97bd4c43668227&o="
"1777049497-6","https://www.booking.com/searchresults.html?label=bristol-XLwodozx2dVe8Ts0XeYuawS752260715469%3Apl%3Ata%3Ap1%3Ap2%3Aac%3Aap%3Aneg%3Afi%3Atikwd-869815001187%3Alp1009919%3Ali%3Adec%3Adm%3Appccp%3DUmFuZG9tSVYkc2RlIyh9YXdX6HrtnYy-Ml68sH-ljtU&aid=311984&dest_id=198&dest_type=country&group_adults=2&req_adults=2&no_rooms=1&broad_search_not_eligible=1&order=score&nflt=ht_id%3D204%3Bht_id%3D213%3Bht_id%3D216%3Bht_id%3D201%3Btop_destinations%3D6021%3Bpopular_nearby_landmarks%3D900059521%3Bpopular_nearby_landmarks%3D900059520%3Bpopular_nearby_landmarks%3D900074332%3Bpopular_nearby_landmarks%3D900077457%3Bpopular_nearby_landmarks%3D900059522%3Bpopular_nearby_landmarks%3D900074335%3Bpopular_nearby_landmarks%3D900074331%3Bpopular_nearby_landmarks%3D900053658%3Bpopular_nearby_landmarks%3D900053661%3Bpopular_nearby_landmarks%3D900053669%3Bpopular_nearby_landmarks%3D900058091%3Bpopular_nearby_landmarks%3D900059233%3Bpopular_nearby_landmarks%3D900059236%3Bpopular_nearby_landmarks%3D900059439%3Bpopular_nearby_landmarks%3D900059447%3Bpopular_nearby_landmarks%3D900059529%3Bpopular_nearby_landmarks%3D900069601%3Bpopular_nearby_landmarks%3D900069602%3Bpopular_nearby_landmarks%3D900069603%3Bpopular_nearby_landmarks%3D900070379%3Bpopular_nearby_landmarks%3D900074815%3Bpopular_nearby_landmarks%3D900074898%3Bpopular_nearby_landmarks%3D900075026%3Bpopular_nearby_landmarks%3D900059238","Roo Heaven Villas","Scored 9.9","9.9","Value for money 10","Roo Heaven Villas is a recently renovated villa in Haputale near Haputale Railway Station. This property offers access to a terrace, free private parking, and free Wifi. Guests can use the a garden.","· 8 reviews","Opens in new window","Haputale","Show prices","Exceptional","Show on map","","https://cf.bstatic.com/xdata/images/hotel/square600/829340136.webp?k=61d53ced095ef02bbc1f98d75c102ebb9dea4affdacc47c37284ac8822f628d2&o="
"1777049497-7","https://www.booking.com/searchresults.html?label=bristol-XLwodozx2dVe8Ts0XeYuawS752260715469%3Apl%3Ata%3Ap1%3Ap2%3Aac%3Aap%3Aneg%3Afi%3Atikwd-869815001187%3Alp1009919%3Ali%3Adec%3Adm%3Appccp%3DUmFuZG9tSVYkc2RlIyh9YXdX6HrtnYy-Ml68sH-ljtU&aid=311984&dest_id=198&dest_type=country&group_adults=2&req_adults=2&no_rooms=1&broad_search_not_eligible=1&order=score&nflt=ht_id%3D204%3Bht_id%3D213%3Bht_id%3D216%3Bht_id%3D201%3Btop_destinations%3D6021%3Bpopular_nearby_landmarks%3D900059521%3Bpopular_nearby_landmarks%3D900059520%3Bpopular_nearby_landmarks%3D900074332%3Bpopular_nearby_landmarks%3D900077457%3Bpopular_nearby_landmarks%3D900059522%3Bpopular_nearby_landmarks%3D900074335%3Bpopular_nearby_landmarks%3D900074331%3Bpopular_nearby_landmarks%3D900053658%3Bpopular_nearby_landmarks%3D900053661%3Bpopular_nearby_landmarks%3D900053669%3Bpopular_nearby_landmarks%3D900058091%3Bpopular_nearby_landmarks%3D900059233%3Bpopular_nearby_landmarks%3D900059236%3Bpopular_nearby_landmarks%3D900059439%3Bpopular_nearby_landmarks%3D900059447%3Bpopular_nearby_landmarks%3D900059529%3Bpopular_nearby_landmarks%3D900069601%3Bpopular_nearby_landmarks%3D900069602%3Bpopular_nearby_landmarks%3D900069603%3Bpopular_nearby_landmarks%3D900070379%3Bpopular_nearby_landmarks%3D900074815%3Bpopular_nearby_landmarks%3D900074898%3Bpopular_nearby_landmarks%3D900075026%3Bpopular_nearby_landmarks%3D900059238","Sun Top Grand","Scored 9.8","9.8","Value for money 9.7","Located in Ella, 2.8 miles from Demodara Nine Arch Bridge, Sun Top Grand has accommodations with a garden, free private parking, a terrace and a restaurant.","· 9 reviews","Opens in new window","Ella","Show prices","Exceptional","Show on map","New to Booking.com","https://cf.bstatic.com/xdata/images/hotel/square600/822399440.webp?k=e20c171b1173f54a8094af3ec56245e64d9355ffce13af43cb9f3f2dd8401772&o="
"1777049497-8","https://www.booking.com/searchresults.html?label=bristol-XLwodozx2dVe8Ts0XeYuawS752260715469%3Apl%3Ata%3Ap1%3Ap2%3Aac%3Aap%3Aneg%3Afi%3Atikwd-869815001187%3Alp1009919%3Ali%3Adec%3Adm%3Appccp%3DUmFuZG9tSVYkc2RlIyh9YXdX6HrtnYy-Ml68sH-ljtU&aid=311984&dest_id=198&dest_type=country&group_adults=2&req_adults=2&no_rooms=1&broad_search_not_eligible=1&order=score&nflt=ht_id%3D204%3Bht_id%3D213%3Bht_id%3D216%3Bht_id%3D201%3Btop_destinations%3D6021%3Bpopular_nearby_landmarks%3D900059521%3Bpopular_nearby_landmarks%3D900059520%3Bpopular_nearby_landmarks%3D900074332%3Bpopular_nearby_landmarks%3D900077457%3Bpopular_nearby_landmarks%3D900059522%3Bpopular_nearby_landmarks%3D900074335%3Bpopular_nearby_landmarks%3D900074331%3Bpopular_nearby_landmarks%3D900053658%3Bpopular_nearby_landmarks%3D900053661%3Bpopular_nearby_landmarks%3D900053669%3Bpopular_nearby_landmarks%3D900058091%3Bpopular_nearby_landmarks%3D900059233%3Bpopular_nearby_landmarks%3D900059236%3Bpopular_nearby_landmarks%3D900059439%3Bpopular_nearby_landmarks%3D900059447%3Bpopular_nearby_landmarks%3D900059529%3Bpopular_nearby_landmarks%3D900069601%3Bpopular_nearby_landmarks%3D900069602%3Bpopular_nearby_landmarks%3D900069603%3Bpopular_nearby_landmarks%3D900070379%3Bpopular_nearby_landmarks%3D900074815%3Bpopular_nearby_landmarks%3D900074898%3Bpopular_nearby_landmarks%3D900075026%3Bpopular_nearby_landmarks%3D900059238","Hill Glow Stay Ella","Scored 9.8","9.8","Value for money 9.5","Offering a garden, Hill Glow Stay Ella offers accommodations in Ella. This property offers access to a terrace, free private parking, and free Wifi.","· 5 reviews","Opens in new window","Ella","Show prices","Exceptional","Show on map","","https://cf.bstatic.com/xdata/images/hotel/square600/791768504.webp?k=caa77bfc6606210b35613e0772459a406b648c7b4f821ed86c219cfd77d48b16&o="
"1777049497-9","https://www.booking.com/searchresults.html?label=bristol-XLwodozx2dVe8Ts0XeYuawS752260715469%3Apl%3Ata%3Ap1%3Ap2%3Aac%3Aap%3Aneg%3Afi%3Atikwd-869815001187%3Alp1009919%3Ali%3Adec%3Adm%3Appccp%3DUmFuZG9tSVYkc2RlIyh9YXdX6HrtnYy-Ml68sH-ljtU&aid=311984&dest_id=198&dest_type=country&group_adults=2&req_adults=2&no_rooms=1&broad_search_not_eligible=1&order=score&nflt=ht_id%3D204%3Bht_id%3D213%3Bht_id%3D216%3Bht_id%3D201%3Btop_destinations%3D6021%3Bpopular_nearby_landmarks%3D900059521%3Bpopular_nearby_landmarks%3D900059520%3Bpopular_nearby_landmarks%3D900074332%3Bpopular_nearby_landmarks%3D900077457%3Bpopular_nearby_landmarks%3D900059522%3Bpopular_nearby_landmarks%3D900074335%3Bpopular_nearby_landmarks%3D900074331%3Bpopular_nearby_landmarks%3D900053658%3Bpopular_nearby_landmarks%3D900053661%3Bpopular_nearby_landmarks%3D900053669%3Bpopular_nearby_landmarks%3D900058091%3Bpopular_nearby_landmarks%3D900059233%3Bpopular_nearby_landmarks%3D900059236%3Bpopular_nearby_landmarks%3D900059439%3Bpopular_nearby_landmarks%3D900059447%3Bpopular_nearby_landmarks%3D900059529%3Bpopular_nearby_landmarks%3D900069601%3Bpopular_nearby_landmarks%3D900069602%3Bpopular_nearby_landmarks%3D900069603%3Bpopular_nearby_landmarks%3D900070379%3Bpopular_nearby_landmarks%3D900074815%3Bpopular_nearby_landmarks%3D900074898%3Bpopular_nearby_landmarks%3D900075026%3Bpopular_nearby_landmarks%3D900059238","Ella Hillcrest Heaven-Free Pickup from Ella","Scored 9.7","9.7","Value for money 9.5","Ella Hillcrest Heaven-Free Pickup from Ella is a recently renovated apartment in Ella, near Demodara Nine Arch Bridge. This property offers access to a terrace, free private parking, and free Wifi.","· 45 reviews","Opens in new window","Ella","Show prices","Exceptional","Show on map","","https://cf.bstatic.com/xdata/images/hotel/square600/714967931.webp?k=f2916261f4c77573612ab5d34bcf9b59f7ee13a4e51312b8696f0b444efd8797&o="
"1777049497-10","https://www.booking.com/searchresults.html?label=bristol-XLwodozx2dVe8Ts0XeYuawS752260715469%3Apl%3Ata%3Ap1%3Ap2%3Aac%3Aap%3Aneg%3Afi%3Atikwd-869815001187%3Alp1009919%3Ali%3Adec%3Adm%3Appccp%3DUmFuZG9tSVYkc2RlIyh9YXdX6HrtnYy-Ml68sH-ljtU&aid=311984&dest_id=198&dest_type=country&group_adults=2&req_adults=2&no_rooms=1&broad_search_not_eligible=1&order=score&nflt=ht_id%3D204%3Bht_id%3D213%3Bht_id%3D216%3Bht_id%3D201%3Btop_destinations%3D6021%3Bpopular_nearby_landmarks%3D900059521%3Bpopular_nearby_landmarks%3D900059520%3Bpopular_nearby_landmarks%3D900074332%3Bpopular_nearby_landmarks%3D900077457%3Bpopular_nearby_landmarks%3D900059522%3Bpopular_nearby_landmarks%3D900074335%3Bpopular_nearby_landmarks%3D900074331%3Bpopular_nearby_landmarks%3D900053658%3Bpopular_nearby_landmarks%3D900053661%3Bpopular_nearby_landmarks%3D900053669%3Bpopular_nearby_landmarks%3D900058091%3Bpopular_nearby_landmarks%3D900059233%3Bpopular_nearby_landmarks%3D900059236%3Bpopular_nearby_landmarks%3D900059439%3Bpopular_nearby_landmarks%3D900059447%3Bpopular_nearby_landmarks%3D900059529%3Bpopular_nearby_landmarks%3D900069601%3Bpopular_nearby_landmarks%3D900069602%3Bpopular_nearby_landmarks%3D900069603%3Bpopular_nearby_landmarks%3D900070379%3Bpopular_nearby_landmarks%3D900074815%3Bpopular_nearby_landmarks%3D900074898%3Bpopular_nearby_landmarks%3D900075026%3Bpopular_nearby_landmarks%3D900059238","Ella Secret Paradise","Scored 9.7","9.7","Value for money 9.6","Just a 6-minute walk from Ella Train Station and 0.8 miles from Ella Spice Garden Cooking Class, Ella Secret Paradise features accommodations in Ella, with a garden.","· 260 reviews","Opens in new window","Ella","Show prices","Exceptional","Show on map","","https://cf.bstatic.com/xdata/images/hotel/square600/154388681.webp?k=4e56686626674f7ec71877b5dab06c65ff9819cdf47bda4b998ac66e7c3fdca7&o="
"1777049497-11","https://www.booking.com/searchresults.html?label=bristol-XLwodozx2dVe8Ts0XeYuawS752260715469%3Apl%3Ata%3Ap1%3Ap2%3Aac%3Aap%3Aneg%3Afi%3Atikwd-869815001187%3Alp1009919%3Ali%3Adec%3Adm%3Appccp%3DUmFuZG9tSVYkc2RlIyh9YXdX6HrtnYy-Ml68sH-ljtU&aid=311984&dest_id=198&dest_type=country&group_adults=2&req_adults=2&no_rooms=1&broad_search_not_eligible=1&order=score&nflt=ht_id%3D204%3Bht_id%3D213%3Bht_id%3D216%3Bht_id%3D201%3Btop_destinations%3D6021%3Bpopular_nearby_landmarks%3D900059521%3Bpopular_nearby_landmarks%3D900059520%3Bpopular_nearby_landmarks%3D900074332%3Bpopular_nearby_landmarks%3D900077457%3Bpopular_nearby_landmarks%3D900059522%3Bpopular_nearby_landmarks%3D900074335%3Bpopular_nearby_landmarks%3D900074331%3Bpopular_nearby_landmarks%3D900053658%3Bpopular_nearby_landmarks%3D900053661%3Bpopular_nearby_landmarks%3D900053669%3Bpopular_nearby_landmarks%3D900058091%3Bpopular_nearby_landmarks%3D900059233%3Bpopular_nearby_landmarks%3D900059236%3Bpopular_nearby_landmarks%3D900059439%3Bpopular_nearby_landmarks%3D900059447%3Bpopular_nearby_landmarks%3D900059529%3Bpopular_nearby_landmarks%3D900069601%3Bpopular_nearby_landmarks%3D900069602%3Bpopular_nearby_landmarks%3D900069603%3Bpopular_nearby_landmarks%3D900070379%3Bpopular_nearby_landmarks%3D900074815%3Bpopular_nearby_landmarks%3D900074898%3Bpopular_nearby_landmarks%3D900075026%3Bpopular_nearby_landmarks%3D900059238","Green Forest Cabanas - Ella","Scored 9.7","9.7","Value for money 9.8","Located in Ella, within 1.8 miles of Demodara Nine Arch Bridge and 30 miles of Hakgala Botanical Garden, Green Forest Cabanas - Ella has accommodations with a garden and free WiFi throughout the...","· 36 reviews","Opens in new window","Ella","Show prices","Exceptional","Show on map","","https://cf.bstatic.com/xdata/images/hotel/square600/786000088.webp?k=a853ee1703d626097c10c9649f81f05a32187a9ca7fcd4fd163d0dbc584ecb1f&o="
"1777049497-12","https://www.booking.com/searchresults.html?label=bristol-XLwodozx2dVe8Ts0XeYuawS752260715469%3Apl%3Ata%3Ap1%3Ap2%3Aac%3Aap%3Aneg%3Afi%3Atikwd-869815001187%3Alp1009919%3Ali%3Adec%3Adm%3Appccp%3DUmFuZG9tSVYkc2RlIyh9YXdX6HrtnYy-Ml68sH-ljtU&aid=311984&dest_id=198&dest_type=country&group_adults=2&req_adults=2&no_rooms=1&broad_search_not_eligible=1&order=score&nflt=ht_id%3D204%3Bht_id%3D213%3Bht_id%3D216%3Bht_id%3D201%3Btop_destinations%3D6021%3Bpopular_nearby_landmarks%3D900059521%3Bpopular_nearby_landmarks%3D900059520%3Bpopular_nearby_landmarks%3D900074332%3Bpopular_nearby_landmarks%3D900077457%3Bpopular_nearby_landmarks%3D900059522%3Bpopular_nearby_landmarks%3D900074335%3Bpopular_nearby_landmarks%3D900074331%3Bpopular_nearby_landmarks%3D900053658%3Bpopular_nearby_landmarks%3D900053661%3Bpopular_nearby_landmarks%3D900053669%3Bpopular_nearby_landmarks%3D900058091%3Bpopular_nearby_landmarks%3D900059233%3Bpopular_nearby_landmarks%3D900059236%3Bpopular_nearby_landmarks%3D900059439%3Bpopular_nearby_landmarks%3D900059447%3Bpopular_nearby_landmarks%3D900059529%3Bpopular_nearby_landmarks%3D900069601%3Bpopular_nearby_landmarks%3D900069602%3Bpopular_nearby_landmarks%3D900069603%3Bpopular_nearby_landmarks%3D900070379%3Bpopular_nearby_landmarks%3D900074815%3Bpopular_nearby_landmarks%3D900074898%3Bpopular_nearby_landmarks%3D900075026%3Bpopular_nearby_landmarks%3D900059238","Berghaus Bungalow","Scored 9.6","9.6","Value for money 10","Located in Ella, 3.5 miles from Demodara Nine Arch Bridge, Berghaus Bungalow has accommodations with a garden, free private parking and a terrace.","· 14 reviews","Opens in new window","Ella","Show prices","Exceptional","Show on map","","https://cf.bstatic.com/xdata/images/hotel/square600/408827686.webp?k=eb9345029cbeec7a8ef181798d184b1dad4af8b241d17361eac472016986f6ed&o="
"1777049497-13","https://www.booking.com/searchresults.html?label=bristol-XLwodozx2dVe8Ts0XeYuawS752260715469%3Apl%3Ata%3Ap1%3Ap2%3Aac%3Aap%3Aneg%3Afi%3Atikwd-869815001187%3Alp1009919%3Ali%3Adec%3Adm%3Appccp%3DUmFuZG9tSVYkc2RlIyh9YXdX6HrtnYy-Ml68sH-ljtU&aid=311984&dest_id=198&dest_type=country&group_adults=2&req_adults=2&no_rooms=1&broad_search_not_eligible=1&order=score&nflt=ht_id%3D204%3Bht_id%3D213%3Bht_id%3D216%3Bht_id%3D201%3Btop_destinations%3D6021%3Bpopular_nearby_landmarks%3D900059521%3Bpopular_nearby_landmarks%3D900059520%3Bpopular_nearby_landmarks%3D900074332%3Bpopular_nearby_landmarks%3D900077457%3Bpopular_nearby_landmarks%3D900059522%3Bpopular_nearby_landmarks%3D900074335%3Bpopular_nearby_landmarks%3D900074331%3Bpopular_nearby_landmarks%3D900053658%3Bpopular_nearby_landmarks%3D900053661%3Bpopular_nearby_landmarks%3D900053669%3Bpopular_nearby_landmarks%3D900058091%3Bpopular_nearby_landmarks%3D900059233%3Bpopular_nearby_landmarks%3D900059236%3Bpopular_nearby_landmarks%3D900059439%3Bpopular_nearby_landmarks%3D900059447%3Bpopular_nearby_landmarks%3D900059529%3Bpopular_nearby_landmarks%3D900069601%3Bpopular_nearby_landmarks%3D900069602%3Bpopular_nearby_landmarks%3D900069603%3Bpopular_nearby_landmarks%3D900070379%3Bpopular_nearby_landmarks%3D900074815%3Bpopular_nearby_landmarks%3D900074898%3Bpopular_nearby_landmarks%3D900075026%3Bpopular_nearby_landmarks%3D900059238","Liora Cottage Ella","Scored 9.6","9.6","Value for money 9.6","Located in Ella, within 1.7 miles of Demodara Nine Arch Bridge and 30 miles of Hakgala Botanical Garden, Liora Cottage Ella provides accommodations with a garden and free WiFi throughout the property...","· 39 reviews","Opens in new window","Ella","Show prices","Exceptional","Show on map","","https://cf.bstatic.com/xdata/images/hotel/square600/805044984.webp?k=98a775a1906cf46b91c1ba176303baca77f094141c0cf9b1d3ea37e3198876fb&o="
"1777049497-14","https://www.booking.com/searchresults.html?label=bristol-XLwodozx2dVe8Ts0XeYuawS752260715469%3Apl%3Ata%3Ap1%3Ap2%3Aac%3Aap%3Aneg%3Afi%3Atikwd-869815001187%3Alp1009919%3Ali%3Adec%3Adm%3Appccp%3DUmFuZG9tSVYkc2RlIyh9YXdX6HrtnYy-Ml68sH-ljtU&aid=311984&dest_id=198&dest_type=country&group_adults=2&req_adults=2&no_rooms=1&broad_search_not_eligible=1&order=score&nflt=ht_id%3D204%3Bht_id%3D213%3Bht_id%3D216%3Bht_id%3D201%3Btop_destinations%3D6021%3Bpopular_nearby_landmarks%3D900059521%3Bpopular_nearby_landmarks%3D900059520%3Bpopular_nearby_landmarks%3D900074332%3Bpopular_nearby_landmarks%3D900077457%3Bpopular_nearby_landmarks%3D900059522%3Bpopular_nearby_landmarks%3D900074335%3Bpopular_nearby_landmarks%3D900074331%3Bpopular_nearby_landmarks%3D900053658%3Bpopular_nearby_landmarks%3D900053661%3Bpopular_nearby_landmarks%3D900053669%3Bpopular_nearby_landmarks%3D900058091%3Bpopular_nearby_landmarks%3D900059233%3Bpopular_nearby_landmarks%3D900059236%3Bpopular_nearby_landmarks%3D900059439%3Bpopular_nearby_landmarks%3D900059447%3Bpopular_nearby_landmarks%3D900059529%3Bpopular_nearby_landmarks%3D900069601%3Bpopular_nearby_landmarks%3D900069602%3Bpopular_nearby_landmarks%3D900069603%3Bpopular_nearby_landmarks%3D900070379%3Bpopular_nearby_landmarks%3D900074815%3Bpopular_nearby_landmarks%3D900074898%3Bpopular_nearby_landmarks%3D900075026%3Bpopular_nearby_landmarks%3D900059238","Mistara Ella","Scored 9.6","9.6","Value for money 9.6","Located in Ella, 2.6 miles from Demodara Nine Arch Bridge, Mistara Ella has accommodations with a garden, free private parking, a terrace and a restaurant.","· 17 reviews","Opens in new window","Ella","Show prices","Exceptional","Show on map","New to Booking.com","https://cf.bstatic.com/xdata/images/hotel/square600/831083398.webp?k=1909eba4901017d2aaa22bf4dc0dd04b094604947dbcd3701f8fc8be54ed3bb5&o="
"1777049497-15","https://www.booking.com/searchresults.html?label=bristol-XLwodozx2dVe8Ts0XeYuawS752260715469%3Apl%3Ata%3Ap1%3Ap2%3Aac%3Aap%3Aneg%3Afi%3Atikwd-869815001187%3Alp1009919%3Ali%3Adec%3Adm%3Appccp%3DUmFuZG9tSVYkc2RlIyh9YXdX6HrtnYy-Ml68sH-ljtU&aid=311984&dest_id=198&dest_type=country&group_adults=2&req_adults=2&no_rooms=1&broad_search_not_eligible=1&order=score&nflt=ht_id%3D204%3Bht_id%3D213%3Bht_id%3D216%3Bht_id%3D201%3Btop_destinations%3D6021%3Bpopular_nearby_landmarks%3D900059521%3Bpopular_nearby_landmarks%3D900059520%3Bpopular_nearby_landmarks%3D900074332%3Bpopular_nearby_landmarks%3D900077457%3Bpopular_nearby_landmarks%3D900059522%3Bpopular_nearby_landmarks%3D900074335%3Bpopular_nearby_landmarks%3D900074331%3Bpopular_nearby_landmarks%3D900053658%3Bpopular_nearby_landmarks%3D900053661%3Bpopular_nearby_landmarks%3D900053669%3Bpopular_nearby_landmarks%3D900058091%3Bpopular_nearby_landmarks%3D900059233%3Bpopular_nearby_landmarks%3D900059236%3Bpopular_nearby_landmarks%3D900059439%3Bpopular_nearby_landmarks%3D900059447%3Bpopular_nearby_landmarks%3D900059529%3Bpopular_nearby_landmarks%3D900069601%3Bpopular_nearby_landmarks%3D900069602%3Bpopular_nearby_landmarks%3D900069603%3Bpopular_nearby_landmarks%3D900070379%3Bpopular_nearby_landmarks%3D900074815%3Bpopular_nearby_landmarks%3D900074898%3Bpopular_nearby_landmarks%3D900075026%3Bpopular_nearby_landmarks%3D900059238","Mount shadows","Scored 9.6","9.6","Value for money 9.7","Mount shadows offers accommodations in Ella, 3.4 miles from Demodara Nine Arch Bridge and 31 miles from Hakgala Botanical Garden. With mountain views, this accommodation features a terrace.","· 241 reviews","Opens in new window","Ella","Show prices","Exceptional","Show on map","","https://cf.bstatic.com/xdata/images/hotel/square600/779335110.webp?k=0b0027f301fa49bd7153ce97301a48042ecec21d23c3222342b0a03578a6afab&o="
"1777049497-16","https://www.booking.com/searchresults.html?label=bristol-XLwodozx2dVe8Ts0XeYuawS752260715469%3Apl%3Ata%3Ap1%3Ap2%3Aac%3Aap%3Aneg%3Afi%3Atikwd-869815001187%3Alp1009919%3Ali%3Adec%3Adm%3Appccp%3DUmFuZG9tSVYkc2RlIyh9YXdX6HrtnYy-Ml68sH-ljtU&aid=311984&dest_id=198&dest_type=country&group_adults=2&req_adults=2&no_rooms=1&broad_search_not_eligible=1&order=score&nflt=ht_id%3D204%3Bht_id%3D213%3Bht_id%3D216%3Bht_id%3D201%3Btop_destinations%3D6021%3Bpopular_nearby_landmarks%3D900059521%3Bpopular_nearby_landmarks%3D900059520%3Bpopular_nearby_landmarks%3D900074332%3Bpopular_nearby_landmarks%3D900077457%3Bpopular_nearby_landmarks%3D900059522%3Bpopular_nearby_landmarks%3D900074335%3Bpopular_nearby_landmarks%3D900074331%3Bpopular_nearby_landmarks%3D900053658%3Bpopular_nearby_landmarks%3D900053661%3Bpopular_nearby_landmarks%3D900053669%3Bpopular_nearby_landmarks%3D900058091%3Bpopular_nearby_landmarks%3D900059233%3Bpopular_nearby_landmarks%3D900059236%3Bpopular_nearby_landmarks%3D900059439%3Bpopular_nearby_landmarks%3D900059447%3Bpopular_nearby_landmarks%3D900059529%3Bpopular_nearby_landmarks%3D900069601%3Bpopular_nearby_landmarks%3D900069602%3Bpopular_nearby_landmarks%3D900069603%3Bpopular_nearby_landmarks%3D900070379%3Bpopular_nearby_landmarks%3D900074815%3Bpopular_nearby_landmarks%3D900074898%3Bpopular_nearby_landmarks%3D900075026%3Bpopular_nearby_landmarks%3D900059238","Divine View Homestay","Scored 9.6","9.6","Value for money 9.8","Divine View Homestay features accommodations in Ella near Ella Spice Garden Cooking Class and Ella Train Station.","· 662 reviews","Opens in new window","Ella","Show prices","Exceptional","Show on map","","https://cf.bstatic.com/xdata/images/hotel/square600/170266702.webp?k=5f90f05b217c5cfb1b5369009484624f8aed86d626af1c165545c590942187dc&o="
"1777049497-17","https://www.booking.com/searchresults.html?label=bristol-XLwodozx2dVe8Ts0XeYuawS752260715469%3Apl%3Ata%3Ap1%3Ap2%3Aac%3Aap%3Aneg%3Afi%3Atikwd-869815001187%3Alp1009919%3Ali%3Adec%3Adm%3Appccp%3DUmFuZG9tSVYkc2RlIyh9YXdX6HrtnYy-Ml68sH-ljtU&aid=311984&dest_id=198&dest_type=country&group_adults=2&req_adults=2&no_rooms=1&broad_search_not_eligible=1&order=score&nflt=ht_id%3D204%3Bht_id%3D213%3Bht_id%3D216%3Bht_id%3D201%3Btop_destinations%3D6021%3Bpopular_nearby_landmarks%3D900059521%3Bpopular_nearby_landmarks%3D900059520%3Bpopular_nearby_landmarks%3D900074332%3Bpopular_nearby_landmarks%3D900077457%3Bpopular_nearby_landmarks%3D900059522%3Bpopular_nearby_landmarks%3D900074335%3Bpopular_nearby_landmarks%3D900074331%3Bpopular_nearby_landmarks%3D900053658%3Bpopular_nearby_landmarks%3D900053661%3Bpopular_nearby_landmarks%3D900053669%3Bpopular_nearby_landmarks%3D900058091%3Bpopular_nearby_landmarks%3D900059233%3Bpopular_nearby_landmarks%3D900059236%3Bpopular_nearby_landmarks%3D900059439%3Bpopular_nearby_landmarks%3D900059447%3Bpopular_nearby_landmarks%3D900059529%3Bpopular_nearby_landmarks%3D900069601%3Bpopular_nearby_landmarks%3D900069602%3Bpopular_nearby_landmarks%3D900069603%3Bpopular_nearby_landmarks%3D900070379%3Bpopular_nearby_landmarks%3D900074815%3Bpopular_nearby_landmarks%3D900074898%3Bpopular_nearby_landmarks%3D900075026%3Bpopular_nearby_landmarks%3D900059238","Winwood Ella","Scored 9.6","9.6","Value for money 9.6","Located in Ella, within 3.1 miles of Demodara Nine Arch Bridge and 30 miles of Hakgala Botanical Garden, Winwood Ella has accommodations with a terrace and free WiFi as well as free private parking...","· 696 reviews","Opens in new window","Ella","Show prices","Exceptional","Show on map","","https://cf.bstatic.com/xdata/images/hotel/square600/423861448.webp?k=5a6d591464977b7647f911512f613d0c2037c03d1cc5fb9186a6b851b9019433&o="
"1777049497-18","https://www.booking.com/searchresults.html?label=bristol-XLwodozx2dVe8Ts0XeYuawS752260715469%3Apl%3Ata%3Ap1%3Ap2%3Aac%3Aap%3Aneg%3Afi%3Atikwd-869815001187%3Alp1009919%3Ali%3Adec%3Adm%3Appccp%3DUmFuZG9tSVYkc2RlIyh9YXdX6HrtnYy-Ml68sH-ljtU&aid=311984&dest_id=198&dest_type=country&group_adults=2&req_adults=2&no_rooms=1&broad_search_not_eligible=1&order=score&nflt=ht_id%3D204%3Bht_id%3D213%3Bht_id%3D216%3Bht_id%3D201%3Btop_destinations%3D6021%3Bpopular_nearby_landmarks%3D900059521%3Bpopular_nearby_landmarks%3D900059520%3Bpopular_nearby_landmarks%3D900074332%3Bpopular_nearby_landmarks%3D900077457%3Bpopular_nearby_landmarks%3D900059522%3Bpopular_nearby_landmarks%3D900074335%3Bpopular_nearby_landmarks%3D900074331%3Bpopular_nearby_landmarks%3D900053658%3Bpopular_nearby_landmarks%3D900053661%3Bpopular_nearby_landmarks%3D900053669%3Bpopular_nearby_landmarks%3D900058091%3Bpopular_nearby_landmarks%3D900059233%3Bpopular_nearby_landmarks%3D900059236%3Bpopular_nearby_landmarks%3D900059439%3Bpopular_nearby_landmarks%3D900059447%3Bpopular_nearby_landmarks%3D900059529%3Bpopular_nearby_landmarks%3D900069601%3Bpopular_nearby_landmarks%3D900069602%3Bpopular_nearby_landmarks%3D900069603%3Bpopular_nearby_landmarks%3D900070379%3Bpopular_nearby_landmarks%3D900074815%3Bpopular_nearby_landmarks%3D900074898%3Bpopular_nearby_landmarks%3D900075026%3Bpopular_nearby_landmarks%3D900059238","Ella Mount Heaven","Scored 9.6","9.6","Value for money 10","Located in Ella, 5.2 miles from Demodara Nine Arch Bridge, Ella Mount Heaven provides accommodations with a terrace, free private parking, a restaurant and a bar. This 4-star hotel offers room...","· 9 reviews","Opens in new window","Ella","Show prices","Exceptional","Show on map","","https://cf.bstatic.com/xdata/images/hotel/square600/827471499.webp?k=c5012a10231947565e7f50c0bee9691ab95f79eca0e42af0a34364d12ad53355&o="
"1777049497-19","https://www.booking.com/searchresults.html?label=bristol-XLwodozx2dVe8Ts0XeYuawS752260715469%3Apl%3Ata%3Ap1%3Ap2%3Aac%3Aap%3Aneg%3Afi%3Atikwd-869815001187%3Alp1009919%3Ali%3Adec%3Adm%3Appccp%3DUmFuZG9tSVYkc2RlIyh9YXdX6HrtnYy-Ml68sH-ljtU&aid=311984&dest_id=198&dest_type=country&group_adults=2&req_adults=2&no_rooms=1&broad_search_not_eligible=1&order=score&nflt=ht_id%3D204%3Bht_id%3D213%3Bht_id%3D216%3Bht_id%3D201%3Btop_destinations%3D6021%3Bpopular_nearby_landmarks%3D900059521%3Bpopular_nearby_landmarks%3D900059520%3Bpopular_nearby_landmarks%3D900074332%3Bpopular_nearby_landmarks%3D900077457%3Bpopular_nearby_landmarks%3D900059522%3Bpopular_nearby_landmarks%3D900074335%3Bpopular_nearby_landmarks%3D900074331%3Bpopular_nearby_landmarks%3D900053658%3Bpopular_nearby_landmarks%3D900053661%3Bpopular_nearby_landmarks%3D900053669%3Bpopular_nearby_landmarks%3D900058091%3Bpopular_nearby_landmarks%3D900059233%3Bpopular_nearby_landmarks%3D900059236%3Bpopular_nearby_landmarks%3D900059439%3Bpopular_nearby_landmarks%3D900059447%3Bpopular_nearby_landmarks%3D900059529%3Bpopular_nearby_landmarks%3D900069601%3Bpopular_nearby_landmarks%3D900069602%3Bpopular_nearby_landmarks%3D900069603%3Bpopular_nearby_landmarks%3D900070379%3Bpopular_nearby_landmarks%3D900074815%3Bpopular_nearby_landmarks%3D900074898%3Bpopular_nearby_landmarks%3D900075026%3Bpopular_nearby_landmarks%3D900059238","Ella Grand Cabin","Scored 9.6","9.6","Value for money 9.5","Just a 14-minute walk from Ella Train Station and 0.9 miles from Ella Spice Garden Cooking Class, Ella Grand Cabin features accommodations in Ella with a garden.","· 15 reviews","Opens in new window","Ella","Show prices","Exceptional","Show on map","","https://cf.bstatic.com/xdata/images/hotel/square600/805235711.webp?k=f71359ae3f9a4ec675e447ffaf8b1248bc8762e2643a0789ce184780800cdcac&o="
"1777049497-20","https://www.booking.com/searchresults.html?label=bristol-XLwodozx2dVe8Ts0XeYuawS752260715469%3Apl%3Ata%3Ap1%3Ap2%3Aac%3Aap%3Aneg%3Afi%3Atikwd-869815001187%3Alp1009919%3Ali%3Adec%3Adm%3Appccp%3DUmFuZG9tSVYkc2RlIyh9YXdX6HrtnYy-Ml68sH-ljtU&aid=311984&dest_id=198&dest_type=country&group_adults=2&req_adults=2&no_rooms=1&broad_search_not_eligible=1&order=score&nflt=ht_id%3D204%3Bht_id%3D213%3Bht_id%3D216%3Bht_id%3D201%3Btop_destinations%3D6021%3Bpopular_nearby_landmarks%3D900059521%3Bpopular_nearby_landmarks%3D900059520%3Bpopular_nearby_landmarks%3D900074332%3Bpopular_nearby_landmarks%3D900077457%3Bpopular_nearby_landmarks%3D900059522%3Bpopular_nearby_landmarks%3D900074335%3Bpopular_nearby_landmarks%3D900074331%3Bpopular_nearby_landmarks%3D900053658%3Bpopular_nearby_landmarks%3D900053661%3Bpopular_nearby_landmarks%3D900053669%3Bpopular_nearby_landmarks%3D900058091%3Bpopular_nearby_landmarks%3D900059233%3Bpopular_nearby_landmarks%3D900059236%3Bpopular_nearby_landmarks%3D900059439%3Bpopular_nearby_landmarks%3D900059447%3Bpopular_nearby_landmarks%3D900059529%3Bpopular_nearby_landmarks%3D900069601%3Bpopular_nearby_landmarks%3D900069602%3Bpopular_nearby_landmarks%3D900069603%3Bpopular_nearby_landmarks%3D900070379%3Bpopular_nearby_landmarks%3D900074815%3Bpopular_nearby_landmarks%3D900074898%3Bpopular_nearby_landmarks%3D900075026%3Bpopular_nearby_landmarks%3D900059238","Snuggle Cottage","Scored 9.6","9.6","Value for money 9.8","Snuggle Cottage enjoys a location in Ella, 3.4 miles from Demodara Nine Arch Bridge and 28 miles from Hakgala Botanical Garden.","· 93 reviews","Opens in new window","Ella","Show prices","Exceptional","Show on map","","https://cf.bstatic.com/xdata/images/hotel/square600/664636025.webp?k=40d15d5de2787270075111ba159e24f803234edfdadcdaa0d7912900e36a281b&o="
"1777049497-21","https://www.booking.com/searchresults.html?label=bristol-XLwodozx2dVe8Ts0XeYuawS752260715469%3Apl%3Ata%3Ap1%3Ap2%3Aac%3Aap%3Aneg%3Afi%3Atikwd-869815001187%3Alp1009919%3Ali%3Adec%3Adm%3Appccp%3DUmFuZG9tSVYkc2RlIyh9YXdX6HrtnYy-Ml68sH-ljtU&aid=311984&dest_id=198&dest_type=country&group_adults=2&req_adults=2&no_rooms=1&broad_search_not_eligible=1&order=score&nflt=ht_id%3D204%3Bht_id%3D213%3Bht_id%3D216%3Bht_id%3D201%3Btop_destinations%3D6021%3Bpopular_nearby_landmarks%3D900059521%3Bpopular_nearby_landmarks%3D900059520%3Bpopular_nearby_landmarks%3D900074332%3Bpopular_nearby_landmarks%3D900077457%3Bpopular_nearby_landmarks%3D900059522%3Bpopular_nearby_landmarks%3D900074335%3Bpopular_nearby_landmarks%3D900074331%3Bpopular_nearby_landmarks%3D900053658%3Bpopular_nearby_landmarks%3D900053661%3Bpopular_nearby_landmarks%3D900053669%3Bpopular_nearby_landmarks%3D900058091%3Bpopular_nearby_landmarks%3D900059233%3Bpopular_nearby_landmarks%3D900059236%3Bpopular_nearby_landmarks%3D900059439%3Bpopular_nearby_landmarks%3D900059447%3Bpopular_nearby_landmarks%3D900059529%3Bpopular_nearby_landmarks%3D900069601%3Bpopular_nearby_landmarks%3D900069602%3Bpopular_nearby_landmarks%3D900069603%3Bpopular_nearby_landmarks%3D900070379%3Bpopular_nearby_landmarks%3D900074815%3Bpopular_nearby_landmarks%3D900074898%3Bpopular_nearby_landmarks%3D900075026%3Bpopular_nearby_landmarks%3D900059238","View arch wood cabin","Scored 9.6","9.6","Value for money 9.5","Featuring a garden, View arch wood cabin is located in Ella in the Badulla District region, 1.2 miles from Demodara Nine Arch Bridge and 1.2 miles from Little Adam's Peak.","· 42 reviews","Opens in new window","Ella","Show prices","Exceptional","Show on map","","https://cf.bstatic.com/xdata/images/hotel/square600/734860832.webp?k=fb7a0e8fc05a4e1bb3715344e165310b11f02545f7f059d40d601ba417eb7293&o="
"1777049497-22","https://www.booking.com/searchresults.html?label=bristol-XLwodozx2dVe8Ts0XeYuawS752260715469%3Apl%3Ata%3Ap1%3Ap2%3Aac%3Aap%3Aneg%3Afi%3Atikwd-869815001187%3Alp1009919%3Ali%3Adec%3Adm%3Appccp%3DUmFuZG9tSVYkc2RlIyh9YXdX6HrtnYy-Ml68sH-ljtU&aid=311984&dest_id=198&dest_type=country&group_adults=2&req_adults=2&no_rooms=1&broad_search_not_eligible=1&order=score&nflt=ht_id%3D204%3Bht_id%3D213%3Bht_id%3D216%3Bht_id%3D201%3Btop_destinations%3D6021%3Bpopular_nearby_landmarks%3D900059521%3Bpopular_nearby_landmarks%3D900059520%3Bpopular_nearby_landmarks%3D900074332%3Bpopular_nearby_landmarks%3D900077457%3Bpopular_nearby_landmarks%3D900059522%3Bpopular_nearby_landmarks%3D900074335%3Bpopular_nearby_landmarks%3D900074331%3Bpopular_nearby_landmarks%3D900053658%3Bpopular_nearby_landmarks%3D900053661%3Bpopular_nearby_landmarks%3D900053669%3Bpopular_nearby_landmarks%3D900058091%3Bpopular_nearby_landmarks%3D900059233%3Bpopular_nearby_landmarks%3D900059236%3Bpopular_nearby_landmarks%3D900059439%3Bpopular_nearby_landmarks%3D900059447%3Bpopular_nearby_landmarks%3D900059529%3Bpopular_nearby_landmarks%3D900069601%3Bpopular_nearby_landmarks%3D900069602%3Bpopular_nearby_landmarks%3D900069603%3Bpopular_nearby_landmarks%3D900070379%3Bpopular_nearby_landmarks%3D900074815%3Bpopular_nearby_landmarks%3D900074898%3Bpopular_nearby_landmarks%3D900075026%3Bpopular_nearby_landmarks%3D900059238","Duet Ella","Scored 9.6","9.6","Value for money 9.5","Duet Ella is located in Ella, just 3.6 miles from Demodara Nine Arch Bridge and 31 miles from Hakgala Botanical Garden. This property offers access to a terrace, free private parking, and free Wifi.","· 12 reviews","Opens in new window","Ella","Show prices","Exceptional","Show on map","","https://cf.bstatic.com/xdata/images/hotel/square600/516781621.webp?k=5d3a9d524908569c5870c1d1c4c5b02191de6fc8d1cd124ca29f297c633c3f52&o="
"1777049497-23","https://www.booking.com/searchresults.html?label=bristol-XLwodozx2dVe8Ts0XeYuawS752260715469%3Apl%3Ata%3Ap1%3Ap2%3Aac%3Aap%3Aneg%3Afi%3Atikwd-869815001187%3Alp1009919%3Ali%3Adec%3Adm%3Appccp%3DUmFuZG9tSVYkc2RlIyh9YXdX6HrtnYy-Ml68sH-ljtU&aid=311984&dest_id=198&dest_type=country&group_adults=2&req_adults=2&no_rooms=1&broad_search_not_eligible=1&order=score&nflt=ht_id%3D204%3Bht_id%3D213%3Bht_id%3D216%3Bht_id%3D201%3Btop_destinations%3D6021%3Bpopular_nearby_landmarks%3D900059521%3Bpopular_nearby_landmarks%3D900059520%3Bpopular_nearby_landmarks%3D900074332%3Bpopular_nearby_landmarks%3D900077457%3Bpopular_nearby_landmarks%3D900059522%3Bpopular_nearby_landmarks%3D900074335%3Bpopular_nearby_landmarks%3D900074331%3Bpopular_nearby_landmarks%3D900053658%3Bpopular_nearby_landmarks%3D900053661%3Bpopular_nearby_landmarks%3D900053669%3Bpopular_nearby_landmarks%3D900058091%3Bpopular_nearby_landmarks%3D900059233%3Bpopular_nearby_landmarks%3D900059236%3Bpopular_nearby_landmarks%3D900059439%3Bpopular_nearby_landmarks%3D900059447%3Bpopular_nearby_landmarks%3D900059529%3Bpopular_nearby_landmarks%3D900069601%3Bpopular_nearby_landmarks%3D900069602%3Bpopular_nearby_landmarks%3D900069603%3Bpopular_nearby_landmarks%3D900070379%3Bpopular_nearby_landmarks%3D900074815%3Bpopular_nearby_landmarks%3D900074898%3Bpopular_nearby_landmarks%3D900075026%3Bpopular_nearby_landmarks%3D900059238","Lavendra Paradise","Scored 9.5","9.5","Value for money 9.4","Located in Ella, within 3.3 miles of Demodara Nine Arch Bridge and 30 miles of Hakgala Botanical Garden, Lavendra Paradise provides accommodations with a garden and free WiFi as well as free private...","· 429 reviews","Opens in new window","Ella","Show prices","Exceptional","Show on map","","https://cf.bstatic.com/xdata/images/hotel/square600/423613542.webp?k=4728d9a8e0e85601a36fe4bf53ab420222969f7dc93b416157b7d7b81ef79aea&o="
"1777049497-24","https://www.booking.com/searchresults.html?label=bristol-XLwodozx2dVe8Ts0XeYuawS752260715469%3Apl%3Ata%3Ap1%3Ap2%3Aac%3Aap%3Aneg%3Afi%3Atikwd-869815001187%3Alp1009919%3Ali%3Adec%3Adm%3Appccp%3DUmFuZG9tSVYkc2RlIyh9YXdX6HrtnYy-Ml68sH-ljtU&aid=311984&dest_id=198&dest_type=country&group_adults=2&req_adults=2&no_rooms=1&broad_search_not_eligible=1&order=score&nflt=ht_id%3D204%3Bht_id%3D213%3Bht_id%3D216%3Bht_id%3D201%3Btop_destinations%3D6021%3Bpopular_nearby_landmarks%3D900059521%3Bpopular_nearby_landmarks%3D900059520%3Bpopular_nearby_landmarks%3D900074332%3Bpopular_nearby_landmarks%3D900077457%3Bpopular_nearby_landmarks%3D900059522%3Bpopular_nearby_landmarks%3D900074335%3Bpopular_nearby_landmarks%3D900074331%3Bpopular_nearby_landmarks%3D900053658%3Bpopular_nearby_landmarks%3D900053661%3Bpopular_nearby_landmarks%3D900053669%3Bpopular_nearby_landmarks%3D900058091%3Bpopular_nearby_landmarks%3D900059233%3Bpopular_nearby_landmarks%3D900059236%3Bpopular_nearby_landmarks%3D900059439%3Bpopular_nearby_landmarks%3D900059447%3Bpopular_nearby_landmarks%3D900059529%3Bpopular_nearby_landmarks%3D900069601%3Bpopular_nearby_landmarks%3D900069602%3Bpopular_nearby_landmarks%3D900069603%3Bpopular_nearby_landmarks%3D900070379%3Bpopular_nearby_landmarks%3D900074815%3Bpopular_nearby_landmarks%3D900074898%3Bpopular_nearby_landmarks%3D900075026%3Bpopular_nearby_landmarks%3D900059238","Nine Skies","Scored 9.5","9.5","Value for money 8.8","Nine Skies features free bikes, outdoor swimming pool, a garden and shared lounge in Ella. With free WiFi, this 5-star hotel has a restaurant and a bar. The hotel has family rooms.","· 29 reviews","Opens in new window","Ella","Show prices","Exceptional","Show on map","","https://cf.bstatic.com/xdata/images/hotel/square600/239446783.webp?k=9479ac115ece9e06a5d8c23be4e34ace3494c9dbc876d55c146baf2fc794d712&o="
"1777049497-25","https://www.booking.com/searchresults.html?label=bristol-XLwodozx2dVe8Ts0XeYuawS752260715469%3Apl%3Ata%3Ap1%3Ap2%3Aac%3Aap%3Aneg%3Afi%3Atikwd-869815001187%3Alp1009919%3Ali%3Adec%3Adm%3Appccp%3DUmFuZG9tSVYkc2RlIyh9YXdX6HrtnYy-Ml68sH-ljtU&aid=311984&dest_id=198&dest_type=country&group_adults=2&req_adults=2&no_rooms=1&broad_search_not_eligible=1&order=score&nflt=ht_id%3D204%3Bht_id%3D213%3Bht_id%3D216%3Bht_id%3D201%3Btop_destinations%3D6021%3Bpopular_nearby_landmarks%3D900059521%3Bpopular_nearby_landmarks%3D900059520%3Bpopular_nearby_landmarks%3D900074332%3Bpopular_nearby_landmarks%3D900077457%3Bpopular_nearby_landmarks%3D900059522%3Bpopular_nearby_landmarks%3D900074335%3Bpopular_nearby_landmarks%3D900074331%3Bpopular_nearby_landmarks%3D900053658%3Bpopular_nearby_landmarks%3D900053661%3Bpopular_nearby_landmarks%3D900053669%3Bpopular_nearby_landmarks%3D900058091%3Bpopular_nearby_landmarks%3D900059233%3Bpopular_nearby_landmarks%3D900059236%3Bpopular_nearby_landmarks%3D900059439%3Bpopular_nearby_landmarks%3D900059447%3Bpopular_nearby_landmarks%3D900059529%3Bpopular_nearby_landmarks%3D900069601%3Bpopular_nearby_landmarks%3D900069602%3Bpopular_nearby_landmarks%3D900069603%3Bpopular_nearby_landmarks%3D900070379%3Bpopular_nearby_landmarks%3D900074815%3Bpopular_nearby_landmarks%3D900074898%3Bpopular_nearby_landmarks%3D900075026%3Bpopular_nearby_landmarks%3D900059238","The black stone","Scored 9.5","9.5","Value for money 9.6","Just a 13-minute walk from Ella Train Station and 0.7 miles from Ella Spice Garden Cooking Class, The black stone features accommodations in Ella with a garden.","· 55 reviews","Opens in new window","Ella","Show prices","Exceptional","Show on map","","https://cf.bstatic.com/xdata/images/hotel/square600/441986368.webp?k=145cf033ef1eb5ca270b5f033eab365256d041b34c1e5f7c31d6ffe334562a69&o="
"1777049497-26","https://www.booking.com/searchresults.html?label=bristol-XLwodozx2dVe8Ts0XeYuawS752260715469%3Apl%3Ata%3Ap1%3Ap2%3Aac%3Aap%3Aneg%3Afi%3Atikwd-869815001187%3Alp1009919%3Ali%3Adec%3Adm%3Appccp%3DUmFuZG9tSVYkc2RlIyh9YXdX6HrtnYy-Ml68sH-ljtU&aid=311984&dest_id=198&dest_type=country&group_adults=2&req_adults=2&no_rooms=1&broad_search_not_eligible=1&order=score&nflt=ht_id%3D204%3Bht_id%3D213%3Bht_id%3D216%3Bht_id%3D201%3Btop_destinations%3D6021%3Bpopular_nearby_landmarks%3D900059521%3Bpopular_nearby_landmarks%3D900059520%3Bpopular_nearby_landmarks%3D900074332%3Bpopular_nearby_landmarks%3D900077457%3Bpopular_nearby_landmarks%3D900059522%3Bpopular_nearby_landmarks%3D900074335%3Bpopular_nearby_landmarks%3D900074331%3Bpopular_nearby_landmarks%3D900053658%3Bpopular_nearby_landmarks%3D900053661%3Bpopular_nearby_landmarks%3D900053669%3Bpopular_nearby_landmarks%3D900058091%3Bpopular_nearby_landmarks%3D900059233%3Bpopular_nearby_landmarks%3D900059236%3Bpopular_nearby_landmarks%3D900059439%3Bpopular_nearby_landmarks%3D900059447%3Bpopular_nearby_landmarks%3D900059529%3Bpopular_nearby_landmarks%3D900069601%3Bpopular_nearby_landmarks%3D900069602%3Bpopular_nearby_landmarks%3D900069603%3Bpopular_nearby_landmarks%3D900070379%3Bpopular_nearby_landmarks%3D900074815%3Bpopular_nearby_landmarks%3D900074898%3Bpopular_nearby_landmarks%3D900075026%3Bpopular_nearby_landmarks%3D900059238","Ohiya Our Time Kabana","Scored 9.5","9.5","Value for money 9.5","Ohiya Our Time Kabana is located in Ohiya, just 23 miles from Gregory Lake and 7.9 miles from Horton Plains National Park. This property offers access to a balcony, free private parking, and free...","· 11 reviews","Opens in new window","Ohiya","Show prices","Exceptional","Show on map","","https://cf.bstatic.com/xdata/images/hotel/square600/813303706.webp?k=74f27f2d014a36a32d0416a29b156d43e5e460c1ba88a3bec35f3f75472d7869&o="
"1777049497-27","https://www.booking.com/searchresults.html?label=bristol-XLwodozx2dVe8Ts0XeYuawS752260715469%3Apl%3Ata%3Ap1%3Ap2%3Aac%3Aap%3Aneg%3Afi%3Atikwd-869815001187%3Alp1009919%3Ali%3Adec%3Adm%3Appccp%3DUmFuZG9tSVYkc2RlIyh9YXdX6HrtnYy-Ml68sH-ljtU&aid=311984&dest_id=198&dest_type=country&group_adults=2&req_adults=2&no_rooms=1&broad_search_not_eligible=1&order=score&nflt=ht_id%3D204%3Bht_id%3D213%3Bht_id%3D216%3Bht_id%3D201%3Btop_destinations%3D6021%3Bpopular_nearby_landmarks%3D900059521%3Bpopular_nearby_landmarks%3D900059520%3Bpopular_nearby_landmarks%3D900074332%3Bpopular_nearby_landmarks%3D900077457%3Bpopular_nearby_landmarks%3D900059522%3Bpopular_nearby_landmarks%3D900074335%3Bpopular_nearby_landmarks%3D900074331%3Bpopular_nearby_landmarks%3D900053658%3Bpopular_nearby_landmarks%3D900053661%3Bpopular_nearby_landmarks%3D900053669%3Bpopular_nearby_landmarks%3D900058091%3Bpopular_nearby_landmarks%3D900059233%3Bpopular_nearby_landmarks%3D900059236%3Bpopular_nearby_landmarks%3D900059439%3Bpopular_nearby_landmarks%3D900059447%3Bpopular_nearby_landmarks%3D900059529%3Bpopular_nearby_landmarks%3D900069601%3Bpopular_nearby_landmarks%3D900069602%3Bpopular_nearby_landmarks%3D900069603%3Bpopular_nearby_landmarks%3D900070379%3Bpopular_nearby_landmarks%3D900074815%3Bpopular_nearby_landmarks%3D900074898%3Bpopular_nearby_landmarks%3D900075026%3Bpopular_nearby_landmarks%3D900059238","Bethel Ella","Scored 9.5","9.5","Value for money 9.4","Located in Ella, within 3.4 miles of Demodara Nine Arch Bridge and 30 miles of Hakgala Botanical Garden, Bethel Ella has accommodations with a terrace and free WiFi throughout the property as well as...","· 28 reviews","Opens in new window","Ella","Show prices","Exceptional","Show on map","New to Booking.com","https://cf.bstatic.com/xdata/images/hotel/square600/849192913.webp?k=27ea6b975690c4e17e20e3f43fb22dcd9979d699fb05ddb630ca8ac638f643bd&o="
"1777049497-28","https://www.booking.com/searchresults.html?label=bristol-XLwodozx2dVe8Ts0XeYuawS752260715469%3Apl%3Ata%3Ap1%3Ap2%3Aac%3Aap%3Aneg%3Afi%3Atikwd-869815001187%3Alp1009919%3Ali%3Adec%3Adm%3Appccp%3DUmFuZG9tSVYkc2RlIyh9YXdX6HrtnYy-Ml68sH-ljtU&aid=311984&dest_id=198&dest_type=country&group_adults=2&req_adults=2&no_rooms=1&broad_search_not_eligible=1&order=score&nflt=ht_id%3D204%3Bht_id%3D213%3Bht_id%3D216%3Bht_id%3D201%3Btop_destinations%3D6021%3Bpopular_nearby_landmarks%3D900059521%3Bpopular_nearby_landmarks%3D900059520%3Bpopular_nearby_landmarks%3D900074332%3Bpopular_nearby_landmarks%3D900077457%3Bpopular_nearby_landmarks%3D900059522%3Bpopular_nearby_landmarks%3D900074335%3Bpopular_nearby_landmarks%3D900074331%3Bpopular_nearby_landmarks%3D900053658%3Bpopular_nearby_landmarks%3D900053661%3Bpopular_nearby_landmarks%3D900053669%3Bpopular_nearby_landmarks%3D900058091%3Bpopular_nearby_landmarks%3D900059233%3Bpopular_nearby_landmarks%3D900059236%3Bpopular_nearby_landmarks%3D900059439%3Bpopular_nearby_landmarks%3D900059447%3Bpopular_nearby_landmarks%3D900059529%3Bpopular_nearby_landmarks%3D900069601%3Bpopular_nearby_landmarks%3D900069602%3Bpopular_nearby_landmarks%3D900069603%3Bpopular_nearby_landmarks%3D900070379%3Bpopular_nearby_landmarks%3D900074815%3Bpopular_nearby_landmarks%3D900074898%3Bpopular_nearby_landmarks%3D900075026%3Bpopular_nearby_landmarks%3D900059238","Nine Arch Wood Cabin","Scored 9.5","9.5","Value for money 9.5","Just a 8-minute walk from Demodara Nine Arch Bridge and one mile from Little Adam's Peak, Nine Arch Wood Cabin features accommodations in Ella, with free bikes, a garden, and a terrace.","· 123 reviews","Opens in new window","Ella","Show prices","Exceptional","Show on map","","https://cf.bstatic.com/xdata/images/hotel/square600/787281127.webp?k=e440153dbde03d07f151c157b1f2b01c56db84c799330725b86d4de09c6b0cff&o="
"1777049497-29","https://www.booking.com/searchresults.html?label=bristol-XLwodozx2dVe8Ts0XeYuawS752260715469%3Apl%3Ata%3Ap1%3Ap2%3Aac%3Aap%3Aneg%3Afi%3Atikwd-869815001187%3Alp1009919%3Ali%3Adec%3Adm%3Appccp%3DUmFuZG9tSVYkc2RlIyh9YXdX6HrtnYy-Ml68sH-ljtU&aid=311984&dest_id=198&dest_type=country&group_adults=2&req_adults=2&no_rooms=1&broad_search_not_eligible=1&order=score&nflt=ht_id%3D204%3Bht_id%3D213%3Bht_id%3D216%3Bht_id%3D201%3Btop_destinations%3D6021%3Bpopular_nearby_landmarks%3D900059521%3Bpopular_nearby_landmarks%3D900059520%3Bpopular_nearby_landmarks%3D900074332%3Bpopular_nearby_landmarks%3D900077457%3Bpopular_nearby_landmarks%3D900059522%3Bpopular_nearby_landmarks%3D900074335%3Bpopular_nearby_landmarks%3D900074331%3Bpopular_nearby_landmarks%3D900053658%3Bpopular_nearby_landmarks%3D900053661%3Bpopular_nearby_landmarks%3D900053669%3Bpopular_nearby_landmarks%3D900058091%3Bpopular_nearby_landmarks%3D900059233%3Bpopular_nearby_landmarks%3D900059236%3Bpopular_nearby_landmarks%3D900059439%3Bpopular_nearby_landmarks%3D900059447%3Bpopular_nearby_landmarks%3D900059529%3Bpopular_nearby_landmarks%3D900069601%3Bpopular_nearby_landmarks%3D900069602%3Bpopular_nearby_landmarks%3D900069603%3Bpopular_nearby_landmarks%3D900070379%3Bpopular_nearby_landmarks%3D900074815%3Bpopular_nearby_landmarks%3D900074898%3Bpopular_nearby_landmarks%3D900075026%3Bpopular_nearby_landmarks%3D900059238","Ella moon rock","Scored 9.5","9.5","Value for money 9.6","Located in Ella, 3.1 miles from Demodara Nine Arch Bridge, Ella moon rock has accommodations with a garden, free private parking and a terrace.","· 557 reviews","Opens in new window","Ella","Show prices","Exceptional","Show on map","","https://cf.bstatic.com/xdata/images/hotel/square600/331268848.webp?k=36280f3bfb0c465fbe8f22555f7094f0c333348ac6a7f7a63af4ad0faf6119ef&o="
"1777049497-30","https://www.booking.com/searchresults.html?label=bristol-XLwodozx2dVe8Ts0XeYuawS752260715469%3Apl%3Ata%3Ap1%3Ap2%3Aac%3Aap%3Aneg%3Afi%3Atikwd-869815001187%3Alp1009919%3Ali%3Adec%3Adm%3Appccp%3DUmFuZG9tSVYkc2RlIyh9YXdX6HrtnYy-Ml68sH-ljtU&aid=311984&dest_id=198&dest_type=country&group_adults=2&req_adults=2&no_rooms=1&broad_search_not_eligible=1&order=score&nflt=ht_id%3D204%3Bht_id%3D213%3Bht_id%3D216%3Bht_id%3D201%3Btop_destinations%3D6021%3Bpopular_nearby_landmarks%3D900059521%3Bpopular_nearby_landmarks%3D900059520%3Bpopular_nearby_landmarks%3D900074332%3Bpopular_nearby_landmarks%3D900077457%3Bpopular_nearby_landmarks%3D900059522%3Bpopular_nearby_landmarks%3D900074335%3Bpopular_nearby_landmarks%3D900074331%3Bpopular_nearby_landmarks%3D900053658%3Bpopular_nearby_landmarks%3D900053661%3Bpopular_nearby_landmarks%3D900053669%3Bpopular_nearby_landmarks%3D900058091%3Bpopular_nearby_landmarks%3D900059233%3Bpopular_nearby_landmarks%3D900059236%3Bpopular_nearby_landmarks%3D900059439%3Bpopular_nearby_landmarks%3D900059447%3Bpopular_nearby_landmarks%3D900059529%3Bpopular_nearby_landmarks%3D900069601%3Bpopular_nearby_landmarks%3D900069602%3Bpopular_nearby_landmarks%3D900069603%3Bpopular_nearby_landmarks%3D900070379%3Bpopular_nearby_landmarks%3D900074815%3Bpopular_nearby_landmarks%3D900074898%3Bpopular_nearby_landmarks%3D900075026%3Bpopular_nearby_landmarks%3D900059238","Humble Ella","Scored 9.5","9.5","Value for money 9.4","Located in Ella, a 16-minute walk from Demodara Nine Arch Bridge, Humble Ella has accommodations with a garden, free private parking, a shared lounge and a terrace.","· 20 reviews","Opens in new window","Ella","Show prices","Exceptional","Show on map","","https://cf.bstatic.com/xdata/images/hotel/square600/816333655.webp?k=c7fc78405bfbb1c02fc49c77a28d8c61a4684c23b96b00726c355f9081794df5&o="
"1777049497-31","https://www.booking.com/searchresults.html?label=bristol-XLwodozx2dVe8Ts0XeYuawS752260715469%3Apl%3Ata%3Ap1%3Ap2%3Aac%3Aap%3Aneg%3Afi%3Atikwd-869815001187%3Alp1009919%3Ali%3Adec%3Adm%3Appccp%3DUmFuZG9tSVYkc2RlIyh9YXdX6HrtnYy-Ml68sH-ljtU&aid=311984&dest_id=198&dest_type=country&group_adults=2&req_adults=2&no_rooms=1&broad_search_not_eligible=1&order=score&nflt=ht_id%3D204%3Bht_id%3D213%3Bht_id%3D216%3Bht_id%3D201%3Btop_destinations%3D6021%3Bpopular_nearby_landmarks%3D900059521%3Bpopular_nearby_landmarks%3D900059520%3Bpopular_nearby_landmarks%3D900074332%3Bpopular_nearby_landmarks%3D900077457%3Bpopular_nearby_landmarks%3D900059522%3Bpopular_nearby_landmarks%3D900074335%3Bpopular_nearby_landmarks%3D900074331%3Bpopular_nearby_landmarks%3D900053658%3Bpopular_nearby_landmarks%3D900053661%3Bpopular_nearby_landmarks%3D900053669%3Bpopular_nearby_landmarks%3D900058091%3Bpopular_nearby_landmarks%3D900059233%3Bpopular_nearby_landmarks%3D900059236%3Bpopular_nearby_landmarks%3D900059439%3Bpopular_nearby_landmarks%3D900059447%3Bpopular_nearby_landmarks%3D900059529%3Bpopular_nearby_landmarks%3D900069601%3Bpopular_nearby_landmarks%3D900069602%3Bpopular_nearby_landmarks%3D900069603%3Bpopular_nearby_landmarks%3D900070379%3Bpopular_nearby_landmarks%3D900074815%3Bpopular_nearby_landmarks%3D900074898%3Bpopular_nearby_landmarks%3D900075026%3Bpopular_nearby_landmarks%3D900059238","Talanta Ella","Scored 9.5","9.5","Value for money 9.7","A comfortable guest house close to Ella Train Station, Talanta Ella offers a base for a stress-free stay in Ella.","· 85 reviews","Opens in new window","Ella","Show prices","Exceptional","Show on map","","https://cf.bstatic.com/xdata/images/hotel/square600/625672910.webp?k=101f21514209730f73f175ee509771a8a8d63e160117e47df75cb709a873fec7&o="
"1777049497-32","https://www.booking.com/searchresults.html?label=bristol-XLwodozx2dVe8Ts0XeYuawS752260715469%3Apl%3Ata%3Ap1%3Ap2%3Aac%3Aap%3Aneg%3Afi%3Atikwd-869815001187%3Alp1009919%3Ali%3Adec%3Adm%3Appccp%3DUmFuZG9tSVYkc2RlIyh9YXdX6HrtnYy-Ml68sH-ljtU&aid=311984&dest_id=198&dest_type=country&group_adults=2&req_adults=2&no_rooms=1&broad_search_not_eligible=1&order=score&nflt=ht_id%3D204%3Bht_id%3D213%3Bht_id%3D216%3Bht_id%3D201%3Btop_destinations%3D6021%3Bpopular_nearby_landmarks%3D900059521%3Bpopular_nearby_landmarks%3D900059520%3Bpopular_nearby_landmarks%3D900074332%3Bpopular_nearby_landmarks%3D900077457%3Bpopular_nearby_landmarks%3D900059522%3Bpopular_nearby_landmarks%3D900074335%3Bpopular_nearby_landmarks%3D900074331%3Bpopular_nearby_landmarks%3D900053658%3Bpopular_nearby_landmarks%3D900053661%3Bpopular_nearby_landmarks%3D900053669%3Bpopular_nearby_landmarks%3D900058091%3Bpopular_nearby_landmarks%3D900059233%3Bpopular_nearby_landmarks%3D900059236%3Bpopular_nearby_landmarks%3D900059439%3Bpopular_nearby_landmarks%3D900059447%3Bpopular_nearby_landmarks%3D900059529%3Bpopular_nearby_landmarks%3D900069601%3Bpopular_nearby_landmarks%3D900069602%3Bpopular_nearby_landmarks%3D900069603%3Bpopular_nearby_landmarks%3D900070379%3Bpopular_nearby_landmarks%3D900074815%3Bpopular_nearby_landmarks%3D900074898%3Bpopular_nearby_landmarks%3D900075026%3Bpopular_nearby_landmarks%3D900059238","Ambiente Guest House","Scored 9.4","9.4","Value for money 9.4","Just a 12-minute walk from Ella Train Station and 0.8 miles from Ella Spice Garden Cooking Class, Ambiente Guest House features accommodations in Ella, with a garden.","· 185 reviews","Opens in new window","Ella","Show prices","Wonderful","Show on map","","https://cf.bstatic.com/xdata/images/hotel/square600/719747799.webp?k=bebce2aba8a3180d79fbc78ebb4f851151b26d73edafce123e84d208bc40cb69&o="
"1777049497-33","https://www.booking.com/searchresults.html?label=bristol-XLwodozx2dVe8Ts0XeYuawS752260715469%3Apl%3Ata%3Ap1%3Ap2%3Aac%3Aap%3Aneg%3Afi%3Atikwd-869815001187%3Alp1009919%3Ali%3Adec%3Adm%3Appccp%3DUmFuZG9tSVYkc2RlIyh9YXdX6HrtnYy-Ml68sH-ljtU&aid=311984&dest_id=198&dest_type=country&group_adults=2&req_adults=2&no_rooms=1&broad_search_not_eligible=1&order=score&nflt=ht_id%3D204%3Bht_id%3D213%3Bht_id%3D216%3Bht_id%3D201%3Btop_destinations%3D6021%3Bpopular_nearby_landmarks%3D900059521%3Bpopular_nearby_landmarks%3D900059520%3Bpopular_nearby_landmarks%3D900074332%3Bpopular_nearby_landmarks%3D900077457%3Bpopular_nearby_landmarks%3D900059522%3Bpopular_nearby_landmarks%3D900074335%3Bpopular_nearby_landmarks%3D900074331%3Bpopular_nearby_landmarks%3D900053658%3Bpopular_nearby_landmarks%3D900053661%3Bpopular_nearby_landmarks%3D900053669%3Bpopular_nearby_landmarks%3D900058091%3Bpopular_nearby_landmarks%3D900059233%3Bpopular_nearby_landmarks%3D900059236%3Bpopular_nearby_landmarks%3D900059439%3Bpopular_nearby_landmarks%3D900059447%3Bpopular_nearby_landmarks%3D900059529%3Bpopular_nearby_landmarks%3D900069601%3Bpopular_nearby_landmarks%3D900069602%3Bpopular_nearby_landmarks%3D900069603%3Bpopular_nearby_landmarks%3D900070379%3Bpopular_nearby_landmarks%3D900074815%3Bpopular_nearby_landmarks%3D900074898%3Bpopular_nearby_landmarks%3D900075026%3Bpopular_nearby_landmarks%3D900059238","Third Eye Ella","Scored 9.4","9.4","Value for money 9.6","Just a 4-minute walk from Ella Train Station and 0.4 miles from Ella Spice Garden Cooking Class, Third Eye Ella features accommodations in Ella with a garden.","· 533 reviews","Opens in new window","Ella","Show prices","Wonderful","Show on map","","https://cf.bstatic.com/xdata/images/hotel/square600/215204106.webp?k=aeb31f737b20dc2f328d64856c637fad60b52a4ae5ff60dde93c8ca90a95e07b&o="
"1777049497-34","https://www.booking.com/searchresults.html?label=bristol-XLwodozx2dVe8Ts0XeYuawS752260715469%3Apl%3Ata%3Ap1%3Ap2%3Aac%3Aap%3Aneg%3Afi%3Atikwd-869815001187%3Alp1009919%3Ali%3Adec%3Adm%3Appccp%3DUmFuZG9tSVYkc2RlIyh9YXdX6HrtnYy-Ml68sH-ljtU&aid=311984&dest_id=198&dest_type=country&group_adults=2&req_adults=2&no_rooms=1&broad_search_not_eligible=1&order=score&nflt=ht_id%3D204%3Bht_id%3D213%3Bht_id%3D216%3Bht_id%3D201%3Btop_destinations%3D6021%3Bpopular_nearby_landmarks%3D900059521%3Bpopular_nearby_landmarks%3D900059520%3Bpopular_nearby_landmarks%3D900074332%3Bpopular_nearby_landmarks%3D900077457%3Bpopular_nearby_landmarks%3D900059522%3Bpopular_nearby_landmarks%3D900074335%3Bpopular_nearby_landmarks%3D900074331%3Bpopular_nearby_landmarks%3D900053658%3Bpopular_nearby_landmarks%3D900053661%3Bpopular_nearby_landmarks%3D900053669%3Bpopular_nearby_landmarks%3D900058091%3Bpopular_nearby_landmarks%3D900059233%3Bpopular_nearby_landmarks%3D900059236%3Bpopular_nearby_landmarks%3D900059439%3Bpopular_nearby_landmarks%3D900059447%3Bpopular_nearby_landmarks%3D900059529%3Bpopular_nearby_landmarks%3D900069601%3Bpopular_nearby_landmarks%3D900069602%3Bpopular_nearby_landmarks%3D900069603%3Bpopular_nearby_landmarks%3D900070379%3Bpopular_nearby_landmarks%3D900074815%3Bpopular_nearby_landmarks%3D900074898%3Bpopular_nearby_landmarks%3D900075026%3Bpopular_nearby_landmarks%3D900059238","Ella Brown House","Scored 9.4","9.4","Value for money 9.5","Ella Brown House has a garden, shared lounge, a terrace and restaurant in Ella. Offering a bar, the property is located within 2.6 miles of Demodara Nine Arch Bridge.","· 18 reviews","Opens in new window","Ella","Show prices","Wonderful","Show on map","","https://cf.bstatic.com/xdata/images/hotel/square600/856056057.webp?k=76bca477d1075ba57386066e4bde10853a2a10a6643dcf2ee67b40c55ea14f16&o="
"1777049497-35","https://www.booking.com/searchresults.html?label=bristol-XLwodozx2dVe8Ts0XeYuawS752260715469%3Apl%3Ata%3Ap1%3Ap2%3Aac%3Aap%3Aneg%3Afi%3Atikwd-869815001187%3Alp1009919%3Ali%3Adec%3Adm%3Appccp%3DUmFuZG9tSVYkc2RlIyh9YXdX6HrtnYy-Ml68sH-ljtU&aid=311984&dest_id=198&dest_type=country&group_adults=2&req_adults=2&no_rooms=1&broad_search_not_eligible=1&order=score&nflt=ht_id%3D204%3Bht_id%3D213%3Bht_id%3D216%3Bht_id%3D201%3Btop_destinations%3D6021%3Bpopular_nearby_landmarks%3D900059521%3Bpopular_nearby_landmarks%3D900059520%3Bpopular_nearby_landmarks%3D900074332%3Bpopular_nearby_landmarks%3D900077457%3Bpopular_nearby_landmarks%3D900059522%3Bpopular_nearby_landmarks%3D900074335%3Bpopular_nearby_landmarks%3D900074331%3Bpopular_nearby_landmarks%3D900053658%3Bpopular_nearby_landmarks%3D900053661%3Bpopular_nearby_landmarks%3D900053669%3Bpopular_nearby_landmarks%3D900058091%3Bpopular_nearby_landmarks%3D900059233%3Bpopular_nearby_landmarks%3D900059236%3Bpopular_nearby_landmarks%3D900059439%3Bpopular_nearby_landmarks%3D900059447%3Bpopular_nearby_landmarks%3D900059529%3Bpopular_nearby_landmarks%3D900069601%3Bpopular_nearby_landmarks%3D900069602%3Bpopular_nearby_landmarks%3D900069603%3Bpopular_nearby_landmarks%3D900070379%3Bpopular_nearby_landmarks%3D900074815%3Bpopular_nearby_landmarks%3D900074898%3Bpopular_nearby_landmarks%3D900075026%3Bpopular_nearby_landmarks%3D900059238","V@Ella guesthouse","Scored 9.4","9.4","Value for money 9.7","V@Ella guesthouse is a recently renovated guest house in Ella near Ella Spice Garden Cooking Class. This property offers access to a terrace, free private parking, and free Wifi.","· 469 reviews","Opens in new window","Ella","Show prices","Wonderful","Show on map","","https://cf.bstatic.com/xdata/images/hotel/square600/744496353.webp?k=9c5248b388313c5aaed0f576142e0b4c60805cf62dd7f958f5c8a1e6be217adf&o="
"1777049497-36","https://www.booking.com/searchresults.html?label=bristol-XLwodozx2dVe8Ts0XeYuawS752260715469%3Apl%3Ata%3Ap1%3Ap2%3Aac%3Aap%3Aneg%3Afi%3Atikwd-869815001187%3Alp1009919%3Ali%3Adec%3Adm%3Appccp%3DUmFuZG9tSVYkc2RlIyh9YXdX6HrtnYy-Ml68sH-ljtU&aid=311984&dest_id=198&dest_type=country&group_adults=2&req_adults=2&no_rooms=1&broad_search_not_eligible=1&order=score&nflt=ht_id%3D204%3Bht_id%3D213%3Bht_id%3D216%3Bht_id%3D201%3Btop_destinations%3D6021%3Bpopular_nearby_landmarks%3D900059521%3Bpopular_nearby_landmarks%3D900059520%3Bpopular_nearby_landmarks%3D900074332%3Bpopular_nearby_landmarks%3D900077457%3Bpopular_nearby_landmarks%3D900059522%3Bpopular_nearby_landmarks%3D900074335%3Bpopular_nearby_landmarks%3D900074331%3Bpopular_nearby_landmarks%3D900053658%3Bpopular_nearby_landmarks%3D900053661%3Bpopular_nearby_landmarks%3D900053669%3Bpopular_nearby_landmarks%3D900058091%3Bpopular_nearby_landmarks%3D900059233%3Bpopular_nearby_landmarks%3D900059236%3Bpopular_nearby_landmarks%3D900059439%3Bpopular_nearby_landmarks%3D900059447%3Bpopular_nearby_landmarks%3D900059529%3Bpopular_nearby_landmarks%3D900069601%3Bpopular_nearby_landmarks%3D900069602%3Bpopular_nearby_landmarks%3D900069603%3Bpopular_nearby_landmarks%3D900070379%3Bpopular_nearby_landmarks%3D900074815%3Bpopular_nearby_landmarks%3D900074898%3Bpopular_nearby_landmarks%3D900075026%3Bpopular_nearby_landmarks%3D900059238","Forest Edge Villa","Scored 9.4","9.4","Value for money 9.8","Located in Ella, 3 miles from Demodara Nine Arch Bridge, Forest Edge Villa provides accommodations with a garden, free private parking, a terrace and a restaurant.","· 13 reviews","Opens in new window","Ella","Show prices","Wonderful","Show on map","","https://cf.bstatic.com/xdata/images/hotel/square600/802948596.webp?k=b87865ceb687a7015d1b9eefe6f0891a7c135a1893971e6cac51796cc251d144&o="
"1777049497-37","https://www.booking.com/searchresults.html?label=bristol-XLwodozx2dVe8Ts0XeYuawS752260715469%3Apl%3Ata%3Ap1%3Ap2%3Aac%3Aap%3Aneg%3Afi%3Atikwd-869815001187%3Alp1009919%3Ali%3Adec%3Adm%3Appccp%3DUmFuZG9tSVYkc2RlIyh9YXdX6HrtnYy-Ml68sH-ljtU&aid=311984&dest_id=198&dest_type=country&group_adults=2&req_adults=2&no_rooms=1&broad_search_not_eligible=1&order=score&nflt=ht_id%3D204%3Bht_id%3D213%3Bht_id%3D216%3Bht_id%3D201%3Btop_destinations%3D6021%3Bpopular_nearby_landmarks%3D900059521%3Bpopular_nearby_landmarks%3D900059520%3Bpopular_nearby_landmarks%3D900074332%3Bpopular_nearby_landmarks%3D900077457%3Bpopular_nearby_landmarks%3D900059522%3Bpopular_nearby_landmarks%3D900074335%3Bpopular_nearby_landmarks%3D900074331%3Bpopular_nearby_landmarks%3D900053658%3Bpopular_nearby_landmarks%3D900053661%3Bpopular_nearby_landmarks%3D900053669%3Bpopular_nearby_landmarks%3D900058091%3Bpopular_nearby_landmarks%3D900059233%3Bpopular_nearby_landmarks%3D900059236%3Bpopular_nearby_landmarks%3D900059439%3Bpopular_nearby_landmarks%3D900059447%3Bpopular_nearby_landmarks%3D900059529%3Bpopular_nearby_landmarks%3D900069601%3Bpopular_nearby_landmarks%3D900069602%3Bpopular_nearby_landmarks%3D900069603%3Bpopular_nearby_landmarks%3D900070379%3Bpopular_nearby_landmarks%3D900074815%3Bpopular_nearby_landmarks%3D900074898%3Bpopular_nearby_landmarks%3D900075026%3Bpopular_nearby_landmarks%3D900059238","Rivinu Holiday Resort","Scored 9.4","9.4","Value for money 9.3","Located in Ella, within 2.6 miles of Demodara Nine Arch Bridge and 30 miles of Hakgala Botanical Garden, Rivinu Holiday Resort has accommodations with a garden and free WiFi throughout the property as...","· 50 reviews","Opens in new window","Ella","Show prices","Wonderful","Show on map","","https://cf.bstatic.com/xdata/images/hotel/square600/800929351.webp?k=260702e3f399af53c267eceeb6075386ca1d2fd1ee562fac5545b02120d45ec7&o="
"1777049497-38","https://www.booking.com/searchresults.html?label=bristol-XLwodozx2dVe8Ts0XeYuawS752260715469%3Apl%3Ata%3Ap1%3Ap2%3Aac%3Aap%3Aneg%3Afi%3Atikwd-869815001187%3Alp1009919%3Ali%3Adec%3Adm%3Appccp%3DUmFuZG9tSVYkc2RlIyh9YXdX6HrtnYy-Ml68sH-ljtU&aid=311984&dest_id=198&dest_type=country&group_adults=2&req_adults=2&no_rooms=1&broad_search_not_eligible=1&order=score&nflt=ht_id%3D204%3Bht_id%3D213%3Bht_id%3D216%3Bht_id%3D201%3Btop_destinations%3D6021%3Bpopular_nearby_landmarks%3D900059521%3Bpopular_nearby_landmarks%3D900059520%3Bpopular_nearby_landmarks%3D900074332%3Bpopular_nearby_landmarks%3D900077457%3Bpopular_nearby_landmarks%3D900059522%3Bpopular_nearby_landmarks%3D900074335%3Bpopular_nearby_landmarks%3D900074331%3Bpopular_nearby_landmarks%3D900053658%3Bpopular_nearby_landmarks%3D900053661%3Bpopular_nearby_landmarks%3D900053669%3Bpopular_nearby_landmarks%3D900058091%3Bpopular_nearby_landmarks%3D900059233%3Bpopular_nearby_landmarks%3D900059236%3Bpopular_nearby_landmarks%3D900059439%3Bpopular_nearby_landmarks%3D900059447%3Bpopular_nearby_landmarks%3D900059529%3Bpopular_nearby_landmarks%3D900069601%3Bpopular_nearby_landmarks%3D900069602%3Bpopular_nearby_landmarks%3D900069603%3Bpopular_nearby_landmarks%3D900070379%3Bpopular_nearby_landmarks%3D900074815%3Bpopular_nearby_landmarks%3D900074898%3Bpopular_nearby_landmarks%3D900075026%3Bpopular_nearby_landmarks%3D900059238","Natural Mountain Cottage ella","Scored 9.4","9.4","Value for money 9.0","Located in Ella, 3.8 miles from Demodara Nine Arch Bridge, Natural Mountain Cottage ella has accommodations with a garden, free private parking and a restaurant.","· 35 reviews","Opens in new window","Ella","Show prices","Wonderful","Show on map","","https://cf.bstatic.com/xdata/images/hotel/square600/715588309.webp?k=294d8334cb521b55aa9eb2febdfc927a0102258a159f03ae437edeab29c92c27&o="
"1777049497-39","https://www.booking.com/searchresults.html?label=bristol-XLwodozx2dVe8Ts0XeYuawS752260715469%3Apl%3Ata%3Ap1%3Ap2%3Aac%3Aap%3Aneg%3Afi%3Atikwd-869815001187%3Alp1009919%3Ali%3Adec%3Adm%3Appccp%3DUmFuZG9tSVYkc2RlIyh9YXdX6HrtnYy-Ml68sH-ljtU&aid=311984&dest_id=198&dest_type=country&group_adults=2&req_adults=2&no_rooms=1&broad_search_not_eligible=1&order=score&nflt=ht_id%3D204%3Bht_id%3D213%3Bht_id%3D216%3Bht_id%3D201%3Btop_destinations%3D6021%3Bpopular_nearby_landmarks%3D900059521%3Bpopular_nearby_landmarks%3D900059520%3Bpopular_nearby_landmarks%3D900074332%3Bpopular_nearby_landmarks%3D900077457%3Bpopular_nearby_landmarks%3D900059522%3Bpopular_nearby_landmarks%3D900074335%3Bpopular_nearby_landmarks%3D900074331%3Bpopular_nearby_landmarks%3D900053658%3Bpopular_nearby_landmarks%3D900053661%3Bpopular_nearby_landmarks%3D900053669%3Bpopular_nearby_landmarks%3D900058091%3Bpopular_nearby_landmarks%3D900059233%3Bpopular_nearby_landmarks%3D900059236%3Bpopular_nearby_landmarks%3D900059439%3Bpopular_nearby_landmarks%3D900059447%3Bpopular_nearby_landmarks%3D900059529%3Bpopular_nearby_landmarks%3D900069601%3Bpopular_nearby_landmarks%3D900069602%3Bpopular_nearby_landmarks%3D900069603%3Bpopular_nearby_landmarks%3D900070379%3Bpopular_nearby_landmarks%3D900074815%3Bpopular_nearby_landmarks%3D900074898%3Bpopular_nearby_landmarks%3D900075026%3Bpopular_nearby_landmarks%3D900059238","Tin Tin Lodge","Scored 9.4","9.4","Value for money 9.6","Tin Tin Lodge has a garden, shared lounge, a restaurant and bar in Ella. The property is located 30 miles from Hakgala Botanical Garden, one mile from Little Adam's Peak and 2.5 miles from Ella Rock.","· 36 reviews","Opens in new window","Ella","Show prices","Wonderful","Show on map","","https://cf.bstatic.com/xdata/images/hotel/square600/802631637.webp?k=a072d2459ed3d3310d3ebe509260b984f97191c70ec3882ff77cf2544f24f166&o="
"1777049497-40","https://www.booking.com/searchresults.html?label=bristol-XLwodozx2dVe8Ts0XeYuawS752260715469%3Apl%3Ata%3Ap1%3Ap2%3Aac%3Aap%3Aneg%3Afi%3Atikwd-869815001187%3Alp1009919%3Ali%3Adec%3Adm%3Appccp%3DUmFuZG9tSVYkc2RlIyh9YXdX6HrtnYy-Ml68sH-ljtU&aid=311984&dest_id=198&dest_type=country&group_adults=2&req_adults=2&no_rooms=1&broad_search_not_eligible=1&order=score&nflt=ht_id%3D204%3Bht_id%3D213%3Bht_id%3D216%3Bht_id%3D201%3Btop_destinations%3D6021%3Bpopular_nearby_landmarks%3D900059521%3Bpopular_nearby_landmarks%3D900059520%3Bpopular_nearby_landmarks%3D900074332%3Bpopular_nearby_landmarks%3D900077457%3Bpopular_nearby_landmarks%3D900059522%3Bpopular_nearby_landmarks%3D900074335%3Bpopular_nearby_landmarks%3D900074331%3Bpopular_nearby_landmarks%3D900053658%3Bpopular_nearby_landmarks%3D900053661%3Bpopular_nearby_landmarks%3D900053669%3Bpopular_nearby_landmarks%3D900058091%3Bpopular_nearby_landmarks%3D900059233%3Bpopular_nearby_landmarks%3D900059236%3Bpopular_nearby_landmarks%3D900059439%3Bpopular_nearby_landmarks%3D900059447%3Bpopular_nearby_landmarks%3D900059529%3Bpopular_nearby_landmarks%3D900069601%3Bpopular_nearby_landmarks%3D900069602%3Bpopular_nearby_landmarks%3D900069603%3Bpopular_nearby_landmarks%3D900070379%3Bpopular_nearby_landmarks%3D900074815%3Bpopular_nearby_landmarks%3D900074898%3Bpopular_nearby_landmarks%3D900075026%3Bpopular_nearby_landmarks%3D900059238","Ella Willow Cottage","Scored 9.4","9.4","Value for money 9.5","Providing mountain views, Ella Willow Cottage in Ella provides accommodations and a garden. This property offers access to a balcony, free private parking, and free Wifi.","· 76 reviews","Opens in new window","Ella","Show prices","Wonderful","Show on map","","https://cf.bstatic.com/xdata/images/hotel/square600/573746040.webp?k=53205d9888e54e353fe930bc6e7fb431fa6803953dae108d9d7e8a5c71bc147e&o="
"1777049497-41","https://www.booking.com/searchresults.html?label=bristol-XLwodozx2dVe8Ts0XeYuawS752260715469%3Apl%3Ata%3Ap1%3Ap2%3Aac%3Aap%3Aneg%3Afi%3Atikwd-869815001187%3Alp1009919%3Ali%3Adec%3Adm%3Appccp%3DUmFuZG9tSVYkc2RlIyh9YXdX6HrtnYy-Ml68sH-ljtU&aid=311984&dest_id=198&dest_type=country&group_adults=2&req_adults=2&no_rooms=1&broad_search_not_eligible=1&order=score&nflt=ht_id%3D204%3Bht_id%3D213%3Bht_id%3D216%3Bht_id%3D201%3Btop_destinations%3D6021%3Bpopular_nearby_landmarks%3D900059521%3Bpopular_nearby_landmarks%3D900059520%3Bpopular_nearby_landmarks%3D900074332%3Bpopular_nearby_landmarks%3D900077457%3Bpopular_nearby_landmarks%3D900059522%3Bpopular_nearby_landmarks%3D900074335%3Bpopular_nearby_landmarks%3D900074331%3Bpopular_nearby_landmarks%3D900053658%3Bpopular_nearby_landmarks%3D900053661%3Bpopular_nearby_landmarks%3D900053669%3Bpopular_nearby_landmarks%3D900058091%3Bpopular_nearby_landmarks%3D900059233%3Bpopular_nearby_landmarks%3D900059236%3Bpopular_nearby_landmarks%3D900059439%3Bpopular_nearby_landmarks%3D900059447%3Bpopular_nearby_landmarks%3D900059529%3Bpopular_nearby_landmarks%3D900069601%3Bpopular_nearby_landmarks%3D900069602%3Bpopular_nearby_landmarks%3D900069603%3Bpopular_nearby_landmarks%3D900070379%3Bpopular_nearby_landmarks%3D900074815%3Bpopular_nearby_landmarks%3D900074898%3Bpopular_nearby_landmarks%3D900075026%3Bpopular_nearby_landmarks%3D900059238","Two Rock Vista","Scored 9.3","9.3","Value for money 9.7","Located in Ella, 3.4 miles from Demodara Nine Arch Bridge, Two Rock Vista has accommodations with a garden, free private parking and a terrace.","· 354 reviews","Opens in new window","Ella","Show prices","Wonderful","Show on map","","https://cf.bstatic.com/xdata/images/hotel/square600/265344015.webp?k=9bf170d40ccc0328444a71629c9038675d3194c144c32535405b5f3a408a1af6&o="
"1777049497-42","https://www.booking.com/searchresults.html?label=bristol-XLwodozx2dVe8Ts0XeYuawS752260715469%3Apl%3Ata%3Ap1%3Ap2%3Aac%3Aap%3Aneg%3Afi%3Atikwd-869815001187%3Alp1009919%3Ali%3Adec%3Adm%3Appccp%3DUmFuZG9tSVYkc2RlIyh9YXdX6HrtnYy-Ml68sH-ljtU&aid=311984&dest_id=198&dest_type=country&group_adults=2&req_adults=2&no_rooms=1&broad_search_not_eligible=1&order=score&nflt=ht_id%3D204%3Bht_id%3D213%3Bht_id%3D216%3Bht_id%3D201%3Btop_destinations%3D6021%3Bpopular_nearby_landmarks%3D900059521%3Bpopular_nearby_landmarks%3D900059520%3Bpopular_nearby_landmarks%3D900074332%3Bpopular_nearby_landmarks%3D900077457%3Bpopular_nearby_landmarks%3D900059522%3Bpopular_nearby_landmarks%3D900074335%3Bpopular_nearby_landmarks%3D900074331%3Bpopular_nearby_landmarks%3D900053658%3Bpopular_nearby_landmarks%3D900053661%3Bpopular_nearby_landmarks%3D900053669%3Bpopular_nearby_landmarks%3D900058091%3Bpopular_nearby_landmarks%3D900059233%3Bpopular_nearby_landmarks%3D900059236%3Bpopular_nearby_landmarks%3D900059439%3Bpopular_nearby_landmarks%3D900059447%3Bpopular_nearby_landmarks%3D900059529%3Bpopular_nearby_landmarks%3D900069601%3Bpopular_nearby_landmarks%3D900069602%3Bpopular_nearby_landmarks%3D900069603%3Bpopular_nearby_landmarks%3D900070379%3Bpopular_nearby_landmarks%3D900074815%3Bpopular_nearby_landmarks%3D900074898%3Bpopular_nearby_landmarks%3D900075026%3Bpopular_nearby_landmarks%3D900059238","Achivers Cabana Ella","Scored 9.3","9.3","Value for money 10","Located in Ella, 3.1 miles from Demodara Nine Arch Bridge, Achivers Cabana Ella provides accommodations with a garden, free private parking and a terrace.","· 6 reviews","Opens in new window","Ella","Show prices","Wonderful","Show on map","New to Booking.com","https://cf.bstatic.com/xdata/images/hotel/square600/816963309.webp?k=3b7286996b31034044b0a6fb3fd5177ddce7ec5766d951892735c9a74026b4b4&o="
"1777049497-43","https://www.booking.com/searchresults.html?label=bristol-XLwodozx2dVe8Ts0XeYuawS752260715469%3Apl%3Ata%3Ap1%3Ap2%3Aac%3Aap%3Aneg%3Afi%3Atikwd-869815001187%3Alp1009919%3Ali%3Adec%3Adm%3Appccp%3DUmFuZG9tSVYkc2RlIyh9YXdX6HrtnYy-Ml68sH-ljtU&aid=311984&dest_id=198&dest_type=country&group_adults=2&req_adults=2&no_rooms=1&broad_search_not_eligible=1&order=score&nflt=ht_id%3D204%3Bht_id%3D213%3Bht_id%3D216%3Bht_id%3D201%3Btop_destinations%3D6021%3Bpopular_nearby_landmarks%3D900059521%3Bpopular_nearby_landmarks%3D900059520%3Bpopular_nearby_landmarks%3D900074332%3Bpopular_nearby_landmarks%3D900077457%3Bpopular_nearby_landmarks%3D900059522%3Bpopular_nearby_landmarks%3D900074335%3Bpopular_nearby_landmarks%3D900074331%3Bpopular_nearby_landmarks%3D900053658%3Bpopular_nearby_landmarks%3D900053661%3Bpopular_nearby_landmarks%3D900053669%3Bpopular_nearby_landmarks%3D900058091%3Bpopular_nearby_landmarks%3D900059233%3Bpopular_nearby_landmarks%3D900059236%3Bpopular_nearby_landmarks%3D900059439%3Bpopular_nearby_landmarks%3D900059447%3Bpopular_nearby_landmarks%3D900059529%3Bpopular_nearby_landmarks%3D900069601%3Bpopular_nearby_landmarks%3D900069602%3Bpopular_nearby_landmarks%3D900069603%3Bpopular_nearby_landmarks%3D900070379%3Bpopular_nearby_landmarks%3D900074815%3Bpopular_nearby_landmarks%3D900074898%3Bpopular_nearby_landmarks%3D900075026%3Bpopular_nearby_landmarks%3D900059238","Tea Forest Lodge","Scored 9.3","9.3","Value for money 9.3","Offering a restaurant, Tea Forest Lodge is located in Ella, surrounding a view of the tea plantations. Free WiFi access is available. Each room here will provide you with a balcony.","· 120 reviews","Opens in new window","Ella","Show prices","Wonderful","Show on map","","https://cf.bstatic.com/xdata/images/hotel/square600/623978509.webp?k=1e8a47743c86d881d7f1c5f141fe117b6bdb2c09126dc15da9928b93ed990598&o="
"1777049497-44","https://www.booking.com/searchresults.html?label=bristol-XLwodozx2dVe8Ts0XeYuawS752260715469%3Apl%3Ata%3Ap1%3Ap2%3Aac%3Aap%3Aneg%3Afi%3Atikwd-869815001187%3Alp1009919%3Ali%3Adec%3Adm%3Appccp%3DUmFuZG9tSVYkc2RlIyh9YXdX6HrtnYy-Ml68sH-ljtU&aid=311984&dest_id=198&dest_type=country&group_adults=2&req_adults=2&no_rooms=1&broad_search_not_eligible=1&order=score&nflt=ht_id%3D204%3Bht_id%3D213%3Bht_id%3D216%3Bht_id%3D201%3Btop_destinations%3D6021%3Bpopular_nearby_landmarks%3D900059521%3Bpopular_nearby_landmarks%3D900059520%3Bpopular_nearby_landmarks%3D900074332%3Bpopular_nearby_landmarks%3D900077457%3Bpopular_nearby_landmarks%3D900059522%3Bpopular_nearby_landmarks%3D900074335%3Bpopular_nearby_landmarks%3D900074331%3Bpopular_nearby_landmarks%3D900053658%3Bpopular_nearby_landmarks%3D900053661%3Bpopular_nearby_landmarks%3D900053669%3Bpopular_nearby_landmarks%3D900058091%3Bpopular_nearby_landmarks%3D900059233%3Bpopular_nearby_landmarks%3D900059236%3Bpopular_nearby_landmarks%3D900059439%3Bpopular_nearby_landmarks%3D900059447%3Bpopular_nearby_landmarks%3D900059529%3Bpopular_nearby_landmarks%3D900069601%3Bpopular_nearby_landmarks%3D900069602%3Bpopular_nearby_landmarks%3D900069603%3Bpopular_nearby_landmarks%3D900070379%3Bpopular_nearby_landmarks%3D900074815%3Bpopular_nearby_landmarks%3D900074898%3Bpopular_nearby_landmarks%3D900075026%3Bpopular_nearby_landmarks%3D900059238","Pepper Garden Resort","Scored 9.3","9.3","Value for money 9.5","Featuring a garden and a terrace, Pepper Garden Resort is located in Ella, 2.5 miles from Demodara Nine Arch Bridge and 30 miles from Hakgala Botanical Garden.","· 243 reviews","Opens in new window","Ella","Show prices","Wonderful","Show on map","","https://cf.bstatic.com/xdata/images/hotel/square600/336634437.webp?k=05167ee7c4c03ac006cfd06e9288456438e620c52684daef62f5927c772ec2db&o="
"1777049497-45","https://www.booking.com/searchresults.html?label=bristol-XLwodozx2dVe8Ts0XeYuawS752260715469%3Apl%3Ata%3Ap1%3Ap2%3Aac%3Aap%3Aneg%3Afi%3Atikwd-869815001187%3Alp1009919%3Ali%3Adec%3Adm%3Appccp%3DUmFuZG9tSVYkc2RlIyh9YXdX6HrtnYy-Ml68sH-ljtU&aid=311984&dest_id=198&dest_type=country&group_adults=2&req_adults=2&no_rooms=1&broad_search_not_eligible=1&order=score&nflt=ht_id%3D204%3Bht_id%3D213%3Bht_id%3D216%3Bht_id%3D201%3Btop_destinations%3D6021%3Bpopular_nearby_landmarks%3D900059521%3Bpopular_nearby_landmarks%3D900059520%3Bpopular_nearby_landmarks%3D900074332%3Bpopular_nearby_landmarks%3D900077457%3Bpopular_nearby_landmarks%3D900059522%3Bpopular_nearby_landmarks%3D900074335%3Bpopular_nearby_landmarks%3D900074331%3Bpopular_nearby_landmarks%3D900053658%3Bpopular_nearby_landmarks%3D900053661%3Bpopular_nearby_landmarks%3D900053669%3Bpopular_nearby_landmarks%3D900058091%3Bpopular_nearby_landmarks%3D900059233%3Bpopular_nearby_landmarks%3D900059236%3Bpopular_nearby_landmarks%3D900059439%3Bpopular_nearby_landmarks%3D900059447%3Bpopular_nearby_landmarks%3D900059529%3Bpopular_nearby_landmarks%3D900069601%3Bpopular_nearby_landmarks%3D900069602%3Bpopular_nearby_landmarks%3D900069603%3Bpopular_nearby_landmarks%3D900070379%3Bpopular_nearby_landmarks%3D900074815%3Bpopular_nearby_landmarks%3D900074898%3Bpopular_nearby_landmarks%3D900075026%3Bpopular_nearby_landmarks%3D900059238","Eminence ella","Scored 9.3","9.3","Value for money 9.6","Just a 7-minute walk from Ella Train Station and half a mile from Ella Spice Garden Cooking Class, Eminence ella features accommodations in Ella with a garden.","· 623 reviews","Opens in new window","Ella","Show prices","Wonderful","Show on map","","https://cf.bstatic.com/xdata/images/hotel/square600/372691473.webp?k=895afae98e0cb1eff95de034250852f9bd7c3e3af3e4ddf4c31bfba0b23ae968&o="
"1777049497-46","https://www.booking.com/searchresults.html?label=bristol-XLwodozx2dVe8Ts0XeYuawS752260715469%3Apl%3Ata%3Ap1%3Ap2%3Aac%3Aap%3Aneg%3Afi%3Atikwd-869815001187%3Alp1009919%3Ali%3Adec%3Adm%3Appccp%3DUmFuZG9tSVYkc2RlIyh9YXdX6HrtnYy-Ml68sH-ljtU&aid=311984&dest_id=198&dest_type=country&group_adults=2&req_adults=2&no_rooms=1&broad_search_not_eligible=1&order=score&nflt=ht_id%3D204%3Bht_id%3D213%3Bht_id%3D216%3Bht_id%3D201%3Btop_destinations%3D6021%3Bpopular_nearby_landmarks%3D900059521%3Bpopular_nearby_landmarks%3D900059520%3Bpopular_nearby_landmarks%3D900074332%3Bpopular_nearby_landmarks%3D900077457%3Bpopular_nearby_landmarks%3D900059522%3Bpopular_nearby_landmarks%3D900074335%3Bpopular_nearby_landmarks%3D900074331%3Bpopular_nearby_landmarks%3D900053658%3Bpopular_nearby_landmarks%3D900053661%3Bpopular_nearby_landmarks%3D900053669%3Bpopular_nearby_landmarks%3D900058091%3Bpopular_nearby_landmarks%3D900059233%3Bpopular_nearby_landmarks%3D900059236%3Bpopular_nearby_landmarks%3D900059439%3Bpopular_nearby_landmarks%3D900059447%3Bpopular_nearby_landmarks%3D900059529%3Bpopular_nearby_landmarks%3D900069601%3Bpopular_nearby_landmarks%3D900069602%3Bpopular_nearby_landmarks%3D900069603%3Bpopular_nearby_landmarks%3D900070379%3Bpopular_nearby_landmarks%3D900074815%3Bpopular_nearby_landmarks%3D900074898%3Bpopular_nearby_landmarks%3D900075026%3Bpopular_nearby_landmarks%3D900059238","The Cloud Heaven Ella","Scored 9.3","9.3","Value for money 9.7","Located in Ella, within 4 miles of Demodara Nine Arch Bridge and 30 miles of Hakgala Botanical Garden, The Cloud Heaven Ella provides accommodations with a terrace and free WiFi throughout the...","· 63 reviews","Opens in new window","Ella","Show prices","Wonderful","Show on map","","https://cf.bstatic.com/xdata/images/hotel/square600/778144987.webp?k=cd893673fd2388f87ab7800a34717d05a6619c71ddabe52632da23b8e9674cb2&o="
"1777049497-47","https://www.booking.com/searchresults.html?label=bristol-XLwodozx2dVe8Ts0XeYuawS752260715469%3Apl%3Ata%3Ap1%3Ap2%3Aac%3Aap%3Aneg%3Afi%3Atikwd-869815001187%3Alp1009919%3Ali%3Adec%3Adm%3Appccp%3DUmFuZG9tSVYkc2RlIyh9YXdX6HrtnYy-Ml68sH-ljtU&aid=311984&dest_id=198&dest_type=country&group_adults=2&req_adults=2&no_rooms=1&broad_search_not_eligible=1&order=score&nflt=ht_id%3D204%3Bht_id%3D213%3Bht_id%3D216%3Bht_id%3D201%3Btop_destinations%3D6021%3Bpopular_nearby_landmarks%3D900059521%3Bpopular_nearby_landmarks%3D900059520%3Bpopular_nearby_landmarks%3D900074332%3Bpopular_nearby_landmarks%3D900077457%3Bpopular_nearby_landmarks%3D900059522%3Bpopular_nearby_landmarks%3D900074335%3Bpopular_nearby_landmarks%3D900074331%3Bpopular_nearby_landmarks%3D900053658%3Bpopular_nearby_landmarks%3D900053661%3Bpopular_nearby_landmarks%3D900053669%3Bpopular_nearby_landmarks%3D900058091%3Bpopular_nearby_landmarks%3D900059233%3Bpopular_nearby_landmarks%3D900059236%3Bpopular_nearby_landmarks%3D900059439%3Bpopular_nearby_landmarks%3D900059447%3Bpopular_nearby_landmarks%3D900059529%3Bpopular_nearby_landmarks%3D900069601%3Bpopular_nearby_landmarks%3D900069602%3Bpopular_nearby_landmarks%3D900069603%3Bpopular_nearby_landmarks%3D900070379%3Bpopular_nearby_landmarks%3D900074815%3Bpopular_nearby_landmarks%3D900074898%3Bpopular_nearby_landmarks%3D900075026%3Bpopular_nearby_landmarks%3D900059238","Nature Green Hotels On Rock Home Ella","Scored 9.3","9.3","Value for money 9.5","Offering a garden, Nature Green Hotels On Rock Home Ella offers accommodations in Ella. This property offers access to a terrace and free private parking.","· 209 reviews","Opens in new window","Ella","Show prices","Wonderful","Show on map","","https://cf.bstatic.com/xdata/images/hotel/square600/516053176.webp?k=7b28627222eb81a5fb5abdde55c80371668df618f2529c8d193143164a0bd87e&o="
"1777049497-48","https://www.booking.com/searchresults.html?label=bristol-XLwodozx2dVe8Ts0XeYuawS752260715469%3Apl%3Ata%3Ap1%3Ap2%3Aac%3Aap%3Aneg%3Afi%3Atikwd-869815001187%3Alp1009919%3Ali%3Adec%3Adm%3Appccp%3DUmFuZG9tSVYkc2RlIyh9YXdX6HrtnYy-Ml68sH-ljtU&aid=311984&dest_id=198&dest_type=country&group_adults=2&req_adults=2&no_rooms=1&broad_search_not_eligible=1&order=score&nflt=ht_id%3D204%3Bht_id%3D213%3Bht_id%3D216%3Bht_id%3D201%3Btop_destinations%3D6021%3Bpopular_nearby_landmarks%3D900059521%3Bpopular_nearby_landmarks%3D900059520%3Bpopular_nearby_landmarks%3D900074332%3Bpopular_nearby_landmarks%3D900077457%3Bpopular_nearby_landmarks%3D900059522%3Bpopular_nearby_landmarks%3D900074335%3Bpopular_nearby_landmarks%3D900074331%3Bpopular_nearby_landmarks%3D900053658%3Bpopular_nearby_landmarks%3D900053661%3Bpopular_nearby_landmarks%3D900053669%3Bpopular_nearby_landmarks%3D900058091%3Bpopular_nearby_landmarks%3D900059233%3Bpopular_nearby_landmarks%3D900059236%3Bpopular_nearby_landmarks%3D900059439%3Bpopular_nearby_landmarks%3D900059447%3Bpopular_nearby_landmarks%3D900059529%3Bpopular_nearby_landmarks%3D900069601%3Bpopular_nearby_landmarks%3D900069602%3Bpopular_nearby_landmarks%3D900069603%3Bpopular_nearby_landmarks%3D900070379%3Bpopular_nearby_landmarks%3D900074815%3Bpopular_nearby_landmarks%3D900074898%3Bpopular_nearby_landmarks%3D900075026%3Bpopular_nearby_landmarks%3D900059238","Thumb Up Family Rest","Scored 9.3","9.3","Value for money 9.7","Thumb Up Family Rest offers accommodations in Haputale, 27 miles from Gregory Lake and 16 miles from Demodara Nine Arch Bridge.","· 74 reviews","Opens in new window","Haputale","Show prices","Wonderful","Show on map","","https://cf.bstatic.com/xdata/images/hotel/square600/640954537.webp?k=da46e1cdfcb1795094c354e3ff087a21e44df33e2e5877120a1c193e209d0a3c&o="
"1777049497-49","https://www.booking.com/searchresults.html?label=bristol-XLwodozx2dVe8Ts0XeYuawS752260715469%3Apl%3Ata%3Ap1%3Ap2%3Aac%3Aap%3Aneg%3Afi%3Atikwd-869815001187%3Alp1009919%3Ali%3Adec%3Adm%3Appccp%3DUmFuZG9tSVYkc2RlIyh9YXdX6HrtnYy-Ml68sH-ljtU&aid=311984&dest_id=198&dest_type=country&group_adults=2&req_adults=2&no_rooms=1&broad_search_not_eligible=1&order=score&nflt=ht_id%3D204%3Bht_id%3D213%3Bht_id%3D216%3Bht_id%3D201%3Btop_destinations%3D6021%3Bpopular_nearby_landmarks%3D900059521%3Bpopular_nearby_landmarks%3D900059520%3Bpopular_nearby_landmarks%3D900074332%3Bpopular_nearby_landmarks%3D900077457%3Bpopular_nearby_landmarks%3D900059522%3Bpopular_nearby_landmarks%3D900074335%3Bpopular_nearby_landmarks%3D900074331%3Bpopular_nearby_landmarks%3D900053658%3Bpopular_nearby_landmarks%3D900053661%3Bpopular_nearby_landmarks%3D900053669%3Bpopular_nearby_landmarks%3D900058091%3Bpopular_nearby_landmarks%3D900059233%3Bpopular_nearby_landmarks%3D900059236%3Bpopular_nearby_landmarks%3D900059439%3Bpopular_nearby_landmarks%3D900059447%3Bpopular_nearby_landmarks%3D900059529%3Bpopular_nearby_landmarks%3D900069601%3Bpopular_nearby_landmarks%3D900069602%3Bpopular_nearby_landmarks%3D900069603%3Bpopular_nearby_landmarks%3D900070379%3Bpopular_nearby_landmarks%3D900074815%3Bpopular_nearby_landmarks%3D900074898%3Bpopular_nearby_landmarks%3D900075026%3Bpopular_nearby_landmarks%3D900059238","Ceylon Elegant","Scored 9.3","9.3","Value for money 9.1","Located in Ella, within 1.6 miles of Demodara Nine Arch Bridge and 30 miles of Hakgala Botanical Garden, Ceylon Elegant provides accommodations with a garden as well as free private parking for guests...","· 6 reviews","Opens in new window","Ella","Show prices","Wonderful","Show on map","","https://cf.bstatic.com/xdata/images/hotel/square600/739659148.webp?k=7284374ab48f90f5d2a61636fdd577c62a7225150aa2b6a763beec60762e9d16&o="
"1777049497-50","https://www.booking.com/searchresults.html?label=bristol-XLwodozx2dVe8Ts0XeYuawS752260715469%3Apl%3Ata%3Ap1%3Ap2%3Aac%3Aap%3Aneg%3Afi%3Atikwd-869815001187%3Alp1009919%3Ali%3Adec%3Adm%3Appccp%3DUmFuZG9tSVYkc2RlIyh9YXdX6HrtnYy-Ml68sH-ljtU&aid=311984&dest_id=198&dest_type=country&group_adults=2&req_adults=2&no_rooms=1&broad_search_not_eligible=1&order=score&nflt=ht_id%3D204%3Bht_id%3D213%3Bht_id%3D216%3Bht_id%3D201%3Btop_destinations%3D6021%3Bpopular_nearby_landmarks%3D900059521%3Bpopular_nearby_landmarks%3D900059520%3Bpopular_nearby_landmarks%3D900074332%3Bpopular_nearby_landmarks%3D900077457%3Bpopular_nearby_landmarks%3D900059522%3Bpopular_nearby_landmarks%3D900074335%3Bpopular_nearby_landmarks%3D900074331%3Bpopular_nearby_landmarks%3D900053658%3Bpopular_nearby_landmarks%3D900053661%3Bpopular_nearby_landmarks%3D900053669%3Bpopular_nearby_landmarks%3D900058091%3Bpopular_nearby_landmarks%3D900059233%3Bpopular_nearby_landmarks%3D900059236%3Bpopular_nearby_landmarks%3D900059439%3Bpopular_nearby_landmarks%3D900059447%3Bpopular_nearby_landmarks%3D900059529%3Bpopular_nearby_landmarks%3D900069601%3Bpopular_nearby_landmarks%3D900069602%3Bpopular_nearby_landmarks%3D900069603%3Bpopular_nearby_landmarks%3D900070379%3Bpopular_nearby_landmarks%3D900074815%3Bpopular_nearby_landmarks%3D900074898%3Bpopular_nearby_landmarks%3D900075026%3Bpopular_nearby_landmarks%3D900059238","SEENBEST Ella","Scored 9.2","9.2","Value for money 9.7","Located in Ella, 2.6 miles from Demodara Nine Arch Bridge, SEENBEST Ella provides accommodations with a garden, free private parking, a shared lounge and a terrace.","· 24 reviews","Opens in new window","Ella","Show prices","Wonderful","Show on map","","https://cf.bstatic.com/xdata/images/hotel/square600/853499357.webp?k=83976c5fc3faa21cf1c493aac4f0e13d932d73cfc528e89a1d84f57a3e5a06ee&o="
"1777049497-51","https://www.booking.com/searchresults.html?label=bristol-XLwodozx2dVe8Ts0XeYuawS752260715469%3Apl%3Ata%3Ap1%3Ap2%3Aac%3Aap%3Aneg%3Afi%3Atikwd-869815001187%3Alp1009919%3Ali%3Adec%3Adm%3Appccp%3DUmFuZG9tSVYkc2RlIyh9YXdX6HrtnYy-Ml68sH-ljtU&aid=311984&dest_id=198&dest_type=country&group_adults=2&req_adults=2&no_rooms=1&broad_search_not_eligible=1&order=score&nflt=ht_id%3D204%3Bht_id%3D213%3Bht_id%3D216%3Bht_id%3D201%3Btop_destinations%3D6021%3Bpopular_nearby_landmarks%3D900059521%3Bpopular_nearby_landmarks%3D900059520%3Bpopular_nearby_landmarks%3D900074332%3Bpopular_nearby_landmarks%3D900077457%3Bpopular_nearby_landmarks%3D900059522%3Bpopular_nearby_landmarks%3D900074335%3Bpopular_nearby_landmarks%3D900074331%3Bpopular_nearby_landmarks%3D900053658%3Bpopular_nearby_landmarks%3D900053661%3Bpopular_nearby_landmarks%3D900053669%3Bpopular_nearby_landmarks%3D900058091%3Bpopular_nearby_landmarks%3D900059233%3Bpopular_nearby_landmarks%3D900059236%3Bpopular_nearby_landmarks%3D900059439%3Bpopular_nearby_landmarks%3D900059447%3Bpopular_nearby_landmarks%3D900059529%3Bpopular_nearby_landmarks%3D900069601%3Bpopular_nearby_landmarks%3D900069602%3Bpopular_nearby_landmarks%3D900069603%3Bpopular_nearby_landmarks%3D900070379%3Bpopular_nearby_landmarks%3D900074815%3Bpopular_nearby_landmarks%3D900074898%3Bpopular_nearby_landmarks%3D900075026%3Bpopular_nearby_landmarks%3D900059238","59B Rest Inn Ella","Scored 9.2","9.2","Value for money 9.3","Offering city views, 59B Rest Inn Ella in Ella offers accommodations and a garden. Featuring free private parking, the 2-star guest house is 2.9 miles from Demodara Nine Arch Bridge.","· 432 reviews","Opens in new window","Ella","Show prices","Wonderful","Show on map","","https://cf.bstatic.com/xdata/images/hotel/square600/152067214.webp?k=f7f81d8085c3c49cfa33e3469018e88e64fd3b98a014722026251ebaced2b58c&o="
"1777049497-52","https://www.booking.com/searchresults.html?label=bristol-XLwodozx2dVe8Ts0XeYuawS752260715469%3Apl%3Ata%3Ap1%3Ap2%3Aac%3Aap%3Aneg%3Afi%3Atikwd-869815001187%3Alp1009919%3Ali%3Adec%3Adm%3Appccp%3DUmFuZG9tSVYkc2RlIyh9YXdX6HrtnYy-Ml68sH-ljtU&aid=311984&dest_id=198&dest_type=country&group_adults=2&req_adults=2&no_rooms=1&broad_search_not_eligible=1&order=score&nflt=ht_id%3D204%3Bht_id%3D213%3Bht_id%3D216%3Bht_id%3D201%3Btop_destinations%3D6021%3Bpopular_nearby_landmarks%3D900059521%3Bpopular_nearby_landmarks%3D900059520%3Bpopular_nearby_landmarks%3D900074332%3Bpopular_nearby_landmarks%3D900077457%3Bpopular_nearby_landmarks%3D900059522%3Bpopular_nearby_landmarks%3D900074335%3Bpopular_nearby_landmarks%3D900074331%3Bpopular_nearby_landmarks%3D900053658%3Bpopular_nearby_landmarks%3D900053661%3Bpopular_nearby_landmarks%3D900053669%3Bpopular_nearby_landmarks%3D900058091%3Bpopular_nearby_landmarks%3D900059233%3Bpopular_nearby_landmarks%3D900059236%3Bpopular_nearby_landmarks%3D900059439%3Bpopular_nearby_landmarks%3D900059447%3Bpopular_nearby_landmarks%3D900059529%3Bpopular_nearby_landmarks%3D900069601%3Bpopular_nearby_landmarks%3D900069602%3Bpopular_nearby_landmarks%3D900069603%3Bpopular_nearby_landmarks%3D900070379%3Bpopular_nearby_landmarks%3D900074815%3Bpopular_nearby_landmarks%3D900074898%3Bpopular_nearby_landmarks%3D900075026%3Bpopular_nearby_landmarks%3D900059238","Vantage hills Haputale","Scored 9.2","9.2","Value for money 9.2","Located in Haputale, 27 miles from Gregory Lake, Vantage hills Haputale has accommodations with an outdoor swimming pool, free private parking, a garden and a terrace.","· 806 reviews","Opens in new window","Haputale","Show prices","Wonderful","Show on map","","https://cf.bstatic.com/xdata/images/hotel/square600/343627635.webp?k=0da03c7be718b7138ca1e4766ce68c35564889a9f5ba473f6d3184d8024df105&o="
"1777049497-53","https://www.booking.com/searchresults.html?label=bristol-XLwodozx2dVe8Ts0XeYuawS752260715469%3Apl%3Ata%3Ap1%3Ap2%3Aac%3Aap%3Aneg%3Afi%3Atikwd-869815001187%3Alp1009919%3Ali%3Adec%3Adm%3Appccp%3DUmFuZG9tSVYkc2RlIyh9YXdX6HrtnYy-Ml68sH-ljtU&aid=311984&dest_id=198&dest_type=country&group_adults=2&req_adults=2&no_rooms=1&broad_search_not_eligible=1&order=score&nflt=ht_id%3D204%3Bht_id%3D213%3Bht_id%3D216%3Bht_id%3D201%3Btop_destinations%3D6021%3Bpopular_nearby_landmarks%3D900059521%3Bpopular_nearby_landmarks%3D900059520%3Bpopular_nearby_landmarks%3D900074332%3Bpopular_nearby_landmarks%3D900077457%3Bpopular_nearby_landmarks%3D900059522%3Bpopular_nearby_landmarks%3D900074335%3Bpopular_nearby_landmarks%3D900074331%3Bpopular_nearby_landmarks%3D900053658%3Bpopular_nearby_landmarks%3D900053661%3Bpopular_nearby_landmarks%3D900053669%3Bpopular_nearby_landmarks%3D900058091%3Bpopular_nearby_landmarks%3D900059233%3Bpopular_nearby_landmarks%3D900059236%3Bpopular_nearby_landmarks%3D900059439%3Bpopular_nearby_landmarks%3D900059447%3Bpopular_nearby_landmarks%3D900059529%3Bpopular_nearby_landmarks%3D900069601%3Bpopular_nearby_landmarks%3D900069602%3Bpopular_nearby_landmarks%3D900069603%3Bpopular_nearby_landmarks%3D900070379%3Bpopular_nearby_landmarks%3D900074815%3Bpopular_nearby_landmarks%3D900074898%3Bpopular_nearby_landmarks%3D900075026%3Bpopular_nearby_landmarks%3D900059238","Eco Village","Scored 9.2","9.2","Value for money 9.4","Located in Ella, 3.8 miles from Demodara Nine Arch Bridge, Eco Village has accommodations with a garden, free private parking and a terrace.","· 197 reviews","Opens in new window","Ella","Show prices","Wonderful","Show on map","","https://cf.bstatic.com/xdata/images/hotel/square600/597556130.webp?k=9b692ba29a0da89d626d9e4e2c049e1aeae5eab05b2f20ab415fe48876d1afc3&o="
"1777049497-54","https://www.booking.com/searchresults.html?label=bristol-XLwodozx2dVe8Ts0XeYuawS752260715469%3Apl%3Ata%3Ap1%3Ap2%3Aac%3Aap%3Aneg%3Afi%3Atikwd-869815001187%3Alp1009919%3Ali%3Adec%3Adm%3Appccp%3DUmFuZG9tSVYkc2RlIyh9YXdX6HrtnYy-Ml68sH-ljtU&aid=311984&dest_id=198&dest_type=country&group_adults=2&req_adults=2&no_rooms=1&broad_search_not_eligible=1&order=score&nflt=ht_id%3D204%3Bht_id%3D213%3Bht_id%3D216%3Bht_id%3D201%3Btop_destinations%3D6021%3Bpopular_nearby_landmarks%3D900059521%3Bpopular_nearby_landmarks%3D900059520%3Bpopular_nearby_landmarks%3D900074332%3Bpopular_nearby_landmarks%3D900077457%3Bpopular_nearby_landmarks%3D900059522%3Bpopular_nearby_landmarks%3D900074335%3Bpopular_nearby_landmarks%3D900074331%3Bpopular_nearby_landmarks%3D900053658%3Bpopular_nearby_landmarks%3D900053661%3Bpopular_nearby_landmarks%3D900053669%3Bpopular_nearby_landmarks%3D900058091%3Bpopular_nearby_landmarks%3D900059233%3Bpopular_nearby_landmarks%3D900059236%3Bpopular_nearby_landmarks%3D900059439%3Bpopular_nearby_landmarks%3D900059447%3Bpopular_nearby_landmarks%3D900059529%3Bpopular_nearby_landmarks%3D900069601%3Bpopular_nearby_landmarks%3D900069602%3Bpopular_nearby_landmarks%3D900069603%3Bpopular_nearby_landmarks%3D900070379%3Bpopular_nearby_landmarks%3D900074815%3Bpopular_nearby_landmarks%3D900074898%3Bpopular_nearby_landmarks%3D900075026%3Bpopular_nearby_landmarks%3D900059238","Cliff Edge Villa","Scored 9.2","9.2","Value for money 9.2","Just a 18-minute walk from Ella Train Station and half a mile from Ella Spice Garden Cooking Class, Cliff Edge Villa features accommodations in Ella, with a garden.","· 128 reviews","Opens in new window","Ella","Show prices","Wonderful","Show on map","","https://cf.bstatic.com/xdata/images/hotel/square600/755935655.webp?k=f415b30e7e89470115c58b211b1c4c08e29dd2d8adec5bf040e57690fcc91e6c&o="
"1777049497-55","https://www.booking.com/searchresults.html?label=bristol-XLwodozx2dVe8Ts0XeYuawS752260715469%3Apl%3Ata%3Ap1%3Ap2%3Aac%3Aap%3Aneg%3Afi%3Atikwd-869815001187%3Alp1009919%3Ali%3Adec%3Adm%3Appccp%3DUmFuZG9tSVYkc2RlIyh9YXdX6HrtnYy-Ml68sH-ljtU&aid=311984&dest_id=198&dest_type=country&group_adults=2&req_adults=2&no_rooms=1&broad_search_not_eligible=1&order=score&nflt=ht_id%3D204%3Bht_id%3D213%3Bht_id%3D216%3Bht_id%3D201%3Btop_destinations%3D6021%3Bpopular_nearby_landmarks%3D900059521%3Bpopular_nearby_landmarks%3D900059520%3Bpopular_nearby_landmarks%3D900074332%3Bpopular_nearby_landmarks%3D900077457%3Bpopular_nearby_landmarks%3D900059522%3Bpopular_nearby_landmarks%3D900074335%3Bpopular_nearby_landmarks%3D900074331%3Bpopular_nearby_landmarks%3D900053658%3Bpopular_nearby_landmarks%3D900053661%3Bpopular_nearby_landmarks%3D900053669%3Bpopular_nearby_landmarks%3D900058091%3Bpopular_nearby_landmarks%3D900059233%3Bpopular_nearby_landmarks%3D900059236%3Bpopular_nearby_landmarks%3D900059439%3Bpopular_nearby_landmarks%3D900059447%3Bpopular_nearby_landmarks%3D900059529%3Bpopular_nearby_landmarks%3D900069601%3Bpopular_nearby_landmarks%3D900069602%3Bpopular_nearby_landmarks%3D900069603%3Bpopular_nearby_landmarks%3D900070379%3Bpopular_nearby_landmarks%3D900074815%3Bpopular_nearby_landmarks%3D900074898%3Bpopular_nearby_landmarks%3D900075026%3Bpopular_nearby_landmarks%3D900059238","Rustic Cottage","Scored 9.2","9.2","Value for money 9.0","Rustic Cottage offers accommodations in Ella, 3.6 miles from Demodara Nine Arch Bridge and 31 miles from Hakgala Botanical Garden.","· 75 reviews","Opens in new window","Ella","Show prices","Wonderful","Show on map","","https://cf.bstatic.com/xdata/images/hotel/square600/638597800.webp?k=dc4e1bc1c41952c5ce7ace9aca0334c9f1b8eace8e29a0539d5332273ba14043&o="
"1777049497-56","https://www.booking.com/searchresults.html?label=bristol-XLwodozx2dVe8Ts0XeYuawS752260715469%3Apl%3Ata%3Ap1%3Ap2%3Aac%3Aap%3Aneg%3Afi%3Atikwd-869815001187%3Alp1009919%3Ali%3Adec%3Adm%3Appccp%3DUmFuZG9tSVYkc2RlIyh9YXdX6HrtnYy-Ml68sH-ljtU&aid=311984&dest_id=198&dest_type=country&group_adults=2&req_adults=2&no_rooms=1&broad_search_not_eligible=1&order=score&nflt=ht_id%3D204%3Bht_id%3D213%3Bht_id%3D216%3Bht_id%3D201%3Btop_destinations%3D6021%3Bpopular_nearby_landmarks%3D900059521%3Bpopular_nearby_landmarks%3D900059520%3Bpopular_nearby_landmarks%3D900074332%3Bpopular_nearby_landmarks%3D900077457%3Bpopular_nearby_landmarks%3D900059522%3Bpopular_nearby_landmarks%3D900074335%3Bpopular_nearby_landmarks%3D900074331%3Bpopular_nearby_landmarks%3D900053658%3Bpopular_nearby_landmarks%3D900053661%3Bpopular_nearby_landmarks%3D900053669%3Bpopular_nearby_landmarks%3D900058091%3Bpopular_nearby_landmarks%3D900059233%3Bpopular_nearby_landmarks%3D900059236%3Bpopular_nearby_landmarks%3D900059439%3Bpopular_nearby_landmarks%3D900059447%3Bpopular_nearby_landmarks%3D900059529%3Bpopular_nearby_landmarks%3D900069601%3Bpopular_nearby_landmarks%3D900069602%3Bpopular_nearby_landmarks%3D900069603%3Bpopular_nearby_landmarks%3D900070379%3Bpopular_nearby_landmarks%3D900074815%3Bpopular_nearby_landmarks%3D900074898%3Bpopular_nearby_landmarks%3D900075026%3Bpopular_nearby_landmarks%3D900059238","Shiimmer - Ella","Scored 9.2","9.2","Value for money 9.3","Providing a garden, Shiimmer - Ella provides accommodations in Ella. This property offers access to a terrace and free private parking. Rooms have a balcony with views of the mountain.","· 80 reviews","Opens in new window","Ella","Show prices","Wonderful","Show on map","","https://cf.bstatic.com/xdata/images/hotel/square600/751961606.webp?k=b4aa2408c4274c37085b01d1288c7668e1ec5415ce315e1a18c68efbb9589254&o="
"1777049497-57","https://www.booking.com/searchresults.html?label=bristol-XLwodozx2dVe8Ts0XeYuawS752260715469%3Apl%3Ata%3Ap1%3Ap2%3Aac%3Aap%3Aneg%3Afi%3Atikwd-869815001187%3Alp1009919%3Ali%3Adec%3Adm%3Appccp%3DUmFuZG9tSVYkc2RlIyh9YXdX6HrtnYy-Ml68sH-ljtU&aid=311984&dest_id=198&dest_type=country&group_adults=2&req_adults=2&no_rooms=1&broad_search_not_eligible=1&order=score&nflt=ht_id%3D204%3Bht_id%3D213%3Bht_id%3D216%3Bht_id%3D201%3Btop_destinations%3D6021%3Bpopular_nearby_landmarks%3D900059521%3Bpopular_nearby_landmarks%3D900059520%3Bpopular_nearby_landmarks%3D900074332%3Bpopular_nearby_landmarks%3D900077457%3Bpopular_nearby_landmarks%3D900059522%3Bpopular_nearby_landmarks%3D900074335%3Bpopular_nearby_landmarks%3D900074331%3Bpopular_nearby_landmarks%3D900053658%3Bpopular_nearby_landmarks%3D900053661%3Bpopular_nearby_landmarks%3D900053669%3Bpopular_nearby_landmarks%3D900058091%3Bpopular_nearby_landmarks%3D900059233%3Bpopular_nearby_landmarks%3D900059236%3Bpopular_nearby_landmarks%3D900059439%3Bpopular_nearby_landmarks%3D900059447%3Bpopular_nearby_landmarks%3D900059529%3Bpopular_nearby_landmarks%3D900069601%3Bpopular_nearby_landmarks%3D900069602%3Bpopular_nearby_landmarks%3D900069603%3Bpopular_nearby_landmarks%3D900070379%3Bpopular_nearby_landmarks%3D900074815%3Bpopular_nearby_landmarks%3D900074898%3Bpopular_nearby_landmarks%3D900075026%3Bpopular_nearby_landmarks%3D900059238","Royal Vantage","Scored 9.2","9.2","Value for money 9.5","Royal Vantage offers accommodations in Ella, 2.8 miles from Demodara Nine Arch Bridge and 30 miles from Hakgala Botanical Garden.","· 426 reviews","Opens in new window","Ella","Show prices","Wonderful","Show on map","","https://cf.bstatic.com/xdata/images/hotel/square600/430723806.webp?k=edd216796e4f540a0dad54430ca4ca40e8573045689eb03574caa3b866d23b59&o="
"1777049497-58","https://www.booking.com/searchresults.html?label=bristol-XLwodozx2dVe8Ts0XeYuawS752260715469%3Apl%3Ata%3Ap1%3Ap2%3Aac%3Aap%3Aneg%3Afi%3Atikwd-869815001187%3Alp1009919%3Ali%3Adec%3Adm%3Appccp%3DUmFuZG9tSVYkc2RlIyh9YXdX6HrtnYy-Ml68sH-ljtU&aid=311984&dest_id=198&dest_type=country&group_adults=2&req_adults=2&no_rooms=1&broad_search_not_eligible=1&order=score&nflt=ht_id%3D204%3Bht_id%3D213%3Bht_id%3D216%3Bht_id%3D201%3Btop_destinations%3D6021%3Bpopular_nearby_landmarks%3D900059521%3Bpopular_nearby_landmarks%3D900059520%3Bpopular_nearby_landmarks%3D900074332%3Bpopular_nearby_landmarks%3D900077457%3Bpopular_nearby_landmarks%3D900059522%3Bpopular_nearby_landmarks%3D900074335%3Bpopular_nearby_landmarks%3D900074331%3Bpopular_nearby_landmarks%3D900053658%3Bpopular_nearby_landmarks%3D900053661%3Bpopular_nearby_landmarks%3D900053669%3Bpopular_nearby_landmarks%3D900058091%3Bpopular_nearby_landmarks%3D900059233%3Bpopular_nearby_landmarks%3D900059236%3Bpopular_nearby_landmarks%3D900059439%3Bpopular_nearby_landmarks%3D900059447%3Bpopular_nearby_landmarks%3D900059529%3Bpopular_nearby_landmarks%3D900069601%3Bpopular_nearby_landmarks%3D900069602%3Bpopular_nearby_landmarks%3D900069603%3Bpopular_nearby_landmarks%3D900070379%3Bpopular_nearby_landmarks%3D900074815%3Bpopular_nearby_landmarks%3D900074898%3Bpopular_nearby_landmarks%3D900075026%3Bpopular_nearby_landmarks%3D900059238","Mountain nest","Scored 9.2","9.2","Value for money 9.6","Located in Ella, 3 miles from Demodara Nine Arch Bridge, Mountain nest provides accommodations with a garden, free private parking and a terrace.","· 251 reviews","Opens in new window","Ella","Show prices","Wonderful","Show on map","","https://cf.bstatic.com/xdata/images/hotel/square600/805056689.webp?k=e85dc118779285b9d466e6498778f19a7976568ca6913dc83fcf351729540743&o="
"1777049497-59","https://www.booking.com/searchresults.html?label=bristol-XLwodozx2dVe8Ts0XeYuawS752260715469%3Apl%3Ata%3Ap1%3Ap2%3Aac%3Aap%3Aneg%3Afi%3Atikwd-869815001187%3Alp1009919%3Ali%3Adec%3Adm%3Appccp%3DUmFuZG9tSVYkc2RlIyh9YXdX6HrtnYy-Ml68sH-ljtU&aid=311984&dest_id=198&dest_type=country&group_adults=2&req_adults=2&no_rooms=1&broad_search_not_eligible=1&order=score&nflt=ht_id%3D204%3Bht_id%3D213%3Bht_id%3D216%3Bht_id%3D201%3Btop_destinations%3D6021%3Bpopular_nearby_landmarks%3D900059521%3Bpopular_nearby_landmarks%3D900059520%3Bpopular_nearby_landmarks%3D900074332%3Bpopular_nearby_landmarks%3D900077457%3Bpopular_nearby_landmarks%3D900059522%3Bpopular_nearby_landmarks%3D900074335%3Bpopular_nearby_landmarks%3D900074331%3Bpopular_nearby_landmarks%3D900053658%3Bpopular_nearby_landmarks%3D900053661%3Bpopular_nearby_landmarks%3D900053669%3Bpopular_nearby_landmarks%3D900058091%3Bpopular_nearby_landmarks%3D900059233%3Bpopular_nearby_landmarks%3D900059236%3Bpopular_nearby_landmarks%3D900059439%3Bpopular_nearby_landmarks%3D900059447%3Bpopular_nearby_landmarks%3D900059529%3Bpopular_nearby_landmarks%3D900069601%3Bpopular_nearby_landmarks%3D900069602%3Bpopular_nearby_landmarks%3D900069603%3Bpopular_nearby_landmarks%3D900070379%3Bpopular_nearby_landmarks%3D900074815%3Bpopular_nearby_landmarks%3D900074898%3Bpopular_nearby_landmarks%3D900075026%3Bpopular_nearby_landmarks%3D900059238","The Dream Homestay","Scored 9.2","9.2","Value for money 9.4","Located in Ella, 3 miles from Demodara Nine Arch Bridge, The Dream Homestay provides accommodations with a garden, free private parking and a terrace.","· 166 reviews","Opens in new window","Ella","Show prices","Wonderful","Show on map","","https://cf.bstatic.com/xdata/images/hotel/square600/817947571.webp?k=6446af8f111ecb92e5387b3e4ae326ec7daee6b5e3dd45b2dc0425ff40ad4189&o="
"1777049497-60","https://www.booking.com/searchresults.html?label=bristol-XLwodozx2dVe8Ts0XeYuawS752260715469%3Apl%3Ata%3Ap1%3Ap2%3Aac%3Aap%3Aneg%3Afi%3Atikwd-869815001187%3Alp1009919%3Ali%3Adec%3Adm%3Appccp%3DUmFuZG9tSVYkc2RlIyh9YXdX6HrtnYy-Ml68sH-ljtU&aid=311984&dest_id=198&dest_type=country&group_adults=2&req_adults=2&no_rooms=1&broad_search_not_eligible=1&order=score&nflt=ht_id%3D204%3Bht_id%3D213%3Bht_id%3D216%3Bht_id%3D201%3Btop_destinations%3D6021%3Bpopular_nearby_landmarks%3D900059521%3Bpopular_nearby_landmarks%3D900059520%3Bpopular_nearby_landmarks%3D900074332%3Bpopular_nearby_landmarks%3D900077457%3Bpopular_nearby_landmarks%3D900059522%3Bpopular_nearby_landmarks%3D900074335%3Bpopular_nearby_landmarks%3D900074331%3Bpopular_nearby_landmarks%3D900053658%3Bpopular_nearby_landmarks%3D900053661%3Bpopular_nearby_landmarks%3D900053669%3Bpopular_nearby_landmarks%3D900058091%3Bpopular_nearby_landmarks%3D900059233%3Bpopular_nearby_landmarks%3D900059236%3Bpopular_nearby_landmarks%3D900059439%3Bpopular_nearby_landmarks%3D900059447%3Bpopular_nearby_landmarks%3D900059529%3Bpopular_nearby_landmarks%3D900069601%3Bpopular_nearby_landmarks%3D900069602%3Bpopular_nearby_landmarks%3D900069603%3Bpopular_nearby_landmarks%3D900070379%3Bpopular_nearby_landmarks%3D900074815%3Bpopular_nearby_landmarks%3D900074898%3Bpopular_nearby_landmarks%3D900075026%3Bpopular_nearby_landmarks%3D900059238","ELLA ECO ARCH Lodge","Scored 9.2","9.2","Value for money 10","A recently renovated guest house, ELLA ECO ARCH Lodge offers accommodations in Ella. This property offers access to a terrace, free private parking, and free Wifi. Guests can use a garden.","· 8 reviews","Opens in new window","Ella","Show prices","Wonderful","Show on map","","https://cf.bstatic.com/xdata/images/hotel/square600/816319508.webp?k=baf0b8af053b8b28c58c8bb656067a65a415115bd0be4578d688cbdf5a58ec83&o="
"1777049497-61","https://www.booking.com/searchresults.html?label=bristol-XLwodozx2dVe8Ts0XeYuawS752260715469%3Apl%3Ata%3Ap1%3Ap2%3Aac%3Aap%3Aneg%3Afi%3Atikwd-869815001187%3Alp1009919%3Ali%3Adec%3Adm%3Appccp%3DUmFuZG9tSVYkc2RlIyh9YXdX6HrtnYy-Ml68sH-ljtU&aid=311984&dest_id=198&dest_type=country&group_adults=2&req_adults=2&no_rooms=1&broad_search_not_eligible=1&order=score&nflt=ht_id%3D204%3Bht_id%3D213%3Bht_id%3D216%3Bht_id%3D201%3Btop_destinations%3D6021%3Bpopular_nearby_landmarks%3D900059521%3Bpopular_nearby_landmarks%3D900059520%3Bpopular_nearby_landmarks%3D900074332%3Bpopular_nearby_landmarks%3D900077457%3Bpopular_nearby_landmarks%3D900059522%3Bpopular_nearby_landmarks%3D900074335%3Bpopular_nearby_landmarks%3D900074331%3Bpopular_nearby_landmarks%3D900053658%3Bpopular_nearby_landmarks%3D900053661%3Bpopular_nearby_landmarks%3D900053669%3Bpopular_nearby_landmarks%3D900058091%3Bpopular_nearby_landmarks%3D900059233%3Bpopular_nearby_landmarks%3D900059236%3Bpopular_nearby_landmarks%3D900059439%3Bpopular_nearby_landmarks%3D900059447%3Bpopular_nearby_landmarks%3D900059529%3Bpopular_nearby_landmarks%3D900069601%3Bpopular_nearby_landmarks%3D900069602%3Bpopular_nearby_landmarks%3D900069603%3Bpopular_nearby_landmarks%3D900070379%3Bpopular_nearby_landmarks%3D900074815%3Bpopular_nearby_landmarks%3D900074898%3Bpopular_nearby_landmarks%3D900075026%3Bpopular_nearby_landmarks%3D900059238","Dilshan Cottage","Scored 9.2","9.2","Value for money 9.2","Just 1.1 miles from Demodara Nine Arch Bridge and a 14-minute walk from Ella Spice Garden Cooking Class, Dilshan Cottage features accommodations in Ella with a garden.","· 160 reviews","Opens in new window","Ella","Show prices","Wonderful","Show on map","","https://cf.bstatic.com/xdata/images/hotel/square600/525129751.webp?k=aebcaaf42a0993273f1454909ddfa2a101c44964a9d330ababf63f7615fd8967&o="
"1777049497-62","https://www.booking.com/searchresults.html?label=bristol-XLwodozx2dVe8Ts0XeYuawS752260715469%3Apl%3Ata%3Ap1%3Ap2%3Aac%3Aap%3Aneg%3Afi%3Atikwd-869815001187%3Alp1009919%3Ali%3Adec%3Adm%3Appccp%3DUmFuZG9tSVYkc2RlIyh9YXdX6HrtnYy-Ml68sH-ljtU&aid=311984&dest_id=198&dest_type=country&group_adults=2&req_adults=2&no_rooms=1&broad_search_not_eligible=1&order=score&nflt=ht_id%3D204%3Bht_id%3D213%3Bht_id%3D216%3Bht_id%3D201%3Btop_destinations%3D6021%3Bpopular_nearby_landmarks%3D900059521%3Bpopular_nearby_landmarks%3D900059520%3Bpopular_nearby_landmarks%3D900074332%3Bpopular_nearby_landmarks%3D900077457%3Bpopular_nearby_landmarks%3D900059522%3Bpopular_nearby_landmarks%3D900074335%3Bpopular_nearby_landmarks%3D900074331%3Bpopular_nearby_landmarks%3D900053658%3Bpopular_nearby_landmarks%3D900053661%3Bpopular_nearby_landmarks%3D900053669%3Bpopular_nearby_landmarks%3D900058091%3Bpopular_nearby_landmarks%3D900059233%3Bpopular_nearby_landmarks%3D900059236%3Bpopular_nearby_landmarks%3D900059439%3Bpopular_nearby_landmarks%3D900059447%3Bpopular_nearby_landmarks%3D900059529%3Bpopular_nearby_landmarks%3D900069601%3Bpopular_nearby_landmarks%3D900069602%3Bpopular_nearby_landmarks%3D900069603%3Bpopular_nearby_landmarks%3D900070379%3Bpopular_nearby_landmarks%3D900074815%3Bpopular_nearby_landmarks%3D900074898%3Bpopular_nearby_landmarks%3D900075026%3Bpopular_nearby_landmarks%3D900059238","Ella Mount Relax Cottage","Scored 9.1","9.1","Value for money 9.2","Offering mountain views, Ella Mount Relax Cottage in Ella provides accommodations and a garden. This property offers access to a balcony and free private parking.","· 433 reviews","Opens in new window","Ella","Show prices","Wonderful","Show on map","","https://cf.bstatic.com/xdata/images/hotel/square600/770691784.webp?k=a5951e520ccdd58ad7dbd574ee0206c543278532e30eddd25b0f1fe6f3651bcf&o="
"1777049497-63","https://www.booking.com/searchresults.html?label=bristol-XLwodozx2dVe8Ts0XeYuawS752260715469%3Apl%3Ata%3Ap1%3Ap2%3Aac%3Aap%3Aneg%3Afi%3Atikwd-869815001187%3Alp1009919%3Ali%3Adec%3Adm%3Appccp%3DUmFuZG9tSVYkc2RlIyh9YXdX6HrtnYy-Ml68sH-ljtU&aid=311984&dest_id=198&dest_type=country&group_adults=2&req_adults=2&no_rooms=1&broad_search_not_eligible=1&order=score&nflt=ht_id%3D204%3Bht_id%3D213%3Bht_id%3D216%3Bht_id%3D201%3Btop_destinations%3D6021%3Bpopular_nearby_landmarks%3D900059521%3Bpopular_nearby_landmarks%3D900059520%3Bpopular_nearby_landmarks%3D900074332%3Bpopular_nearby_landmarks%3D900077457%3Bpopular_nearby_landmarks%3D900059522%3Bpopular_nearby_landmarks%3D900074335%3Bpopular_nearby_landmarks%3D900074331%3Bpopular_nearby_landmarks%3D900053658%3Bpopular_nearby_landmarks%3D900053661%3Bpopular_nearby_landmarks%3D900053669%3Bpopular_nearby_landmarks%3D900058091%3Bpopular_nearby_landmarks%3D900059233%3Bpopular_nearby_landmarks%3D900059236%3Bpopular_nearby_landmarks%3D900059439%3Bpopular_nearby_landmarks%3D900059447%3Bpopular_nearby_landmarks%3D900059529%3Bpopular_nearby_landmarks%3D900069601%3Bpopular_nearby_landmarks%3D900069602%3Bpopular_nearby_landmarks%3D900069603%3Bpopular_nearby_landmarks%3D900070379%3Bpopular_nearby_landmarks%3D900074815%3Bpopular_nearby_landmarks%3D900074898%3Bpopular_nearby_landmarks%3D900075026%3Bpopular_nearby_landmarks%3D900059238","Blooming Rose Ella","Scored 9.1","9.1","Value for money 9.1","Blooming Rose Ella features accommodations in Ella near Ella Train Station and Ella Spice Garden Cooking Class. This guest house offers air-conditioned accommodations with a balcony and free Wifi.","· 659 reviews","Opens in new window","Ella","Show prices","Wonderful","Show on map","","https://cf.bstatic.com/xdata/images/hotel/square600/214158137.webp?k=3c1303d60f454ad6e70eba6c4087fda7d0de8ff1b6b1125eed158c8b5675e33d&o="
"1777049497-64","https://www.booking.com/searchresults.html?label=bristol-XLwodozx2dVe8Ts0XeYuawS752260715469%3Apl%3Ata%3Ap1%3Ap2%3Aac%3Aap%3Aneg%3Afi%3Atikwd-869815001187%3Alp1009919%3Ali%3Adec%3Adm%3Appccp%3DUmFuZG9tSVYkc2RlIyh9YXdX6HrtnYy-Ml68sH-ljtU&aid=311984&dest_id=198&dest_type=country&group_adults=2&req_adults=2&no_rooms=1&broad_search_not_eligible=1&order=score&nflt=ht_id%3D204%3Bht_id%3D213%3Bht_id%3D216%3Bht_id%3D201%3Btop_destinations%3D6021%3Bpopular_nearby_landmarks%3D900059521%3Bpopular_nearby_landmarks%3D900059520%3Bpopular_nearby_landmarks%3D900074332%3Bpopular_nearby_landmarks%3D900077457%3Bpopular_nearby_landmarks%3D900059522%3Bpopular_nearby_landmarks%3D900074335%3Bpopular_nearby_landmarks%3D900074331%3Bpopular_nearby_landmarks%3D900053658%3Bpopular_nearby_landmarks%3D900053661%3Bpopular_nearby_landmarks%3D900053669%3Bpopular_nearby_landmarks%3D900058091%3Bpopular_nearby_landmarks%3D900059233%3Bpopular_nearby_landmarks%3D900059236%3Bpopular_nearby_landmarks%3D900059439%3Bpopular_nearby_landmarks%3D900059447%3Bpopular_nearby_landmarks%3D900059529%3Bpopular_nearby_landmarks%3D900069601%3Bpopular_nearby_landmarks%3D900069602%3Bpopular_nearby_landmarks%3D900069603%3Bpopular_nearby_landmarks%3D900070379%3Bpopular_nearby_landmarks%3D900074815%3Bpopular_nearby_landmarks%3D900074898%3Bpopular_nearby_landmarks%3D900075026%3Bpopular_nearby_landmarks%3D900059238","98 Acres Resort & Spa","Scored 9.1","9.1","Location 9.6","Immerse yourself in refined luxury where nature unfolds at 98 Acres Resort & Spa by Vella Global, in the heart of Ella.","· 812 reviews","Opens in new window","Ella","Show prices","Wonderful","Show on map","","https://cf.bstatic.com/xdata/images/hotel/square600/123777522.webp?k=52bd467b18b45277e26509afc2740284c35bda453632fecb41ad8b3881603a05&o="
"1777049497-65","https://www.booking.com/searchresults.html?label=bristol-XLwodozx2dVe8Ts0XeYuawS752260715469%3Apl%3Ata%3Ap1%3Ap2%3Aac%3Aap%3Aneg%3Afi%3Atikwd-869815001187%3Alp1009919%3Ali%3Adec%3Adm%3Appccp%3DUmFuZG9tSVYkc2RlIyh9YXdX6HrtnYy-Ml68sH-ljtU&aid=311984&dest_id=198&dest_type=country&group_adults=2&req_adults=2&no_rooms=1&broad_search_not_eligible=1&order=score&nflt=ht_id%3D204%3Bht_id%3D213%3Bht_id%3D216%3Bht_id%3D201%3Btop_destinations%3D6021%3Bpopular_nearby_landmarks%3D900059521%3Bpopular_nearby_landmarks%3D900059520%3Bpopular_nearby_landmarks%3D900074332%3Bpopular_nearby_landmarks%3D900077457%3Bpopular_nearby_landmarks%3D900059522%3Bpopular_nearby_landmarks%3D900074335%3Bpopular_nearby_landmarks%3D900074331%3Bpopular_nearby_landmarks%3D900053658%3Bpopular_nearby_landmarks%3D900053661%3Bpopular_nearby_landmarks%3D900053669%3Bpopular_nearby_landmarks%3D900058091%3Bpopular_nearby_landmarks%3D900059233%3Bpopular_nearby_landmarks%3D900059236%3Bpopular_nearby_landmarks%3D900059439%3Bpopular_nearby_landmarks%3D900059447%3Bpopular_nearby_landmarks%3D900059529%3Bpopular_nearby_landmarks%3D900069601%3Bpopular_nearby_landmarks%3D900069602%3Bpopular_nearby_landmarks%3D900069603%3Bpopular_nearby_landmarks%3D900070379%3Bpopular_nearby_landmarks%3D900074815%3Bpopular_nearby_landmarks%3D900074898%3Bpopular_nearby_landmarks%3D900075026%3Bpopular_nearby_landmarks%3D900059238","Samiru Guest Inn Ella","Scored 9.1","9.1","Value for money 9.3","Located in Ella, 2.9 miles from Demodara Nine Arch Bridge, Samiru Guest Inn Ella provides accommodations with a garden, free private parking and a terrace.","· 407 reviews","Opens in new window","Ella","Show prices","Wonderful","Show on map","","https://cf.bstatic.com/xdata/images/hotel/square600/825921290.webp?k=b8ecfded56950438609b59d7f5806509af139019a3216d3f3e5318bfc54f0052&o="
"1777049497-66","https://www.booking.com/searchresults.html?label=bristol-XLwodozx2dVe8Ts0XeYuawS752260715469%3Apl%3Ata%3Ap1%3Ap2%3Aac%3Aap%3Aneg%3Afi%3Atikwd-869815001187%3Alp1009919%3Ali%3Adec%3Adm%3Appccp%3DUmFuZG9tSVYkc2RlIyh9YXdX6HrtnYy-Ml68sH-ljtU&aid=311984&dest_id=198&dest_type=country&group_adults=2&req_adults=2&no_rooms=1&broad_search_not_eligible=1&order=score&nflt=ht_id%3D204%3Bht_id%3D213%3Bht_id%3D216%3Bht_id%3D201%3Btop_destinations%3D6021%3Bpopular_nearby_landmarks%3D900059521%3Bpopular_nearby_landmarks%3D900059520%3Bpopular_nearby_landmarks%3D900074332%3Bpopular_nearby_landmarks%3D900077457%3Bpopular_nearby_landmarks%3D900059522%3Bpopular_nearby_landmarks%3D900074335%3Bpopular_nearby_landmarks%3D900074331%3Bpopular_nearby_landmarks%3D900053658%3Bpopular_nearby_landmarks%3D900053661%3Bpopular_nearby_landmarks%3D900053669%3Bpopular_nearby_landmarks%3D900058091%3Bpopular_nearby_landmarks%3D900059233%3Bpopular_nearby_landmarks%3D900059236%3Bpopular_nearby_landmarks%3D900059439%3Bpopular_nearby_landmarks%3D900059447%3Bpopular_nearby_landmarks%3D900059529%3Bpopular_nearby_landmarks%3D900069601%3Bpopular_nearby_landmarks%3D900069602%3Bpopular_nearby_landmarks%3D900069603%3Bpopular_nearby_landmarks%3D900070379%3Bpopular_nearby_landmarks%3D900074815%3Bpopular_nearby_landmarks%3D900074898%3Bpopular_nearby_landmarks%3D900075026%3Bpopular_nearby_landmarks%3D900059238","Samadhi Nature Resort","Scored 9.1","9.1","Value for money 9.0","Located in Ella, a 14-minute walk from Demodara Nine Arch Bridge, Samadhi Nature Resort has accommodations with a garden, free private parking, a shared lounge and a terrace.","· 461 reviews","Opens in new window","Ella","Show prices","Wonderful","Show on map","","https://cf.bstatic.com/xdata/images/hotel/square600/147023070.webp?k=a98a7c9ebecbc1d372758e536947a10752f0667256629b3d88f1d05513bc625a&o="
"1777049497-67","https://www.booking.com/searchresults.html?label=bristol-XLwodozx2dVe8Ts0XeYuawS752260715469%3Apl%3Ata%3Ap1%3Ap2%3Aac%3Aap%3Aneg%3Afi%3Atikwd-869815001187%3Alp1009919%3Ali%3Adec%3Adm%3Appccp%3DUmFuZG9tSVYkc2RlIyh9YXdX6HrtnYy-Ml68sH-ljtU&aid=311984&dest_id=198&dest_type=country&group_adults=2&req_adults=2&no_rooms=1&broad_search_not_eligible=1&order=score&nflt=ht_id%3D204%3Bht_id%3D213%3Bht_id%3D216%3Bht_id%3D201%3Btop_destinations%3D6021%3Bpopular_nearby_landmarks%3D900059521%3Bpopular_nearby_landmarks%3D900059520%3Bpopular_nearby_landmarks%3D900074332%3Bpopular_nearby_landmarks%3D900077457%3Bpopular_nearby_landmarks%3D900059522%3Bpopular_nearby_landmarks%3D900074335%3Bpopular_nearby_landmarks%3D900074331%3Bpopular_nearby_landmarks%3D900053658%3Bpopular_nearby_landmarks%3D900053661%3Bpopular_nearby_landmarks%3D900053669%3Bpopular_nearby_landmarks%3D900058091%3Bpopular_nearby_landmarks%3D900059233%3Bpopular_nearby_landmarks%3D900059236%3Bpopular_nearby_landmarks%3D900059439%3Bpopular_nearby_landmarks%3D900059447%3Bpopular_nearby_landmarks%3D900059529%3Bpopular_nearby_landmarks%3D900069601%3Bpopular_nearby_landmarks%3D900069602%3Bpopular_nearby_landmarks%3D900069603%3Bpopular_nearby_landmarks%3D900070379%3Bpopular_nearby_landmarks%3D900074815%3Bpopular_nearby_landmarks%3D900074898%3Bpopular_nearby_landmarks%3D900075026%3Bpopular_nearby_landmarks%3D900059238","Idyll Cottage Ella","Scored 9.1","9.1","Value for money 9.3","Located in Ella, within 3 miles of Demodara Nine Arch Bridge and 30 miles of Hakgala Botanical Garden, Idyll Cottage Ella provides accommodations with an outdoor swimming pool and free WiFi throughout...","· 300 reviews","Opens in new window","Ella","Show prices","Wonderful","Show on map","","https://cf.bstatic.com/xdata/images/hotel/square600/842753061.webp?k=a5f7fcef3c15bd48e4ad920989592692b50b881b3712f501b047fbf328d08c40&o="
"1777049497-68","https://www.booking.com/searchresults.html?label=bristol-XLwodozx2dVe8Ts0XeYuawS752260715469%3Apl%3Ata%3Ap1%3Ap2%3Aac%3Aap%3Aneg%3Afi%3Atikwd-869815001187%3Alp1009919%3Ali%3Adec%3Adm%3Appccp%3DUmFuZG9tSVYkc2RlIyh9YXdX6HrtnYy-Ml68sH-ljtU&aid=311984&dest_id=198&dest_type=country&group_adults=2&req_adults=2&no_rooms=1&broad_search_not_eligible=1&order=score&nflt=ht_id%3D204%3Bht_id%3D213%3Bht_id%3D216%3Bht_id%3D201%3Btop_destinations%3D6021%3Bpopular_nearby_landmarks%3D900059521%3Bpopular_nearby_landmarks%3D900059520%3Bpopular_nearby_landmarks%3D900074332%3Bpopular_nearby_landmarks%3D900077457%3Bpopular_nearby_landmarks%3D900059522%3Bpopular_nearby_landmarks%3D900074335%3Bpopular_nearby_landmarks%3D900074331%3Bpopular_nearby_landmarks%3D900053658%3Bpopular_nearby_landmarks%3D900053661%3Bpopular_nearby_landmarks%3D900053669%3Bpopular_nearby_landmarks%3D900058091%3Bpopular_nearby_landmarks%3D900059233%3Bpopular_nearby_landmarks%3D900059236%3Bpopular_nearby_landmarks%3D900059439%3Bpopular_nearby_landmarks%3D900059447%3Bpopular_nearby_landmarks%3D900059529%3Bpopular_nearby_landmarks%3D900069601%3Bpopular_nearby_landmarks%3D900069602%3Bpopular_nearby_landmarks%3D900069603%3Bpopular_nearby_landmarks%3D900070379%3Bpopular_nearby_landmarks%3D900074815%3Bpopular_nearby_landmarks%3D900074898%3Bpopular_nearby_landmarks%3D900075026%3Bpopular_nearby_landmarks%3D900059238","Secret Mountain Paradise","Scored 9.1","9.1","Value for money 9.3","Secret Mountain Paradise features rooms in Ella near Ella Train Station and Ella Spice Garden Cooking Class. This apartment offers free private parking, a 24-hour front desk, and free Wifi.","· 138 reviews","Opens in new window","Ella","Show prices","Wonderful","Show on map","","https://cf.bstatic.com/xdata/images/hotel/square600/723351023.webp?k=f0381faad2df0f073df0784fab2ff4de3a84930a5ecd6d65a805b09b4b1e322b&o="
"1777049497-69","https://www.booking.com/searchresults.html?label=bristol-XLwodozx2dVe8Ts0XeYuawS752260715469%3Apl%3Ata%3Ap1%3Ap2%3Aac%3Aap%3Aneg%3Afi%3Atikwd-869815001187%3Alp1009919%3Ali%3Adec%3Adm%3Appccp%3DUmFuZG9tSVYkc2RlIyh9YXdX6HrtnYy-Ml68sH-ljtU&aid=311984&dest_id=198&dest_type=country&group_adults=2&req_adults=2&no_rooms=1&broad_search_not_eligible=1&order=score&nflt=ht_id%3D204%3Bht_id%3D213%3Bht_id%3D216%3Bht_id%3D201%3Btop_destinations%3D6021%3Bpopular_nearby_landmarks%3D900059521%3Bpopular_nearby_landmarks%3D900059520%3Bpopular_nearby_landmarks%3D900074332%3Bpopular_nearby_landmarks%3D900077457%3Bpopular_nearby_landmarks%3D900059522%3Bpopular_nearby_landmarks%3D900074335%3Bpopular_nearby_landmarks%3D900074331%3Bpopular_nearby_landmarks%3D900053658%3Bpopular_nearby_landmarks%3D900053661%3Bpopular_nearby_landmarks%3D900053669%3Bpopular_nearby_landmarks%3D900058091%3Bpopular_nearby_landmarks%3D900059233%3Bpopular_nearby_landmarks%3D900059236%3Bpopular_nearby_landmarks%3D900059439%3Bpopular_nearby_landmarks%3D900059447%3Bpopular_nearby_landmarks%3D900059529%3Bpopular_nearby_landmarks%3D900069601%3Bpopular_nearby_landmarks%3D900069602%3Bpopular_nearby_landmarks%3D900069603%3Bpopular_nearby_landmarks%3D900070379%3Bpopular_nearby_landmarks%3D900074815%3Bpopular_nearby_landmarks%3D900074898%3Bpopular_nearby_landmarks%3D900075026%3Bpopular_nearby_landmarks%3D900059238","Pine Cone Cottages, Ella","Scored 9.1","9.1","Value for money 9.3","Located in Ella, 3 miles from Demodara Nine Arch Bridge, Pine Cone Cottages, Ella provides accommodations with a garden, free private parking, a terrace and a restaurant.","· 61 reviews","Opens in new window","Ella","Show prices","Wonderful","Show on map","","https://cf.bstatic.com/xdata/images/hotel/square600/792868958.webp?k=90400ec0a73b6975c27e298a1928305607aa429b075f2aa4d585a7aeaafea973&o="
"1777049497-70","https://www.booking.com/searchresults.html?label=bristol-XLwodozx2dVe8Ts0XeYuawS752260715469%3Apl%3Ata%3Ap1%3Ap2%3Aac%3Aap%3Aneg%3Afi%3Atikwd-869815001187%3Alp1009919%3Ali%3Adec%3Adm%3Appccp%3DUmFuZG9tSVYkc2RlIyh9YXdX6HrtnYy-Ml68sH-ljtU&aid=311984&dest_id=198&dest_type=country&group_adults=2&req_adults=2&no_rooms=1&broad_search_not_eligible=1&order=score&nflt=ht_id%3D204%3Bht_id%3D213%3Bht_id%3D216%3Bht_id%3D201%3Btop_destinations%3D6021%3Bpopular_nearby_landmarks%3D900059521%3Bpopular_nearby_landmarks%3D900059520%3Bpopular_nearby_landmarks%3D900074332%3Bpopular_nearby_landmarks%3D900077457%3Bpopular_nearby_landmarks%3D900059522%3Bpopular_nearby_landmarks%3D900074335%3Bpopular_nearby_landmarks%3D900074331%3Bpopular_nearby_landmarks%3D900053658%3Bpopular_nearby_landmarks%3D900053661%3Bpopular_nearby_landmarks%3D900053669%3Bpopular_nearby_landmarks%3D900058091%3Bpopular_nearby_landmarks%3D900059233%3Bpopular_nearby_landmarks%3D900059236%3Bpopular_nearby_landmarks%3D900059439%3Bpopular_nearby_landmarks%3D900059447%3Bpopular_nearby_landmarks%3D900059529%3Bpopular_nearby_landmarks%3D900069601%3Bpopular_nearby_landmarks%3D900069602%3Bpopular_nearby_landmarks%3D900069603%3Bpopular_nearby_landmarks%3D900070379%3Bpopular_nearby_landmarks%3D900074815%3Bpopular_nearby_landmarks%3D900074898%3Bpopular_nearby_landmarks%3D900075026%3Bpopular_nearby_landmarks%3D900059238","Wood Heart","Scored 9.1","9.1","Value for money 9.2","Located in Ella, 3.4 miles from Demodara Nine Arch Bridge, Wood Heart provides accommodations with a shared lounge, free private parking and a terrace.","· 346 reviews","Opens in new window","Ella","Show prices","Wonderful","Show on map","","https://cf.bstatic.com/xdata/images/hotel/square600/188093728.webp?k=918993723bd60ee3208bdb0e3c04432e172a04c700ce046b15cb5134abce4b3c&o="
"1777049497-71","https://www.booking.com/searchresults.html?label=bristol-XLwodozx2dVe8Ts0XeYuawS752260715469%3Apl%3Ata%3Ap1%3Ap2%3Aac%3Aap%3Aneg%3Afi%3Atikwd-869815001187%3Alp1009919%3Ali%3Adec%3Adm%3Appccp%3DUmFuZG9tSVYkc2RlIyh9YXdX6HrtnYy-Ml68sH-ljtU&aid=311984&dest_id=198&dest_type=country&group_adults=2&req_adults=2&no_rooms=1&broad_search_not_eligible=1&order=score&nflt=ht_id%3D204%3Bht_id%3D213%3Bht_id%3D216%3Bht_id%3D201%3Btop_destinations%3D6021%3Bpopular_nearby_landmarks%3D900059521%3Bpopular_nearby_landmarks%3D900059520%3Bpopular_nearby_landmarks%3D900074332%3Bpopular_nearby_landmarks%3D900077457%3Bpopular_nearby_landmarks%3D900059522%3Bpopular_nearby_landmarks%3D900074335%3Bpopular_nearby_landmarks%3D900074331%3Bpopular_nearby_landmarks%3D900053658%3Bpopular_nearby_landmarks%3D900053661%3Bpopular_nearby_landmarks%3D900053669%3Bpopular_nearby_landmarks%3D900058091%3Bpopular_nearby_landmarks%3D900059233%3Bpopular_nearby_landmarks%3D900059236%3Bpopular_nearby_landmarks%3D900059439%3Bpopular_nearby_landmarks%3D900059447%3Bpopular_nearby_landmarks%3D900059529%3Bpopular_nearby_landmarks%3D900069601%3Bpopular_nearby_landmarks%3D900069602%3Bpopular_nearby_landmarks%3D900069603%3Bpopular_nearby_landmarks%3D900070379%3Bpopular_nearby_landmarks%3D900074815%3Bpopular_nearby_landmarks%3D900074898%3Bpopular_nearby_landmarks%3D900075026%3Bpopular_nearby_landmarks%3D900059238","Eden View Ella - Tour options in the area","Scored 9.1","9.1","Value for money 9.2","Offering a restaurant and free bikes, Eden View Ella - Tour options in the area is located in Ella. Free WiFi access is available in the public areas of the property.","· 358 reviews","Opens in new window","Ella","Show prices","Wonderful","Show on map","","https://cf.bstatic.com/xdata/images/hotel/square600/817683336.webp?k=94750894555ba235b1202da20a1f52d34e08297f3145606eff0112c74f249923&o="
"1777049497-72","https://www.booking.com/searchresults.html?label=bristol-XLwodozx2dVe8Ts0XeYuawS752260715469%3Apl%3Ata%3Ap1%3Ap2%3Aac%3Aap%3Aneg%3Afi%3Atikwd-869815001187%3Alp1009919%3Ali%3Adec%3Adm%3Appccp%3DUmFuZG9tSVYkc2RlIyh9YXdX6HrtnYy-Ml68sH-ljtU&aid=311984&dest_id=198&dest_type=country&group_adults=2&req_adults=2&no_rooms=1&broad_search_not_eligible=1&order=score&nflt=ht_id%3D204%3Bht_id%3D213%3Bht_id%3D216%3Bht_id%3D201%3Btop_destinations%3D6021%3Bpopular_nearby_landmarks%3D900059521%3Bpopular_nearby_landmarks%3D900059520%3Bpopular_nearby_landmarks%3D900074332%3Bpopular_nearby_landmarks%3D900077457%3Bpopular_nearby_landmarks%3D900059522%3Bpopular_nearby_landmarks%3D900074335%3Bpopular_nearby_landmarks%3D900074331%3Bpopular_nearby_landmarks%3D900053658%3Bpopular_nearby_landmarks%3D900053661%3Bpopular_nearby_landmarks%3D900053669%3Bpopular_nearby_landmarks%3D900058091%3Bpopular_nearby_landmarks%3D900059233%3Bpopular_nearby_landmarks%3D900059236%3Bpopular_nearby_landmarks%3D900059439%3Bpopular_nearby_landmarks%3D900059447%3Bpopular_nearby_landmarks%3D900059529%3Bpopular_nearby_landmarks%3D900069601%3Bpopular_nearby_landmarks%3D900069602%3Bpopular_nearby_landmarks%3D900069603%3Bpopular_nearby_landmarks%3D900070379%3Bpopular_nearby_landmarks%3D900074815%3Bpopular_nearby_landmarks%3D900074898%3Bpopular_nearby_landmarks%3D900075026%3Bpopular_nearby_landmarks%3D900059238","MK Guest House","Scored 9.1","9.1","Value for money 9.5","MK Guest House is located in Haputale, just 27 miles from Gregory Lake and 16 miles from Demodara Nine Arch Bridge. This property offers access to a terrace and free private parking.","· 78 reviews","Opens in new window","Haputale","Show prices","Wonderful","Show on map","","https://cf.bstatic.com/xdata/images/hotel/square600/683008196.webp?k=b178e96762b1879ed3c9e18bd5a12090d4429d50d410b38e2ab50088b48a2731&o="
"1777049497-73","https://www.booking.com/searchresults.html?label=bristol-XLwodozx2dVe8Ts0XeYuawS752260715469%3Apl%3Ata%3Ap1%3Ap2%3Aac%3Aap%3Aneg%3Afi%3Atikwd-869815001187%3Alp1009919%3Ali%3Adec%3Adm%3Appccp%3DUmFuZG9tSVYkc2RlIyh9YXdX6HrtnYy-Ml68sH-ljtU&aid=311984&dest_id=198&dest_type=country&group_adults=2&req_adults=2&no_rooms=1&broad_search_not_eligible=1&order=score&nflt=ht_id%3D204%3Bht_id%3D213%3Bht_id%3D216%3Bht_id%3D201%3Btop_destinations%3D6021%3Bpopular_nearby_landmarks%3D900059521%3Bpopular_nearby_landmarks%3D900059520%3Bpopular_nearby_landmarks%3D900074332%3Bpopular_nearby_landmarks%3D900077457%3Bpopular_nearby_landmarks%3D900059522%3Bpopular_nearby_landmarks%3D900074335%3Bpopular_nearby_landmarks%3D900074331%3Bpopular_nearby_landmarks%3D900053658%3Bpopular_nearby_landmarks%3D900053661%3Bpopular_nearby_landmarks%3D900053669%3Bpopular_nearby_landmarks%3D900058091%3Bpopular_nearby_landmarks%3D900059233%3Bpopular_nearby_landmarks%3D900059236%3Bpopular_nearby_landmarks%3D900059439%3Bpopular_nearby_landmarks%3D900059447%3Bpopular_nearby_landmarks%3D900059529%3Bpopular_nearby_landmarks%3D900069601%3Bpopular_nearby_landmarks%3D900069602%3Bpopular_nearby_landmarks%3D900069603%3Bpopular_nearby_landmarks%3D900070379%3Bpopular_nearby_landmarks%3D900074815%3Bpopular_nearby_landmarks%3D900074898%3Bpopular_nearby_landmarks%3D900075026%3Bpopular_nearby_landmarks%3D900059238","Misty Mount Resort","Scored 9.1","9.1","Value for money 9.5","Located in Ella, 2.5 miles from Demodara Nine Arch Bridge, Misty Mount Resort has accommodations with a garden, free private parking and a terrace.","· 117 reviews","Opens in new window","Ella","Show prices","Wonderful","Show on map","","https://cf.bstatic.com/xdata/images/hotel/square600/851077689.webp?k=c452dd437e05e980bd7996e4499f3c2abad882fbfc77ed65182589496a1d7b67&o="
"1777049497-74","https://www.booking.com/searchresults.html?label=bristol-XLwodozx2dVe8Ts0XeYuawS752260715469%3Apl%3Ata%3Ap1%3Ap2%3Aac%3Aap%3Aneg%3Afi%3Atikwd-869815001187%3Alp1009919%3Ali%3Adec%3Adm%3Appccp%3DUmFuZG9tSVYkc2RlIyh9YXdX6HrtnYy-Ml68sH-ljtU&aid=311984&dest_id=198&dest_type=country&group_adults=2&req_adults=2&no_rooms=1&broad_search_not_eligible=1&order=score&nflt=ht_id%3D204%3Bht_id%3D213%3Bht_id%3D216%3Bht_id%3D201%3Btop_destinations%3D6021%3Bpopular_nearby_landmarks%3D900059521%3Bpopular_nearby_landmarks%3D900059520%3Bpopular_nearby_landmarks%3D900074332%3Bpopular_nearby_landmarks%3D900077457%3Bpopular_nearby_landmarks%3D900059522%3Bpopular_nearby_landmarks%3D900074335%3Bpopular_nearby_landmarks%3D900074331%3Bpopular_nearby_landmarks%3D900053658%3Bpopular_nearby_landmarks%3D900053661%3Bpopular_nearby_landmarks%3D900053669%3Bpopular_nearby_landmarks%3D900058091%3Bpopular_nearby_landmarks%3D900059233%3Bpopular_nearby_landmarks%3D900059236%3Bpopular_nearby_landmarks%3D900059439%3Bpopular_nearby_landmarks%3D900059447%3Bpopular_nearby_landmarks%3D900059529%3Bpopular_nearby_landmarks%3D900069601%3Bpopular_nearby_landmarks%3D900069602%3Bpopular_nearby_landmarks%3D900069603%3Bpopular_nearby_landmarks%3D900070379%3Bpopular_nearby_landmarks%3D900074815%3Bpopular_nearby_landmarks%3D900074898%3Bpopular_nearby_landmarks%3D900075026%3Bpopular_nearby_landmarks%3D900059238","Cozy Homestay Waterfall Road Ella","Scored 9.1","9.1","Value for money 9.3","Featuring a garden, terrace and views of mountain, Cozy Homestay Waterfall Road Ella is located in Ella, 3.6 miles from Demodara Nine Arch Bridge.","· 559 reviews","Opens in new window","Ella","Show prices","Wonderful","Show on map","","https://cf.bstatic.com/xdata/images/hotel/square600/653745455.webp?k=854ea4eecc88e8510b1cd8fe05b1b5ba592e54279eb5520b1965649665b8fc92&o="
"1777049497-75","https://www.booking.com/searchresults.html?label=bristol-XLwodozx2dVe8Ts0XeYuawS752260715469%3Apl%3Ata%3Ap1%3Ap2%3Aac%3Aap%3Aneg%3Afi%3Atikwd-869815001187%3Alp1009919%3Ali%3Adec%3Adm%3Appccp%3DUmFuZG9tSVYkc2RlIyh9YXdX6HrtnYy-Ml68sH-ljtU&aid=311984&dest_id=198&dest_type=country&group_adults=2&req_adults=2&no_rooms=1&broad_search_not_eligible=1&order=score&nflt=ht_id%3D204%3Bht_id%3D213%3Bht_id%3D216%3Bht_id%3D201%3Btop_destinations%3D6021%3Bpopular_nearby_landmarks%3D900059521%3Bpopular_nearby_landmarks%3D900059520%3Bpopular_nearby_landmarks%3D900074332%3Bpopular_nearby_landmarks%3D900077457%3Bpopular_nearby_landmarks%3D900059522%3Bpopular_nearby_landmarks%3D900074335%3Bpopular_nearby_landmarks%3D900074331%3Bpopular_nearby_landmarks%3D900053658%3Bpopular_nearby_landmarks%3D900053661%3Bpopular_nearby_landmarks%3D900053669%3Bpopular_nearby_landmarks%3D900058091%3Bpopular_nearby_landmarks%3D900059233%3Bpopular_nearby_landmarks%3D900059236%3Bpopular_nearby_landmarks%3D900059439%3Bpopular_nearby_landmarks%3D900059447%3Bpopular_nearby_landmarks%3D900059529%3Bpopular_nearby_landmarks%3D900069601%3Bpopular_nearby_landmarks%3D900069602%3Bpopular_nearby_landmarks%3D900069603%3Bpopular_nearby_landmarks%3D900070379%3Bpopular_nearby_landmarks%3D900074815%3Bpopular_nearby_landmarks%3D900074898%3Bpopular_nearby_landmarks%3D900075026%3Bpopular_nearby_landmarks%3D900059238","Nine Arch Homestay","Scored 9.1","9.1","Value for money 9.7","Just a 8-minute walk from Demodara Nine Arch Bridge and one mile from Little Adam's Peak, Nine Arch Homestay features accommodations in Ella with a garden.","· 61 reviews","Opens in new window","Ella","Show prices","Wonderful","Show on map","","https://cf.bstatic.com/xdata/images/hotel/square600/776546985.webp?k=592d898de2cf4591e6ef287d01c09ffa6e34e502980c2fa4ea8d7b0309de8f0d&o="
"1777049497-76","https://www.booking.com/searchresults.html?label=bristol-XLwodozx2dVe8Ts0XeYuawS752260715469%3Apl%3Ata%3Ap1%3Ap2%3Aac%3Aap%3Aneg%3Afi%3Atikwd-869815001187%3Alp1009919%3Ali%3Adec%3Adm%3Appccp%3DUmFuZG9tSVYkc2RlIyh9YXdX6HrtnYy-Ml68sH-ljtU&aid=311984&dest_id=198&dest_type=country&group_adults=2&req_adults=2&no_rooms=1&broad_search_not_eligible=1&order=score&nflt=ht_id%3D204%3Bht_id%3D213%3Bht_id%3D216%3Bht_id%3D201%3Btop_destinations%3D6021%3Bpopular_nearby_landmarks%3D900059521%3Bpopular_nearby_landmarks%3D900059520%3Bpopular_nearby_landmarks%3D900074332%3Bpopular_nearby_landmarks%3D900077457%3Bpopular_nearby_landmarks%3D900059522%3Bpopular_nearby_landmarks%3D900074335%3Bpopular_nearby_landmarks%3D900074331%3Bpopular_nearby_landmarks%3D900053658%3Bpopular_nearby_landmarks%3D900053661%3Bpopular_nearby_landmarks%3D900053669%3Bpopular_nearby_landmarks%3D900058091%3Bpopular_nearby_landmarks%3D900059233%3Bpopular_nearby_landmarks%3D900059236%3Bpopular_nearby_landmarks%3D900059439%3Bpopular_nearby_landmarks%3D900059447%3Bpopular_nearby_landmarks%3D900059529%3Bpopular_nearby_landmarks%3D900069601%3Bpopular_nearby_landmarks%3D900069602%3Bpopular_nearby_landmarks%3D900069603%3Bpopular_nearby_landmarks%3D900070379%3Bpopular_nearby_landmarks%3D900074815%3Bpopular_nearby_landmarks%3D900074898%3Bpopular_nearby_landmarks%3D900075026%3Bpopular_nearby_landmarks%3D900059238","","","","","","","","","","","","",""
"1777049497-77","https://www.booking.com/searchresults.html?label=bristol-XLwodozx2dVe8Ts0XeYuawS752260715469%3Apl%3Ata%3Ap1%3Ap2%3Aac%3Aap%3Aneg%3Afi%3Atikwd-869815001187%3Alp1009919%3Ali%3Adec%3Adm%3Appccp%3DUmFuZG9tSVYkc2RlIyh9YXdX6HrtnYy-Ml68sH-ljtU&aid=311984&dest_id=198&dest_type=country&group_adults=2&req_adults=2&no_rooms=1&broad_search_not_eligible=1&order=score&nflt=ht_id%3D204%3Bht_id%3D213%3Bht_id%3D216%3Bht_id%3D201%3Btop_destinations%3D6021%3Bpopular_nearby_landmarks%3D900059521%3Bpopular_nearby_landmarks%3D900059520%3Bpopular_nearby_landmarks%3D900074332%3Bpopular_nearby_landmarks%3D900077457%3Bpopular_nearby_landmarks%3D900059522%3Bpopular_nearby_landmarks%3D900074335%3Bpopular_nearby_landmarks%3D900074331%3Bpopular_nearby_landmarks%3D900053658%3Bpopular_nearby_landmarks%3D900053661%3Bpopular_nearby_landmarks%3D900053669%3Bpopular_nearby_landmarks%3D900058091%3Bpopular_nearby_landmarks%3D900059233%3Bpopular_nearby_landmarks%3D900059236%3Bpopular_nearby_landmarks%3D900059439%3Bpopular_nearby_landmarks%3D900059447%3Bpopular_nearby_landmarks%3D900059529%3Bpopular_nearby_landmarks%3D900069601%3Bpopular_nearby_landmarks%3D900069602%3Bpopular_nearby_landmarks%3D900069603%3Bpopular_nearby_landmarks%3D900070379%3Bpopular_nearby_landmarks%3D900074815%3Bpopular_nearby_landmarks%3D900074898%3Bpopular_nearby_landmarks%3D900075026%3Bpopular_nearby_landmarks%3D900059238","","","","","","","","","","","","",""
"1777049497-78","https://www.booking.com/searchresults.html?label=bristol-XLwodozx2dVe8Ts0XeYuawS752260715469%3Apl%3Ata%3Ap1%3Ap2%3Aac%3Aap%3Aneg%3Afi%3Atikwd-869815001187%3Alp1009919%3Ali%3Adec%3Adm%3Appccp%3DUmFuZG9tSVYkc2RlIyh9YXdX6HrtnYy-Ml68sH-ljtU&aid=311984&dest_id=198&dest_type=country&group_adults=2&req_adults=2&no_rooms=1&broad_search_not_eligible=1&order=score&nflt=ht_id%3D204%3Bht_id%3D213%3Bht_id%3D216%3Bht_id%3D201%3Btop_destinations%3D6021%3Bpopular_nearby_landmarks%3D900059521%3Bpopular_nearby_landmarks%3D900059520%3Bpopular_nearby_landmarks%3D900074332%3Bpopular_nearby_landmarks%3D900077457%3Bpopular_nearby_landmarks%3D900059522%3Bpopular_nearby_landmarks%3D900074335%3Bpopular_nearby_landmarks%3D900074331%3Bpopular_nearby_landmarks%3D900053658%3Bpopular_nearby_landmarks%3D900053661%3Bpopular_nearby_landmarks%3D900053669%3Bpopular_nearby_landmarks%3D900058091%3Bpopular_nearby_landmarks%3D900059233%3Bpopular_nearby_landmarks%3D900059236%3Bpopular_nearby_landmarks%3D900059439%3Bpopular_nearby_landmarks%3D900059447%3Bpopular_nearby_landmarks%3D900059529%3Bpopular_nearby_landmarks%3D900069601%3Bpopular_nearby_landmarks%3D900069602%3Bpopular_nearby_landmarks%3D900069603%3Bpopular_nearby_landmarks%3D900070379%3Bpopular_nearby_landmarks%3D900074815%3Bpopular_nearby_landmarks%3D900074898%3Bpopular_nearby_landmarks%3D900075026%3Bpopular_nearby_landmarks%3D900059238","","","","","","","","","","","","",""
"1777049497-79","https://www.booking.com/searchresults.html?label=bristol-XLwodozx2dVe8Ts0XeYuawS752260715469%3Apl%3Ata%3Ap1%3Ap2%3Aac%3Aap%3Aneg%3Afi%3Atikwd-869815001187%3Alp1009919%3Ali%3Adec%3Adm%3Appccp%3DUmFuZG9tSVYkc2RlIyh9YXdX6HrtnYy-Ml68sH-ljtU&aid=311984&dest_id=198&dest_type=country&group_adults=2&req_adults=2&no_rooms=1&broad_search_not_eligible=1&order=score&nflt=ht_id%3D204%3Bht_id%3D213%3Bht_id%3D216%3Bht_id%3D201%3Btop_destinations%3D6021%3Bpopular_nearby_landmarks%3D900059521%3Bpopular_nearby_landmarks%3D900059520%3Bpopular_nearby_landmarks%3D900074332%3Bpopular_nearby_landmarks%3D900077457%3Bpopular_nearby_landmarks%3D900059522%3Bpopular_nearby_landmarks%3D900074335%3Bpopular_nearby_landmarks%3D900074331%3Bpopular_nearby_landmarks%3D900053658%3Bpopular_nearby_landmarks%3D900053661%3Bpopular_nearby_landmarks%3D900053669%3Bpopular_nearby_landmarks%3D900058091%3Bpopular_nearby_landmarks%3D900059233%3Bpopular_nearby_landmarks%3D900059236%3Bpopular_nearby_landmarks%3D900059439%3Bpopular_nearby_landmarks%3D900059447%3Bpopular_nearby_landmarks%3D900059529%3Bpopular_nearby_landmarks%3D900069601%3Bpopular_nearby_landmarks%3D900069602%3Bpopular_nearby_landmarks%3D900069603%3Bpopular_nearby_landmarks%3D900070379%3Bpopular_nearby_landmarks%3D900074815%3Bpopular_nearby_landmarks%3D900074898%3Bpopular_nearby_landmarks%3D900075026%3Bpopular_nearby_landmarks%3D900059238","","","","","","","","","","","","",""
"1777049497-80","https://www.booking.com/searchresults.html?label=bristol-XLwodozx2dVe8Ts0XeYuawS752260715469%3Apl%3Ata%3Ap1%3Ap2%3Aac%3Aap%3Aneg%3Afi%3Atikwd-869815001187%3Alp1009919%3Ali%3Adec%3Adm%3Appccp%3DUmFuZG9tSVYkc2RlIyh9YXdX6HrtnYy-Ml68sH-ljtU&aid=311984&dest_id=198&dest_type=country&group_adults=2&req_adults=2&no_rooms=1&broad_search_not_eligible=1&order=score&nflt=ht_id%3D204%3Bht_id%3D213%3Bht_id%3D216%3Bht_id%3D201%3Btop_destinations%3D6021%3Bpopular_nearby_landmarks%3D900059521%3Bpopular_nearby_landmarks%3D900059520%3Bpopular_nearby_landmarks%3D900074332%3Bpopular_nearby_landmarks%3D900077457%3Bpopular_nearby_landmarks%3D900059522%3Bpopular_nearby_landmarks%3D900074335%3Bpopular_nearby_landmarks%3D900074331%3Bpopular_nearby_landmarks%3D900053658%3Bpopular_nearby_landmarks%3D900053661%3Bpopular_nearby_landmarks%3D900053669%3Bpopular_nearby_landmarks%3D900058091%3Bpopular_nearby_landmarks%3D900059233%3Bpopular_nearby_landmarks%3D900059236%3Bpopular_nearby_landmarks%3D900059439%3Bpopular_nearby_landmarks%3D900059447%3Bpopular_nearby_landmarks%3D900059529%3Bpopular_nearby_landmarks%3D900069601%3Bpopular_nearby_landmarks%3D900069602%3Bpopular_nearby_landmarks%3D900069603%3Bpopular_nearby_landmarks%3D900070379%3Bpopular_nearby_landmarks%3D900074815%3Bpopular_nearby_landmarks%3D900074898%3Bpopular_nearby_landmarks%3D900075026%3Bpopular_nearby_landmarks%3D900059238","","","","","","","","","","","","",""
"1777049497-81","https://www.booking.com/searchresults.html?label=bristol-XLwodozx2dVe8Ts0XeYuawS752260715469%3Apl%3Ata%3Ap1%3Ap2%3Aac%3Aap%3Aneg%3Afi%3Atikwd-869815001187%3Alp1009919%3Ali%3Adec%3Adm%3Appccp%3DUmFuZG9tSVYkc2RlIyh9YXdX6HrtnYy-Ml68sH-ljtU&aid=311984&dest_id=198&dest_type=country&group_adults=2&req_adults=2&no_rooms=1&broad_search_not_eligible=1&order=score&nflt=ht_id%3D204%3Bht_id%3D213%3Bht_id%3D216%3Bht_id%3D201%3Btop_destinations%3D6021%3Bpopular_nearby_landmarks%3D900059521%3Bpopular_nearby_landmarks%3D900059520%3Bpopular_nearby_landmarks%3D900074332%3Bpopular_nearby_landmarks%3D900077457%3Bpopular_nearby_landmarks%3D900059522%3Bpopular_nearby_landmarks%3D900074335%3Bpopular_nearby_landmarks%3D900074331%3Bpopular_nearby_landmarks%3D900053658%3Bpopular_nearby_landmarks%3D900053661%3Bpopular_nearby_landmarks%3D900053669%3Bpopular_nearby_landmarks%3D900058091%3Bpopular_nearby_landmarks%3D900059233%3Bpopular_nearby_landmarks%3D900059236%3Bpopular_nearby_landmarks%3D900059439%3Bpopular_nearby_landmarks%3D900059447%3Bpopular_nearby_landmarks%3D900059529%3Bpopular_nearby_landmarks%3D900069601%3Bpopular_nearby_landmarks%3D900069602%3Bpopular_nearby_landmarks%3D900069603%3Bpopular_nearby_landmarks%3D900070379%3Bpopular_nearby_landmarks%3D900074815%3Bpopular_nearby_landmarks%3D900074898%3Bpopular_nearby_landmarks%3D900075026%3Bpopular_nearby_landmarks%3D900059238","","","","","","","","","","","","",""
"1777049497-82","https://www.booking.com/searchresults.html?label=bristol-XLwodozx2dVe8Ts0XeYuawS752260715469%3Apl%3Ata%3Ap1%3Ap2%3Aac%3Aap%3Aneg%3Afi%3Atikwd-869815001187%3Alp1009919%3Ali%3Adec%3Adm%3Appccp%3DUmFuZG9tSVYkc2RlIyh9YXdX6HrtnYy-Ml68sH-ljtU&aid=311984&dest_id=198&dest_type=country&group_adults=2&req_adults=2&no_rooms=1&broad_search_not_eligible=1&order=score&nflt=ht_id%3D204%3Bht_id%3D213%3Bht_id%3D216%3Bht_id%3D201%3Btop_destinations%3D6021%3Bpopular_nearby_landmarks%3D900059521%3Bpopular_nearby_landmarks%3D900059520%3Bpopular_nearby_landmarks%3D900074332%3Bpopular_nearby_landmarks%3D900077457%3Bpopular_nearby_landmarks%3D900059522%3Bpopular_nearby_landmarks%3D900074335%3Bpopular_nearby_landmarks%3D900074331%3Bpopular_nearby_landmarks%3D900053658%3Bpopular_nearby_landmarks%3D900053661%3Bpopular_nearby_landmarks%3D900053669%3Bpopular_nearby_landmarks%3D900058091%3Bpopular_nearby_landmarks%3D900059233%3Bpopular_nearby_landmarks%3D900059236%3Bpopular_nearby_landmarks%3D900059439%3Bpopular_nearby_landmarks%3D900059447%3Bpopular_nearby_landmarks%3D900059529%3Bpopular_nearby_landmarks%3D900069601%3Bpopular_nearby_landmarks%3D900069602%3Bpopular_nearby_landmarks%3D900069603%3Bpopular_nearby_landmarks%3D900070379%3Bpopular_nearby_landmarks%3D900074815%3Bpopular_nearby_landmarks%3D900074898%3Bpopular_nearby_landmarks%3D900075026%3Bpopular_nearby_landmarks%3D900059238","","","","","","","","","","","","",""
"1777049497-83","https://www.booking.com/searchresults.html?label=bristol-XLwodozx2dVe8Ts0XeYuawS752260715469%3Apl%3Ata%3Ap1%3Ap2%3Aac%3Aap%3Aneg%3Afi%3Atikwd-869815001187%3Alp1009919%3Ali%3Adec%3Adm%3Appccp%3DUmFuZG9tSVYkc2RlIyh9YXdX6HrtnYy-Ml68sH-ljtU&aid=311984&dest_id=198&dest_type=country&group_adults=2&req_adults=2&no_rooms=1&broad_search_not_eligible=1&order=score&nflt=ht_id%3D204%3Bht_id%3D213%3Bht_id%3D216%3Bht_id%3D201%3Btop_destinations%3D6021%3Bpopular_nearby_landmarks%3D900059521%3Bpopular_nearby_landmarks%3D900059520%3Bpopular_nearby_landmarks%3D900074332%3Bpopular_nearby_landmarks%3D900077457%3Bpopular_nearby_landmarks%3D900059522%3Bpopular_nearby_landmarks%3D900074335%3Bpopular_nearby_landmarks%3D900074331%3Bpopular_nearby_landmarks%3D900053658%3Bpopular_nearby_landmarks%3D900053661%3Bpopular_nearby_landmarks%3D900053669%3Bpopular_nearby_landmarks%3D900058091%3Bpopular_nearby_landmarks%3D900059233%3Bpopular_nearby_landmarks%3D900059236%3Bpopular_nearby_landmarks%3D900059439%3Bpopular_nearby_landmarks%3D900059447%3Bpopular_nearby_landmarks%3D900059529%3Bpopular_nearby_landmarks%3D900069601%3Bpopular_nearby_landmarks%3D900069602%3Bpopular_nearby_landmarks%3D900069603%3Bpopular_nearby_landmarks%3D900070379%3Bpopular_nearby_landmarks%3D900074815%3Bpopular_nearby_landmarks%3D900074898%3Bpopular_nearby_landmarks%3D900075026%3Bpopular_nearby_landmarks%3D900059238","","","","","","","","","","","","",""
"1777049497-84","https://www.booking.com/searchresults.html?label=bristol-XLwodozx2dVe8Ts0XeYuawS752260715469%3Apl%3Ata%3Ap1%3Ap2%3Aac%3Aap%3Aneg%3Afi%3Atikwd-869815001187%3Alp1009919%3Ali%3Adec%3Adm%3Appccp%3DUmFuZG9tSVYkc2RlIyh9YXdX6HrtnYy-Ml68sH-ljtU&aid=311984&dest_id=198&dest_type=country&group_adults=2&req_adults=2&no_rooms=1&broad_search_not_eligible=1&order=score&nflt=ht_id%3D204%3Bht_id%3D213%3Bht_id%3D216%3Bht_id%3D201%3Btop_destinations%3D6021%3Bpopular_nearby_landmarks%3D900059521%3Bpopular_nearby_landmarks%3D900059520%3Bpopular_nearby_landmarks%3D900074332%3Bpopular_nearby_landmarks%3D900077457%3Bpopular_nearby_landmarks%3D900059522%3Bpopular_nearby_landmarks%3D900074335%3Bpopular_nearby_landmarks%3D900074331%3Bpopular_nearby_landmarks%3D900053658%3Bpopular_nearby_landmarks%3D900053661%3Bpopular_nearby_landmarks%3D900053669%3Bpopular_nearby_landmarks%3D900058091%3Bpopular_nearby_landmarks%3D900059233%3Bpopular_nearby_landmarks%3D900059236%3Bpopular_nearby_landmarks%3D900059439%3Bpopular_nearby_landmarks%3D900059447%3Bpopular_nearby_landmarks%3D900059529%3Bpopular_nearby_landmarks%3D900069601%3Bpopular_nearby_landmarks%3D900069602%3Bpopular_nearby_landmarks%3D900069603%3Bpopular_nearby_landmarks%3D900070379%3Bpopular_nearby_landmarks%3D900074815%3Bpopular_nearby_landmarks%3D900074898%3Bpopular_nearby_landmarks%3D900075026%3Bpopular_nearby_landmarks%3D900059238","","","","","","","","","","","","",""
"1777049497-85","https://www.booking.com/searchresults.html?label=bristol-XLwodozx2dVe8Ts0XeYuawS752260715469%3Apl%3Ata%3Ap1%3Ap2%3Aac%3Aap%3Aneg%3Afi%3Atikwd-869815001187%3Alp1009919%3Ali%3Adec%3Adm%3Appccp%3DUmFuZG9tSVYkc2RlIyh9YXdX6HrtnYy-Ml68sH-ljtU&aid=311984&dest_id=198&dest_type=country&group_adults=2&req_adults=2&no_rooms=1&broad_search_not_eligible=1&order=score&nflt=ht_id%3D204%3Bht_id%3D213%3Bht_id%3D216%3Bht_id%3D201%3Btop_destinations%3D6021%3Bpopular_nearby_landmarks%3D900059521%3Bpopular_nearby_landmarks%3D900059520%3Bpopular_nearby_landmarks%3D900074332%3Bpopular_nearby_landmarks%3D900077457%3Bpopular_nearby_landmarks%3D900059522%3Bpopular_nearby_landmarks%3D900074335%3Bpopular_nearby_landmarks%3D900074331%3Bpopular_nearby_landmarks%3D900053658%3Bpopular_nearby_landmarks%3D900053661%3Bpopular_nearby_landmarks%3D900053669%3Bpopular_nearby_landmarks%3D900058091%3Bpopular_nearby_landmarks%3D900059233%3Bpopular_nearby_landmarks%3D900059236%3Bpopular_nearby_landmarks%3D900059439%3Bpopular_nearby_landmarks%3D900059447%3Bpopular_nearby_landmarks%3D900059529%3Bpopular_nearby_landmarks%3D900069601%3Bpopular_nearby_landmarks%3D900069602%3Bpopular_nearby_landmarks%3D900069603%3Bpopular_nearby_landmarks%3D900070379%3Bpopular_nearby_landmarks%3D900074815%3Bpopular_nearby_landmarks%3D900074898%3Bpopular_nearby_landmarks%3D900075026%3Bpopular_nearby_landmarks%3D900059238","","","","","","","","","","","","",""
"1777049497-86","https://www.booking.com/searchresults.html?label=bristol-XLwodozx2dVe8Ts0XeYuawS752260715469%3Apl%3Ata%3Ap1%3Ap2%3Aac%3Aap%3Aneg%3Afi%3Atikwd-869815001187%3Alp1009919%3Ali%3Adec%3Adm%3Appccp%3DUmFuZG9tSVYkc2RlIyh9YXdX6HrtnYy-Ml68sH-ljtU&aid=311984&dest_id=198&dest_type=country&group_adults=2&req_adults=2&no_rooms=1&broad_search_not_eligible=1&order=score&nflt=ht_id%3D204%3Bht_id%3D213%3Bht_id%3D216%3Bht_id%3D201%3Btop_destinations%3D6021%3Bpopular_nearby_landmarks%3D900059521%3Bpopular_nearby_landmarks%3D900059520%3Bpopular_nearby_landmarks%3D900074332%3Bpopular_nearby_landmarks%3D900077457%3Bpopular_nearby_landmarks%3D900059522%3Bpopular_nearby_landmarks%3D900074335%3Bpopular_nearby_landmarks%3D900074331%3Bpopular_nearby_landmarks%3D900053658%3Bpopular_nearby_landmarks%3D900053661%3Bpopular_nearby_landmarks%3D900053669%3Bpopular_nearby_landmarks%3D900058091%3Bpopular_nearby_landmarks%3D900059233%3Bpopular_nearby_landmarks%3D900059236%3Bpopular_nearby_landmarks%3D900059439%3Bpopular_nearby_landmarks%3D900059447%3Bpopular_nearby_landmarks%3D900059529%3Bpopular_nearby_landmarks%3D900069601%3Bpopular_nearby_landmarks%3D900069602%3Bpopular_nearby_landmarks%3D900069603%3Bpopular_nearby_landmarks%3D900070379%3Bpopular_nearby_landmarks%3D900074815%3Bpopular_nearby_landmarks%3D900074898%3Bpopular_nearby_landmarks%3D900075026%3Bpopular_nearby_landmarks%3D900059238","","","","","","","","","","","","",""
"1777049497-87","https://www.booking.com/searchresults.html?label=bristol-XLwodozx2dVe8Ts0XeYuawS752260715469%3Apl%3Ata%3Ap1%3Ap2%3Aac%3Aap%3Aneg%3Afi%3Atikwd-869815001187%3Alp1009919%3Ali%3Adec%3Adm%3Appccp%3DUmFuZG9tSVYkc2RlIyh9YXdX6HrtnYy-Ml68sH-ljtU&aid=311984&dest_id=198&dest_type=country&group_adults=2&req_adults=2&no_rooms=1&broad_search_not_eligible=1&order=score&nflt=ht_id%3D204%3Bht_id%3D213%3Bht_id%3D216%3Bht_id%3D201%3Btop_destinations%3D6021%3Bpopular_nearby_landmarks%3D900059521%3Bpopular_nearby_landmarks%3D900059520%3Bpopular_nearby_landmarks%3D900074332%3Bpopular_nearby_landmarks%3D900077457%3Bpopular_nearby_landmarks%3D900059522%3Bpopular_nearby_landmarks%3D900074335%3Bpopular_nearby_landmarks%3D900074331%3Bpopular_nearby_landmarks%3D900053658%3Bpopular_nearby_landmarks%3D900053661%3Bpopular_nearby_landmarks%3D900053669%3Bpopular_nearby_landmarks%3D900058091%3Bpopular_nearby_landmarks%3D900059233%3Bpopular_nearby_landmarks%3D900059236%3Bpopular_nearby_landmarks%3D900059439%3Bpopular_nearby_landmarks%3D900059447%3Bpopular_nearby_landmarks%3D900059529%3Bpopular_nearby_landmarks%3D900069601%3Bpopular_nearby_landmarks%3D900069602%3Bpopular_nearby_landmarks%3D900069603%3Bpopular_nearby_landmarks%3D900070379%3Bpopular_nearby_landmarks%3D900074815%3Bpopular_nearby_landmarks%3D900074898%3Bpopular_nearby_landmarks%3D900075026%3Bpopular_nearby_landmarks%3D900059238","","","","","","","","","","","","",""
"1777049497-88","https://www.booking.com/searchresults.html?label=bristol-XLwodozx2dVe8Ts0XeYuawS752260715469%3Apl%3Ata%3Ap1%3Ap2%3Aac%3Aap%3Aneg%3Afi%3Atikwd-869815001187%3Alp1009919%3Ali%3Adec%3Adm%3Appccp%3DUmFuZG9tSVYkc2RlIyh9YXdX6HrtnYy-Ml68sH-ljtU&aid=311984&dest_id=198&dest_type=country&group_adults=2&req_adults=2&no_rooms=1&broad_search_not_eligible=1&order=score&nflt=ht_id%3D204%3Bht_id%3D213%3Bht_id%3D216%3Bht_id%3D201%3Btop_destinations%3D6021%3Bpopular_nearby_landmarks%3D900059521%3Bpopular_nearby_landmarks%3D900059520%3Bpopular_nearby_landmarks%3D900074332%3Bpopular_nearby_landmarks%3D900077457%3Bpopular_nearby_landmarks%3D900059522%3Bpopular_nearby_landmarks%3D900074335%3Bpopular_nearby_landmarks%3D900074331%3Bpopular_nearby_landmarks%3D900053658%3Bpopular_nearby_landmarks%3D900053661%3Bpopular_nearby_landmarks%3D900053669%3Bpopular_nearby_landmarks%3D900058091%3Bpopular_nearby_landmarks%3D900059233%3Bpopular_nearby_landmarks%3D900059236%3Bpopular_nearby_landmarks%3D900059439%3Bpopular_nearby_landmarks%3D900059447%3Bpopular_nearby_landmarks%3D900059529%3Bpopular_nearby_landmarks%3D900069601%3Bpopular_nearby_landmarks%3D900069602%3Bpopular_nearby_landmarks%3D900069603%3Bpopular_nearby_landmarks%3D900070379%3Bpopular_nearby_landmarks%3D900074815%3Bpopular_nearby_landmarks%3D900074898%3Bpopular_nearby_landmarks%3D900075026%3Bpopular_nearby_landmarks%3D900059238","","","","","","","","","","","","",""
"1777049497-89","https://www.booking.com/searchresults.html?label=bristol-XLwodozx2dVe8Ts0XeYuawS752260715469%3Apl%3Ata%3Ap1%3Ap2%3Aac%3Aap%3Aneg%3Afi%3Atikwd-869815001187%3Alp1009919%3Ali%3Adec%3Adm%3Appccp%3DUmFuZG9tSVYkc2RlIyh9YXdX6HrtnYy-Ml68sH-ljtU&aid=311984&dest_id=198&dest_type=country&group_adults=2&req_adults=2&no_rooms=1&broad_search_not_eligible=1&order=score&nflt=ht_id%3D204%3Bht_id%3D213%3Bht_id%3D216%3Bht_id%3D201%3Btop_destinations%3D6021%3Bpopular_nearby_landmarks%3D900059521%3Bpopular_nearby_landmarks%3D900059520%3Bpopular_nearby_landmarks%3D900074332%3Bpopular_nearby_landmarks%3D900077457%3Bpopular_nearby_landmarks%3D900059522%3Bpopular_nearby_landmarks%3D900074335%3Bpopular_nearby_landmarks%3D900074331%3Bpopular_nearby_landmarks%3D900053658%3Bpopular_nearby_landmarks%3D900053661%3Bpopular_nearby_landmarks%3D900053669%3Bpopular_nearby_landmarks%3D900058091%3Bpopular_nearby_landmarks%3D900059233%3Bpopular_nearby_landmarks%3D900059236%3Bpopular_nearby_landmarks%3D900059439%3Bpopular_nearby_landmarks%3D900059447%3Bpopular_nearby_landmarks%3D900059529%3Bpopular_nearby_landmarks%3D900069601%3Bpopular_nearby_landmarks%3D900069602%3Bpopular_nearby_landmarks%3D900069603%3Bpopular_nearby_landmarks%3D900070379%3Bpopular_nearby_landmarks%3D900074815%3Bpopular_nearby_landmarks%3D900074898%3Bpopular_nearby_landmarks%3D900075026%3Bpopular_nearby_landmarks%3D900059238","","","","","","","","","","","","",""
"1777049497-90","https://www.booking.com/searchresults.html?label=bristol-XLwodozx2dVe8Ts0XeYuawS752260715469%3Apl%3Ata%3Ap1%3Ap2%3Aac%3Aap%3Aneg%3Afi%3Atikwd-869815001187%3Alp1009919%3Ali%3Adec%3Adm%3Appccp%3DUmFuZG9tSVYkc2RlIyh9YXdX6HrtnYy-Ml68sH-ljtU&aid=311984&dest_id=198&dest_type=country&group_adults=2&req_adults=2&no_rooms=1&broad_search_not_eligible=1&order=score&nflt=ht_id%3D204%3Bht_id%3D213%3Bht_id%3D216%3Bht_id%3D201%3Btop_destinations%3D6021%3Bpopular_nearby_landmarks%3D900059521%3Bpopular_nearby_landmarks%3D900059520%3Bpopular_nearby_landmarks%3D900074332%3Bpopular_nearby_landmarks%3D900077457%3Bpopular_nearby_landmarks%3D900059522%3Bpopular_nearby_landmarks%3D900074335%3Bpopular_nearby_landmarks%3D900074331%3Bpopular_nearby_landmarks%3D900053658%3Bpopular_nearby_landmarks%3D900053661%3Bpopular_nearby_landmarks%3D900053669%3Bpopular_nearby_landmarks%3D900058091%3Bpopular_nearby_landmarks%3D900059233%3Bpopular_nearby_landmarks%3D900059236%3Bpopular_nearby_landmarks%3D900059439%3Bpopular_nearby_landmarks%3D900059447%3Bpopular_nearby_landmarks%3D900059529%3Bpopular_nearby_landmarks%3D900069601%3Bpopular_nearby_landmarks%3D900069602%3Bpopular_nearby_landmarks%3D900069603%3Bpopular_nearby_landmarks%3D900070379%3Bpopular_nearby_landmarks%3D900074815%3Bpopular_nearby_landmarks%3D900074898%3Bpopular_nearby_landmarks%3D900075026%3Bpopular_nearby_landmarks%3D900059238","","","","","","","","","","","","",""
"1777049497-91","https://www.booking.com/searchresults.html?label=bristol-XLwodozx2dVe8Ts0XeYuawS752260715469%3Apl%3Ata%3Ap1%3Ap2%3Aac%3Aap%3Aneg%3Afi%3Atikwd-869815001187%3Alp1009919%3Ali%3Adec%3Adm%3Appccp%3DUmFuZG9tSVYkc2RlIyh9YXdX6HrtnYy-Ml68sH-ljtU&aid=311984&dest_id=198&dest_type=country&group_adults=2&req_adults=2&no_rooms=1&broad_search_not_eligible=1&order=score&nflt=ht_id%3D204%3Bht_id%3D213%3Bht_id%3D216%3Bht_id%3D201%3Btop_destinations%3D6021%3Bpopular_nearby_landmarks%3D900059521%3Bpopular_nearby_landmarks%3D900059520%3Bpopular_nearby_landmarks%3D900074332%3Bpopular_nearby_landmarks%3D900077457%3Bpopular_nearby_landmarks%3D900059522%3Bpopular_nearby_landmarks%3D900074335%3Bpopular_nearby_landmarks%3D900074331%3Bpopular_nearby_landmarks%3D900053658%3Bpopular_nearby_landmarks%3D900053661%3Bpopular_nearby_landmarks%3D900053669%3Bpopular_nearby_landmarks%3D900058091%3Bpopular_nearby_landmarks%3D900059233%3Bpopular_nearby_landmarks%3D900059236%3Bpopular_nearby_landmarks%3D900059439%3Bpopular_nearby_landmarks%3D900059447%3Bpopular_nearby_landmarks%3D900059529%3Bpopular_nearby_landmarks%3D900069601%3Bpopular_nearby_landmarks%3D900069602%3Bpopular_nearby_landmarks%3D900069603%3Bpopular_nearby_landmarks%3D900070379%3Bpopular_nearby_landmarks%3D900074815%3Bpopular_nearby_landmarks%3D900074898%3Bpopular_nearby_landmarks%3D900075026%3Bpopular_nearby_landmarks%3D900059238","","","","","","","","","","","","",""
"1777049497-92","https://www.booking.com/searchresults.html?label=bristol-XLwodozx2dVe8Ts0XeYuawS752260715469%3Apl%3Ata%3Ap1%3Ap2%3Aac%3Aap%3Aneg%3Afi%3Atikwd-869815001187%3Alp1009919%3Ali%3Adec%3Adm%3Appccp%3DUmFuZG9tSVYkc2RlIyh9YXdX6HrtnYy-Ml68sH-ljtU&aid=311984&dest_id=198&dest_type=country&group_adults=2&req_adults=2&no_rooms=1&broad_search_not_eligible=1&order=score&nflt=ht_id%3D204%3Bht_id%3D213%3Bht_id%3D216%3Bht_id%3D201%3Btop_destinations%3D6021%3Bpopular_nearby_landmarks%3D900059521%3Bpopular_nearby_landmarks%3D900059520%3Bpopular_nearby_landmarks%3D900074332%3Bpopular_nearby_landmarks%3D900077457%3Bpopular_nearby_landmarks%3D900059522%3Bpopular_nearby_landmarks%3D900074335%3Bpopular_nearby_landmarks%3D900074331%3Bpopular_nearby_landmarks%3D900053658%3Bpopular_nearby_landmarks%3D900053661%3Bpopular_nearby_landmarks%3D900053669%3Bpopular_nearby_landmarks%3D900058091%3Bpopular_nearby_landmarks%3D900059233%3Bpopular_nearby_landmarks%3D900059236%3Bpopular_nearby_landmarks%3D900059439%3Bpopular_nearby_landmarks%3D900059447%3Bpopular_nearby_landmarks%3D900059529%3Bpopular_nearby_landmarks%3D900069601%3Bpopular_nearby_landmarks%3D900069602%3Bpopular_nearby_landmarks%3D900069603%3Bpopular_nearby_landmarks%3D900070379%3Bpopular_nearby_landmarks%3D900074815%3Bpopular_nearby_landmarks%3D900074898%3Bpopular_nearby_landmarks%3D900075026%3Bpopular_nearby_landmarks%3D900059238","","","","","","","","","","","","",""
"1777049497-93","https://www.booking.com/searchresults.html?label=bristol-XLwodozx2dVe8Ts0XeYuawS752260715469%3Apl%3Ata%3Ap1%3Ap2%3Aac%3Aap%3Aneg%3Afi%3Atikwd-869815001187%3Alp1009919%3Ali%3Adec%3Adm%3Appccp%3DUmFuZG9tSVYkc2RlIyh9YXdX6HrtnYy-Ml68sH-ljtU&aid=311984&dest_id=198&dest_type=country&group_adults=2&req_adults=2&no_rooms=1&broad_search_not_eligible=1&order=score&nflt=ht_id%3D204%3Bht_id%3D213%3Bht_id%3D216%3Bht_id%3D201%3Btop_destinations%3D6021%3Bpopular_nearby_landmarks%3D900059521%3Bpopular_nearby_landmarks%3D900059520%3Bpopular_nearby_landmarks%3D900074332%3Bpopular_nearby_landmarks%3D900077457%3Bpopular_nearby_landmarks%3D900059522%3Bpopular_nearby_landmarks%3D900074335%3Bpopular_nearby_landmarks%3D900074331%3Bpopular_nearby_landmarks%3D900053658%3Bpopular_nearby_landmarks%3D900053661%3Bpopular_nearby_landmarks%3D900053669%3Bpopular_nearby_landmarks%3D900058091%3Bpopular_nearby_landmarks%3D900059233%3Bpopular_nearby_landmarks%3D900059236%3Bpopular_nearby_landmarks%3D900059439%3Bpopular_nearby_landmarks%3D900059447%3Bpopular_nearby_landmarks%3D900059529%3Bpopular_nearby_landmarks%3D900069601%3Bpopular_nearby_landmarks%3D900069602%3Bpopular_nearby_landmarks%3D900069603%3Bpopular_nearby_landmarks%3D900070379%3Bpopular_nearby_landmarks%3D900074815%3Bpopular_nearby_landmarks%3D900074898%3Bpopular_nearby_landmarks%3D900075026%3Bpopular_nearby_landmarks%3D900059238","","","","","","","","","","","","",""
"1777049497-94","https://www.booking.com/searchresults.html?label=bristol-XLwodozx2dVe8Ts0XeYuawS752260715469%3Apl%3Ata%3Ap1%3Ap2%3Aac%3Aap%3Aneg%3Afi%3Atikwd-869815001187%3Alp1009919%3Ali%3Adec%3Adm%3Appccp%3DUmFuZG9tSVYkc2RlIyh9YXdX6HrtnYy-Ml68sH-ljtU&aid=311984&dest_id=198&dest_type=country&group_adults=2&req_adults=2&no_rooms=1&broad_search_not_eligible=1&order=score&nflt=ht_id%3D204%3Bht_id%3D213%3Bht_id%3D216%3Bht_id%3D201%3Btop_destinations%3D6021%3Bpopular_nearby_landmarks%3D900059521%3Bpopular_nearby_landmarks%3D900059520%3Bpopular_nearby_landmarks%3D900074332%3Bpopular_nearby_landmarks%3D900077457%3Bpopular_nearby_landmarks%3D900059522%3Bpopular_nearby_landmarks%3D900074335%3Bpopular_nearby_landmarks%3D900074331%3Bpopular_nearby_landmarks%3D900053658%3Bpopular_nearby_landmarks%3D900053661%3Bpopular_nearby_landmarks%3D900053669%3Bpopular_nearby_landmarks%3D900058091%3Bpopular_nearby_landmarks%3D900059233%3Bpopular_nearby_landmarks%3D900059236%3Bpopular_nearby_landmarks%3D900059439%3Bpopular_nearby_landmarks%3D900059447%3Bpopular_nearby_landmarks%3D900059529%3Bpopular_nearby_landmarks%3D900069601%3Bpopular_nearby_landmarks%3D900069602%3Bpopular_nearby_landmarks%3D900069603%3Bpopular_nearby_landmarks%3D900070379%3Bpopular_nearby_landmarks%3D900074815%3Bpopular_nearby_landmarks%3D900074898%3Bpopular_nearby_landmarks%3D900075026%3Bpopular_nearby_landmarks%3D900059238","","","","","","","","","","","","",""
"1777049497-95","https://www.booking.com/searchresults.html?label=bristol-XLwodozx2dVe8Ts0XeYuawS752260715469%3Apl%3Ata%3Ap1%3Ap2%3Aac%3Aap%3Aneg%3Afi%3Atikwd-869815001187%3Alp1009919%3Ali%3Adec%3Adm%3Appccp%3DUmFuZG9tSVYkc2RlIyh9YXdX6HrtnYy-Ml68sH-ljtU&aid=311984&dest_id=198&dest_type=country&group_adults=2&req_adults=2&no_rooms=1&broad_search_not_eligible=1&order=score&nflt=ht_id%3D204%3Bht_id%3D213%3Bht_id%3D216%3Bht_id%3D201%3Btop_destinations%3D6021%3Bpopular_nearby_landmarks%3D900059521%3Bpopular_nearby_landmarks%3D900059520%3Bpopular_nearby_landmarks%3D900074332%3Bpopular_nearby_landmarks%3D900077457%3Bpopular_nearby_landmarks%3D900059522%3Bpopular_nearby_landmarks%3D900074335%3Bpopular_nearby_landmarks%3D900074331%3Bpopular_nearby_landmarks%3D900053658%3Bpopular_nearby_landmarks%3D900053661%3Bpopular_nearby_landmarks%3D900053669%3Bpopular_nearby_landmarks%3D900058091%3Bpopular_nearby_landmarks%3D900059233%3Bpopular_nearby_landmarks%3D900059236%3Bpopular_nearby_landmarks%3D900059439%3Bpopular_nearby_landmarks%3D900059447%3Bpopular_nearby_landmarks%3D900059529%3Bpopular_nearby_landmarks%3D900069601%3Bpopular_nearby_landmarks%3D900069602%3Bpopular_nearby_landmarks%3D900069603%3Bpopular_nearby_landmarks%3D900070379%3Bpopular_nearby_landmarks%3D900074815%3Bpopular_nearby_landmarks%3D900074898%3Bpopular_nearby_landmarks%3D900075026%3Bpopular_nearby_landmarks%3D900059238","","","","","","","","","","","","",""
"1777049497-96","https://www.booking.com/searchresults.html?label=bristol-XLwodozx2dVe8Ts0XeYuawS752260715469%3Apl%3Ata%3Ap1%3Ap2%3Aac%3Aap%3Aneg%3Afi%3Atikwd-869815001187%3Alp1009919%3Ali%3Adec%3Adm%3Appccp%3DUmFuZG9tSVYkc2RlIyh9YXdX6HrtnYy-Ml68sH-ljtU&aid=311984&dest_id=198&dest_type=country&group_adults=2&req_adults=2&no_rooms=1&broad_search_not_eligible=1&order=score&nflt=ht_id%3D204%3Bht_id%3D213%3Bht_id%3D216%3Bht_id%3D201%3Btop_destinations%3D6021%3Bpopular_nearby_landmarks%3D900059521%3Bpopular_nearby_landmarks%3D900059520%3Bpopular_nearby_landmarks%3D900074332%3Bpopular_nearby_landmarks%3D900077457%3Bpopular_nearby_landmarks%3D900059522%3Bpopular_nearby_landmarks%3D900074335%3Bpopular_nearby_landmarks%3D900074331%3Bpopular_nearby_landmarks%3D900053658%3Bpopular_nearby_landmarks%3D900053661%3Bpopular_nearby_landmarks%3D900053669%3Bpopular_nearby_landmarks%3D900058091%3Bpopular_nearby_landmarks%3D900059233%3Bpopular_nearby_landmarks%3D900059236%3Bpopular_nearby_landmarks%3D900059439%3Bpopular_nearby_landmarks%3D900059447%3Bpopular_nearby_landmarks%3D900059529%3Bpopular_nearby_landmarks%3D900069601%3Bpopular_nearby_landmarks%3D900069602%3Bpopular_nearby_landmarks%3D900069603%3Bpopular_nearby_landmarks%3D900070379%3Bpopular_nearby_landmarks%3D900074815%3Bpopular_nearby_landmarks%3D900074898%3Bpopular_nearby_landmarks%3D900075026%3Bpopular_nearby_landmarks%3D900059238","","","","","","","","","","","","",""
"1777049497-97","https://www.booking.com/searchresults.html?label=bristol-XLwodozx2dVe8Ts0XeYuawS752260715469%3Apl%3Ata%3Ap1%3Ap2%3Aac%3Aap%3Aneg%3Afi%3Atikwd-869815001187%3Alp1009919%3Ali%3Adec%3Adm%3Appccp%3DUmFuZG9tSVYkc2RlIyh9YXdX6HrtnYy-Ml68sH-ljtU&aid=311984&dest_id=198&dest_type=country&group_adults=2&req_adults=2&no_rooms=1&broad_search_not_eligible=1&order=score&nflt=ht_id%3D204%3Bht_id%3D213%3Bht_id%3D216%3Bht_id%3D201%3Btop_destinations%3D6021%3Bpopular_nearby_landmarks%3D900059521%3Bpopular_nearby_landmarks%3D900059520%3Bpopular_nearby_landmarks%3D900074332%3Bpopular_nearby_landmarks%3D900077457%3Bpopular_nearby_landmarks%3D900059522%3Bpopular_nearby_landmarks%3D900074335%3Bpopular_nearby_landmarks%3D900074331%3Bpopular_nearby_landmarks%3D900053658%3Bpopular_nearby_landmarks%3D900053661%3Bpopular_nearby_landmarks%3D900053669%3Bpopular_nearby_landmarks%3D900058091%3Bpopular_nearby_landmarks%3D900059233%3Bpopular_nearby_landmarks%3D900059236%3Bpopular_nearby_landmarks%3D900059439%3Bpopular_nearby_landmarks%3D900059447%3Bpopular_nearby_landmarks%3D900059529%3Bpopular_nearby_landmarks%3D900069601%3Bpopular_nearby_landmarks%3D900069602%3Bpopular_nearby_landmarks%3D900069603%3Bpopular_nearby_landmarks%3D900070379%3Bpopular_nearby_landmarks%3D900074815%3Bpopular_nearby_landmarks%3D900074898%3Bpopular_nearby_landmarks%3D900075026%3Bpopular_nearby_landmarks%3D900059238","","","","","","","","","","","","",""
"1777049497-98","https://www.booking.com/searchresults.html?label=bristol-XLwodozx2dVe8Ts0XeYuawS752260715469%3Apl%3Ata%3Ap1%3Ap2%3Aac%3Aap%3Aneg%3Afi%3Atikwd-869815001187%3Alp1009919%3Ali%3Adec%3Adm%3Appccp%3DUmFuZG9tSVYkc2RlIyh9YXdX6HrtnYy-Ml68sH-ljtU&aid=311984&dest_id=198&dest_type=country&group_adults=2&req_adults=2&no_rooms=1&broad_search_not_eligible=1&order=score&nflt=ht_id%3D204%3Bht_id%3D213%3Bht_id%3D216%3Bht_id%3D201%3Btop_destinations%3D6021%3Bpopular_nearby_landmarks%3D900059521%3Bpopular_nearby_landmarks%3D900059520%3Bpopular_nearby_landmarks%3D900074332%3Bpopular_nearby_landmarks%3D900077457%3Bpopular_nearby_landmarks%3D900059522%3Bpopular_nearby_landmarks%3D900074335%3Bpopular_nearby_landmarks%3D900074331%3Bpopular_nearby_landmarks%3D900053658%3Bpopular_nearby_landmarks%3D900053661%3Bpopular_nearby_landmarks%3D900053669%3Bpopular_nearby_landmarks%3D900058091%3Bpopular_nearby_landmarks%3D900059233%3Bpopular_nearby_landmarks%3D900059236%3Bpopular_nearby_landmarks%3D900059439%3Bpopular_nearby_landmarks%3D900059447%3Bpopular_nearby_landmarks%3D900059529%3Bpopular_nearby_landmarks%3D900069601%3Bpopular_nearby_landmarks%3D900069602%3Bpopular_nearby_landmarks%3D900069603%3Bpopular_nearby_landmarks%3D900070379%3Bpopular_nearby_landmarks%3D900074815%3Bpopular_nearby_landmarks%3D900074898%3Bpopular_nearby_landmarks%3D900075026%3Bpopular_nearby_landmarks%3D900059238","","","","","","","","","","","","",""
"1777049497-99","https://www.booking.com/searchresults.html?label=bristol-XLwodozx2dVe8Ts0XeYuawS752260715469%3Apl%3Ata%3Ap1%3Ap2%3Aac%3Aap%3Aneg%3Afi%3Atikwd-869815001187%3Alp1009919%3Ali%3Adec%3Adm%3Appccp%3DUmFuZG9tSVYkc2RlIyh9YXdX6HrtnYy-Ml68sH-ljtU&aid=311984&dest_id=198&dest_type=country&group_adults=2&req_adults=2&no_rooms=1&broad_search_not_eligible=1&order=score&nflt=ht_id%3D204%3Bht_id%3D213%3Bht_id%3D216%3Bht_id%3D201%3Btop_destinations%3D6021%3Bpopular_nearby_landmarks%3D900059521%3Bpopular_nearby_landmarks%3D900059520%3Bpopular_nearby_landmarks%3D900074332%3Bpopular_nearby_landmarks%3D900077457%3Bpopular_nearby_landmarks%3D900059522%3Bpopular_nearby_landmarks%3D900074335%3Bpopular_nearby_landmarks%3D900074331%3Bpopular_nearby_landmarks%3D900053658%3Bpopular_nearby_landmarks%3D900053661%3Bpopular_nearby_landmarks%3D900053669%3Bpopular_nearby_landmarks%3D900058091%3Bpopular_nearby_landmarks%3D900059233%3Bpopular_nearby_landmarks%3D900059236%3Bpopular_nearby_landmarks%3D900059439%3Bpopular_nearby_landmarks%3D900059447%3Bpopular_nearby_landmarks%3D900059529%3Bpopular_nearby_landmarks%3D900069601%3Bpopular_nearby_landmarks%3D900069602%3Bpopular_nearby_landmarks%3D900069603%3Bpopular_nearby_landmarks%3D900070379%3Bpopular_nearby_landmarks%3D900074815%3Bpopular_nearby_landmarks%3D900074898%3Bpopular_nearby_landmarks%3D900075026%3Bpopular_nearby_landmarks%3D900059238","","","","","","","","","","","","",""
"1777049497-100","https://www.booking.com/searchresults.html?label=bristol-XLwodozx2dVe8Ts0XeYuawS752260715469%3Apl%3Ata%3Ap1%3Ap2%3Aac%3Aap%3Aneg%3Afi%3Atikwd-869815001187%3Alp1009919%3Ali%3Adec%3Adm%3Appccp%3DUmFuZG9tSVYkc2RlIyh9YXdX6HrtnYy-Ml68sH-ljtU&aid=311984&dest_id=198&dest_type=country&group_adults=2&req_adults=2&no_rooms=1&broad_search_not_eligible=1&order=score&nflt=ht_id%3D204%3Bht_id%3D213%3Bht_id%3D216%3Bht_id%3D201%3Btop_destinations%3D6021%3Bpopular_nearby_landmarks%3D900059521%3Bpopular_nearby_landmarks%3D900059520%3Bpopular_nearby_landmarks%3D900074332%3Bpopular_nearby_landmarks%3D900077457%3Bpopular_nearby_landmarks%3D900059522%3Bpopular_nearby_landmarks%3D900074335%3Bpopular_nearby_landmarks%3D900074331%3Bpopular_nearby_landmarks%3D900053658%3Bpopular_nearby_landmarks%3D900053661%3Bpopular_nearby_landmarks%3D900053669%3Bpopular_nearby_landmarks%3D900058091%3Bpopular_nearby_landmarks%3D900059233%3Bpopular_nearby_landmarks%3D900059236%3Bpopular_nearby_landmarks%3D900059439%3Bpopular_nearby_landmarks%3D900059447%3Bpopular_nearby_landmarks%3D900059529%3Bpopular_nearby_landmarks%3D900069601%3Bpopular_nearby_landmarks%3D900069602%3Bpopular_nearby_landmarks%3D900069603%3Bpopular_nearby_landmarks%3D900070379%3Bpopular_nearby_landmarks%3D900074815%3Bpopular_nearby_landmarks%3D900074898%3Bpopular_nearby_landmarks%3D900075026%3Bpopular_nearby_landmarks%3D900059238","","","","","","","","","","","","",""
