web_scraper_order,web_scraper_start_url,data,data2,data3,data4,data5,data6,data7,data8,data9,data10,data11,data12,image
"1776666626-1","https://www.booking.com/searchresults.html?label=bristol-XLwodozx2dVe8Ts0XeYuawS752260715469%3Apl%3Ata%3Ap1%3Ap2%3Aac%3Aap%3Aneg%3Afi%3Atikwd-869815001187%3Alp1009919%3Ali%3Adec%3Adm%3Appccp%3DUmFuZG9tSVYkc2RlIyh9YXdX6HrtnYy-Ml68sH-ljtU&aid=311984&dest_id=198&dest_type=country&group_adults=2&req_adults=2&no_rooms=1&broad_search_not_eligible=1&order=distance_from_search","Coconut Escapes","Kurunegala","With Kandy Royal Botanic Gardens reachable in 22 miles, Coconut Escapes offers accommodations, a restaurant, a garden, a terrace, and a bar.","Scored 8.3","8.3","Very Good","· 41 reviews","","Opens in new window","Show prices","Show on map","","https://cf.bstatic.com/xdata/images/hotel/square600/332117562.webp?k=1428e4251bafb69f2e1433f63859388ae25946619bde228d22ff0ed451c21811&o="
"1776666626-2","https://www.booking.com/searchresults.html?label=bristol-XLwodozx2dVe8Ts0XeYuawS752260715469%3Apl%3Ata%3Ap1%3Ap2%3Aac%3Aap%3Aneg%3Afi%3Atikwd-869815001187%3Alp1009919%3Ali%3Adec%3Adm%3Appccp%3DUmFuZG9tSVYkc2RlIyh9YXdX6HrtnYy-Ml68sH-ljtU&aid=311984&dest_id=198&dest_type=country&group_adults=2&req_adults=2&no_rooms=1&broad_search_not_eligible=1&order=distance_from_search","Lakeside Base Camp","Paragahadeniya","Featuring water sports facilities, Lakeside Base Camp provides accommodations in Paragahadeniya. This campground features free private parking and a 24-hour front desk.","","","","","","Opens in new window","Show prices","Show on map","","https://cf.bstatic.com/xdata/images/hotel/square600/693540930.webp?k=0720f704d5fc8da23d68deb7d297719ee06e4a0293e0923b64e4fcdba6f6b5cf&o="
"1776666626-3","https://www.booking.com/searchresults.html?label=bristol-XLwodozx2dVe8Ts0XeYuawS752260715469%3Apl%3Ata%3Ap1%3Ap2%3Aac%3Aap%3Aneg%3Afi%3Atikwd-869815001187%3Alp1009919%3Ali%3Adec%3Adm%3Appccp%3DUmFuZG9tSVYkc2RlIyh9YXdX6HrtnYy-Ml68sH-ljtU&aid=311984&dest_id=198&dest_type=country&group_adults=2&req_adults=2&no_rooms=1&broad_search_not_eligible=1&order=distance_from_search","Ahas Pokuna Holiday Resort","Kurunegala","Located in Kurunegala, 24 miles from Kandy Royal Botanic Gardens, Ahas Pokuna Holiday Resort provides accommodations with a garden, free private parking, a terrace and a restaurant.","Scored 8.0","8.0","Very Good","· 4 reviews","","Opens in new window","Show prices","Show on map","","https://cf.bstatic.com/xdata/images/hotel/square600/726282905.webp?k=db1a8b5159c26456e3cc95e4b4ce7f2b7c6fe2550b1040c8055686815ecfef89&o="
"1776666626-4","https://www.booking.com/searchresults.html?label=bristol-XLwodozx2dVe8Ts0XeYuawS752260715469%3Apl%3Ata%3Ap1%3Ap2%3Aac%3Aap%3Aneg%3Afi%3Atikwd-869815001187%3Alp1009919%3Ali%3Adec%3Adm%3Appccp%3DUmFuZG9tSVYkc2RlIyh9YXdX6HrtnYy-Ml68sH-ljtU&aid=311984&dest_id=198&dest_type=country&group_adults=2&req_adults=2&no_rooms=1&broad_search_not_eligible=1&order=distance_from_search","Singha Holiday Bungalow","Ibbagomuwa","Located in Ibbagomuwa, 25 miles from Kandy Royal Botanic Gardens, Singha Holiday Bungalow has accommodations with an outdoor swimming pool, free private parking, a garden and a terrace.","","","","","","Opens in new window","Show prices","Show on map","New to Booking.com","https://cf.bstatic.com/xdata/images/hotel/square600/845617452.webp?k=647005fc18f2fdc49134a0438b29966d1f6bf7cad758ae67878e32e850e59c2b&o="
"1776666626-5","https://www.booking.com/searchresults.html?label=bristol-XLwodozx2dVe8Ts0XeYuawS752260715469%3Apl%3Ata%3Ap1%3Ap2%3Aac%3Aap%3Aneg%3Afi%3Atikwd-869815001187%3Alp1009919%3Ali%3Adec%3Adm%3Appccp%3DUmFuZG9tSVYkc2RlIyh9YXdX6HrtnYy-Ml68sH-ljtU&aid=311984&dest_id=198&dest_type=country&group_adults=2&req_adults=2&no_rooms=1&broad_search_not_eligible=1&order=distance_from_search","Deduru Oya Cinnamon Gardens","Barandara","Located in Barandara, 24 miles from Kandy Royal Botanic Gardens, Deduru Oya Cinnamon Gardens provides accommodations with a garden, free private parking and a restaurant.","","","","","","Opens in new window","Show prices","Show on map","New to Booking.com","https://cf.bstatic.com/xdata/images/hotel/square600/810488438.webp?k=603f5b48df10c0be527df17494172c5604b54b681f83a8db5c77f28be1f5aabf&o="
"1776666626-6","https://www.booking.com/searchresults.html?label=bristol-XLwodozx2dVe8Ts0XeYuawS752260715469%3Apl%3Ata%3Ap1%3Ap2%3Aac%3Aap%3Aneg%3Afi%3Atikwd-869815001187%3Alp1009919%3Ali%3Adec%3Adm%3Appccp%3DUmFuZG9tSVYkc2RlIyh9YXdX6HrtnYy-Ml68sH-ljtU&aid=311984&dest_id=198&dest_type=country&group_adults=2&req_adults=2&no_rooms=1&broad_search_not_eligible=1&order=distance_from_search","Deduru Cabana Nature Resort","Kurunegala","Deduru Cabana Nature Resort has a garden, a shared lounge and a sun terrace with swimming pool and buffet breakfast in Kurunegala.","Scored 8.2","8.2","Very Good","· 18 reviews","","Opens in new window","Show prices","Show on map","","https://cf.bstatic.com/xdata/images/hotel/square600/646201536.webp?k=7790758caad307c6ab0c6bf5e0c986c1a5b82d3d7119b0bef0f5237727d26088&o="
"1776666626-7","https://www.booking.com/searchresults.html?label=bristol-XLwodozx2dVe8Ts0XeYuawS752260715469%3Apl%3Ata%3Ap1%3Ap2%3Aac%3Aap%3Aneg%3Afi%3Atikwd-869815001187%3Alp1009919%3Ali%3Adec%3Adm%3Appccp%3DUmFuZG9tSVYkc2RlIyh9YXdX6HrtnYy-Ml68sH-ljtU&aid=311984&dest_id=198&dest_type=country&group_adults=2&req_adults=2&no_rooms=1&broad_search_not_eligible=1&order=distance_from_search","Xotic Resort","Kurunegala","Located in Kurunegala, 16 miles from Kandy Royal Botanic Gardens, Xotic Resort provides accommodations with an outdoor swimming pool, free private parking, a garden and a terrace.","Scored 8.4","8.4","Very Good","· 15 reviews","Value for money 9.0","Opens in new window","Show prices","Show on map","","https://cf.bstatic.com/xdata/images/hotel/square600/643646694.webp?k=7b80a5db107ee16de01e5485eb20c3ac33a21dd51140783351cad8e61f697d1b&o="
"1776666626-8","https://www.booking.com/searchresults.html?label=bristol-XLwodozx2dVe8Ts0XeYuawS752260715469%3Apl%3Ata%3Ap1%3Ap2%3Aac%3Aap%3Aneg%3Afi%3Atikwd-869815001187%3Alp1009919%3Ali%3Adec%3Adm%3Appccp%3DUmFuZG9tSVYkc2RlIyh9YXdX6HrtnYy-Ml68sH-ljtU&aid=311984&dest_id=198&dest_type=country&group_adults=2&req_adults=2&no_rooms=1&broad_search_not_eligible=1&order=distance_from_search","Thehideout kurunegala","Kurunegala","Thehideout kurunegala offers accommodations in Kurunegala, 28 miles from Kandy Royal Botanic Gardens and 28 miles from Kandy Train Station.","","","","","","Opens in new window","Show prices","Show on map","","https://cf.bstatic.com/xdata/images/hotel/square600/741446085.webp?k=f5899cd75818fc46fad747e084c25536d1be42d65eda73b5fce3aaa7a2b3ebb1&o="
"1776666626-9","https://www.booking.com/searchresults.html?label=bristol-XLwodozx2dVe8Ts0XeYuawS752260715469%3Apl%3Ata%3Ap1%3Ap2%3Aac%3Aap%3Aneg%3Afi%3Atikwd-869815001187%3Alp1009919%3Ali%3Adec%3Adm%3Appccp%3DUmFuZG9tSVYkc2RlIyh9YXdX6HrtnYy-Ml68sH-ljtU&aid=311984&dest_id=198&dest_type=country&group_adults=2&req_adults=2&no_rooms=1&broad_search_not_eligible=1&order=distance_from_search","Anchorage Apartment","Kurunegala","Anchorage Apartment offers accommodations in Kurunegala, 26 miles from Kandy Royal Botanic Gardens and 27 miles from Kandy Train Station.","Scored 9.1","9.1","Wonderful","· 14 reviews","Value for money 9.3","Opens in new window","Show prices","Show on map","New to Booking.com","https://cf.bstatic.com/xdata/images/hotel/square600/820701960.webp?k=8795bc7535626605570ff5f1aca9cb8f07a1959b1daa9e7946af1db856c51401&o="
"1776666626-10","https://www.booking.com/searchresults.html?label=bristol-XLwodozx2dVe8Ts0XeYuawS752260715469%3Apl%3Ata%3Ap1%3Ap2%3Aac%3Aap%3Aneg%3Afi%3Atikwd-869815001187%3Alp1009919%3Ali%3Adec%3Adm%3Appccp%3DUmFuZG9tSVYkc2RlIyh9YXdX6HrtnYy-Ml68sH-ljtU&aid=311984&dest_id=198&dest_type=country&group_adults=2&req_adults=2&no_rooms=1&broad_search_not_eligible=1&order=distance_from_search","The Epitome Hotel","Kurunegala","Located in Kurunegala, 29 miles from Kandy Royal Botanic Gardens, The Epitome Hotel provides accommodations with an outdoor swimming pool, free private parking, a garden and a shared lounge.","Scored 6.9","6.9","Review score","· 51 reviews","","Opens in new window","Show prices","Show on map","","https://cf.bstatic.com/xdata/images/hotel/square600/479073392.webp?k=b1245d43aa44091bc05f52d110b08da404af6e0565deff11748602e09cd698b6&o="
"1776666626-11","https://www.booking.com/searchresults.html?label=bristol-XLwodozx2dVe8Ts0XeYuawS752260715469%3Apl%3Ata%3Ap1%3Ap2%3Aac%3Aap%3Aneg%3Afi%3Atikwd-869815001187%3Alp1009919%3Ali%3Adec%3Adm%3Appccp%3DUmFuZG9tSVYkc2RlIyh9YXdX6HrtnYy-Ml68sH-ljtU&aid=311984&dest_id=198&dest_type=country&group_adults=2&req_adults=2&no_rooms=1&broad_search_not_eligible=1&order=distance_from_search","The Hideaway","Kurunegala","Offering a garden, The Hideaway features accommodations in Kurunegala. This property offers access to a terrace, free private parking, and free Wifi.","Scored 9.0","9.0","Wonderful","· 86 reviews","Value for money 9.1","Opens in new window","Show prices","Show on map","","https://cf.bstatic.com/xdata/images/hotel/square600/456912198.webp?k=b82e252713b9b7583940eb186fee6a1a2fe3d0b3edf4ee96462d8a41af7f05e3&o="
"1776666626-12","https://www.booking.com/searchresults.html?label=bristol-XLwodozx2dVe8Ts0XeYuawS752260715469%3Apl%3Ata%3Ap1%3Ap2%3Aac%3Aap%3Aneg%3Afi%3Atikwd-869815001187%3Alp1009919%3Ali%3Adec%3Adm%3Appccp%3DUmFuZG9tSVYkc2RlIyh9YXdX6HrtnYy-Ml68sH-ljtU&aid=311984&dest_id=198&dest_type=country&group_adults=2&req_adults=2&no_rooms=1&broad_search_not_eligible=1&order=distance_from_search","Sewana Cottage","Kurunegala","Offering a garden, Sewana Cottage offers accommodations in Kurunegala.","","","","","","Opens in new window","Show prices","Show on map","New to Booking.com","https://cf.bstatic.com/xdata/images/hotel/square600/847114097.webp?k=a4856587941f1849c9ed25e07b22349dc8e827897d4a881ce494bcee9c564eae&o="
"1776666626-13","https://www.booking.com/searchresults.html?label=bristol-XLwodozx2dVe8Ts0XeYuawS752260715469%3Apl%3Ata%3Ap1%3Ap2%3Aac%3Aap%3Aneg%3Afi%3Atikwd-869815001187%3Alp1009919%3Ali%3Adec%3Adm%3Appccp%3DUmFuZG9tSVYkc2RlIyh9YXdX6HrtnYy-Ml68sH-ljtU&aid=311984&dest_id=198&dest_type=country&group_adults=2&req_adults=2&no_rooms=1&broad_search_not_eligible=1&order=distance_from_search","Pahan Villa","Siyambalangamuwa","Offering a garden, Pahan Villa offers accommodations in Siyambalangamuwa. This property offers access to a balcony, free private parking, and free Wifi.","","","","","","Opens in new window","Show prices","Show on map","New to Booking.com","https://cf.bstatic.com/xdata/images/hotel/square600/816575514.webp?k=e492a0f378b214fe532483bce87eeb070653ab48b04236089832eeeb11be0489&o="
"1776666626-14","https://www.booking.com/searchresults.html?label=bristol-XLwodozx2dVe8Ts0XeYuawS752260715469%3Apl%3Ata%3Ap1%3Ap2%3Aac%3Aap%3Aneg%3Afi%3Atikwd-869815001187%3Alp1009919%3Ali%3Adec%3Adm%3Appccp%3DUmFuZG9tSVYkc2RlIyh9YXdX6HrtnYy-Ml68sH-ljtU&aid=311984&dest_id=198&dest_type=country&group_adults=2&req_adults=2&no_rooms=1&broad_search_not_eligible=1&order=distance_from_search","Lake Entrance","Ibbagomuwa","Located in Ibbagomuwa, within 30 miles of Kandy Royal Botanic Gardens and 30 miles of Kandy City Center Shopping Mall, Lake Entrance provides accommodations with a garden and free WiFi throughout the...","Scored 8.7","8.7","Excellent","· 17 reviews","Value for money 8.8","Opens in new window","Show prices","Show on map","","https://cf.bstatic.com/xdata/images/hotel/square600/653265951.webp?k=10e3ef8a3548da06e7b4b5ce6401ad71dc8e91e3d3b7b83b497890a38c40e767&o="
"1776666626-15","https://www.booking.com/searchresults.html?label=bristol-XLwodozx2dVe8Ts0XeYuawS752260715469%3Apl%3Ata%3Ap1%3Ap2%3Aac%3Aap%3Aneg%3Afi%3Atikwd-869815001187%3Alp1009919%3Ali%3Adec%3Adm%3Appccp%3DUmFuZG9tSVYkc2RlIyh9YXdX6HrtnYy-Ml68sH-ljtU&aid=311984&dest_id=198&dest_type=country&group_adults=2&req_adults=2&no_rooms=1&broad_search_not_eligible=1&order=distance_from_search","Dnhw","Ibbagomuwa","Located in Ibbagomuwa, 28 miles from Kandy Royal Botanic Gardens, Dnhw has accommodations with a garden, free private parking and a terrace. This 3-star hotel offers room service.","","","","","","Opens in new window","Show prices","Show on map","","https://cf.bstatic.com/xdata/images/hotel/square600/644998897.webp?k=4cec51fe44b2cf4a91ce8a9cd411dbadc5f7699d0732749364dac0390a3ec8f6&o="
"1776666626-16","https://www.booking.com/searchresults.html?label=bristol-XLwodozx2dVe8Ts0XeYuawS752260715469%3Apl%3Ata%3Ap1%3Ap2%3Aac%3Aap%3Aneg%3Afi%3Atikwd-869815001187%3Alp1009919%3Ali%3Adec%3Adm%3Appccp%3DUmFuZG9tSVYkc2RlIyh9YXdX6HrtnYy-Ml68sH-ljtU&aid=311984&dest_id=198&dest_type=country&group_adults=2&req_adults=2&no_rooms=1&broad_search_not_eligible=1&order=distance_from_search","Lotus Cool Hotel","Ibbagomuwa","Located in Ibbagomuwa, 31 miles from Kandy Royal Botanic Gardens, Lotus Cool Hotel has accommodations with a garden, free private parking, a terrace and a restaurant.","Scored 9.4","9.4","Wonderful","· 28 reviews","Value for money 10","Opens in new window","Show prices","Show on map","","https://cf.bstatic.com/xdata/images/hotel/square600/500235932.webp?k=8e8b2fbcaf7d5d1f82b0b0d7602de970ecc1aa35e003cab2982afe98d567209a&o="
"1776666626-17","https://www.booking.com/searchresults.html?label=bristol-XLwodozx2dVe8Ts0XeYuawS752260715469%3Apl%3Ata%3Ap1%3Ap2%3Aac%3Aap%3Aneg%3Afi%3Atikwd-869815001187%3Alp1009919%3Ali%3Adec%3Adm%3Appccp%3DUmFuZG9tSVYkc2RlIyh9YXdX6HrtnYy-Ml68sH-ljtU&aid=311984&dest_id=198&dest_type=country&group_adults=2&req_adults=2&no_rooms=1&broad_search_not_eligible=1&order=distance_from_search","The Far Pavilion by Edwards Collection - Pinnawala","Pinnawala","Providing mountain views, The Far Pavilion by Edwards Collection - Pinnawala in Pinnawala provides accommodations, an outdoor swimming pool, a garden, a shared lounge and a terrace.","","","","","","Opens in new window","Show prices","Show on map","","https://cf.bstatic.com/xdata/images/hotel/square600/228703358.webp?k=654d10a0996a04cf4aee2d219c15fab7996ed969e4aad60741281dfcdaf5204e&o="
"1776666626-18","https://www.booking.com/searchresults.html?label=bristol-XLwodozx2dVe8Ts0XeYuawS752260715469%3Apl%3Ata%3Ap1%3Ap2%3Aac%3Aap%3Aneg%3Afi%3Atikwd-869815001187%3Alp1009919%3Ali%3Adec%3Adm%3Appccp%3DUmFuZG9tSVYkc2RlIyh9YXdX6HrtnYy-Ml68sH-ljtU&aid=311984&dest_id=198&dest_type=country&group_adults=2&req_adults=2&no_rooms=1&broad_search_not_eligible=1&order=distance_from_search","Surathura homestay","Kurunegala","Surathura homestay enjoys a location in Kurunegala, 26 miles from Kandy Royal Botanic Gardens and 26 miles from Kandy Train Station.","Scored 8.8","8.8","Excellent","· 18 reviews","Value for money 9.4","Opens in new window","Show prices","Show on map","","https://cf.bstatic.com/xdata/images/hotel/square600/223498986.webp?k=6cb497e542fbc5b9c46856e175d5f5e5eafd85764260629dda764bbff4c36e47&o="
"1776666626-19","https://www.booking.com/searchresults.html?label=bristol-XLwodozx2dVe8Ts0XeYuawS752260715469%3Apl%3Ata%3Ap1%3Ap2%3Aac%3Aap%3Aneg%3Afi%3Atikwd-869815001187%3Alp1009919%3Ali%3Adec%3Adm%3Appccp%3DUmFuZG9tSVYkc2RlIyh9YXdX6HrtnYy-Ml68sH-ljtU&aid=311984&dest_id=198&dest_type=country&group_adults=2&req_adults=2&no_rooms=1&broad_search_not_eligible=1&order=distance_from_search","Polaris- Kurunegala","Kurunegala","A recently renovated villa, Polaris- Kurunegala offers accommodations in Kurunegala. This property offers access to a balcony, free private parking, and free Wifi. Guests can use a garden.","Scored 10","10","Exceptional","· 2 reviews","Value for money 10","Opens in new window","Show prices","Show on map","","https://cf.bstatic.com/xdata/images/hotel/square600/735500707.webp?k=583159f072e0f701890fa9e67ee92d0c68f88b228ab10fd92d48d9e054bd28af&o="
"1776666626-20","https://www.booking.com/searchresults.html?label=bristol-XLwodozx2dVe8Ts0XeYuawS752260715469%3Apl%3Ata%3Ap1%3Ap2%3Aac%3Aap%3Aneg%3Afi%3Atikwd-869815001187%3Alp1009919%3Ali%3Adec%3Adm%3Appccp%3DUmFuZG9tSVYkc2RlIyh9YXdX6HrtnYy-Ml68sH-ljtU&aid=311984&dest_id=198&dest_type=country&group_adults=2&req_adults=2&no_rooms=1&broad_search_not_eligible=1&order=distance_from_search","Mapa Group Rest House","Kurunegala","Mapa Group Rest House offers accommodations in Kurunegala, 30 miles from Bogambara Stadium and 30 miles from Bahirawakanda Vihara Buddha Statue.","Scored 8.2","8.2","Very Good","· 15 reviews","Value for money 8.5","Opens in new window","Show prices","Show on map","","https://cf.bstatic.com/xdata/images/hotel/square600/759941948.webp?k=9049a27cf905d597ec5c34f6befbebe1cb45bc71a142fc97fbf13e87db947292&o="
"1776666626-21","https://www.booking.com/searchresults.html?label=bristol-XLwodozx2dVe8Ts0XeYuawS752260715469%3Apl%3Ata%3Ap1%3Ap2%3Aac%3Aap%3Aneg%3Afi%3Atikwd-869815001187%3Alp1009919%3Ali%3Adec%3Adm%3Appccp%3DUmFuZG9tSVYkc2RlIyh9YXdX6HrtnYy-Ml68sH-ljtU&aid=311984&dest_id=198&dest_type=country&group_adults=2&req_adults=2&no_rooms=1&broad_search_not_eligible=1&order=distance_from_search","Kandyan Reach Hotel","Kurunegala","Located in Kurunegala, 25 miles from Kandy Royal Botanic Gardens, Kandyan Reach Hotel provides accommodations with an outdoor swimming pool, free private parking, a garden and a terrace.","Scored 8.4","8.4","Very Good","· 145 reviews","","Opens in new window","Show prices","Show on map","","https://cf.bstatic.com/xdata/images/hotel/square600/671278189.webp?k=4d7cfde1a8bc08311d5a986bc93429631b5486fc51eba24136842f032ea46715&o="
"1776666626-22","https://www.booking.com/searchresults.html?label=bristol-XLwodozx2dVe8Ts0XeYuawS752260715469%3Apl%3Ata%3Ap1%3Ap2%3Aac%3Aap%3Aneg%3Afi%3Atikwd-869815001187%3Alp1009919%3Ali%3Adec%3Adm%3Appccp%3DUmFuZG9tSVYkc2RlIyh9YXdX6HrtnYy-Ml68sH-ljtU&aid=311984&dest_id=198&dest_type=country&group_adults=2&req_adults=2&no_rooms=1&broad_search_not_eligible=1&order=distance_from_search","Coco Villa Farm Stay B&B- Only For Foreign Bookings","Kurunegala","Located in Kurunegala, 28 miles from Kandy Royal Botanic Gardens, Coco Villa Farm Stay B&B- Only For Foreign Bookings has accommodations with a garden, free private parking, a shared lounge and a...","Scored 9.9","9.9","Exceptional","· 7 reviews","Value for money 10","Opens in new window","Show prices","Show on map","","https://cf.bstatic.com/xdata/images/hotel/square600/805372001.webp?k=607270613d050bf59f4cc10229c8f7c9d50c550031912472a777f1a75fc4c18b&o="
"1776666626-23","https://www.booking.com/searchresults.html?label=bristol-XLwodozx2dVe8Ts0XeYuawS752260715469%3Apl%3Ata%3Ap1%3Ap2%3Aac%3Aap%3Aneg%3Afi%3Atikwd-869815001187%3Alp1009919%3Ali%3Adec%3Adm%3Appccp%3DUmFuZG9tSVYkc2RlIyh9YXdX6HrtnYy-Ml68sH-ljtU&aid=311984&dest_id=198&dest_type=country&group_adults=2&req_adults=2&no_rooms=1&broad_search_not_eligible=1&order=distance_from_search","Coco Forest Villa - Kurunegala","Kurunegala","Located in Kurunegala, 28 miles from Kandy Royal Botanic Gardens, Coco Forest Villa - Kurunegala provides accommodations with a garden, free private parking, a shared lounge and a terrace.","","","","","","Opens in new window","Show prices","Show on map","","https://cf.bstatic.com/xdata/images/hotel/square600/796100657.webp?k=b3dc44a06af06bca693f6d684258b3e4067cfb61e7d47913374a87f6864c46e1&o="
"1776666626-24","https://www.booking.com/searchresults.html?label=bristol-XLwodozx2dVe8Ts0XeYuawS752260715469%3Apl%3Ata%3Ap1%3Ap2%3Aac%3Aap%3Aneg%3Afi%3Atikwd-869815001187%3Alp1009919%3Ali%3Adec%3Adm%3Appccp%3DUmFuZG9tSVYkc2RlIyh9YXdX6HrtnYy-Ml68sH-ljtU&aid=311984&dest_id=198&dest_type=country&group_adults=2&req_adults=2&no_rooms=1&broad_search_not_eligible=1&order=distance_from_search","KITH and KIN","Colombo","Providing a garden, KITH and KIN offers accommodations in Colombo. Both free Wifi and parking on-site are available at the vacation home free of charge.","Scored 9.4","9.4","Wonderful","· 17 reviews","Value for money 10","Opens in new window","Show prices","Show on map","","https://cf.bstatic.com/xdata/images/hotel/square600/438889896.webp?k=085918738cd84cde08755f5b5efd778d1b94cca69944a3667c2259ca7ca88585&o="
"1776666626-25","https://www.booking.com/searchresults.html?label=bristol-XLwodozx2dVe8Ts0XeYuawS752260715469%3Apl%3Ata%3Ap1%3Ap2%3Aac%3Aap%3Aneg%3Afi%3Atikwd-869815001187%3Alp1009919%3Ali%3Adec%3Adm%3Appccp%3DUmFuZG9tSVYkc2RlIyh9YXdX6HrtnYy-Ml68sH-ljtU&aid=311984&dest_id=198&dest_type=country&group_adults=2&req_adults=2&no_rooms=1&broad_search_not_eligible=1&order=distance_from_search","Apartment Ninety-Nine","Kurunegala","Apartment Ninety-Nine offers accommodations in Kurunegala, 27 miles from Kandy Royal Botanic Gardens and 27 miles from Kandy City Center Shopping Mall.","Scored 8.9","8.9","Excellent","· 32 reviews","Value for money 9.3","Opens in new window","Show prices","Show on map","","https://cf.bstatic.com/xdata/images/hotel/square600/377097388.webp?k=e5934455697242a3126ec21b75587f70000cce8c4edab993bb5068a29c65516f&o="
"1776666626-26","https://www.booking.com/searchresults.html?label=bristol-XLwodozx2dVe8Ts0XeYuawS752260715469%3Apl%3Ata%3Ap1%3Ap2%3Aac%3Aap%3Aneg%3Afi%3Atikwd-869815001187%3Alp1009919%3Ali%3Adec%3Adm%3Appccp%3DUmFuZG9tSVYkc2RlIyh9YXdX6HrtnYy-Ml68sH-ljtU&aid=311984&dest_id=198&dest_type=country&group_adults=2&req_adults=2&no_rooms=1&broad_search_not_eligible=1&order=distance_from_search","Janara Two","Kurunegala","Janara Two offers accommodations in Kurunegala, 27 miles from Kandy Train Station and 28 miles from Kandy Museum.","Scored 3.2","3.2","Review score","· 29 reviews","","Opens in new window","Show prices","Show on map","","https://cf.bstatic.com/xdata/images/hotel/square600/445692447.webp?k=96495626cf8c8007c7346999be15602020de45c20942c4cf865e3808defb9f1b&o="
"1776666626-27","https://www.booking.com/searchresults.html?label=bristol-XLwodozx2dVe8Ts0XeYuawS752260715469%3Apl%3Ata%3Ap1%3Ap2%3Aac%3Aap%3Aneg%3Afi%3Atikwd-869815001187%3Alp1009919%3Ali%3Adec%3Adm%3Appccp%3DUmFuZG9tSVYkc2RlIyh9YXdX6HrtnYy-Ml68sH-ljtU&aid=311984&dest_id=198&dest_type=country&group_adults=2&req_adults=2&no_rooms=1&broad_search_not_eligible=1&order=distance_from_search","Grand Colonial Viveka","Kurunegala","Grand Colonial Viveka offers accommodations in Kurunegala, 27 miles from Kandy Royal Botanic Gardens and 27 miles from Kandy City Center Shopping Mall.","Scored 8.1","8.1","Very Good","· 67 reviews","","Opens in new window","Show prices","Show on map","","https://cf.bstatic.com/xdata/images/hotel/square600/528743636.webp?k=c360b5de7c3ddbc3e046e07a459a8c6a28524d0e7f3e2d6715213dba03d8816d&o="
"1776666626-28","https://www.booking.com/searchresults.html?label=bristol-XLwodozx2dVe8Ts0XeYuawS752260715469%3Apl%3Ata%3Ap1%3Ap2%3Aac%3Aap%3Aneg%3Afi%3Atikwd-869815001187%3Alp1009919%3Ali%3Adec%3Adm%3Appccp%3DUmFuZG9tSVYkc2RlIyh9YXdX6HrtnYy-Ml68sH-ljtU&aid=311984&dest_id=198&dest_type=country&group_adults=2&req_adults=2&no_rooms=1&broad_search_not_eligible=1&order=distance_from_search","Lake Round Luxury House","Kurunegala","Providing a garden, Lake Round Luxury House provides accommodations in Kurunegala. This property offers access to a balcony, free private parking, and free Wifi.","Scored 9.0","9.0","Wonderful","· 1 review","Value for money 10","Opens in new window","Show prices","Show on map","","https://cf.bstatic.com/xdata/images/hotel/square600/680513479.webp?k=5d9a2e05172740d693e49cc09ee24b6e9a181b8d2bec4d36accf514e37a87c6b&o="
"1776666626-29","https://www.booking.com/searchresults.html?label=bristol-XLwodozx2dVe8Ts0XeYuawS752260715469%3Apl%3Ata%3Ap1%3Ap2%3Aac%3Aap%3Aneg%3Afi%3Atikwd-869815001187%3Alp1009919%3Ali%3Adec%3Adm%3Appccp%3DUmFuZG9tSVYkc2RlIyh9YXdX6HrtnYy-Ml68sH-ljtU&aid=311984&dest_id=198&dest_type=country&group_adults=2&req_adults=2&no_rooms=1&broad_search_not_eligible=1&order=distance_from_search","Metro Stay","Kurunegala","Metro Stay features air-conditioned rooms in Kurunegala. Private parking is available on site at this recently renovated property.","Scored 8.6","8.6","Excellent","· 38 reviews","Value for money 9.3","Opens in new window","Show prices","Show on map","","https://cf.bstatic.com/xdata/images/hotel/square600/552652773.webp?k=23d84ce2ec75491c002d1e848ae600fab29bdd85442c1d2f665c0f6ae9a06875&o="
"1776666626-30","https://www.booking.com/searchresults.html?label=bristol-XLwodozx2dVe8Ts0XeYuawS752260715469%3Apl%3Ata%3Ap1%3Ap2%3Aac%3Aap%3Aneg%3Afi%3Atikwd-869815001187%3Alp1009919%3Ali%3Adec%3Adm%3Appccp%3DUmFuZG9tSVYkc2RlIyh9YXdX6HrtnYy-Ml68sH-ljtU&aid=311984&dest_id=198&dest_type=country&group_adults=2&req_adults=2&no_rooms=1&broad_search_not_eligible=1&order=distance_from_search","Cottage 23","Kurunegala","Offering garden views, Cottage 23 in Kurunegala offers accommodations and a garden. There's a private entrance at the apartment for the convenience of those who stay.","Scored 9.1","9.1","Wonderful","· 135 reviews","Value for money 9.4","Opens in new window","Show prices","Show on map","","https://cf.bstatic.com/xdata/images/hotel/square600/390593191.webp?k=635a31efad1b3ee4fa28e5e4e612e3033b3b5885fe1498d8327d7634f8637cef&o="
"1776666626-31","https://www.booking.com/searchresults.html?label=bristol-XLwodozx2dVe8Ts0XeYuawS752260715469%3Apl%3Ata%3Ap1%3Ap2%3Aac%3Aap%3Aneg%3Afi%3Atikwd-869815001187%3Alp1009919%3Ali%3Adec%3Adm%3Appccp%3DUmFuZG9tSVYkc2RlIyh9YXdX6HrtnYy-Ml68sH-ljtU&aid=311984&dest_id=198&dest_type=country&group_adults=2&req_adults=2&no_rooms=1&broad_search_not_eligible=1&order=distance_from_search","Hotel Blue Sky","Kurunegala","Located in Kurunegala, 27 miles from Kandy Royal Botanic Gardens, Hotel Blue Sky has accommodations with a garden, free private parking and a restaurant.","Scored 7.1","7.1","Good","· 43 reviews","","Opens in new window","Show prices","Show on map","","https://cf.bstatic.com/xdata/images/hotel/square600/280629485.webp?k=a3ebab0ff65258beb2e8e63059f909414c487634e7a06d1d777b8ac1adcf2ee2&o="
"1776666626-32","https://www.booking.com/searchresults.html?label=bristol-XLwodozx2dVe8Ts0XeYuawS752260715469%3Apl%3Ata%3Ap1%3Ap2%3Aac%3Aap%3Aneg%3Afi%3Atikwd-869815001187%3Alp1009919%3Ali%3Adec%3Adm%3Appccp%3DUmFuZG9tSVYkc2RlIyh9YXdX6HrtnYy-Ml68sH-ljtU&aid=311984&dest_id=198&dest_type=country&group_adults=2&req_adults=2&no_rooms=1&broad_search_not_eligible=1&order=distance_from_search","JHome","Kurunegala","Providing a garden, JHome features accommodations in Kurunegala. The air-conditioned accommodation is 27 miles from Kandy Royal Botanic Gardens, and guests can benefit from on-site private parking and...","Scored 10","10","Exceptional","· 2 reviews","Value for money 10","Opens in new window","Show prices","Show on map","","https://cf.bstatic.com/xdata/images/hotel/square600/799074765.webp?k=3efae8f5af690be5d08a5cf2fc43c62d963350cb1ca03fe70808df7589be54d9&o="
"1776666626-33","https://www.booking.com/searchresults.html?label=bristol-XLwodozx2dVe8Ts0XeYuawS752260715469%3Apl%3Ata%3Ap1%3Ap2%3Aac%3Aap%3Aneg%3Afi%3Atikwd-869815001187%3Alp1009919%3Ali%3Adec%3Adm%3Appccp%3DUmFuZG9tSVYkc2RlIyh9YXdX6HrtnYy-Ml68sH-ljtU&aid=311984&dest_id=198&dest_type=country&group_adults=2&req_adults=2&no_rooms=1&broad_search_not_eligible=1&order=distance_from_search","Mangala Lodge","Kurunegala","Offering a garden, Mangala Lodge provides accommodations in Kurunegala. This guest house offers free private parking, a 24-hour front desk, and free Wifi.","Scored 8.8","8.8","Excellent","· 70 reviews","Value for money 8.8","Opens in new window","Show prices","Show on map","","https://cf.bstatic.com/xdata/images/hotel/square600/459901393.webp?k=279ec98dc582fd1cccbc43cae8f0678106214d082a312967a7a1ac7154cc4f69&o="
"1776666626-34","https://www.booking.com/searchresults.html?label=bristol-XLwodozx2dVe8Ts0XeYuawS752260715469%3Apl%3Ata%3Ap1%3Ap2%3Aac%3Aap%3Aneg%3Afi%3Atikwd-869815001187%3Alp1009919%3Ali%3Adec%3Adm%3Appccp%3DUmFuZG9tSVYkc2RlIyh9YXdX6HrtnYy-Ml68sH-ljtU&aid=311984&dest_id=198&dest_type=country&group_adults=2&req_adults=2&no_rooms=1&broad_search_not_eligible=1&order=distance_from_search","Tiny Villa Homestay - Only For Foreign Bookings","Kurunegala","Tiny Villa Homestay - Only For Foreign Bookings provides air-conditioned accommodations in Kurunegala.","Scored 9.4","9.4","Wonderful","· 17 reviews","Value for money 9.1","Opens in new window","Show prices","Show on map","","https://cf.bstatic.com/xdata/images/hotel/square600/817475628.webp?k=65f43902db28fefea9395ebe8c09997a67ffe03e9208dcbb07d0bcde3dfcf44f&o="
"1776666626-35","https://www.booking.com/searchresults.html?label=bristol-XLwodozx2dVe8Ts0XeYuawS752260715469%3Apl%3Ata%3Ap1%3Ap2%3Aac%3Aap%3Aneg%3Afi%3Atikwd-869815001187%3Alp1009919%3Ali%3Adec%3Adm%3Appccp%3DUmFuZG9tSVYkc2RlIyh9YXdX6HrtnYy-Ml68sH-ljtU&aid=311984&dest_id=198&dest_type=country&group_adults=2&req_adults=2&no_rooms=1&broad_search_not_eligible=1&order=distance_from_search","RK care green homestay - Only For Foreign Bookings","Kurunegala","RK care green homestay - Only For Foreign Bookings is located in Kurunegala, just 29 miles from Kandy Royal Botanic Gardens and 29 miles from Kandy Train Station.","Scored 6.7","6.7","Review score","· 3 reviews","","Opens in new window","Show prices","Show on map","New to Booking.com","https://cf.bstatic.com/xdata/images/hotel/square600/835959403.webp?k=8e68739efd4cc300dc0661ea6652308f680302a164b7487cb9ac0ea6a851455e&o="
"1776666626-36","https://www.booking.com/searchresults.html?label=bristol-XLwodozx2dVe8Ts0XeYuawS752260715469%3Apl%3Ata%3Ap1%3Ap2%3Aac%3Aap%3Aneg%3Afi%3Atikwd-869815001187%3Alp1009919%3Ali%3Adec%3Adm%3Appccp%3DUmFuZG9tSVYkc2RlIyh9YXdX6HrtnYy-Ml68sH-ljtU&aid=311984&dest_id=198&dest_type=country&group_adults=2&req_adults=2&no_rooms=1&broad_search_not_eligible=1&order=distance_from_search","Ancoombra Tea Estate Bungalow","Matale","Ancoombra Tea Estate Bungalow in Matale provides accommodations with a terrace and a shared lounge. This property offers access to table tennis, darts, and free private parking.","Scored 9.7","9.7","Exceptional","· 3 reviews","Value for money 10","Opens in new window","Show prices","Show on map","","https://cf.bstatic.com/xdata/images/hotel/square600/106398111.webp?k=64deeb8e2f19a173c72eec067335e114feab2c2509518bc59c25bd17bfece4e1&o="
"1776666626-37","https://www.booking.com/searchresults.html?label=bristol-XLwodozx2dVe8Ts0XeYuawS752260715469%3Apl%3Ata%3Ap1%3Ap2%3Aac%3Aap%3Aneg%3Afi%3Atikwd-869815001187%3Alp1009919%3Ali%3Adec%3Adm%3Appccp%3DUmFuZG9tSVYkc2RlIyh9YXdX6HrtnYy-Ml68sH-ljtU&aid=311984&dest_id=198&dest_type=country&group_adults=2&req_adults=2&no_rooms=1&broad_search_not_eligible=1&order=distance_from_search","Premium Cottages B&B","Kurunegala","Premium Cottages B&B enjoys a location in Kurunegala, 28 miles from Kandy City Center Shopping Mall and 29 miles from Bogambara Stadium.","Scored 7.4","7.4","Good","· 83 reviews","","Opens in new window","Show prices","Show on map","","https://cf.bstatic.com/xdata/images/hotel/square600/585002416.webp?k=a3802261b3f3520260b2f616e60b87662eb283264996be1986b7b7a6118a53aa&o="
"1776666626-38","https://www.booking.com/searchresults.html?label=bristol-XLwodozx2dVe8Ts0XeYuawS752260715469%3Apl%3Ata%3Ap1%3Ap2%3Aac%3Aap%3Aneg%3Afi%3Atikwd-869815001187%3Alp1009919%3Ali%3Adec%3Adm%3Appccp%3DUmFuZG9tSVYkc2RlIyh9YXdX6HrtnYy-Ml68sH-ljtU&aid=311984&dest_id=198&dest_type=country&group_adults=2&req_adults=2&no_rooms=1&broad_search_not_eligible=1&order=distance_from_search","Royal Lion Hotel - Kandy Road, Galagadara","Galagedara","Located in Galagedara, within 11 miles of Kandy Royal Botanic Gardens and 11 miles of Kandy City Center Shopping Mall, Royal Lion Hotel - Kandy Road, Galagadara has accommodations with a restaurant...","Scored 9.2","9.2","Wonderful","· 8 reviews","Value for money 9.3","Opens in new window","Show prices","Show on map","","https://cf.bstatic.com/xdata/images/hotel/square600/711737439.webp?k=9cde3cccd0c6630ef1a75095d7e8a825d436f5efe74de5d4445ea0f05ba4a4e9&o="
"1776666626-39","https://www.booking.com/searchresults.html?label=bristol-XLwodozx2dVe8Ts0XeYuawS752260715469%3Apl%3Ata%3Ap1%3Ap2%3Aac%3Aap%3Aneg%3Afi%3Atikwd-869815001187%3Alp1009919%3Ali%3Adec%3Adm%3Appccp%3DUmFuZG9tSVYkc2RlIyh9YXdX6HrtnYy-Ml68sH-ljtU&aid=311984&dest_id=198&dest_type=country&group_adults=2&req_adults=2&no_rooms=1&broad_search_not_eligible=1&order=distance_from_search","V Resorts The Village","Galagedara","Located within 11 miles of Kandy Royal Botanic Gardens and 11 miles of Kandy City Center Shopping Mall, V Resorts The Village has rooms with air conditioning and a private bathroom in Galagedara.","","","","","","Opens in new window","Show prices","Show on map","","https://cf.bstatic.com/xdata/images/hotel/square600/630713293.webp?k=96a5be6797ceb9596d7626e8ac1f92eee7612b1255fc50809ab7b181d7523cab&o="
"1776666626-40","https://www.booking.com/searchresults.html?label=bristol-XLwodozx2dVe8Ts0XeYuawS752260715469%3Apl%3Ata%3Ap1%3Ap2%3Aac%3Aap%3Aneg%3Afi%3Atikwd-869815001187%3Alp1009919%3Ali%3Adec%3Adm%3Appccp%3DUmFuZG9tSVYkc2RlIyh9YXdX6HrtnYy-Ml68sH-ljtU&aid=311984&dest_id=198&dest_type=country&group_adults=2&req_adults=2&no_rooms=1&broad_search_not_eligible=1&order=distance_from_search","The Dimora Residence","Kurunegala","The Dimora Residence offers accommodations in Kurunegala, 27 miles from Kandy Royal Botanic Gardens and 28 miles from Kandy Train Station. Guests staying at this guest house have access to a balcony.","","","","","","Opens in new window","Show prices","Show on map","New to Booking.com","https://cf.bstatic.com/xdata/images/hotel/square600/842377635.webp?k=375dee22350ad4ed3a2511d8a0a6fd3505e9afa260181a009d8fd1e90f781aaa&o="
"1776666626-41","https://www.booking.com/searchresults.html?label=bristol-XLwodozx2dVe8Ts0XeYuawS752260715469%3Apl%3Ata%3Ap1%3Ap2%3Aac%3Aap%3Aneg%3Afi%3Atikwd-869815001187%3Alp1009919%3Ali%3Adec%3Adm%3Appccp%3DUmFuZG9tSVYkc2RlIyh9YXdX6HrtnYy-Ml68sH-ljtU&aid=311984&dest_id=198&dest_type=country&group_adults=2&req_adults=2&no_rooms=1&broad_search_not_eligible=1&order=distance_from_search","Saragama Apartment","Kurunegala","Saragama Apartment is located in Kurunegala, just 28 miles from Kandy City Center Shopping Mall and 29 miles from Bogambara Stadium.","","","","","","Opens in new window","Show prices","Show on map","","https://cf.bstatic.com/xdata/images/hotel/square600/535282226.webp?k=9ad7b637c13a2a7112b44132dfc0627fd370ada11c36542f634438a8fc29d53d&o="
"1776666626-42","https://www.booking.com/searchresults.html?label=bristol-XLwodozx2dVe8Ts0XeYuawS752260715469%3Apl%3Ata%3Ap1%3Ap2%3Aac%3Aap%3Aneg%3Afi%3Atikwd-869815001187%3Alp1009919%3Ali%3Adec%3Adm%3Appccp%3DUmFuZG9tSVYkc2RlIyh9YXdX6HrtnYy-Ml68sH-ljtU&aid=311984&dest_id=198&dest_type=country&group_adults=2&req_adults=2&no_rooms=1&broad_search_not_eligible=1&order=distance_from_search","kurunegala deco apartement","Kurunegala","Kurunegala deco apartement offers accommodations in Kurunegala, 28 miles from Kandy Royal Botanic Gardens and 28 miles from Kandy City Center Shopping Mall.","","","","","","Opens in new window","Show prices","Show on map","","https://cf.bstatic.com/xdata/images/hotel/square600/648199535.webp?k=2ce2602ef813df75fcb0c6cab57900953e73d6e3b1c902d5451a3596be1b4e22&o="
"1776666626-43","https://www.booking.com/searchresults.html?label=bristol-XLwodozx2dVe8Ts0XeYuawS752260715469%3Apl%3Ata%3Ap1%3Ap2%3Aac%3Aap%3Aneg%3Afi%3Atikwd-869815001187%3Alp1009919%3Ali%3Adec%3Adm%3Appccp%3DUmFuZG9tSVYkc2RlIyh9YXdX6HrtnYy-Ml68sH-ljtU&aid=311984&dest_id=198&dest_type=country&group_adults=2&req_adults=2&no_rooms=1&broad_search_not_eligible=1&order=distance_from_search","The Los t paradise - Rambukewela","Deldeniya","The Los t paradise - Rambukewela is located in Deldeniya, just 12 miles from Kandy City Center Shopping Mall and 12 miles from Bogambara Stadium.","Scored 9.0","9.0","Wonderful","· 7 reviews","Value for money 10","Opens in new window","Show prices","Show on map","","https://cf.bstatic.com/xdata/images/hotel/square600/725757115.webp?k=1521dba4887eb2b2bde2c781cc47acffc6b8de1d4165e23445d378b9fd65e50f&o="
"1776666626-44","https://www.booking.com/searchresults.html?label=bristol-XLwodozx2dVe8Ts0XeYuawS752260715469%3Apl%3Ata%3Ap1%3Ap2%3Aac%3Aap%3Aneg%3Afi%3Atikwd-869815001187%3Alp1009919%3Ali%3Adec%3Adm%3Appccp%3DUmFuZG9tSVYkc2RlIyh9YXdX6HrtnYy-Ml68sH-ljtU&aid=311984&dest_id=198&dest_type=country&group_adults=2&req_adults=2&no_rooms=1&broad_search_not_eligible=1&order=distance_from_search","Induwara Arana","Kurunegala","Located in Kurunegala, 30 miles from Kandy Royal Botanic Gardens, Induwara Arana has accommodations with free WiFi and free private parking.","Scored 7.1","7.1","Good","· 23 reviews","","Opens in new window","Show prices","Show on map","","https://cf.bstatic.com/xdata/images/hotel/square600/633944122.webp?k=4a8daa6b6de7c540c21250b985e7b7921a5a7530cd8fcb2de055406d8c86544c&o="
"1776666626-45","https://www.booking.com/searchresults.html?label=bristol-XLwodozx2dVe8Ts0XeYuawS752260715469%3Apl%3Ata%3Ap1%3Ap2%3Aac%3Aap%3Aneg%3Afi%3Atikwd-869815001187%3Alp1009919%3Ali%3Adec%3Adm%3Appccp%3DUmFuZG9tSVYkc2RlIyh9YXdX6HrtnYy-Ml68sH-ljtU&aid=311984&dest_id=198&dest_type=country&group_adults=2&req_adults=2&no_rooms=1&broad_search_not_eligible=1&order=distance_from_search","The Flame Tree Estate & Hotel","Kandy","Located in Kandy, 11 miles from Kandy Royal Botanic Gardens, The Flame Tree Estate & Hotel has accommodations with an outdoor swimming pool, free private parking, a garden and a shared lounge.","Scored 9.8","9.8","Exceptional","· 286 reviews","Value for money 9.5","Opens in new window","Show prices","Show on map","","https://cf.bstatic.com/xdata/images/hotel/square600/218746733.webp?k=5762980137e7450b00b4e4e5749682e643559c5a3bb67c94f15b6cf4edb8c0f2&o="
"1776666626-46","https://www.booking.com/searchresults.html?label=bristol-XLwodozx2dVe8Ts0XeYuawS752260715469%3Apl%3Ata%3Ap1%3Ap2%3Aac%3Aap%3Aneg%3Afi%3Atikwd-869815001187%3Alp1009919%3Ali%3Adec%3Adm%3Appccp%3DUmFuZG9tSVYkc2RlIyh9YXdX6HrtnYy-Ml68sH-ljtU&aid=311984&dest_id=198&dest_type=country&group_adults=2&req_adults=2&no_rooms=1&broad_search_not_eligible=1&order=distance_from_search","Silver Hill Ecovillage","Kurunegala","With mountain views, Silver Hill Ecovillage is located in Kurunegala and has a restaurant, room service, bar, garden, year-round outdoor pool and terrace.","Scored 9.3","9.3","Wonderful","· 250 reviews","Value for money 9.3","Opens in new window","Show prices","Show on map","","https://cf.bstatic.com/xdata/images/hotel/square600/483274216.webp?k=ee6daeae6839bd98c79be75e10b69f476a47334b0e4e243e46a68ddcbc7ff983&o="
"1776666626-47","https://www.booking.com/searchresults.html?label=bristol-XLwodozx2dVe8Ts0XeYuawS752260715469%3Apl%3Ata%3Ap1%3Ap2%3Aac%3Aap%3Aneg%3Afi%3Atikwd-869815001187%3Alp1009919%3Ali%3Adec%3Adm%3Appccp%3DUmFuZG9tSVYkc2RlIyh9YXdX6HrtnYy-Ml68sH-ljtU&aid=311984&dest_id=198&dest_type=country&group_adults=2&req_adults=2&no_rooms=1&broad_search_not_eligible=1&order=distance_from_search","Saragama Holiday Resort","Kurunegala","Located in Kurunegala, within 29 miles of Kandy Royal Botanic Gardens and 29 miles of Kandy City Center Shopping Mall, Saragama Holiday Resort provides accommodations with a restaurant and free WiFi...","Scored 6.5","6.5","Review score","· 4 reviews","","Opens in new window","Show prices","Show on map","","https://cf.bstatic.com/xdata/images/hotel/square600/420016867.webp?k=07a7898f595be41987738b9b63eaca0235ce6b9094be14209023ffac7ec981c8&o="
"1776666626-48","https://www.booking.com/searchresults.html?label=bristol-XLwodozx2dVe8Ts0XeYuawS752260715469%3Apl%3Ata%3Ap1%3Ap2%3Aac%3Aap%3Aneg%3Afi%3Atikwd-869815001187%3Alp1009919%3Ali%3Adec%3Adm%3Appccp%3DUmFuZG9tSVYkc2RlIyh9YXdX6HrtnYy-Ml68sH-ljtU&aid=311984&dest_id=198&dest_type=country&group_adults=2&req_adults=2&no_rooms=1&broad_search_not_eligible=1&order=distance_from_search","Rambukkana Vacation Hideaway","Rambukkana","A recently renovated vacation home, Rambukkana Vacation Hideaway offers accommodations in Rambukkana. This property offers access to a terrace, free private parking, and free Wifi.","Scored 5.5","5.5","Review score","· 2 reviews","Location 10","Opens in new window","Show prices","Show on map","","https://cf.bstatic.com/xdata/images/hotel/square600/648259472.webp?k=d435582a692233397085e5aa6d08dcb794db2ce6885c224d6dad34df945245b3&o="
"1776666626-49","https://www.booking.com/searchresults.html?label=bristol-XLwodozx2dVe8Ts0XeYuawS752260715469%3Apl%3Ata%3Ap1%3Ap2%3Aac%3Aap%3Aneg%3Afi%3Atikwd-869815001187%3Alp1009919%3Ali%3Adec%3Adm%3Appccp%3DUmFuZG9tSVYkc2RlIyh9YXdX6HrtnYy-Ml68sH-ljtU&aid=311984&dest_id=198&dest_type=country&group_adults=2&req_adults=2&no_rooms=1&broad_search_not_eligible=1&order=distance_from_search","The Forest villa","Rambukkana","19 miles from Kandy Royal Botanic Gardens in Rambukkana, The Forest villa offers accommodations with access to a sauna, public bath, and open-air bath.","Scored 10","10","Exceptional","· 5 reviews","Value for money 10","Opens in new window","Show prices","Show on map","","https://cf.bstatic.com/xdata/images/hotel/square600/847769955.webp?k=8855d67541cde515a353cc730dba8c99d78795c7d76c9a36d1c95bf90dee9602&o="
"1776666626-50","https://www.booking.com/searchresults.html?label=bristol-XLwodozx2dVe8Ts0XeYuawS752260715469%3Apl%3Ata%3Ap1%3Ap2%3Aac%3Aap%3Aneg%3Afi%3Atikwd-869815001187%3Alp1009919%3Ali%3Adec%3Adm%3Appccp%3DUmFuZG9tSVYkc2RlIyh9YXdX6HrtnYy-Ml68sH-ljtU&aid=311984&dest_id=198&dest_type=country&group_adults=2&req_adults=2&no_rooms=1&broad_search_not_eligible=1&order=distance_from_search","Hotel Surasa","Kurunegala","Located in Kurunegala, 30 miles from Kandy Royal Botanic Gardens, Hotel Surasa has accommodations with an outdoor swimming pool, free private parking, a garden and a shared lounge.","Scored 5.4","5.4","Review score","· 6 reviews","","Opens in new window","Show prices","Show on map","","https://cf.bstatic.com/xdata/images/hotel/square600/269022484.webp?k=70f45f1feb0c753e7ebd5a75e5328bda9d7baa569651bda6519ebad7b985f03d&o="
"1776666626-51","https://www.booking.com/searchresults.html?label=bristol-XLwodozx2dVe8Ts0XeYuawS752260715469%3Apl%3Ata%3Ap1%3Ap2%3Aac%3Aap%3Aneg%3Afi%3Atikwd-869815001187%3Alp1009919%3Ali%3Adec%3Adm%3Appccp%3DUmFuZG9tSVYkc2RlIyh9YXdX6HrtnYy-Ml68sH-ljtU&aid=311984&dest_id=198&dest_type=country&group_adults=2&req_adults=2&no_rooms=1&broad_search_not_eligible=1&order=distance_from_search","Pinna Flower Homestay Cabana","Rambukkana","19 miles from Kandy Royal Botanic Gardens in Rambukkana, Pinna Flower Homestay Cabana provides accommodations with access to an indoor pool.","Scored 9.3","9.3","Wonderful","· 6 reviews","Value for money 8.7","Opens in new window","Show prices","Show on map","","https://cf.bstatic.com/xdata/images/hotel/square600/702881394.webp?k=f9a986a8b9a220ccf1aac31470eaaf96c846b8d0f79c2dd4557d9f1499334851&o="
"1776666626-52","https://www.booking.com/searchresults.html?label=bristol-XLwodozx2dVe8Ts0XeYuawS752260715469%3Apl%3Ata%3Ap1%3Ap2%3Aac%3Aap%3Aneg%3Afi%3Atikwd-869815001187%3Alp1009919%3Ali%3Adec%3Adm%3Appccp%3DUmFuZG9tSVYkc2RlIyh9YXdX6HrtnYy-Ml68sH-ljtU&aid=311984&dest_id=198&dest_type=country&group_adults=2&req_adults=2&no_rooms=1&broad_search_not_eligible=1&order=distance_from_search","ACRE By Ress","Galagedara","ACRE By Ress is located in Galagedara, just 10 miles from Kandy Royal Botanic Gardens and 10 miles from Kandy City Center Shopping Mall.","","","","","","Opens in new window","Show prices","Show on map","","https://cf.bstatic.com/xdata/images/hotel/square600/590417302.webp?k=a379ef9ca9c2a3769a65c5a56b0d05f7b4f20b588bbc2d0f9a5dc13bc75dbf14&o="
"1776666626-53","https://www.booking.com/searchresults.html?label=bristol-XLwodozx2dVe8Ts0XeYuawS752260715469%3Apl%3Ata%3Ap1%3Ap2%3Aac%3Aap%3Aneg%3Afi%3Atikwd-869815001187%3Alp1009919%3Ali%3Adec%3Adm%3Appccp%3DUmFuZG9tSVYkc2RlIyh9YXdX6HrtnYy-Ml68sH-ljtU&aid=311984&dest_id=198&dest_type=country&group_adults=2&req_adults=2&no_rooms=1&broad_search_not_eligible=1&order=distance_from_search","Coco forest camping","Kurunegala","Located in Kurunegala, Coco forest camping has a garden, restaurant and free WiFi throughout the property. There is free private parking and the property has paid airport shuttle service.","","","","","","Opens in new window","Show prices","Show on map","New to Booking.com","https://cf.bstatic.com/xdata/images/hotel/square600/825190867.webp?k=31fa4fe3c36b6600851bd8f5c242aeac07418275bd5c46f83b2063b6f28f2483&o="
"1776666626-54","https://www.booking.com/searchresults.html?label=bristol-XLwodozx2dVe8Ts0XeYuawS752260715469%3Apl%3Ata%3Ap1%3Ap2%3Aac%3Aap%3Aneg%3Afi%3Atikwd-869815001187%3Alp1009919%3Ali%3Adec%3Adm%3Appccp%3DUmFuZG9tSVYkc2RlIyh9YXdX6HrtnYy-Ml68sH-ljtU&aid=311984&dest_id=198&dest_type=country&group_adults=2&req_adults=2&no_rooms=1&broad_search_not_eligible=1&order=distance_from_search","Villa Labugolla","Kandy","With Kandy Royal Botanic Gardens reachable in 16 miles, Villa Labugolla has accommodations, a restaurant, an outdoor swimming pool, a garden and a terrace.","Scored 8.3","8.3","Very Good","· 3 reviews","Location 10","Opens in new window","Show prices","Show on map","","https://cf.bstatic.com/xdata/images/hotel/square600/438558395.webp?k=8e6c05f79b210361207d6f18832b16b2a1ab44bd98fdf95a76915d1dbbc1e35b&o="
"1776666626-55","https://www.booking.com/searchresults.html?label=bristol-XLwodozx2dVe8Ts0XeYuawS752260715469%3Apl%3Ata%3Ap1%3Ap2%3Aac%3Aap%3Aneg%3Afi%3Atikwd-869815001187%3Alp1009919%3Ali%3Adec%3Adm%3Appccp%3DUmFuZG9tSVYkc2RlIyh9YXdX6HrtnYy-Ml68sH-ljtU&aid=311984&dest_id=198&dest_type=country&group_adults=2&req_adults=2&no_rooms=1&broad_search_not_eligible=1&order=distance_from_search","Green Acres Leisure Resort & Spa","Kandy","Located in Kandy, 16 miles from Kandy Royal Botanic Gardens, Green Acres Leisure Resort & Spa has accommodations with an outdoor swimming pool, free private parking, a garden and a shared lounge.","Scored 9.3","9.3","Wonderful","· 143 reviews","Value for money 9.0","Opens in new window","Show prices","Show on map","","https://cf.bstatic.com/xdata/images/hotel/square600/344967725.webp?k=14e210202e453c1dc0f5f436180f1646a59414e34ab2db69010606399d346694&o="
"1776666626-56","https://www.booking.com/searchresults.html?label=bristol-XLwodozx2dVe8Ts0XeYuawS752260715469%3Apl%3Ata%3Ap1%3Ap2%3Aac%3Aap%3Aneg%3Afi%3Atikwd-869815001187%3Alp1009919%3Ali%3Adec%3Adm%3Appccp%3DUmFuZG9tSVYkc2RlIyh9YXdX6HrtnYy-Ml68sH-ljtU&aid=311984&dest_id=198&dest_type=country&group_adults=2&req_adults=2&no_rooms=1&broad_search_not_eligible=1&order=distance_from_search","Rivendell Twisted Tree","Kurunegala","Providing river views, Rivendell Twisted Tree in Kurunegala provides accommodations, pool with a view, free bikes, a garden, a bar, and barbecue facilities.","Scored 9.5","9.5","Exceptional","· 198 reviews","Value for money 9.5","Opens in new window","Show prices","Show on map","","https://cf.bstatic.com/xdata/images/hotel/square600/589223466.webp?k=572cf47826b93a3e775a132198a2d8e9cd45449fdf45023b20e1ac32d78413cd&o="
"1776666626-57","https://www.booking.com/searchresults.html?label=bristol-XLwodozx2dVe8Ts0XeYuawS752260715469%3Apl%3Ata%3Ap1%3Ap2%3Aac%3Aap%3Aneg%3Afi%3Atikwd-869815001187%3Alp1009919%3Ali%3Adec%3Adm%3Appccp%3DUmFuZG9tSVYkc2RlIyh9YXdX6HrtnYy-Ml68sH-ljtU&aid=311984&dest_id=198&dest_type=country&group_adults=2&req_adults=2&no_rooms=1&broad_search_not_eligible=1&order=distance_from_search","Jetwing Wahawa Walauwa, A Luxury Reserve","Rambukkana","Located in Rambukkana, 21 miles from Kandy Royal Botanic Gardens, Jetwing Wahawa Walauwa, A Luxury Reserve provides accommodations with an outdoor swimming pool, free private parking and a garden.","","","","","","Opens in new window","Show prices","Show on map","","https://cf.bstatic.com/xdata/images/hotel/square600/651456320.webp?k=ae8c1d47f118818da1fc05d9afe8af3ebd31c4e548f7b8ad8fc583ff06dd3f84&o="
"1776666626-58","https://www.booking.com/searchresults.html?label=bristol-XLwodozx2dVe8Ts0XeYuawS752260715469%3Apl%3Ata%3Ap1%3Ap2%3Aac%3Aap%3Aneg%3Afi%3Atikwd-869815001187%3Alp1009919%3Ali%3Adec%3Adm%3Appccp%3DUmFuZG9tSVYkc2RlIyh9YXdX6HrtnYy-Ml68sH-ljtU&aid=311984&dest_id=198&dest_type=country&group_adults=2&req_adults=2&no_rooms=1&broad_search_not_eligible=1&order=distance_from_search","Elephant vale","Kegalle","Located in Kegalle, within 19 miles of Kandy Royal Botanic Gardens and 22 miles of Kandy Train Station, Elephant vale provides accommodations with a garden as well as free private parking for guests...","","","","","","Opens in new window","Show prices","Show on map","","https://cf.bstatic.com/xdata/images/hotel/square600/725930777.webp?k=a6388af8f7eddd90351c2805b96ba1eee7884e6ce97a2fa4f748617b41684b5c&o="
"1776666626-59","https://www.booking.com/searchresults.html?label=bristol-XLwodozx2dVe8Ts0XeYuawS752260715469%3Apl%3Ata%3Ap1%3Ap2%3Aac%3Aap%3Aneg%3Afi%3Atikwd-869815001187%3Alp1009919%3Ali%3Adec%3Adm%3Appccp%3DUmFuZG9tSVYkc2RlIyh9YXdX6HrtnYy-Ml68sH-ljtU&aid=311984&dest_id=198&dest_type=country&group_adults=2&req_adults=2&no_rooms=1&broad_search_not_eligible=1&order=distance_from_search","Coffee Cabanas","Matale","Located in Matale, 13 miles from Kandy City Center Shopping Mall, Coffee Cabanas provides accommodations with a garden, free private parking and a restaurant.","","","","","","Opens in new window","Show prices","Show on map","New to Booking.com","https://cf.bstatic.com/xdata/images/hotel/square600/845818773.webp?k=3fee01ae23102cf6a78036748bcca1a90d2c08557e629f66d09a8f2ef96f2ad1&o="
"1776666626-60","https://www.booking.com/searchresults.html?label=bristol-XLwodozx2dVe8Ts0XeYuawS752260715469%3Apl%3Ata%3Ap1%3Ap2%3Aac%3Aap%3Aneg%3Afi%3Atikwd-869815001187%3Alp1009919%3Ali%3Adec%3Adm%3Appccp%3DUmFuZG9tSVYkc2RlIyh9YXdX6HrtnYy-Ml68sH-ljtU&aid=311984&dest_id=198&dest_type=country&group_adults=2&req_adults=2&no_rooms=1&broad_search_not_eligible=1&order=distance_from_search","Elephant Lovers Inn","Pinnawala","19 miles from Kandy Royal Botanic Gardens in Pinnawala, Elephant Lovers Inn provides accommodations with access to spa facilities and beauty services.","Scored 9.4","9.4","Wonderful","· 10 reviews","Value for money 10","Opens in new window","Show prices","Show on map","","https://cf.bstatic.com/xdata/images/hotel/square600/246946210.webp?k=7d61a68f1b57e8e1e28b81ab291606c935de7e6909bd84b1bf7a94b751473c3f&o="
"1776666626-61","https://www.booking.com/searchresults.html?label=bristol-XLwodozx2dVe8Ts0XeYuawS752260715469%3Apl%3Ata%3Ap1%3Ap2%3Aac%3Aap%3Aneg%3Afi%3Atikwd-869815001187%3Alp1009919%3Ali%3Adec%3Adm%3Appccp%3DUmFuZG9tSVYkc2RlIyh9YXdX6HrtnYy-Ml68sH-ljtU&aid=311984&dest_id=198&dest_type=country&group_adults=2&req_adults=2&no_rooms=1&broad_search_not_eligible=1&order=distance_from_search","GG hotel Kandy","Nagolla","GG hotel Kandy offers accommodations in Nagolla, 15 miles from Kandy Train Station and 16 miles from Kandy Museum.","","","","","","Opens in new window","Show prices","Show on map","","https://cf.bstatic.com/xdata/images/hotel/square600/715663869.webp?k=81f61dda172c0b0787cc2817749e40fd72971d12744c82333e28070e58a437ee&o="
"1776666626-62","https://www.booking.com/searchresults.html?label=bristol-XLwodozx2dVe8Ts0XeYuawS752260715469%3Apl%3Ata%3Ap1%3Ap2%3Aac%3Aap%3Aneg%3Afi%3Atikwd-869815001187%3Alp1009919%3Ali%3Adec%3Adm%3Appccp%3DUmFuZG9tSVYkc2RlIyh9YXdX6HrtnYy-Ml68sH-ljtU&aid=311984&dest_id=198&dest_type=country&group_adults=2&req_adults=2&no_rooms=1&broad_search_not_eligible=1&order=distance_from_search","Ayurveda Colonial Mansion","Rambukkana","Located in Rambukkana, 19 miles from Kandy Royal Botanic Gardens, Ayurveda Colonial Mansion provides accommodations with an outdoor swimming pool, free private parking, a fitness center and a garden.","Scored 9.2","9.2","Wonderful","· 5 reviews","Value for money 9.5","Opens in new window","Show prices","Show on map","","https://cf.bstatic.com/xdata/images/hotel/square600/774292313.webp?k=1c473b832b7cb6c6a8a4a7c265949683bf06fab0dca6c3d98febbb29be6cd2f6&o="
"1776666626-63","https://www.booking.com/searchresults.html?label=bristol-XLwodozx2dVe8Ts0XeYuawS752260715469%3Apl%3Ata%3Ap1%3Ap2%3Aac%3Aap%3Aneg%3Afi%3Atikwd-869815001187%3Alp1009919%3Ali%3Adec%3Adm%3Appccp%3DUmFuZG9tSVYkc2RlIyh9YXdX6HrtnYy-Ml68sH-ljtU&aid=311984&dest_id=198&dest_type=country&group_adults=2&req_adults=2&no_rooms=1&broad_search_not_eligible=1&order=distance_from_search","Hilltop Retreat Matale","Matale","Featuring a garden, Hilltop Retreat Matale provides accommodations in Matale. This apartment offers free private parking and luggage storage space.","Scored 9.7","9.7","Exceptional","· 12 reviews","Value for money 9.5","Opens in new window","Show prices","Show on map","","https://cf.bstatic.com/xdata/images/hotel/square600/478005449.webp?k=25655486c2f0087155d459664b7f7aa899d33ff59067324e4f5c5ad9bb81e68e&o="
"1776666626-64","https://www.booking.com/searchresults.html?label=bristol-XLwodozx2dVe8Ts0XeYuawS752260715469%3Apl%3Ata%3Ap1%3Ap2%3Aac%3Aap%3Aneg%3Afi%3Atikwd-869815001187%3Alp1009919%3Ali%3Adec%3Adm%3Appccp%3DUmFuZG9tSVYkc2RlIyh9YXdX6HrtnYy-Ml68sH-ljtU&aid=311984&dest_id=198&dest_type=country&group_adults=2&req_adults=2&no_rooms=1&broad_search_not_eligible=1&order=distance_from_search","Man Mountain Villa","Matale","Located in Matale, 21 miles from Kandy City Center Shopping Mall, Man Mountain Villa has accommodations with an outdoor swimming pool, free private parking, a garden and a restaurant.","Scored 7.4","7.4","Good","· 30 reviews","Value for money 9.0","Opens in new window","Show prices","Show on map","","https://cf.bstatic.com/xdata/images/hotel/square600/233457403.webp?k=b39741a42affcc52b04f57607fd1e1657724fec5c03e6c2262cda1f4fae9e843&o="
"1776666626-65","https://www.booking.com/searchresults.html?label=bristol-XLwodozx2dVe8Ts0XeYuawS752260715469%3Apl%3Ata%3Ap1%3Ap2%3Aac%3Aap%3Aneg%3Afi%3Atikwd-869815001187%3Alp1009919%3Ali%3Adec%3Adm%3Appccp%3DUmFuZG9tSVYkc2RlIyh9YXdX6HrtnYy-Ml68sH-ljtU&aid=311984&dest_id=198&dest_type=country&group_adults=2&req_adults=2&no_rooms=1&broad_search_not_eligible=1&order=distance_from_search","Ranketha Hideout Resorts","Kurunegala","Located in Kurunegala, 25 miles from Galgamuwa Railway Station, Ranketha Hideout Resorts provides accommodations with a garden, free private parking, a restaurant and a bar.","Scored 7.3","7.3","Good","· 18 reviews","","Opens in new window","Show prices","Show on map","","https://cf.bstatic.com/xdata/images/hotel/square600/844088147.webp?k=3cdc054056072828c581b1542ed03ecd5006c5c78965b19ed8a9bad7f661b7a9&o="
"1776666626-66","https://www.booking.com/searchresults.html?label=bristol-XLwodozx2dVe8Ts0XeYuawS752260715469%3Apl%3Ata%3Ap1%3Ap2%3Aac%3Aap%3Aneg%3Afi%3Atikwd-869815001187%3Alp1009919%3Ali%3Adec%3Adm%3Appccp%3DUmFuZG9tSVYkc2RlIyh9YXdX6HrtnYy-Ml68sH-ljtU&aid=311984&dest_id=198&dest_type=country&group_adults=2&req_adults=2&no_rooms=1&broad_search_not_eligible=1&order=distance_from_search","Relax Home","Rambukkana","Relax Home enjoys a location in Rambukkana, 19 miles from Kandy Royal Botanic Gardens and 22 miles from Kandy Train Station.","Scored 6.3","6.3","Review score","· 15 reviews","","Opens in new window","Show prices","Show on map","","https://cf.bstatic.com/xdata/images/hotel/square600/122984414.webp?k=3d6475804a588c66179c128d260097d4b1608550616589fbc10ecb145067bd28&o="
"1776666626-67","https://www.booking.com/searchresults.html?label=bristol-XLwodozx2dVe8Ts0XeYuawS752260715469%3Apl%3Ata%3Ap1%3Ap2%3Aac%3Aap%3Aneg%3Afi%3Atikwd-869815001187%3Alp1009919%3Ali%3Adec%3Adm%3Appccp%3DUmFuZG9tSVYkc2RlIyh9YXdX6HrtnYy-Ml68sH-ljtU&aid=311984&dest_id=198&dest_type=country&group_adults=2&req_adults=2&no_rooms=1&broad_search_not_eligible=1&order=distance_from_search","Pearl's Homestay Matale","Matale","Featuring garden views, Pearl's Homestay Matale in Matale features accommodations and a garden. This property offers access to a terrace, free private parking, and free Wifi.","Scored 9.5","9.5","Exceptional","· 348 reviews","Value for money 9.7","Opens in new window","Show prices","Show on map","","https://cf.bstatic.com/xdata/images/hotel/square600/429140622.webp?k=a31c5efbe3a8e51cb3c4e1849412bf0efad03506ca8d855fa531bf039dc1611a&o="
"1776666626-68","https://www.booking.com/searchresults.html?label=bristol-XLwodozx2dVe8Ts0XeYuawS752260715469%3Apl%3Ata%3Ap1%3Ap2%3Aac%3Aap%3Aneg%3Afi%3Atikwd-869815001187%3Alp1009919%3Ali%3Adec%3Adm%3Appccp%3DUmFuZG9tSVYkc2RlIyh9YXdX6HrtnYy-Ml68sH-ljtU&aid=311984&dest_id=198&dest_type=country&group_adults=2&req_adults=2&no_rooms=1&broad_search_not_eligible=1&order=distance_from_search","DDC Sweet home","Medawala","DDC Sweet home is located in Medawala, just 8.6 miles from Kandy City Center Shopping Mall and 9 miles from Bogambara Stadium.","","","","","","Opens in new window","Show prices","Show on map","","https://cf.bstatic.com/xdata/images/hotel/square600/791198511.webp?k=277ed129bea743eb5dd94e81768300e718953fb29917aad67b6fa8e5f8416bca&o="
"1776666626-69","https://www.booking.com/searchresults.html?label=bristol-XLwodozx2dVe8Ts0XeYuawS752260715469%3Apl%3Ata%3Ap1%3Ap2%3Aac%3Aap%3Aneg%3Afi%3Atikwd-869815001187%3Alp1009919%3Ali%3Adec%3Adm%3Appccp%3DUmFuZG9tSVYkc2RlIyh9YXdX6HrtnYy-Ml68sH-ljtU&aid=311984&dest_id=198&dest_type=country&group_adults=2&req_adults=2&no_rooms=1&broad_search_not_eligible=1&order=distance_from_search","Avastar Hotel & Restaurant","Rambukkana","Located in Rambukkana, 20 miles from Kandy Royal Botanic Gardens, Avastar Hotel & Restaurant provides accommodations with a garden, free private parking, a restaurant and a bar.","","","","","","Opens in new window","Show prices","Show on map","New to Booking.com","https://cf.bstatic.com/xdata/images/hotel/square600/833420909.webp?k=56dc4bc0c34d185469ee34c6c782905284b41540a0a193a9f8e49427a6a8f4ca&o="
"1776666626-70","https://www.booking.com/searchresults.html?label=bristol-XLwodozx2dVe8Ts0XeYuawS752260715469%3Apl%3Ata%3Ap1%3Ap2%3Aac%3Aap%3Aneg%3Afi%3Atikwd-869815001187%3Alp1009919%3Ali%3Adec%3Adm%3Appccp%3DUmFuZG9tSVYkc2RlIyh9YXdX6HrtnYy-Ml68sH-ljtU&aid=311984&dest_id=198&dest_type=country&group_adults=2&req_adults=2&no_rooms=1&broad_search_not_eligible=1&order=distance_from_search","The Pinnacle Life","Matale","Offering a garden, The Pinnacle Life offers accommodations in Matale. This property offers access to a terrace and free private parking.","","","","","","Opens in new window","Show prices","Show on map","","https://cf.bstatic.com/xdata/images/hotel/square600/731772649.webp?k=b39e9b2877af135e85dbeddb6dab9b1017589e7c67afc2cb234c675c5c4e0557&o="
"1776666626-71","https://www.booking.com/searchresults.html?label=bristol-XLwodozx2dVe8Ts0XeYuawS752260715469%3Apl%3Ata%3Ap1%3Ap2%3Aac%3Aap%3Aneg%3Afi%3Atikwd-869815001187%3Alp1009919%3Ali%3Adec%3Adm%3Appccp%3DUmFuZG9tSVYkc2RlIyh9YXdX6HrtnYy-Ml68sH-ljtU&aid=311984&dest_id=198&dest_type=country&group_adults=2&req_adults=2&no_rooms=1&broad_search_not_eligible=1&order=distance_from_search","The Pinnacle Life","Matale","Featuring garden views, The Pinnacle Life in Matale features accommodations and a garden. This property offers access to a terrace, free private parking, and free Wifi.","","","","","","Opens in new window","Show prices","Show on map","","https://cf.bstatic.com/xdata/images/hotel/square600/788430665.webp?k=430bb7330a4a4f09eb9de36d0e0180bffce34d32af8e39ff2e6d22c4ecd351a1&o="
"1776666626-72","https://www.booking.com/searchresults.html?label=bristol-XLwodozx2dVe8Ts0XeYuawS752260715469%3Apl%3Ata%3Ap1%3Ap2%3Aac%3Aap%3Aneg%3Afi%3Atikwd-869815001187%3Alp1009919%3Ali%3Adec%3Adm%3Appccp%3DUmFuZG9tSVYkc2RlIyh9YXdX6HrtnYy-Ml68sH-ljtU&aid=311984&dest_id=198&dest_type=country&group_adults=2&req_adults=2&no_rooms=1&broad_search_not_eligible=1&order=distance_from_search","Hotel & Restaurant Chingari Pinnawala","Rambukkana","Hotel & Restaurant Chingari Pinnawala is located in Rambukkana, just 20 miles from Kandy Royal Botanic Gardens and 23 miles from Kandy Train Station.","","","","","","Opens in new window","Show prices","Show on map","New to Booking.com","https://cf.bstatic.com/xdata/images/hotel/square600/825612613.webp?k=7af6b7dfa20a2fdc570a5697f43ff150c3b772ceadf735317f5450827b0b7e8f&o="
"1776666626-73","https://www.booking.com/searchresults.html?label=bristol-XLwodozx2dVe8Ts0XeYuawS752260715469%3Apl%3Ata%3Ap1%3Ap2%3Aac%3Aap%3Aneg%3Afi%3Atikwd-869815001187%3Alp1009919%3Ali%3Adec%3Adm%3Appccp%3DUmFuZG9tSVYkc2RlIyh9YXdX6HrtnYy-Ml68sH-ljtU&aid=311984&dest_id=198&dest_type=country&group_adults=2&req_adults=2&no_rooms=1&broad_search_not_eligible=1&order=distance_from_search","Walawwa Matale","Matale","Offering garden views, Walawwa Matale in Matale provides accommodations, an open-air bath, a garden, and a shared lounge. A public bath and a car rental service are available for guests.","Scored 8.0","8.0","Very Good","· 138 reviews","","Opens in new window","Show prices","Show on map","","https://cf.bstatic.com/xdata/images/hotel/square600/811532590.webp?k=46b853d0541993c38b7ff5e9ba6fe05ee879d40d31a2f113ed948adbbd36b9e7&o="
"1776666626-74","https://www.booking.com/searchresults.html?label=bristol-XLwodozx2dVe8Ts0XeYuawS752260715469%3Apl%3Ata%3Ap1%3Ap2%3Aac%3Aap%3Aneg%3Afi%3Atikwd-869815001187%3Alp1009919%3Ali%3Adec%3Adm%3Appccp%3DUmFuZG9tSVYkc2RlIyh9YXdX6HrtnYy-Ml68sH-ljtU&aid=311984&dest_id=198&dest_type=country&group_adults=2&req_adults=2&no_rooms=1&broad_search_not_eligible=1&order=distance_from_search","White House Family Stay","Maspota","Providing a garden, White House Family Stay provides accommodations in Maspota. This property offers access to a balcony and free private parking. The pool features a fence and river views.","Scored 2.0","2.0","Review score","· 1 review","","Opens in new window","Show prices","Show on map","","https://cf.bstatic.com/xdata/images/hotel/square600/598534067.webp?k=57d8acf2126e3270f21e5a00280367feedb152939bd4d3a8a25218b24273f2a6&o="
"1776666626-75","https://www.booking.com/searchresults.html?label=bristol-XLwodozx2dVe8Ts0XeYuawS752260715469%3Apl%3Ata%3Ap1%3Ap2%3Aac%3Aap%3Aneg%3Afi%3Atikwd-869815001187%3Alp1009919%3Ali%3Adec%3Adm%3Appccp%3DUmFuZG9tSVYkc2RlIyh9YXdX6HrtnYy-Ml68sH-ljtU&aid=311984&dest_id=198&dest_type=country&group_adults=2&req_adults=2&no_rooms=1&broad_search_not_eligible=1&order=distance_from_search","Aarunya Nature Resort - Kandy","Kandy","Aarunya Nature Resort has free bikes and an outdoor swimming pool in Kandy. The property features a fitness center, as well as a garden. The accommodations provides a shared lounge and free WiFi.","Scored 9.4","9.4","Wonderful","· 144 reviews","Value for money 8.5","Opens in new window","Show prices","Show on map","","https://cf.bstatic.com/xdata/images/hotel/square600/559010191.webp?k=19a5334de1f49b76f8a07f26372482d682a8e6bbf512eaa2fe937cf5214b2204&o="
"1776666626-76","https://www.booking.com/searchresults.html?label=bristol-XLwodozx2dVe8Ts0XeYuawS752260715469%3Apl%3Ata%3Ap1%3Ap2%3Aac%3Aap%3Aneg%3Afi%3Atikwd-869815001187%3Alp1009919%3Ali%3Adec%3Adm%3Appccp%3DUmFuZG9tSVYkc2RlIyh9YXdX6HrtnYy-Ml68sH-ljtU&aid=311984&dest_id=198&dest_type=country&group_adults=2&req_adults=2&no_rooms=1&broad_search_not_eligible=1&order=distance_from_search","Galagoda Mansion","Matale","Offering a garden, Galagoda Mansion offers accommodations in Matale. This property offers access to a terrace, free private parking, and free Wifi.","","","","","","Opens in new window","Show prices","Show on map","","https://cf.bstatic.com/xdata/images/hotel/square600/636665011.webp?k=08bcb79d238e88ab7c7ca32c69a13616ae5eebbd8b077c537c7430af416fd447&o="
"1776666626-77","https://www.booking.com/searchresults.html?label=bristol-XLwodozx2dVe8Ts0XeYuawS752260715469%3Apl%3Ata%3Ap1%3Ap2%3Aac%3Aap%3Aneg%3Afi%3Atikwd-869815001187%3Alp1009919%3Ali%3Adec%3Adm%3Appccp%3DUmFuZG9tSVYkc2RlIyh9YXdX6HrtnYy-Ml68sH-ljtU&aid=311984&dest_id=198&dest_type=country&group_adults=2&req_adults=2&no_rooms=1&broad_search_not_eligible=1&order=distance_from_search","Irene's Home","Matale","Providing garden views, Irene's Home in Matale provides accommodations and a garden. This property offers access to a terrace and free private parking.","Scored 9.0","9.0","Wonderful","· 111 reviews","Value for money 9.5","Opens in new window","Show prices","Show on map","","https://cf.bstatic.com/xdata/images/hotel/square600/461923749.webp?k=01ee5431b685ca7cb61ff6ced86c5aa7befa5132ac396e884b02b9c3b2112df0&o="
"1776666626-78","https://www.booking.com/searchresults.html?label=bristol-XLwodozx2dVe8Ts0XeYuawS752260715469%3Apl%3Ata%3Ap1%3Ap2%3Aac%3Aap%3Aneg%3Afi%3Atikwd-869815001187%3Alp1009919%3Ali%3Adec%3Adm%3Appccp%3DUmFuZG9tSVYkc2RlIyh9YXdX6HrtnYy-Ml68sH-ljtU&aid=311984&dest_id=198&dest_type=country&group_adults=2&req_adults=2&no_rooms=1&broad_search_not_eligible=1&order=distance_from_search","Redbana village","Matale","Redbana village offers accommodations in Matale, 14 miles from Kandy Train Station and 15 miles from Kandy Museum.","","","","","","Opens in new window","Show prices","Show on map","","https://cf.bstatic.com/xdata/images/hotel/square600/684712901.webp?k=c944fd9aa94744b07bcbb9ad4761080cfb796cd3fb90cb8697f019e569a3a1f5&o="
"1776666626-79","https://www.booking.com/searchresults.html?label=bristol-XLwodozx2dVe8Ts0XeYuawS752260715469%3Apl%3Ata%3Ap1%3Ap2%3Aac%3Aap%3Aneg%3Afi%3Atikwd-869815001187%3Alp1009919%3Ali%3Adec%3Adm%3Appccp%3DUmFuZG9tSVYkc2RlIyh9YXdX6HrtnYy-Ml68sH-ljtU&aid=311984&dest_id=198&dest_type=country&group_adults=2&req_adults=2&no_rooms=1&broad_search_not_eligible=1&order=distance_from_search","The Euro Lounge","Rambukkana","Located in Rambukkana, 20 miles from Kandy Royal Botanic Gardens, The Euro Lounge provides accommodations with a garden, free private parking, a terrace and a restaurant.","","","","","","Opens in new window","Show prices","Show on map","New to Booking.com","https://cf.bstatic.com/xdata/images/hotel/square600/819570435.webp?k=b7e69c3da7802cf3598f8994ec4814e4fe0ea439c51021245f0b35492efc9a74&o="
"1776666626-80","https://www.booking.com/searchresults.html?label=bristol-XLwodozx2dVe8Ts0XeYuawS752260715469%3Apl%3Ata%3Ap1%3Ap2%3Aac%3Aap%3Aneg%3Afi%3Atikwd-869815001187%3Alp1009919%3Ali%3Adec%3Adm%3Appccp%3DUmFuZG9tSVYkc2RlIyh9YXdX6HrtnYy-Ml68sH-ljtU&aid=311984&dest_id=198&dest_type=country&group_adults=2&req_adults=2&no_rooms=1&broad_search_not_eligible=1&order=distance_from_search","Clover Grange Home Stay","Matale","Located in Matale, 17 miles from Kandy City Center Shopping Mall, Clover Grange Home Stay provides accommodations with a garden, free private parking, a shared lounge and a terrace.","Scored 6.9","6.9","Review score","· 9 reviews","","Opens in new window","Show prices","Show on map","","https://cf.bstatic.com/xdata/images/hotel/square600/353208676.webp?k=2b4ef41b32c9081168c8baf23728e8b03ad6b85c7321d889e61c582b655c7fa3&o="
"1776666626-81","https://www.booking.com/searchresults.html?label=bristol-XLwodozx2dVe8Ts0XeYuawS752260715469%3Apl%3Ata%3Ap1%3Ap2%3Aac%3Aap%3Aneg%3Afi%3Atikwd-869815001187%3Alp1009919%3Ali%3Adec%3Adm%3Appccp%3DUmFuZG9tSVYkc2RlIyh9YXdX6HrtnYy-Ml68sH-ljtU&aid=311984&dest_id=198&dest_type=country&group_adults=2&req_adults=2&no_rooms=1&broad_search_not_eligible=1&order=distance_from_search","Galagoda Walawwa","Rambukkana","23 miles from Kandy Royal Botanic Gardens in Rambukkana, Galagoda Walawwa offers accommodations with access to a public bath. This property offers access to darts.","Scored 8.0","8.0","Very Good","· 3 reviews","","Opens in new window","Show prices","Show on map","","https://cf.bstatic.com/xdata/images/hotel/square600/379889527.webp?k=caeb1fe4117ed01c3831de674ec7dbca8b879a703ba2ccd006414180228f7c9b&o="
"1776666626-82","https://www.booking.com/searchresults.html?label=bristol-XLwodozx2dVe8Ts0XeYuawS752260715469%3Apl%3Ata%3Ap1%3Ap2%3Aac%3Aap%3Aneg%3Afi%3Atikwd-869815001187%3Alp1009919%3Ali%3Adec%3Adm%3Appccp%3DUmFuZG9tSVYkc2RlIyh9YXdX6HrtnYy-Ml68sH-ljtU&aid=311984&dest_id=198&dest_type=country&group_adults=2&req_adults=2&no_rooms=1&broad_search_not_eligible=1&order=distance_from_search","Lekham Walauwa","Matale","Located in Matale, Lekham Walauwa has free WiFi, and guests can enjoy a garden, a terrace and a bar. All units come with a patio, a kitchen with a fridge, and a private bathroom with bidet.","Scored 9.7","9.7","Exceptional","· 14 reviews","Value for money 9.8","Opens in new window","Show prices","Show on map","","https://cf.bstatic.com/xdata/images/hotel/square600/602635953.webp?k=2bdbbaab6a587d12b6db08bf2d81e7e21cc7bdea937859ceb807088b299cead4&o="
"1776666626-83","https://www.booking.com/searchresults.html?label=bristol-XLwodozx2dVe8Ts0XeYuawS752260715469%3Apl%3Ata%3Ap1%3Ap2%3Aac%3Aap%3Aneg%3Afi%3Atikwd-869815001187%3Alp1009919%3Ali%3Adec%3Adm%3Appccp%3DUmFuZG9tSVYkc2RlIyh9YXdX6HrtnYy-Ml68sH-ljtU&aid=311984&dest_id=198&dest_type=country&group_adults=2&req_adults=2&no_rooms=1&broad_search_not_eligible=1&order=distance_from_search","The Grand Mountain Hotel","Matale","Located in Matale, 16 miles from Kandy City Center Shopping Mall, The Grand Mountain Hotel provides accommodations with a fitness center, free private parking, a garden and a terrace.","Scored 6.6","6.6","Review score","· 42 reviews","","Opens in new window","Show prices","Show on map","","https://cf.bstatic.com/xdata/images/hotel/square600/617951165.webp?k=a2c3c6b35ee1f6b9b9b4a12f9b35377044bf3191552a4ff2aea6c6ab40040b33&o="
"1776666626-84","https://www.booking.com/searchresults.html?label=bristol-XLwodozx2dVe8Ts0XeYuawS752260715469%3Apl%3Ata%3Ap1%3Ap2%3Aac%3Aap%3Aneg%3Afi%3Atikwd-869815001187%3Alp1009919%3Ali%3Adec%3Adm%3Appccp%3DUmFuZG9tSVYkc2RlIyh9YXdX6HrtnYy-Ml68sH-ljtU&aid=311984&dest_id=198&dest_type=country&group_adults=2&req_adults=2&no_rooms=1&broad_search_not_eligible=1&order=distance_from_search","Power Zone Guest House","Matale","Located in Matale, 9.3 miles from Kandy City Center Shopping Mall, Power Zone Guest House provides accommodations with a garden, free private parking and a shared lounge.","Scored 6.8","6.8","Review score","· 10 reviews","","Opens in new window","Show prices","Show on map","","https://cf.bstatic.com/xdata/images/hotel/square600/160678459.webp?k=a6fd219bce26745614d52fdebf6ee5a5780057e7b4c349f830268e460ac4aeaa&o="
"1776666626-85","https://www.booking.com/searchresults.html?label=bristol-XLwodozx2dVe8Ts0XeYuawS752260715469%3Apl%3Ata%3Ap1%3Ap2%3Aac%3Aap%3Aneg%3Afi%3Atikwd-869815001187%3Alp1009919%3Ali%3Adec%3Adm%3Appccp%3DUmFuZG9tSVYkc2RlIyh9YXdX6HrtnYy-Ml68sH-ljtU&aid=311984&dest_id=198&dest_type=country&group_adults=2&req_adults=2&no_rooms=1&broad_search_not_eligible=1&order=distance_from_search","Kakulanda Resort","Kurunegala","Kakulanda Resort features free bikes, outdoor swimming pool, a garden and restaurant in Kurunegala. Featuring room service, this property also provides guests with a playground.","Scored 6.3","6.3","Review score","· 34 reviews","","Opens in new window","Show prices","Show on map","","https://cf.bstatic.com/xdata/images/hotel/square600/505354633.webp?k=d9b96363336af5d0c520dfa034901fecfab79f0041a718dd6841f445a2aa2889&o="
"1776666626-86","https://www.booking.com/searchresults.html?label=bristol-XLwodozx2dVe8Ts0XeYuawS752260715469%3Apl%3Ata%3Ap1%3Ap2%3Aac%3Aap%3Aneg%3Afi%3Atikwd-869815001187%3Alp1009919%3Ali%3Adec%3Adm%3Appccp%3DUmFuZG9tSVYkc2RlIyh9YXdX6HrtnYy-Ml68sH-ljtU&aid=311984&dest_id=198&dest_type=country&group_adults=2&req_adults=2&no_rooms=1&broad_search_not_eligible=1&order=distance_from_search","Delma Mount View Hotel Kandy","Aladeniya","Located in Aladeniya, 7.2 miles from Kandy Train Station, Delma Mount View Hotel Kandy provides accommodations with an outdoor swimming pool, free private parking, a garden and a terrace.","Scored 6.5","6.5","Review score","· 2 reviews","","Opens in new window","Show prices","Show on map","","https://cf.bstatic.com/xdata/images/hotel/square600/770863524.webp?k=c087caca5859b86b44230204388b993b110f70832f398ede73c5c4f2c49e3331&o="
"1776666626-87","https://www.booking.com/searchresults.html?label=bristol-XLwodozx2dVe8Ts0XeYuawS752260715469%3Apl%3Ata%3Ap1%3Ap2%3Aac%3Aap%3Aneg%3Afi%3Atikwd-869815001187%3Alp1009919%3Ali%3Adec%3Adm%3Appccp%3DUmFuZG9tSVYkc2RlIyh9YXdX6HrtnYy-Ml68sH-ljtU&aid=311984&dest_id=198&dest_type=country&group_adults=2&req_adults=2&no_rooms=1&broad_search_not_eligible=1&order=distance_from_search","Pinnawala Grand Villa","Rambukkana","Pinnawala Grand Villa is located in Rambukkana, just 23 miles from Kandy Royal Botanic Gardens and 26 miles from Kandy Train Station.","Scored 5.3","5.3","Review score","· 3 reviews","","Opens in new window","Show prices","Show on map","","https://cf.bstatic.com/xdata/images/hotel/square600/533368995.webp?k=df245131f18326a35a79f7d3c1caff4bd5565b226abcd649705e3767921a1e00&o="
"1776666626-88","https://www.booking.com/searchresults.html?label=bristol-XLwodozx2dVe8Ts0XeYuawS752260715469%3Apl%3Ata%3Ap1%3Ap2%3Aac%3Aap%3Aneg%3Afi%3Atikwd-869815001187%3Alp1009919%3Ali%3Adec%3Adm%3Appccp%3DUmFuZG9tSVYkc2RlIyh9YXdX6HrtnYy-Ml68sH-ljtU&aid=311984&dest_id=198&dest_type=country&group_adults=2&req_adults=2&no_rooms=1&broad_search_not_eligible=1&order=distance_from_search","King Elephant, Homestay Pinnawala","Rambukkana","King Elephant, Homestay Pinnawala is a recently renovated homestay in Rambukkana where guests can make the most of the garden and terrace.","Scored 10","10","Exceptional","· 1 review","Value for money 10","Opens in new window","Show prices","Show on map","","https://cf.bstatic.com/xdata/images/hotel/square600/653368379.webp?k=0d07da150b389fc2f7e44c5193ca5f3bdd7423f55ed3dae110578a980dba1664&o="
"1776666626-89","https://www.booking.com/searchresults.html?label=bristol-XLwodozx2dVe8Ts0XeYuawS752260715469%3Apl%3Ata%3Ap1%3Ap2%3Aac%3Aap%3Aneg%3Afi%3Atikwd-869815001187%3Alp1009919%3Ali%3Adec%3Adm%3Appccp%3DUmFuZG9tSVYkc2RlIyh9YXdX6HrtnYy-Ml68sH-ljtU&aid=311984&dest_id=198&dest_type=country&group_adults=2&req_adults=2&no_rooms=1&broad_search_not_eligible=1&order=distance_from_search","HA Homes","Matale","HA Homes is located in Matale, just 16 miles from Kandy City Center Shopping Mall and 17 miles from Bogambara Stadium. This property offers access to a balcony, free private parking, and free Wifi.","","","","","","Opens in new window","Show prices","Show on map","","https://cf.bstatic.com/xdata/images/hotel/square600/807071089.webp?k=339b7a869c07dcba3502f1fa0fa559375c0ed5476c8a31c103be86da84cd9c80&o="
"1776666626-90","https://www.booking.com/searchresults.html?label=bristol-XLwodozx2dVe8Ts0XeYuawS752260715469%3Apl%3Ata%3Ap1%3Ap2%3Aac%3Aap%3Aneg%3Afi%3Atikwd-869815001187%3Alp1009919%3Ali%3Adec%3Adm%3Appccp%3DUmFuZG9tSVYkc2RlIyh9YXdX6HrtnYy-Ml68sH-ljtU&aid=311984&dest_id=198&dest_type=country&group_adults=2&req_adults=2&no_rooms=1&broad_search_not_eligible=1&order=distance_from_search","Aluvihare Residence","Matale","Located in Matale, 17 miles from Kandy City Center Shopping Mall, Aluvihare Residence provides accommodations with free WiFi and free private parking.","Scored 8.9","8.9","Excellent","· 20 reviews","Value for money 9.3","Opens in new window","Show prices","Show on map","","https://cf.bstatic.com/xdata/images/hotel/square600/824640829.webp?k=b7b1c36fc1c17d87f7e82ce04ec506450a915e1619f14951358cbcfe52713098&o="
"1776666626-91","https://www.booking.com/searchresults.html?label=bristol-XLwodozx2dVe8Ts0XeYuawS752260715469%3Apl%3Ata%3Ap1%3Ap2%3Aac%3Aap%3Aneg%3Afi%3Atikwd-869815001187%3Alp1009919%3Ali%3Adec%3Adm%3Appccp%3DUmFuZG9tSVYkc2RlIyh9YXdX6HrtnYy-Ml68sH-ljtU&aid=311984&dest_id=198&dest_type=country&group_adults=2&req_adults=2&no_rooms=1&broad_search_not_eligible=1&order=distance_from_search","Ama Residence","Matale","Offering mountain views, Ama Residence in Matale provides accommodations and a shared lounge.","Scored 8.3","8.3","Very Good","· 63 reviews","","Opens in new window","Show prices","Show on map","","https://cf.bstatic.com/xdata/images/hotel/square600/417163785.webp?k=37dee6a79761e0def2c7d48a00209789d0db0651e9dfe3a3ff14019a2dac8ce4&o="
"1776666626-92","https://www.booking.com/searchresults.html?label=bristol-XLwodozx2dVe8Ts0XeYuawS752260715469%3Apl%3Ata%3Ap1%3Ap2%3Aac%3Aap%3Aneg%3Afi%3Atikwd-869815001187%3Alp1009919%3Ali%3Adec%3Adm%3Appccp%3DUmFuZG9tSVYkc2RlIyh9YXdX6HrtnYy-Ml68sH-ljtU&aid=311984&dest_id=198&dest_type=country&group_adults=2&req_adults=2&no_rooms=1&broad_search_not_eligible=1&order=distance_from_search","Elephant Trio Hotel","Melsiripura","This property offers access to a terrace and free private parking. Towels and bed linen are provided in the guest house. Sigiriya Airport is 29 miles away.","","","","","","Opens in new window","Show prices","Show on map","","https://cf.bstatic.com/xdata/images/hotel/square600/716952825.webp?k=ca5e25d5547197a2282a97654ff25cb6a0d75917b67e59a149a7262e442fd96c&o="
"1776666626-93","https://www.booking.com/searchresults.html?label=bristol-XLwodozx2dVe8Ts0XeYuawS752260715469%3Apl%3Ata%3Ap1%3Ap2%3Aac%3Aap%3Aneg%3Afi%3Atikwd-869815001187%3Alp1009919%3Ali%3Adec%3Adm%3Appccp%3DUmFuZG9tSVYkc2RlIyh9YXdX6HrtnYy-Ml68sH-ljtU&aid=311984&dest_id=198&dest_type=country&group_adults=2&req_adults=2&no_rooms=1&broad_search_not_eligible=1&order=distance_from_search","Home Stay in Aluwiharaya, Matale","Kanangamuwa","Home Stay in Aluwiharaya, Matale is located in Kanangamuwa, just 17 miles from Kandy City Center Shopping Mall and 18 miles from Bogambara Stadium.","","","","","","Opens in new window","Show prices","Show on map","New to Booking.com","https://cf.bstatic.com/xdata/images/hotel/square600/845034078.webp?k=598b848cdd77e6a46401f88ce04a0a3d52c807cce5c1aae69a9b1259decf8121&o="
"1776666626-94","https://www.booking.com/searchresults.html?label=bristol-XLwodozx2dVe8Ts0XeYuawS752260715469%3Apl%3Ata%3Ap1%3Ap2%3Aac%3Aap%3Aneg%3Afi%3Atikwd-869815001187%3Alp1009919%3Ali%3Adec%3Adm%3Appccp%3DUmFuZG9tSVYkc2RlIyh9YXdX6HrtnYy-Ml68sH-ljtU&aid=311984&dest_id=198&dest_type=country&group_adults=2&req_adults=2&no_rooms=1&broad_search_not_eligible=1&order=distance_from_search","Sir Johns Bungalow","Matale","Sir Johns Bungalow has a garden, shared lounge, a terrace and restaurant in Matale. With free WiFi, this 1-star hotel offers free shuttle service and a 24-hour front desk.","","","8.2 Very Good","· 17 external reviews","","Opens in new window","Show prices","Show on map","Partner Offer","https://cf.bstatic.com/xdata/images/hotel/square600/682678223.webp?k=d84136b626b4d14b1dd9977305f5bca2a510f995978ea9823ca3dca0adfc1e60&o="
"1776666626-95","https://www.booking.com/searchresults.html?label=bristol-XLwodozx2dVe8Ts0XeYuawS752260715469%3Apl%3Ata%3Ap1%3Ap2%3Aac%3Aap%3Aneg%3Afi%3Atikwd-869815001187%3Alp1009919%3Ali%3Adec%3Adm%3Appccp%3DUmFuZG9tSVYkc2RlIyh9YXdX6HrtnYy-Ml68sH-ljtU&aid=311984&dest_id=198&dest_type=country&group_adults=2&req_adults=2&no_rooms=1&broad_search_not_eligible=1&order=distance_from_search","Hotel Spring View","Matale","Located in Matale, 19 miles from Kandy City Center Shopping Mall, Hotel Spring View provides accommodations with a garden, free private parking, a shared lounge and a terrace.","Scored 5.2","5.2","Review score","· 5 reviews","","Opens in new window","Show prices","Show on map","","https://cf.bstatic.com/xdata/images/hotel/square600/288116651.webp?k=22e797ea08835c2c22012e63e53a79c6b45994f9de9ddf478b68d28db5d7175f&o="
"1776666626-96","https://www.booking.com/searchresults.html?label=bristol-XLwodozx2dVe8Ts0XeYuawS752260715469%3Apl%3Ata%3Ap1%3Ap2%3Aac%3Aap%3Aneg%3Afi%3Atikwd-869815001187%3Alp1009919%3Ali%3Adec%3Adm%3Appccp%3DUmFuZG9tSVYkc2RlIyh9YXdX6HrtnYy-Ml68sH-ljtU&aid=311984&dest_id=198&dest_type=country&group_adults=2&req_adults=2&no_rooms=1&broad_search_not_eligible=1&order=distance_from_search","Mahaweli Holiday Bunglow","Matale","Mahaweli Holiday Bunglow offers accommodations in Matale, 19 miles from Kandy Train Station and 20 miles from Kandy Museum.","","","","","","Opens in new window","Show prices","Show on map","New to Booking.com","https://cf.bstatic.com/xdata/images/hotel/square600/820939271.webp?k=7e180d00392a021319b2a7d77c1b47536560f011bb18d8eecd4c6203eb36a318&o="
"1776666626-97","https://www.booking.com/searchresults.html?label=bristol-XLwodozx2dVe8Ts0XeYuawS752260715469%3Apl%3Ata%3Ap1%3Ap2%3Aac%3Aap%3Aneg%3Afi%3Atikwd-869815001187%3Alp1009919%3Ali%3Adec%3Adm%3Appccp%3DUmFuZG9tSVYkc2RlIyh9YXdX6HrtnYy-Ml68sH-ljtU&aid=311984&dest_id=198&dest_type=country&group_adults=2&req_adults=2&no_rooms=1&broad_search_not_eligible=1&order=distance_from_search","NK Hotel and Restaurant","Matale","Located in Matale, within 17 miles of Kandy City Center Shopping Mall and 17 miles of Bogambara Stadium, NK Hotel and Restaurant has accommodations with a restaurant as well as free private parking...","Scored 9.0","9.0","Wonderful","· 3 reviews","Value for money 9.2","Opens in new window","Show prices","Show on map","","https://cf.bstatic.com/xdata/images/hotel/square600/790096292.webp?k=533cf3558aca2d8d70a3ea4b702ba5d42de4b9ed5c6ee1dec75cf60c558fb53c&o="
"1776666626-98","https://www.booking.com/searchresults.html?label=bristol-XLwodozx2dVe8Ts0XeYuawS752260715469%3Apl%3Ata%3Ap1%3Ap2%3Aac%3Aap%3Aneg%3Afi%3Atikwd-869815001187%3Alp1009919%3Ali%3Adec%3Adm%3Appccp%3DUmFuZG9tSVYkc2RlIyh9YXdX6HrtnYy-Ml68sH-ljtU&aid=311984&dest_id=198&dest_type=country&group_adults=2&req_adults=2&no_rooms=1&broad_search_not_eligible=1&order=distance_from_search","A&B Events Guest","Matale","A&B Events Guest offers accommodations in Matale, 17 miles from Kandy City Center Shopping Mall and 18 miles from Bogambara Stadium.","Scored 7.9","7.9","Good","· 18 reviews","","Opens in new window","Show prices","Show on map","","https://cf.bstatic.com/xdata/images/hotel/square600/99858321.webp?k=7852d74a918227c037e044a7ae4637ae977ba8420c9331f2a713b44210509e57&o="
"1776666626-99","https://www.booking.com/searchresults.html?label=bristol-XLwodozx2dVe8Ts0XeYuawS752260715469%3Apl%3Ata%3Ap1%3Ap2%3Aac%3Aap%3Aneg%3Afi%3Atikwd-869815001187%3Alp1009919%3Ali%3Adec%3Adm%3Appccp%3DUmFuZG9tSVYkc2RlIyh9YXdX6HrtnYy-Ml68sH-ljtU&aid=311984&dest_id=198&dest_type=country&group_adults=2&req_adults=2&no_rooms=1&broad_search_not_eligible=1&order=distance_from_search","White House Holiday Resort","Matale","Located in Matale, 15 miles from Kandy City Center Shopping Mall, White House Holiday Resort provides accommodations with a garden, free private parking, a terrace and a restaurant.","Scored 3.2","3.2","Review score","· 5 reviews","","Opens in new window","Show prices","Show on map","","https://cf.bstatic.com/xdata/images/hotel/square600/756588565.webp?k=0a3b4a79bc3ec0d25473a0a34a8ce2790ef3f54d867690104ceadcf4f0c07ad3&o="
"1776666626-100","https://www.booking.com/searchresults.html?label=bristol-XLwodozx2dVe8Ts0XeYuawS752260715469%3Apl%3Ata%3Ap1%3Ap2%3Aac%3Aap%3Aneg%3Afi%3Atikwd-869815001187%3Alp1009919%3Ali%3Adec%3Adm%3Appccp%3DUmFuZG9tSVYkc2RlIyh9YXdX6HrtnYy-Ml68sH-ljtU&aid=311984&dest_id=198&dest_type=country&group_adults=2&req_adults=2&no_rooms=1&broad_search_not_eligible=1&order=distance_from_search","Ceylon Elegance Villa","Kurunegala","Featuring a garden and terrace, as well as a restaurant, Ceylon Elegance Villa is located in Kurunegala.","Scored 7.5","7.5","Good","· 4 reviews","","Opens in new window","Show prices","Show on map","","https://cf.bstatic.com/xdata/images/hotel/square600/799177121.webp?k=0f3347e66005b41b3612b54c76da815830a743a9f804ac95f0870725233d741b&o="
"1776666626-101","https://www.booking.com/searchresults.html?label=bristol-XLwodozx2dVe8Ts0XeYuawS752260715469%3Apl%3Ata%3Ap1%3Ap2%3Aac%3Aap%3Aneg%3Afi%3Atikwd-869815001187%3Alp1009919%3Ali%3Adec%3Adm%3Appccp%3DUmFuZG9tSVYkc2RlIyh9YXdX6HrtnYy-Ml68sH-ljtU&aid=311984&dest_id=198&dest_type=country&group_adults=2&req_adults=2&no_rooms=1&broad_search_not_eligible=1&order=distance_from_search","Lakeside Retreat Eco Luxury Villa with Private Pool in Kurunegala","Melsiripura","Lakeside Retreat Eco Luxury Villa with Private Pool in Kurunegala is a recently renovated villa in Melsiripura where guests can make the most of its infinity pool, open-air bath, and garden.","Scored 10","10","Exceptional","· 7 reviews","Value for money 10","Opens in new window","Show prices","Show on map","","https://cf.bstatic.com/xdata/images/hotel/square600/784392759.webp?k=e155641f390959ef23adc6ded73a63a9288c44f37153c0cf03e5e9071d670f30&o="
"1776666626-102","https://www.booking.com/searchresults.html?label=bristol-XLwodozx2dVe8Ts0XeYuawS752260715469%3Apl%3Ata%3Ap1%3Ap2%3Aac%3Aap%3Aneg%3Afi%3Atikwd-869815001187%3Alp1009919%3Ali%3Adec%3Adm%3Appccp%3DUmFuZG9tSVYkc2RlIyh9YXdX6HrtnYy-Ml68sH-ljtU&aid=311984&dest_id=198&dest_type=country&group_adults=2&req_adults=2&no_rooms=1&broad_search_not_eligible=1&order=distance_from_search","Riverston view hostel","Matale","Offering a garden, Riverston view hostel offers accommodations in Matale. This property offers access to a terrace, free private parking, and free Wifi.","Scored 4.6","4.6","Review score","· 5 reviews","","Opens in new window","Show prices","Show on map","","https://cf.bstatic.com/xdata/images/hotel/square600/828037112.webp?k=67278b6a1d64c108d13a7ecedd5a4afdff103daf458b6e3ce3e1b9c3d26791f3&o="
"1776666626-103","https://www.booking.com/searchresults.html?label=bristol-XLwodozx2dVe8Ts0XeYuawS752260715469%3Apl%3Ata%3Ap1%3Ap2%3Aac%3Aap%3Aneg%3Afi%3Atikwd-869815001187%3Alp1009919%3Ali%3Adec%3Adm%3Appccp%3DUmFuZG9tSVYkc2RlIyh9YXdX6HrtnYy-Ml68sH-ljtU&aid=311984&dest_id=198&dest_type=country&group_adults=2&req_adults=2&no_rooms=1&broad_search_not_eligible=1&order=distance_from_search","Nawagamuwa Estate Villa, Pinnawela Rambukkana","Pinnawala","Located 21 miles from Kandy Royal Botanic Gardens, Nawagamuwa Estate Villa, Pinnawela Rambukkana offers a garden, a shared lounge and air-conditioned accommodations with a terrace and free WiFi.","","","","","","Opens in new window","Show prices","Show on map","","https://cf.bstatic.com/xdata/images/hotel/square600/805155765.webp?k=21d134c2226d7581684de5f897825db55baa629d676eba51e807da200370747e&o="
"1776666626-104","https://www.booking.com/searchresults.html?label=bristol-XLwodozx2dVe8Ts0XeYuawS752260715469%3Apl%3Ata%3Ap1%3Ap2%3Aac%3Aap%3Aneg%3Afi%3Atikwd-869815001187%3Alp1009919%3Ali%3Adec%3Adm%3Appccp%3DUmFuZG9tSVYkc2RlIyh9YXdX6HrtnYy-Ml68sH-ljtU&aid=311984&dest_id=198&dest_type=country&group_adults=2&req_adults=2&no_rooms=1&broad_search_not_eligible=1&order=distance_from_search","Estancia Holiday Bungalow","Matale","Estancia Holiday Bungalow is located in Matale, just 15 miles from Kandy City Center Shopping Mall and 15 miles from Bogambara Stadium.","Scored 8.2","8.2","Very Good","· 7 reviews","","Opens in new window","Show prices","Show on map","","https://cf.bstatic.com/xdata/images/hotel/square600/175912273.webp?k=8c2ed09b74cc74666b5535c7c0f8ef273856138654668b0c986819d097a49732&o="
"1776666626-105","https://www.booking.com/searchresults.html?label=bristol-XLwodozx2dVe8Ts0XeYuawS752260715469%3Apl%3Ata%3Ap1%3Ap2%3Aac%3Aap%3Aneg%3Afi%3Atikwd-869815001187%3Alp1009919%3Ali%3Adec%3Adm%3Appccp%3DUmFuZG9tSVYkc2RlIyh9YXdX6HrtnYy-Ml68sH-ljtU&aid=311984&dest_id=198&dest_type=country&group_adults=2&req_adults=2&no_rooms=1&broad_search_not_eligible=1&order=distance_from_search","Amore Resorts","Kobbekaduwa","Located in Kobbekaduwa, 6.4 miles from Kandy Royal Botanic Gardens, Amore Resorts provides accommodations with an outdoor swimming pool, free private parking, a garden and a shared lounge.","","","","","","Opens in new window","Show prices","Show on map","","https://cf.bstatic.com/xdata/images/hotel/square600/528798122.webp?k=03d8d348e487e7ab8d4f3726461753f86977a3275c7426e6fb249136d095e61d&o="
"1776666626-106","https://www.booking.com/searchresults.html?label=bristol-XLwodozx2dVe8Ts0XeYuawS752260715469%3Apl%3Ata%3Ap1%3Ap2%3Aac%3Aap%3Aneg%3Afi%3Atikwd-869815001187%3Alp1009919%3Ali%3Adec%3Adm%3Appccp%3DUmFuZG9tSVYkc2RlIyh9YXdX6HrtnYy-Ml68sH-ljtU&aid=311984&dest_id=198&dest_type=country&group_adults=2&req_adults=2&no_rooms=1&broad_search_not_eligible=1&order=distance_from_search","Modern 5BR BathTub MoviRoom RoofTop Cook NatureViews Ella Kandy Train","Kandy","6.2 miles from Kandy Royal Botanic Gardens in Kandy, Modern 5BR BathTub MoviRoom RoofTop Cook NatureViews Ella Kandy Train provides accommodations with access to a public bath and open-air bath.","Scored 9.8","9.8","Exceptional","· 4 reviews","Value for money 9.4","Opens in new window","Show prices","Show on map","","https://cf.bstatic.com/xdata/images/hotel/square600/736446341.webp?k=5113c6d93ef3f2d100635767f7fcd27954b298dabe471b5c89a1c75ef8055260&o="
"1776666626-107","https://www.booking.com/searchresults.html?label=bristol-XLwodozx2dVe8Ts0XeYuawS752260715469%3Apl%3Ata%3Ap1%3Ap2%3Aac%3Aap%3Aneg%3Afi%3Atikwd-869815001187%3Alp1009919%3Ali%3Adec%3Adm%3Appccp%3DUmFuZG9tSVYkc2RlIyh9YXdX6HrtnYy-Ml68sH-ljtU&aid=311984&dest_id=198&dest_type=country&group_adults=2&req_adults=2&no_rooms=1&broad_search_not_eligible=1&order=distance_from_search","Paradise Itzu","Kandy","Located in Kandy, 6.4 miles from Kandy Royal Botanic Gardens, Paradise Itzu provides accommodations with a garden, free private parking, a shared lounge and a terrace.","Scored 9.1","9.1","Wonderful","· 30 reviews","Value for money 9.1","Opens in new window","Show prices","Show on map","","https://cf.bstatic.com/xdata/images/hotel/square600/651851918.webp?k=5959218c96b36cfbc15080638fc747214ecab6508476c03339a5a78c12f822ee&o="
"1776666626-108","https://www.booking.com/searchresults.html?label=bristol-XLwodozx2dVe8Ts0XeYuawS752260715469%3Apl%3Ata%3Ap1%3Ap2%3Aac%3Aap%3Aneg%3Afi%3Atikwd-869815001187%3Alp1009919%3Ali%3Adec%3Adm%3Appccp%3DUmFuZG9tSVYkc2RlIyh9YXdX6HrtnYy-Ml68sH-ljtU&aid=311984&dest_id=198&dest_type=country&group_adults=2&req_adults=2&no_rooms=1&broad_search_not_eligible=1&order=distance_from_search","Meeyan Ella Rest","Ihalakotte","Meeyan Ella Rest is a recently renovated guest house in Ihalakotte where guests can make the most of its garden and shared lounge. With mountain views, this accommodation provides a balcony.","Scored 8.0","8.0","Very Good","· 8 reviews","Value for money 9.6","Opens in new window","Show prices","Show on map","","https://cf.bstatic.com/xdata/images/hotel/square600/636594238.webp?k=6aefa92f29b72ec0342693e4daf0c4cac1ed464c186bdd666def8ceef0784b4c&o="
"1776666626-109","https://www.booking.com/searchresults.html?label=bristol-XLwodozx2dVe8Ts0XeYuawS752260715469%3Apl%3Ata%3Ap1%3Ap2%3Aac%3Aap%3Aneg%3Afi%3Atikwd-869815001187%3Alp1009919%3Ali%3Adec%3Adm%3Appccp%3DUmFuZG9tSVYkc2RlIyh9YXdX6HrtnYy-Ml68sH-ljtU&aid=311984&dest_id=198&dest_type=country&group_adults=2&req_adults=2&no_rooms=1&broad_search_not_eligible=1&order=distance_from_search","Lucky Home Stay","Matale","Lucky Home Stay is located in Matale, just 13 miles from Kandy City Center Shopping Mall and 14 miles from Bogambara Stadium. This vacation home provides free private parking and free Wifi.","","","","","","Opens in new window","Show prices","Show on map","","https://cf.bstatic.com/xdata/images/hotel/square600/730012536.webp?k=ec99bd22faf653b2cb32d04272460e5f9fb692c0443e0fe7ef9c47f6616590c2&o="
"1776666626-110","https://www.booking.com/searchresults.html?label=bristol-XLwodozx2dVe8Ts0XeYuawS752260715469%3Apl%3Ata%3Ap1%3Ap2%3Aac%3Aap%3Aneg%3Afi%3Atikwd-869815001187%3Alp1009919%3Ali%3Adec%3Adm%3Appccp%3DUmFuZG9tSVYkc2RlIyh9YXdX6HrtnYy-Ml68sH-ljtU&aid=311984&dest_id=198&dest_type=country&group_adults=2&req_adults=2&no_rooms=1&broad_search_not_eligible=1&order=distance_from_search","Villa Milla Walauwa","Matale","Located in Matale, Villa Milla Walauwa provides free WiFi, and guests can enjoy a garden, a terrace and a restaurant.","Scored 8.7","8.7","Excellent","· 3 reviews","Location 10","Opens in new window","Show prices","Show on map","","https://cf.bstatic.com/xdata/images/hotel/square600/513529198.webp?k=4a781670ef7ca5d47b6cb11defb690646a55051f817843d73a96f65cb55711ba&o="
"1776666626-111","https://www.booking.com/searchresults.html?label=bristol-XLwodozx2dVe8Ts0XeYuawS752260715469%3Apl%3Ata%3Ap1%3Ap2%3Aac%3Aap%3Aneg%3Afi%3Atikwd-869815001187%3Alp1009919%3Ali%3Adec%3Adm%3Appccp%3DUmFuZG9tSVYkc2RlIyh9YXdX6HrtnYy-Ml68sH-ljtU&aid=311984&dest_id=198&dest_type=country&group_adults=2&req_adults=2&no_rooms=1&broad_search_not_eligible=1&order=distance_from_search","Coco Eco Lodge","Melsiripura","Coco Eco Lodge is located in Melsiripura and offers a garden and a restaurant. This lodge has free private parking, room service and free WiFi.","Scored 9.6","9.6","Exceptional","· 33 reviews","Value for money 9.9","Opens in new window","Show prices","Show on map","","https://cf.bstatic.com/xdata/images/hotel/square600/412418991.webp?k=c073020585e45f134558aa112d6c1b4162b2d864f0ecd19bd0802490f47b7745&o="
"1776666626-112","https://www.booking.com/searchresults.html?label=bristol-XLwodozx2dVe8Ts0XeYuawS752260715469%3Apl%3Ata%3Ap1%3Ap2%3Aac%3Aap%3Aneg%3Afi%3Atikwd-869815001187%3Alp1009919%3Ali%3Adec%3Adm%3Appccp%3DUmFuZG9tSVYkc2RlIyh9YXdX6HrtnYy-Ml68sH-ljtU&aid=311984&dest_id=198&dest_type=country&group_adults=2&req_adults=2&no_rooms=1&broad_search_not_eligible=1&order=distance_from_search","Mangi's Tranquil Bangalows","Pinnawala","Mangi's Tranquil Bangalows has accommodations in Pinnawala. The property is located 21 miles from Kandy Royal Botanic Gardens, 24 miles from Kandy Train Station and 25 miles from Bogambara Stadium.","Scored 10","10","Exceptional","· 7 reviews","Value for money 10","Opens in new window","Show prices","Show on map","","https://cf.bstatic.com/xdata/images/hotel/square600/827831315.webp?k=d72011e0d0cac81bbe9a6a167566f3653efcd1982545b21232c511334859c784&o="
"1776666626-113","https://www.booking.com/searchresults.html?label=bristol-XLwodozx2dVe8Ts0XeYuawS752260715469%3Apl%3Ata%3Ap1%3Ap2%3Aac%3Aap%3Aneg%3Afi%3Atikwd-869815001187%3Alp1009919%3Ali%3Adec%3Adm%3Appccp%3DUmFuZG9tSVYkc2RlIyh9YXdX6HrtnYy-Ml68sH-ljtU&aid=311984&dest_id=198&dest_type=country&group_adults=2&req_adults=2&no_rooms=1&broad_search_not_eligible=1&order=distance_from_search","Villa Pinnawala","Pinnawala","Featuring two swimming pools with hot tubs, Villa Pinnawala offers accommodations in Pinnawala. Pinnawala Elephant Orphanage is 656 feet away.","Scored 8.1","8.1","Very Good","· 154 reviews","","Opens in new window","Show prices","Show on map","","https://cf.bstatic.com/xdata/images/hotel/square600/148547239.webp?k=ea557016e49031f32ff0df27e9d120da7bf112a612bfec84575e355c5163563c&o="
"1776666626-114","https://www.booking.com/searchresults.html?label=bristol-XLwodozx2dVe8Ts0XeYuawS752260715469%3Apl%3Ata%3Ap1%3Ap2%3Aac%3Aap%3Aneg%3Afi%3Atikwd-869815001187%3Alp1009919%3Ali%3Adec%3Adm%3Appccp%3DUmFuZG9tSVYkc2RlIyh9YXdX6HrtnYy-Ml68sH-ljtU&aid=311984&dest_id=198&dest_type=country&group_adults=2&req_adults=2&no_rooms=1&broad_search_not_eligible=1&order=distance_from_search","Peacock Village Pinnawala - Offer Alert! Elephant Welfare Program","Pinnawala","Peacock Village Pinnawala - Offer Alert! Elephant Welfare Program enjoys a location in Pinnawala, 26 miles from Bogambara Stadium and 26 miles from Kandy City Center Shopping Mall.","Scored 9.3","9.3","Wonderful","· 779 reviews","Value for money 9.6","Opens in new window","Show prices","Show on map","","https://cf.bstatic.com/xdata/images/hotel/square600/484789656.webp?k=4b5acc413d31439122e830a4af4f52292cad3a08aca8021bd96db00b093ff7d0&o="
"1776666626-115","https://www.booking.com/searchresults.html?label=bristol-XLwodozx2dVe8Ts0XeYuawS752260715469%3Apl%3Ata%3Ap1%3Ap2%3Aac%3Aap%3Aneg%3Afi%3Atikwd-869815001187%3Alp1009919%3Ali%3Adec%3Adm%3Appccp%3DUmFuZG9tSVYkc2RlIyh9YXdX6HrtnYy-Ml68sH-ljtU&aid=311984&dest_id=198&dest_type=country&group_adults=2&req_adults=2&no_rooms=1&broad_search_not_eligible=1&order=distance_from_search","Cafe Pinnalanda","Pinnawala","Located in Pinnawala, 20 miles from Kandy Royal Botanic Gardens, Cafe Pinnalanda provides accommodations with a garden, free private parking, a terrace and a restaurant.","Scored 8.2","8.2","Very Good","· 166 reviews","Value for money 8.5","Opens in new window","Show prices","Show on map","","https://cf.bstatic.com/xdata/images/hotel/square600/88770025.webp?k=ef408157cd1eb8d109e8d52569e6c8e9f74667c8e6d36c103e62cb8ea97195dc&o="
"1776666626-116","https://www.booking.com/searchresults.html?label=bristol-XLwodozx2dVe8Ts0XeYuawS752260715469%3Apl%3Ata%3Ap1%3Ap2%3Aac%3Aap%3Aneg%3Afi%3Atikwd-869815001187%3Alp1009919%3Ali%3Adec%3Adm%3Appccp%3DUmFuZG9tSVYkc2RlIyh9YXdX6HrtnYy-Ml68sH-ljtU&aid=311984&dest_id=198&dest_type=country&group_adults=2&req_adults=2&no_rooms=1&broad_search_not_eligible=1&order=distance_from_search","The Love Home Stay - Pinnawala","Rambukkana","The Love Home Stay - Pinnawala is located in Rambukkana, just 21 miles from Bogambara Stadium and 21 miles from Kandy City Center Shopping Mall.","Scored 9.7","9.7","Exceptional","· 6 reviews","Value for money 9.6","Opens in new window","Show prices","Show on map","New to Booking.com","https://cf.bstatic.com/xdata/images/hotel/square600/813531522.webp?k=296bedff5ca4c5fcaaa9c5b980ae2e14bd9b85e7756a4173356f19eb20738d14&o="
"1776666626-117","https://www.booking.com/searchresults.html?label=bristol-XLwodozx2dVe8Ts0XeYuawS752260715469%3Apl%3Ata%3Ap1%3Ap2%3Aac%3Aap%3Aneg%3Afi%3Atikwd-869815001187%3Alp1009919%3Ali%3Adec%3Adm%3Appccp%3DUmFuZG9tSVYkc2RlIyh9YXdX6HrtnYy-Ml68sH-ljtU&aid=311984&dest_id=198&dest_type=country&group_adults=2&req_adults=2&no_rooms=1&broad_search_not_eligible=1&order=distance_from_search","Cafe Pinnalanda Rooms","Pinnawala","Located within 21 miles of Kandy Royal Botanic Gardens and 24 miles of Kandy Train Station, Cafe Pinnalanda Rooms provides rooms in Pinnawala.","Scored 8.0","8.0","Very Good","· 54 reviews","","Opens in new window","Show prices","Show on map","","https://cf.bstatic.com/xdata/images/hotel/square600/594753305.webp?k=17bab1eb747169202b5f271ee15d520af187b47594ab7f6cf5d76f093cb70367&o="
"1776666626-118","https://www.booking.com/searchresults.html?label=bristol-XLwodozx2dVe8Ts0XeYuawS752260715469%3Apl%3Ata%3Ap1%3Ap2%3Aac%3Aap%3Aneg%3Afi%3Atikwd-869815001187%3Alp1009919%3Ali%3Adec%3Adm%3Appccp%3DUmFuZG9tSVYkc2RlIyh9YXdX6HrtnYy-Ml68sH-ljtU&aid=311984&dest_id=198&dest_type=country&group_adults=2&req_adults=2&no_rooms=1&broad_search_not_eligible=1&order=distance_from_search","Wooden Eco Cottage","Katiyawa","Featuring an outdoor swimming pool, Wooden Eco Cottage provides accommodations in Katiyawa.","Scored 9.6","9.6","Exceptional","· 13 reviews","Value for money 9.1","Opens in new window","Show prices","Show on map","","https://cf.bstatic.com/xdata/images/hotel/square600/700404275.webp?k=74fc35df35792cd1109350d0e9453441cc4caa3895867d99a15b54b01ef950c0&o="
"1776666626-119","https://www.booking.com/searchresults.html?label=bristol-XLwodozx2dVe8Ts0XeYuawS752260715469%3Apl%3Ata%3Ap1%3Ap2%3Aac%3Aap%3Aneg%3Afi%3Atikwd-869815001187%3Alp1009919%3Ali%3Adec%3Adm%3Appccp%3DUmFuZG9tSVYkc2RlIyh9YXdX6HrtnYy-Ml68sH-ljtU&aid=311984&dest_id=198&dest_type=country&group_adults=2&req_adults=2&no_rooms=1&broad_search_not_eligible=1&order=distance_from_search","Suwani Pinnawala Homestay","Pinnawala","Located in Pinnawala, 21 miles from Kandy Royal Botanic Gardens, Suwani Pinnawala Homestay features a garden and views of the garden.","Scored 9.3","9.3","Wonderful","· 199 reviews","Value for money 9.4","Opens in new window","Show prices","Show on map","","https://cf.bstatic.com/xdata/images/hotel/square600/656228836.webp?k=8611dd5b2b7303742d2a0650006c66fd0cbcc149cf2931222d47875761b9add2&o="
"1776666626-120","https://www.booking.com/searchresults.html?label=bristol-XLwodozx2dVe8Ts0XeYuawS752260715469%3Apl%3Ata%3Ap1%3Ap2%3Aac%3Aap%3Aneg%3Afi%3Atikwd-869815001187%3Alp1009919%3Ali%3Adec%3Adm%3Appccp%3DUmFuZG9tSVYkc2RlIyh9YXdX6HrtnYy-Ml68sH-ljtU&aid=311984&dest_id=198&dest_type=country&group_adults=2&req_adults=2&no_rooms=1&broad_search_not_eligible=1&order=distance_from_search","Sky Bliss By Mahaweli","Kandy","Featuring an outdoor swimming pool and a garden, Sky Bliss By Mahaweli is located in Kandy, 6.8 miles from Kandy Royal Botanic Gardens and 7 miles from Kandy City Center Shopping Mall.","Scored 7.8","7.8","Good","· 4 reviews","Value for money 8.8","Opens in new window","Show prices","Show on map","","https://cf.bstatic.com/xdata/images/hotel/square600/609325071.webp?k=02c20f7bbe73c5a41b614ccb639df8f5a8fbc4e1af7e0d248a66dbcb29cf8dac&o="
"1776666626-121","https://www.booking.com/searchresults.html?label=bristol-XLwodozx2dVe8Ts0XeYuawS752260715469%3Apl%3Ata%3Ap1%3Ap2%3Aac%3Aap%3Aneg%3Afi%3Atikwd-869815001187%3Alp1009919%3Ali%3Adec%3Adm%3Appccp%3DUmFuZG9tSVYkc2RlIyh9YXdX6HrtnYy-Ml68sH-ljtU&aid=311984&dest_id=198&dest_type=country&group_adults=2&req_adults=2&no_rooms=1&broad_search_not_eligible=1&order=distance_from_search","Rock Garden Villa Pinnawala","Rambukkana","Located in Rambukkana, 18 miles from Kandy Royal Botanic Gardens, Rock Garden Villa Pinnawala provides accommodations with an outdoor swimming pool, free private parking, a garden and a terrace.","Scored 9.2","9.2","Wonderful","· 77 reviews","Value for money 9.2","Opens in new window","Show prices","Show on map","","https://cf.bstatic.com/xdata/images/hotel/square600/647652352.webp?k=e643e3ab032e73fc9b82addb5ab56f4ae6952f6f1930dd87d1211d8e851fdca7&o="
"1776666626-122","https://www.booking.com/searchresults.html?label=bristol-XLwodozx2dVe8Ts0XeYuawS752260715469%3Apl%3Ata%3Ap1%3Ap2%3Aac%3Aap%3Aneg%3Afi%3Atikwd-869815001187%3Alp1009919%3Ali%3Adec%3Adm%3Appccp%3DUmFuZG9tSVYkc2RlIyh9YXdX6HrtnYy-Ml68sH-ljtU&aid=311984&dest_id=198&dest_type=country&group_adults=2&req_adults=2&no_rooms=1&broad_search_not_eligible=1&order=distance_from_search","Green Land Guest House","Pinnawala","Green Land Guest House is a recently renovated guest house in Pinnawala where guests can make the most of its garden and shared lounge.","Scored 7.4","7.4","Good","· 102 reviews","","Opens in new window","Show prices","Show on map","","https://cf.bstatic.com/xdata/images/hotel/square600/59145677.webp?k=daeae5dab797f932940d3f09d4d03d0a8fb034c360439e72c4d203f665c4a965&o="
"1776666626-123","https://www.booking.com/searchresults.html?label=bristol-XLwodozx2dVe8Ts0XeYuawS752260715469%3Apl%3Ata%3Ap1%3Ap2%3Aac%3Aap%3Aneg%3Afi%3Atikwd-869815001187%3Alp1009919%3Ali%3Adec%3Adm%3Appccp%3DUmFuZG9tSVYkc2RlIyh9YXdX6HrtnYy-Ml68sH-ljtU&aid=311984&dest_id=198&dest_type=country&group_adults=2&req_adults=2&no_rooms=1&broad_search_not_eligible=1&order=distance_from_search","Elepath Lodge Pinnawala","Pinnawala","Located in Pinnawala, 21 miles from Kandy Royal Botanic Gardens, Elepath Lodge Pinnawala has accommodations with a garden, free private parking, a terrace and a restaurant.","Scored 8.4","8.4","Very Good","· 307 reviews","Value for money 9.1","Opens in new window","Show prices","Show on map","","https://cf.bstatic.com/xdata/images/hotel/square600/745755973.webp?k=4d61ddce6640ae49aa81eccb040a0db6b6902b7bc34fc5180bec436200ded2e6&o="
"1776666626-124","https://www.booking.com/searchresults.html?label=bristol-XLwodozx2dVe8Ts0XeYuawS752260715469%3Apl%3Ata%3Ap1%3Ap2%3Aac%3Aap%3Aneg%3Afi%3Atikwd-869815001187%3Alp1009919%3Ali%3Adec%3Adm%3Appccp%3DUmFuZG9tSVYkc2RlIyh9YXdX6HrtnYy-Ml68sH-ljtU&aid=311984&dest_id=198&dest_type=country&group_adults=2&req_adults=2&no_rooms=1&broad_search_not_eligible=1&order=distance_from_search","Hotel Pinnalanda - NEW DEAL! Exclusive Offers on Pickups Available!","Pinnawala","Pinnalanda Hotel offers free Wi-Fi access is available throughout the property. Surrounded by lush greenery, the hotel is a 1-hour drive from the Kandy.","Scored 8.3","8.3","Very Good","· 467 reviews","","Opens in new window","Show prices","Show on map","","https://cf.bstatic.com/xdata/images/hotel/square600/189060519.webp?k=aa6d28593a9faa3fe1fd2659fd70d4fed8325ab4f9c2b0cf5eb187c107f233e4&o="
"1776666626-125","https://www.booking.com/searchresults.html?label=bristol-XLwodozx2dVe8Ts0XeYuawS752260715469%3Apl%3Ata%3Ap1%3Ap2%3Aac%3Aap%3Aneg%3Afi%3Atikwd-869815001187%3Alp1009919%3Ali%3Adec%3Adm%3Appccp%3DUmFuZG9tSVYkc2RlIyh9YXdX6HrtnYy-Ml68sH-ljtU&aid=311984&dest_id=198&dest_type=country&group_adults=2&req_adults=2&no_rooms=1&broad_search_not_eligible=1&order=distance_from_search","Hotel Elephant Park - NEW DEAL! Exclusive Offers on Pickups Available!","Pinnawala","Located right opposite Ma-Oya River, guests at Hotel Elephant Park - NEW DEAL! Exclusive Offers on Pickups Available! can watch elephants from their rooms. It has a restaurant and offers room service....","Scored 8.8","8.8","Excellent","· 1,756 reviews","Value for money 8.6","Opens in new window","Show prices","Show on map","","https://cf.bstatic.com/xdata/images/hotel/square600/472707196.webp?k=11a8dcc948aa4c40ac03809b97d6af40fbee16c3aee49400bed5b4a2c6e8cd1b&o="
"1776666626-126","https://www.booking.com/searchresults.html?label=bristol-XLwodozx2dVe8Ts0XeYuawS752260715469%3Apl%3Ata%3Ap1%3Ap2%3Aac%3Aap%3Aneg%3Afi%3Atikwd-869815001187%3Alp1009919%3Ali%3Adec%3Adm%3Appccp%3DUmFuZG9tSVYkc2RlIyh9YXdX6HrtnYy-Ml68sH-ljtU&aid=311984&dest_id=198&dest_type=country&group_adults=2&req_adults=2&no_rooms=1&broad_search_not_eligible=1&order=distance_from_search","Hotel Elephant Bay","Pinnawala","Located in the heart of Pinnawala, Hotel Elephant Bay provides rooms with large private balconies and spectacular views over Ma Oya River. Rooms are bright and airy, with simple décor and furnishings....","Scored 8.0","8.0","Very Good","· 1,676 reviews","Location 9.3","Opens in new window","Show prices","Show on map","","https://cf.bstatic.com/xdata/images/hotel/square600/323329476.webp?k=40523880424267f29defab8e29fe958d186be1b281ee60debe5ebe360cdc75d0&o="
"1776666626-127","https://www.booking.com/searchresults.html?label=bristol-XLwodozx2dVe8Ts0XeYuawS752260715469%3Apl%3Ata%3Ap1%3Ap2%3Aac%3Aap%3Aneg%3Afi%3Atikwd-869815001187%3Alp1009919%3Ali%3Adec%3Adm%3Appccp%3DUmFuZG9tSVYkc2RlIyh9YXdX6HrtnYy-Ml68sH-ljtU&aid=311984&dest_id=198&dest_type=country&group_adults=2&req_adults=2&no_rooms=1&broad_search_not_eligible=1&order=distance_from_search","Pinnawala Elephant Front View Hotel","Rambukkana","Pinnawala Elephant Front View Hotel is a recently renovated guest house in Rambukkana where guests can make the most of its garden and terrace.","Scored 8.4","8.4","Very Good","· 177 reviews","Value for money 8.9","Opens in new window","Show prices","Show on map","","https://cf.bstatic.com/xdata/images/hotel/square600/639595827.webp?k=bb3911981bc2d49ab23c936dec321da1952549a2c9db7c76b087fdf13910b9b0&o="
"1776666626-128","https://www.booking.com/searchresults.html?label=bristol-XLwodozx2dVe8Ts0XeYuawS752260715469%3Apl%3Ata%3Ap1%3Ap2%3Aac%3Aap%3Aneg%3Afi%3Atikwd-869815001187%3Alp1009919%3Ali%3Adec%3Adm%3Appccp%3DUmFuZG9tSVYkc2RlIyh9YXdX6HrtnYy-Ml68sH-ljtU&aid=311984&dest_id=198&dest_type=country&group_adults=2&req_adults=2&no_rooms=1&broad_search_not_eligible=1&order=distance_from_search","Ma-Oya Retreat","Andiramada","Located 21 miles from Kandy Royal Botanic Gardens, Ma-Oya Retreat offers 3-star accommodations in Andiramada and has a garden.","","","","","","Opens in new window","Show prices","Show on map","Partner Offer","https://cf.bstatic.com/xdata/images/hotel/square600/849517296.webp?k=b7e09863d542377e390af61c279ce60599b0c8e5a81c0c7c2e0cee5d680aa201&o="
"1776666626-129","https://www.booking.com/searchresults.html?label=bristol-XLwodozx2dVe8Ts0XeYuawS752260715469%3Apl%3Ata%3Ap1%3Ap2%3Aac%3Aap%3Aneg%3Afi%3Atikwd-869815001187%3Alp1009919%3Ali%3Adec%3Adm%3Appccp%3DUmFuZG9tSVYkc2RlIyh9YXdX6HrtnYy-Ml68sH-ljtU&aid=311984&dest_id=198&dest_type=country&group_adults=2&req_adults=2&no_rooms=1&broad_search_not_eligible=1&order=distance_from_search","The Secret Place Hotel & Resort","Kandy","Located in Kandy, 6.2 miles from Kandy City Center Shopping Mall, The Secret Place Hotel & Resort provides accommodations with an outdoor swimming pool, free private parking, a garden and a terrace.","","","","","","Opens in new window","Show prices","Show on map","New to Booking.com","https://cf.bstatic.com/xdata/images/hotel/square600/817591830.webp?k=b01eb9606614118f633acaeab486fe6e487098331e8f44b4e34612d27aeb810f&o="
"1776666626-130","https://www.booking.com/searchresults.html?label=bristol-XLwodozx2dVe8Ts0XeYuawS752260715469%3Apl%3Ata%3Ap1%3Ap2%3Aac%3Aap%3Aneg%3Afi%3Atikwd-869815001187%3Alp1009919%3Ali%3Adec%3Adm%3Appccp%3DUmFuZG9tSVYkc2RlIyh9YXdX6HrtnYy-Ml68sH-ljtU&aid=311984&dest_id=198&dest_type=country&group_adults=2&req_adults=2&no_rooms=1&broad_search_not_eligible=1&order=distance_from_search","Green Villa Matale","Palapatwela","Providing a garden, Green Villa Matale provides accommodations in Palapatwela. This property offers access to a terrace and free private parking.","","","","","","Opens in new window","Show prices","Show on map","","https://cf.bstatic.com/xdata/images/hotel/square600/779423815.webp?k=8e3f9f4ead4a6326f724bdbc1ea8c0857e6988362a333812c34c4d3787951d4f&o="
"1776666626-131","https://www.booking.com/searchresults.html?label=bristol-XLwodozx2dVe8Ts0XeYuawS752260715469%3Apl%3Ata%3Ap1%3Ap2%3Aac%3Aap%3Aneg%3Afi%3Atikwd-869815001187%3Alp1009919%3Ali%3Adec%3Adm%3Appccp%3DUmFuZG9tSVYkc2RlIyh9YXdX6HrtnYy-Ml68sH-ljtU&aid=311984&dest_id=198&dest_type=country&group_adults=2&req_adults=2&no_rooms=1&broad_search_not_eligible=1&order=distance_from_search","Hotel Dilshani","Rambukkana","Featuring a garden, Hotel Dilshani features accommodations in Rambukkana. This property offers access to a balcony, free private parking, and free Wifi.","Scored 1.0","1.0","Review score","· 1 review","","Opens in new window","Show prices","Show on map","","https://cf.bstatic.com/xdata/images/hotel/square600/741450388.webp?k=aa79b0b264c51ec80e9e2965b58bab0a4cbe69a9ac983ec5d24c1811ebfc11d5&o="
"1776666626-132","https://www.booking.com/searchresults.html?label=bristol-XLwodozx2dVe8Ts0XeYuawS752260715469%3Apl%3Ata%3Ap1%3Ap2%3Aac%3Aap%3Aneg%3Afi%3Atikwd-869815001187%3Alp1009919%3Ali%3Adec%3Adm%3Appccp%3DUmFuZG9tSVYkc2RlIyh9YXdX6HrtnYy-Ml68sH-ljtU&aid=311984&dest_id=198&dest_type=country&group_adults=2&req_adults=2&no_rooms=1&broad_search_not_eligible=1&order=distance_from_search","Tepraas Matale","Palapatwela","Offering a garden, Tepraas Matale features accommodations in Palapatwela. There's a private entrance at the villa for the convenience of those who stay.","","","","","","Opens in new window","Show prices","Show on map","","https://cf.bstatic.com/xdata/images/hotel/square600/762009542.webp?k=ecdd15ee84361dc2ec49dfe6f5ff92e76dd8c74f1755a1ce5d7ad1896a817264&o="
"1776666626-133","https://www.booking.com/searchresults.html?label=bristol-XLwodozx2dVe8Ts0XeYuawS752260715469%3Apl%3Ata%3Ap1%3Ap2%3Aac%3Aap%3Aneg%3Afi%3Atikwd-869815001187%3Alp1009919%3Ali%3Adec%3Adm%3Appccp%3DUmFuZG9tSVYkc2RlIyh9YXdX6HrtnYy-Ml68sH-ljtU&aid=311984&dest_id=198&dest_type=country&group_adults=2&req_adults=2&no_rooms=1&broad_search_not_eligible=1&order=distance_from_search","Heaven Palace","Kandy","Heaven Palace has a garden, terrace, a restaurant and bar in Kandy. A hot tub and a car rental service are available for guests.","Scored 10","10","Exceptional","· 1 review","Value for money 10","Opens in new window","Show prices","Show on map","","https://cf.bstatic.com/xdata/images/hotel/square600/521115363.webp?k=abd94d06c74b2ad534618f9c9d9ac7089b605af99ca604fd5c89ade48d190f76&o="
"1776666626-134","https://www.booking.com/searchresults.html?label=bristol-XLwodozx2dVe8Ts0XeYuawS752260715469%3Apl%3Ata%3Ap1%3Ap2%3Aac%3Aap%3Aneg%3Afi%3Atikwd-869815001187%3Alp1009919%3Ali%3Adec%3Adm%3Appccp%3DUmFuZG9tSVYkc2RlIyh9YXdX6HrtnYy-Ml68sH-ljtU&aid=311984&dest_id=198&dest_type=country&group_adults=2&req_adults=2&no_rooms=1&broad_search_not_eligible=1&order=distance_from_search","Knuckles View Hotel","Palapatwela","Located in Palapatwela, 21 miles from Kandy City Center Shopping Mall, Knuckles View Hotel provides accommodations with a garden, free private parking and a restaurant.","Scored 10","10","Exceptional","· 3 reviews","Value for money 10","Opens in new window","Show prices","Show on map","","https://cf.bstatic.com/xdata/images/hotel/square600/684024684.webp?k=e25ae194e8d21e74c63a1a0900684397c01d774c0a6a88eba3d845b9bc1aff92&o="
"1776666626-135","https://www.booking.com/searchresults.html?label=bristol-XLwodozx2dVe8Ts0XeYuawS752260715469%3Apl%3Ata%3Ap1%3Ap2%3Aac%3Aap%3Aneg%3Afi%3Atikwd-869815001187%3Alp1009919%3Ali%3Adec%3Adm%3Appccp%3DUmFuZG9tSVYkc2RlIyh9YXdX6HrtnYy-Ml68sH-ljtU&aid=311984&dest_id=198&dest_type=country&group_adults=2&req_adults=2&no_rooms=1&broad_search_not_eligible=1&order=distance_from_search","Udugama Walawwa","Matale","20 miles from Kandy City Center Shopping Mall in Matale, Udugama Walawwa features accommodations with access to a hot tub. With mountain views, this accommodation offers a terrace.","","","","","","Opens in new window","Show prices","Show on map","","https://cf.bstatic.com/xdata/images/hotel/square600/801327553.webp?k=2b7409bd22216d9af0a9621c00288f99bb8f69c3e30eaa58fe836d9f4bcb9803&o="
"1776666626-136","https://www.booking.com/searchresults.html?label=bristol-XLwodozx2dVe8Ts0XeYuawS752260715469%3Apl%3Ata%3Ap1%3Ap2%3Aac%3Aap%3Aneg%3Afi%3Atikwd-869815001187%3Alp1009919%3Ali%3Adec%3Adm%3Appccp%3DUmFuZG9tSVYkc2RlIyh9YXdX6HrtnYy-Ml68sH-ljtU&aid=311984&dest_id=198&dest_type=country&group_adults=2&req_adults=2&no_rooms=1&broad_search_not_eligible=1&order=distance_from_search","Sith Meadow View Bungalow","Palapatwela","Sith Meadow View Bungalow offers accommodations in Palapatwela, 20 miles from Kandy City Center Shopping Mall and 20 miles from Bogambara Stadium.","","","","","","Opens in new window","Show prices","Show on map","","https://cf.bstatic.com/xdata/images/hotel/square600/771029679.webp?k=cb9e1f50474faaa1d12fac6cfca793b3cc15e13966f2301845bb07446c829391&o="
"1776666626-137","https://www.booking.com/searchresults.html?label=bristol-XLwodozx2dVe8Ts0XeYuawS752260715469%3Apl%3Ata%3Ap1%3Ap2%3Aac%3Aap%3Aneg%3Afi%3Atikwd-869815001187%3Alp1009919%3Ali%3Adec%3Adm%3Appccp%3DUmFuZG9tSVYkc2RlIyh9YXdX6HrtnYy-Ml68sH-ljtU&aid=311984&dest_id=198&dest_type=country&group_adults=2&req_adults=2&no_rooms=1&broad_search_not_eligible=1&order=distance_from_search","Kobbekaduwa Bungalow","Kandy","Featuring garden views, Kobbekaduwa Bungalow in Kandy provides accommodations, an infinity pool, and a garden. This property offers access to a balcony and free private parking.","Scored 9.0","9.0","Wonderful","· 96 reviews","Value for money 8.6","Opens in new window","Show prices","Show on map","","https://cf.bstatic.com/xdata/images/hotel/square600/742338802.webp?k=233d2a9230891d8e2393cd4470ccdbf2a8a569b88dccc2b862dbeeac8aac777e&o="
"1776666626-138","https://www.booking.com/searchresults.html?label=bristol-XLwodozx2dVe8Ts0XeYuawS752260715469%3Apl%3Ata%3Ap1%3Ap2%3Aac%3Aap%3Aneg%3Afi%3Atikwd-869815001187%3Alp1009919%3Ali%3Adec%3Adm%3Appccp%3DUmFuZG9tSVYkc2RlIyh9YXdX6HrtnYy-Ml68sH-ljtU&aid=311984&dest_id=198&dest_type=country&group_adults=2&req_adults=2&no_rooms=1&broad_search_not_eligible=1&order=distance_from_search","Hillcrest Bungalow","Matale","Hillcrest Bungalow offers accommodations in Matale, 18 miles from Kandy Train Station and 19 miles from Kandy Museum.","","","","","","Opens in new window","Show prices","Show on map","New to Booking.com","https://cf.bstatic.com/xdata/images/hotel/square600/849192984.webp?k=b7e4e51ea1e22e51430ab8af86720e888acec4a61d7d0667111e7606d3821d8a&o="
"1776666626-139","https://www.booking.com/searchresults.html?label=bristol-XLwodozx2dVe8Ts0XeYuawS752260715469%3Apl%3Ata%3Ap1%3Ap2%3Aac%3Aap%3Aneg%3Afi%3Atikwd-869815001187%3Alp1009919%3Ali%3Adec%3Adm%3Appccp%3DUmFuZG9tSVYkc2RlIyh9YXdX6HrtnYy-Ml68sH-ljtU&aid=311984&dest_id=198&dest_type=country&group_adults=2&req_adults=2&no_rooms=1&broad_search_not_eligible=1&order=distance_from_search","Alfred Colonial Bungalow & Spice Garden","Kobbekaduwa","Featuring pool views, Alfred Colonial Bungalow & Spice Garden in Kobbekaduwa features accommodations, pool with a view, a garden, and a shared lounge.","Scored 8.6","8.6","Excellent","· 26 reviews","Value for money 9.0","Opens in new window","Show prices","Show on map","","https://cf.bstatic.com/xdata/images/hotel/square600/210849221.webp?k=c62b71bcfc04246f3960ebdf285666f78750cd96ea9666f7ba7a595ffb22b132&o="
"1776666626-140","https://www.booking.com/searchresults.html?label=bristol-XLwodozx2dVe8Ts0XeYuawS752260715469%3Apl%3Ata%3Ap1%3Ap2%3Aac%3Aap%3Aneg%3Afi%3Atikwd-869815001187%3Alp1009919%3Ali%3Adec%3Adm%3Appccp%3DUmFuZG9tSVYkc2RlIyh9YXdX6HrtnYy-Ml68sH-ljtU&aid=311984&dest_id=198&dest_type=country&group_adults=2&req_adults=2&no_rooms=1&broad_search_not_eligible=1&order=distance_from_search","Elephant Heritage Pinnawala by Moon Isle","Rambukkana","Elephant Heritage Pinnawala by Moon Isle enjoys a location in Rambukkana, 23 miles from Kandy Train Station and 24 miles from Bogambara Stadium.","Scored 9.5","9.5","Exceptional","· 10 reviews","Value for money 9.5","Opens in new window","Show prices","Show on map","","https://cf.bstatic.com/xdata/images/hotel/square600/762719084.webp?k=f1afc951a59399db9b933439e3d67e7dc76c26d26435498d19aabf39a9c5de36&o="
"1776666626-141","https://www.booking.com/searchresults.html?label=bristol-XLwodozx2dVe8Ts0XeYuawS752260715469%3Apl%3Ata%3Ap1%3Ap2%3Aac%3Aap%3Aneg%3Afi%3Atikwd-869815001187%3Alp1009919%3Ali%3Adec%3Adm%3Appccp%3DUmFuZG9tSVYkc2RlIyh9YXdX6HrtnYy-Ml68sH-ljtU&aid=311984&dest_id=198&dest_type=country&group_adults=2&req_adults=2&no_rooms=1&broad_search_not_eligible=1&order=distance_from_search","Me-Family","Matale","Me-Family offers accommodations in Matale, 22 miles from Bogambara Stadium and 22 miles from Kandy Train Station.","Scored 8.4","8.4","Very Good","· 13 reviews","Value for money 8.7","Opens in new window","Show prices","Show on map","","https://cf.bstatic.com/xdata/images/hotel/square600/376406346.webp?k=d2a73d84a1ace26a36e949d6b9baa7b25711ce685f2c9bb79ac72d5d6ffdb918&o="
"1776666626-142","https://www.booking.com/searchresults.html?label=bristol-XLwodozx2dVe8Ts0XeYuawS752260715469%3Apl%3Ata%3Ap1%3Ap2%3Aac%3Aap%3Aneg%3Afi%3Atikwd-869815001187%3Alp1009919%3Ali%3Adec%3Adm%3Appccp%3DUmFuZG9tSVYkc2RlIyh9YXdX6HrtnYy-Ml68sH-ljtU&aid=311984&dest_id=198&dest_type=country&group_adults=2&req_adults=2&no_rooms=1&broad_search_not_eligible=1&order=distance_from_search","Tree of Life Nature Resort","Kandy","Featuring an outdoor swimming pool and meeting/banquet facilities, Hotel Tree of Life is nestled away amid lush greenery. Guests can enjoy complimentary Wi-Fi access available at all public areas.","Scored 7.4","7.4","Good","· 77 reviews","","Opens in new window","Show prices","Show on map","","https://cf.bstatic.com/xdata/images/hotel/square600/848740158.webp?k=8e37bb26219ff05a80fc69662b36b076c4fb41f849da3fddfadaf2e930ced962&o="
"1776666626-143","https://www.booking.com/searchresults.html?label=bristol-XLwodozx2dVe8Ts0XeYuawS752260715469%3Apl%3Ata%3Ap1%3Ap2%3Aac%3Aap%3Aneg%3Afi%3Atikwd-869815001187%3Alp1009919%3Ali%3Adec%3Adm%3Appccp%3DUmFuZG9tSVYkc2RlIyh9YXdX6HrtnYy-Ml68sH-ljtU&aid=311984&dest_id=198&dest_type=country&group_adults=2&req_adults=2&no_rooms=1&broad_search_not_eligible=1&order=distance_from_search","Diyagal Villa","Kolongalla","Providing garden views, Diyagal Villa in Kolongalla features accommodations, an open-air bath, a garden, and a shared lounge. This homestay offers free private parking and a shared kitchen.","Scored 6.0","6.0","Review score","· 3 reviews","","Opens in new window","Show prices","Show on map","","https://cf.bstatic.com/xdata/images/hotel/square600/467575182.webp?k=5028d68002e503d8d3c80addfae3a3ccf390c86f60de1edb724142b2756aa2d9&o="
"1776666626-144","https://www.booking.com/searchresults.html?label=bristol-XLwodozx2dVe8Ts0XeYuawS752260715469%3Apl%3Ata%3Ap1%3Ap2%3Aac%3Aap%3Aneg%3Afi%3Atikwd-869815001187%3Alp1009919%3Ali%3Adec%3Adm%3Appccp%3DUmFuZG9tSVYkc2RlIyh9YXdX6HrtnYy-Ml68sH-ljtU&aid=311984&dest_id=198&dest_type=country&group_adults=2&req_adults=2&no_rooms=1&broad_search_not_eligible=1&order=distance_from_search","river edge bungalow","Matale","Offering garden views, river edge bungalow in Matale provides accommodations and a garden. With river views, this accommodation features a terrace.","Scored 9.3","9.3","Wonderful","· 28 reviews","Value for money 9.4","Opens in new window","Show prices","Show on map","","https://cf.bstatic.com/xdata/images/hotel/square600/118271539.webp?k=d68d62a4af050dd25483270dbf6e528a86f78588ecbaa3357dea27b727594770&o="
"1776666626-145","https://www.booking.com/searchresults.html?label=bristol-XLwodozx2dVe8Ts0XeYuawS752260715469%3Apl%3Ata%3Ap1%3Ap2%3Aac%3Aap%3Aneg%3Afi%3Atikwd-869815001187%3Alp1009919%3Ali%3Adec%3Adm%3Appccp%3DUmFuZG9tSVYkc2RlIyh9YXdX6HrtnYy-Ml68sH-ljtU&aid=311984&dest_id=198&dest_type=country&group_adults=2&req_adults=2&no_rooms=1&broad_search_not_eligible=1&order=distance_from_search","The Inn At Matale","Matale","The Inn At Matale offers accommodations in Matale, 22 miles from Kandy Train Station and 22 miles from Kandy Museum.","Scored 9.7","9.7","Exceptional","· 35 reviews","Value for money 9.6","Opens in new window","Show prices","Show on map","","https://cf.bstatic.com/xdata/images/hotel/square600/177838378.webp?k=000685b066e2b237de7ba6c6e3d64ea3eeae7123ca6a6bc83892ff6e6a8837e9&o="
"1776666626-146","https://www.booking.com/searchresults.html?label=bristol-XLwodozx2dVe8Ts0XeYuawS752260715469%3Apl%3Ata%3Ap1%3Ap2%3Aac%3Aap%3Aneg%3Afi%3Atikwd-869815001187%3Alp1009919%3Ali%3Adec%3Adm%3Appccp%3DUmFuZG9tSVYkc2RlIyh9YXdX6HrtnYy-Ml68sH-ljtU&aid=311984&dest_id=198&dest_type=country&group_adults=2&req_adults=2&no_rooms=1&broad_search_not_eligible=1&order=distance_from_search","Manor House-Kandy","Kandy","Located in Kandy, 5.8 miles from Kandy City Center Shopping Mall, Manor House-Kandy has accommodations with an outdoor swimming pool, private parking, a garden and a terrace.","Scored 8.1","8.1","Very Good","· 25 reviews","","Opens in new window","Show prices","Show on map","","https://cf.bstatic.com/xdata/images/hotel/square600/283180941.webp?k=ad34af9d20943edf52265f1942b469cfebcbb43492042a9410b1cc2e8a0f5c68&o="
"1776666626-147","https://www.booking.com/searchresults.html?label=bristol-XLwodozx2dVe8Ts0XeYuawS752260715469%3Apl%3Ata%3Ap1%3Ap2%3Aac%3Aap%3Aneg%3Afi%3Atikwd-869815001187%3Alp1009919%3Ali%3Adec%3Adm%3Appccp%3DUmFuZG9tSVYkc2RlIyh9YXdX6HrtnYy-Ml68sH-ljtU&aid=311984&dest_id=198&dest_type=country&group_adults=2&req_adults=2&no_rooms=1&broad_search_not_eligible=1&order=distance_from_search","Mount Frenion Manor by Seven Angels Kandy","Murutalawa","Located in Murutalawa, 5.4 miles from Kandy Royal Botanic Gardens, Mount Frenion Manor by Seven Angels Kandy provides accommodations with a garden, free private parking, a terrace and a restaurant.","Scored 9.4","9.4","Wonderful","· 7 reviews","Value for money 9.2","Opens in new window","Show prices","Show on map","","https://cf.bstatic.com/xdata/images/hotel/square600/683387841.webp?k=dcafad5966ec0439099e8f27b576576fefb456a07bffb09f88e15d56e7ff3f3b&o="
"1776666626-148","https://www.booking.com/searchresults.html?label=bristol-XLwodozx2dVe8Ts0XeYuawS752260715469%3Apl%3Ata%3Ap1%3Ap2%3Aac%3Aap%3Aneg%3Afi%3Atikwd-869815001187%3Alp1009919%3Ali%3Adec%3Adm%3Appccp%3DUmFuZG9tSVYkc2RlIyh9YXdX6HrtnYy-Ml68sH-ljtU&aid=311984&dest_id=198&dest_type=country&group_adults=2&req_adults=2&no_rooms=1&broad_search_not_eligible=1&order=distance_from_search","Wooden Eco Cottage","Katiyawa","Featuring an outdoor swimming pool, a garden, and a shared lounge, Wooden Eco Cottage provides accommodations in Katiyawa with free WiFi and mountain views.","","","","","","Opens in new window","Show prices","Show on map","","https://cf.bstatic.com/xdata/images/hotel/square600/740325158.webp?k=baceb65f3bb07200756000b0fea8d635087cd74026efaaf54f647d437857967c&o="
"1776666626-149","https://www.booking.com/searchresults.html?label=bristol-XLwodozx2dVe8Ts0XeYuawS752260715469%3Apl%3Ata%3Ap1%3Ap2%3Aac%3Aap%3Aneg%3Afi%3Atikwd-869815001187%3Alp1009919%3Ali%3Adec%3Adm%3Appccp%3DUmFuZG9tSVYkc2RlIyh9YXdX6HrtnYy-Ml68sH-ljtU&aid=311984&dest_id=198&dest_type=country&group_adults=2&req_adults=2&no_rooms=1&broad_search_not_eligible=1&order=distance_from_search","Calm Villa Kandy","Kandy","5.4 miles from Kandy City Center Shopping Mall in Kandy, Calm Villa Kandy provides accommodations with access to a public bath and open-air bath.","Scored 9.7","9.7","Exceptional","· 3 reviews","Value for money 9.2","Opens in new window","Show prices","Show on map","","https://cf.bstatic.com/xdata/images/hotel/square600/702832476.webp?k=32c3d3a97378020977b6c63e06d1bfc2e7aa86a9e330d151b5e1769d72c8c5f5&o="
"1776666626-150","https://www.booking.com/searchresults.html?label=bristol-XLwodozx2dVe8Ts0XeYuawS752260715469%3Apl%3Ata%3Ap1%3Ap2%3Aac%3Aap%3Aneg%3Afi%3Atikwd-869815001187%3Alp1009919%3Ali%3Adec%3Adm%3Appccp%3DUmFuZG9tSVYkc2RlIyh9YXdX6HrtnYy-Ml68sH-ljtU&aid=311984&dest_id=198&dest_type=country&group_adults=2&req_adults=2&no_rooms=1&broad_search_not_eligible=1&order=distance_from_search","Roo hills Reverston View Holiday Home","Matale","Roo hills Reverston View Holiday Home in Matale provides accommodations with a garden and a terrace. With mountain views, this accommodation offers a balcony.","","","","","","Opens in new window","Show prices","Show on map","New to Booking.com","https://cf.bstatic.com/xdata/images/hotel/square600/836291752.webp?k=c507fb4c8ced90cc958cde643b452f4489fe0afb29982b09bc5ec5266dc3c644&o="
"1776666626-151","https://www.booking.com/searchresults.html?label=bristol-XLwodozx2dVe8Ts0XeYuawS752260715469%3Apl%3Ata%3Ap1%3Ap2%3Aac%3Aap%3Aneg%3Afi%3Atikwd-869815001187%3Alp1009919%3Ali%3Adec%3Adm%3Appccp%3DUmFuZG9tSVYkc2RlIyh9YXdX6HrtnYy-Ml68sH-ljtU&aid=311984&dest_id=198&dest_type=country&group_adults=2&req_adults=2&no_rooms=1&broad_search_not_eligible=1&order=distance_from_search","Paradise Forest Garden","Matale","Featuring a garden, Paradise Forest Garden features accommodations in Matale. This property offers access to a balcony, free private parking, and free Wifi.","Scored 9.2","9.2","Wonderful","· 106 reviews","Value for money 9.3","Opens in new window","Show prices","Show on map","","https://cf.bstatic.com/xdata/images/hotel/square600/699437503.webp?k=25b69323979de4f12abac4f6c6241e2802d172ed7b22ae9cd3a4f6606b771c18&o="
"1776666626-152","https://www.booking.com/searchresults.html?label=bristol-XLwodozx2dVe8Ts0XeYuawS752260715469%3Apl%3Ata%3Ap1%3Ap2%3Aac%3Aap%3Aneg%3Afi%3Atikwd-869815001187%3Alp1009919%3Ali%3Adec%3Adm%3Appccp%3DUmFuZG9tSVYkc2RlIyh9YXdX6HrtnYy-Ml68sH-ljtU&aid=311984&dest_id=198&dest_type=country&group_adults=2&req_adults=2&no_rooms=1&broad_search_not_eligible=1&order=distance_from_search","My Car Wagon R","Kandy","My Car Wagon R offers accommodations in Kandy, 10 miles from Bogambara Stadium and 11 miles from Kandy City Center Shopping Mall.","","","","","","Opens in new window","Show prices","Show on map","","https://cf.bstatic.com/xdata/images/hotel/square600/711523735.webp?k=f81c3cbcf8de57afd0ef16505d0ea0631ba08d70a5b83fa3c434455ba1b180e8&o="
"1776666626-153","https://www.booking.com/searchresults.html?label=bristol-XLwodozx2dVe8Ts0XeYuawS752260715469%3Apl%3Ata%3Ap1%3Ap2%3Aac%3Aap%3Aneg%3Afi%3Atikwd-869815001187%3Alp1009919%3Ali%3Adec%3Adm%3Appccp%3DUmFuZG9tSVYkc2RlIyh9YXdX6HrtnYy-Ml68sH-ljtU&aid=311984&dest_id=198&dest_type=country&group_adults=2&req_adults=2&no_rooms=1&broad_search_not_eligible=1&order=distance_from_search","Hotel Green Fall Kandyan","Ambatenna","Located in Ambatenna, 5.2 miles from Kandy City Center Shopping Mall, Hotel Green Fall Kandyan has accommodations with a garden, free private parking, a terrace and a restaurant.","","","","","","Opens in new window","Show prices","Show on map","","https://cf.bstatic.com/xdata/images/hotel/square600/644143534.webp?k=e84c5754c3d9a014752d8bd405c45ee7daca0d9c32e1b3bbb151638ffed31aa9&o="
"1776666626-154","https://www.booking.com/searchresults.html?label=bristol-XLwodozx2dVe8Ts0XeYuawS752260715469%3Apl%3Ata%3Ap1%3Ap2%3Aac%3Aap%3Aneg%3Afi%3Atikwd-869815001187%3Alp1009919%3Ali%3Adec%3Adm%3Appccp%3DUmFuZG9tSVYkc2RlIyh9YXdX6HrtnYy-Ml68sH-ljtU&aid=311984&dest_id=198&dest_type=country&group_adults=2&req_adults=2&no_rooms=1&broad_search_not_eligible=1&order=distance_from_search","Kandy Walawuwa Home Stay","Ambatenna","Featuring garden views, Kandy Walawuwa Home Stay in Ambatenna provides accommodations and a garden. This homestay features free private parking, free shuttle service, and free Wifi.","Scored 8.0","8.0","Very Good","· 1 review","Value for money 10","Opens in new window","Show prices","Show on map","","https://cf.bstatic.com/xdata/images/hotel/square600/153178621.webp?k=af682613e9f99903ed49dd43d445cbd57fa6ebdc18f01858c377c9928e167943&o="
"1776666626-155","https://www.booking.com/searchresults.html?label=bristol-XLwodozx2dVe8Ts0XeYuawS752260715469%3Apl%3Ata%3Ap1%3Ap2%3Aac%3Aap%3Aneg%3Afi%3Atikwd-869815001187%3Alp1009919%3Ali%3Adec%3Adm%3Appccp%3DUmFuZG9tSVYkc2RlIyh9YXdX6HrtnYy-Ml68sH-ljtU&aid=311984&dest_id=198&dest_type=country&group_adults=2&req_adults=2&no_rooms=1&broad_search_not_eligible=1&order=distance_from_search","Lumiere Villa, Kandy","Nugawela","Providing a garden, Lumiere Villa, Kandy provides accommodations in Nugawela. This property offers access to a terrace, free private parking, and free Wifi.","","","","","","Opens in new window","Show prices","Show on map","New to Booking.com","https://cf.bstatic.com/xdata/images/hotel/square600/825722054.webp?k=5b41944be77a22adcda82d35c863f33494c69b1c8b62e39af5d37af023786357&o="
"1776666626-156","https://www.booking.com/searchresults.html?label=bristol-XLwodozx2dVe8Ts0XeYuawS752260715469%3Apl%3Ata%3Ap1%3Ap2%3Aac%3Aap%3Aneg%3Afi%3Atikwd-869815001187%3Alp1009919%3Ali%3Adec%3Adm%3Appccp%3DUmFuZG9tSVYkc2RlIyh9YXdX6HrtnYy-Ml68sH-ljtU&aid=311984&dest_id=198&dest_type=country&group_adults=2&req_adults=2&no_rooms=1&broad_search_not_eligible=1&order=distance_from_search","B&B Nugawela","Kandy","Offering a garden, B&B Nugawela offers accommodations in Kandy. This property offers access to a terrace and free private parking.","","","","","","Opens in new window","Show prices","Show on map","New to Booking.com","https://cf.bstatic.com/xdata/images/hotel/square600/829818113.webp?k=ca38c9145748919e29b1cd35477f3a7c693a3d1e5e6295c92ebc8fbcb1f9a7d2&o="
"1776666626-157","https://www.booking.com/searchresults.html?label=bristol-XLwodozx2dVe8Ts0XeYuawS752260715469%3Apl%3Ata%3Ap1%3Ap2%3Aac%3Aap%3Aneg%3Afi%3Atikwd-869815001187%3Alp1009919%3Ali%3Adec%3Adm%3Appccp%3DUmFuZG9tSVYkc2RlIyh9YXdX6HrtnYy-Ml68sH-ljtU&aid=311984&dest_id=198&dest_type=country&group_adults=2&req_adults=2&no_rooms=1&broad_search_not_eligible=1&order=distance_from_search","Natural flavour home stay","Katugastota","Providing a garden, Natural flavour home stay provides accommodations in Katugastota. This property offers access to a terrace, free private parking, and free Wifi.","","","","","","Opens in new window","Show prices","Show on map","New to Booking.com","https://cf.bstatic.com/xdata/images/hotel/square600/810357066.webp?k=b7079a39adef845bec7bd2ba20f2c29bb511ad6dba0a006d08156e03c5509f8a&o="
"1776666626-158","https://www.booking.com/searchresults.html?label=bristol-XLwodozx2dVe8Ts0XeYuawS752260715469%3Apl%3Ata%3Ap1%3Ap2%3Aac%3Aap%3Aneg%3Afi%3Atikwd-869815001187%3Alp1009919%3Ali%3Adec%3Adm%3Appccp%3DUmFuZG9tSVYkc2RlIyh9YXdX6HrtnYy-Ml68sH-ljtU&aid=311984&dest_id=198&dest_type=country&group_adults=2&req_adults=2&no_rooms=1&broad_search_not_eligible=1&order=distance_from_search","Zee's Garden","Matale","Providing a garden, Zee's Garden offers accommodations in Matale. This farm stay provides free private parking, a 24-hour front desk, and free Wifi.","","","","","","Opens in new window","Show prices","Show on map","","https://cf.bstatic.com/xdata/images/hotel/square600/83171808.webp?k=3e4b624b69638d6a47ca96ef8b3d368b96c898825c2f206b7d63edcf55108e31&o="
"1776666626-159","https://www.booking.com/searchresults.html?label=bristol-XLwodozx2dVe8Ts0XeYuawS752260715469%3Apl%3Ata%3Ap1%3Ap2%3Aac%3Aap%3Aneg%3Afi%3Atikwd-869815001187%3Alp1009919%3Ali%3Adec%3Adm%3Appccp%3DUmFuZG9tSVYkc2RlIyh9YXdX6HrtnYy-Ml68sH-ljtU&aid=311984&dest_id=198&dest_type=country&group_adults=2&req_adults=2&no_rooms=1&broad_search_not_eligible=1&order=distance_from_search","Strathisla Tea Estate Bungalow","Matale","Overlooking stunning nature views, Strathisla Guest House features an outdoor swimming pool and barbecue facilities. Guests can also enjoy free Wi-Fi access at all areas of the property.","Scored 9.5","9.5","Exceptional","· 60 reviews","Value for money 8.9","Opens in new window","Show prices","Show on map","","https://cf.bstatic.com/xdata/images/hotel/square600/77500959.webp?k=25b4691c508b6baee416dd82d5759ad7472e420e3dac6702580b29d6566e6078&o="
"1776666626-160","https://www.booking.com/searchresults.html?label=bristol-XLwodozx2dVe8Ts0XeYuawS752260715469%3Apl%3Ata%3Ap1%3Ap2%3Aac%3Aap%3Aneg%3Afi%3Atikwd-869815001187%3Alp1009919%3Ali%3Adec%3Adm%3Appccp%3DUmFuZG9tSVYkc2RlIyh9YXdX6HrtnYy-Ml68sH-ljtU&aid=311984&dest_id=198&dest_type=country&group_adults=2&req_adults=2&no_rooms=1&broad_search_not_eligible=1&order=distance_from_search","AnandaHomestay","Kandy","A good location for a relaxing stay in Kandy, AnandaHomestay is a homestay surrounded by views of the mountain.","Scored 7.5","7.5","Good","· 2 reviews","","Opens in new window","Show prices","Show on map","","https://cf.bstatic.com/xdata/images/hotel/square600/603234341.webp?k=cd97c48f7ae993f9285fe774d69c35c81a7c46616c0e04996429acd412dfabf2&o="
"1776666626-161","https://www.booking.com/searchresults.html?label=bristol-XLwodozx2dVe8Ts0XeYuawS752260715469%3Apl%3Ata%3Ap1%3Ap2%3Aac%3Aap%3Aneg%3Afi%3Atikwd-869815001187%3Alp1009919%3Ali%3Adec%3Adm%3Appccp%3DUmFuZG9tSVYkc2RlIyh9YXdX6HrtnYy-Ml68sH-ljtU&aid=311984&dest_id=198&dest_type=country&group_adults=2&req_adults=2&no_rooms=1&broad_search_not_eligible=1&order=distance_from_search","Maple House Kandy Sri Lanka","Kulugammana","Maple House Kandy Sri Lanka in Kulugammana provides accommodations with a garden and a terrace. This guest house features free private parking, a 24-hour front desk, and free Wifi.","","","","","","Opens in new window","Show prices","Show on map","New to Booking.com","https://cf.bstatic.com/xdata/images/hotel/square600/835726484.webp?k=4fe05d88232eb708789f8f92c985b3d1f25c6c07d4ec0acf4d358a0ea7f03b53&o="
"1776666626-162","https://www.booking.com/searchresults.html?label=bristol-XLwodozx2dVe8Ts0XeYuawS752260715469%3Apl%3Ata%3Ap1%3Ap2%3Aac%3Aap%3Aneg%3Afi%3Atikwd-869815001187%3Alp1009919%3Ali%3Adec%3Adm%3Appccp%3DUmFuZG9tSVYkc2RlIyh9YXdX6HrtnYy-Ml68sH-ljtU&aid=311984&dest_id=198&dest_type=country&group_adults=2&req_adults=2&no_rooms=1&broad_search_not_eligible=1&order=distance_from_search","Elegant Stays Villa","Kandy","Located in Kandy, 4.7 miles from Kandy City Center Shopping Mall, Elegant Stays Villa has accommodations with a garden, free private parking and a terrace.","Scored 10","10","Exceptional","· 2 reviews","Value for money 10","Opens in new window","Show prices","Show on map","","https://cf.bstatic.com/xdata/images/hotel/square600/632559191.webp?k=43bf0e6e84537cf0c4ce958ec3b80ed71122542f741ae0d51d0be9db3bf81c7b&o="
"1776666626-163","https://www.booking.com/searchresults.html?label=bristol-XLwodozx2dVe8Ts0XeYuawS752260715469%3Apl%3Ata%3Ap1%3Ap2%3Aac%3Aap%3Aneg%3Afi%3Atikwd-869815001187%3Alp1009919%3Ali%3Adec%3Adm%3Appccp%3DUmFuZG9tSVYkc2RlIyh9YXdX6HrtnYy-Ml68sH-ljtU&aid=311984&dest_id=198&dest_type=country&group_adults=2&req_adults=2&no_rooms=1&broad_search_not_eligible=1&order=distance_from_search","Evergreen Hideout by Tequila Holidays","Kandangama","Evergreen Hideout by Tequila Holidays offers accommodations in Kandangama, 7.3 miles from Kandy Royal Botanic Gardens and 10 miles from Kandy Train Station.","Scored 9.5","9.5","Exceptional","· 2 reviews","Value for money 10","Opens in new window","Show prices","Show on map","","https://cf.bstatic.com/xdata/images/hotel/square600/778140916.webp?k=54f1b3a7d859da56d150bac504657bded87ef27feb75a1f69d53d9f73e49939f&o="
"1776666626-164","https://www.booking.com/searchresults.html?label=bristol-XLwodozx2dVe8Ts0XeYuawS752260715469%3Apl%3Ata%3Ap1%3Ap2%3Aac%3Aap%3Aneg%3Afi%3Atikwd-869815001187%3Alp1009919%3Ali%3Adec%3Adm%3Appccp%3DUmFuZG9tSVYkc2RlIyh9YXdX6HrtnYy-Ml68sH-ljtU&aid=311984&dest_id=198&dest_type=country&group_adults=2&req_adults=2&no_rooms=1&broad_search_not_eligible=1&order=distance_from_search","Chathu Green Heaven","Katugastota","Chathu Green Heaven offers accommodations in Katugastota, 4.4 miles from Kandy City Center Shopping Mall and 4.8 miles from Bogambara Stadium.","","","","","","Opens in new window","Show prices","Show on map","New to Booking.com","https://cf.bstatic.com/xdata/images/hotel/square600/854977938.webp?k=45ccaa4baebbe96988062b80b341526655cd02d6484256984082c26bc48663d5&o="
"1776666626-165","https://www.booking.com/searchresults.html?label=bristol-XLwodozx2dVe8Ts0XeYuawS752260715469%3Apl%3Ata%3Ap1%3Ap2%3Aac%3Aap%3Aneg%3Afi%3Atikwd-869815001187%3Alp1009919%3Ali%3Adec%3Adm%3Appccp%3DUmFuZG9tSVYkc2RlIyh9YXdX6HrtnYy-Ml68sH-ljtU&aid=311984&dest_id=198&dest_type=country&group_adults=2&req_adults=2&no_rooms=1&broad_search_not_eligible=1&order=distance_from_search","Hill Top Villa Kandy","Ambatenna","Hill Top Villa Kandy in Ambatenna provides accommodations with a garden and a shared lounge.","Scored 9.5","9.5","Exceptional","· 10 reviews","Value for money 9.5","Opens in new window","Show prices","Show on map","","https://cf.bstatic.com/xdata/images/hotel/square600/748170217.webp?k=dd9f5d220bf21bdeba536a6a48f27df56ce41a00d0fe364dfd21de96f8a4e7ba&o="
"1776666626-166","https://www.booking.com/searchresults.html?label=bristol-XLwodozx2dVe8Ts0XeYuawS752260715469%3Apl%3Ata%3Ap1%3Ap2%3Aac%3Aap%3Aneg%3Afi%3Atikwd-869815001187%3Alp1009919%3Ali%3Adec%3Adm%3Appccp%3DUmFuZG9tSVYkc2RlIyh9YXdX6HrtnYy-Ml68sH-ljtU&aid=311984&dest_id=198&dest_type=country&group_adults=2&req_adults=2&no_rooms=1&broad_search_not_eligible=1&order=distance_from_search","The Paddy Breeze Villa","Marukwatura","The Paddy Breeze Villa enjoys a location in Marukwatura, 29 miles from Bogambara Stadium and 29 miles from Kandy City Center Shopping Mall.","Scored 10","10","Exceptional","· 1 review","Value for money 10","Opens in new window","Show prices","Show on map","New to Booking.com","https://cf.bstatic.com/xdata/images/hotel/square600/835116918.webp?k=8b1dd03dd6c4e093b3686b5efcb4c6fa4cad86947f67869f0d544b79b5dec8d1&o="
"1776666626-167","https://www.booking.com/searchresults.html?label=bristol-XLwodozx2dVe8Ts0XeYuawS752260715469%3Apl%3Ata%3Ap1%3Ap2%3Aac%3Aap%3Aneg%3Afi%3Atikwd-869815001187%3Alp1009919%3Ali%3Adec%3Adm%3Appccp%3DUmFuZG9tSVYkc2RlIyh9YXdX6HrtnYy-Ml68sH-ljtU&aid=311984&dest_id=198&dest_type=country&group_adults=2&req_adults=2&no_rooms=1&broad_search_not_eligible=1&order=distance_from_search","Heliconia Ledge","Mawanella","Featuring an outdoor swimming pool, a garden, and a terrace, Heliconia Ledge provides accommodations in Mawanella with free WiFi and mountain views.","Scored 9.6","9.6","Exceptional","· 9 reviews","Value for money 9.1","Opens in new window","Show prices","Show on map","","https://cf.bstatic.com/xdata/images/hotel/square600/684235319.webp?k=64e020383f70f65d96fcce2b5a8407e28f6dfbf4a90786dcb13e28a6b147e000&o="
"1776666626-168","https://www.booking.com/searchresults.html?label=bristol-XLwodozx2dVe8Ts0XeYuawS752260715469%3Apl%3Ata%3Ap1%3Ap2%3Aac%3Aap%3Aneg%3Afi%3Atikwd-869815001187%3Alp1009919%3Ali%3Adec%3Adm%3Appccp%3DUmFuZG9tSVYkc2RlIyh9YXdX6HrtnYy-Ml68sH-ljtU&aid=311984&dest_id=198&dest_type=country&group_adults=2&req_adults=2&no_rooms=1&broad_search_not_eligible=1&order=distance_from_search","Rocksana Fortress Yoga & Retreat","Pinnawala","Located in Pinnawala, 14 miles from Kandy Royal Botanic Gardens, Rocksana Fortress Yoga & Retreat provides accommodations with a seasonal outdoor swimming pool, free private parking, a garden and a...","","","","","","Opens in new window","Show prices","Show on map","New to Booking.com","https://cf.bstatic.com/xdata/images/hotel/square600/843469123.webp?k=2698565220a234fbb278d045b594026052c047bbffbf5a8aa89b924fca384614&o="
"1776666626-169","https://www.booking.com/searchresults.html?label=bristol-XLwodozx2dVe8Ts0XeYuawS752260715469%3Apl%3Ata%3Ap1%3Ap2%3Aac%3Aap%3Aneg%3Afi%3Atikwd-869815001187%3Alp1009919%3Ali%3Adec%3Adm%3Appccp%3DUmFuZG9tSVYkc2RlIyh9YXdX6HrtnYy-Ml68sH-ljtU&aid=311984&dest_id=198&dest_type=country&group_adults=2&req_adults=2&no_rooms=1&broad_search_not_eligible=1&order=distance_from_search","Rolling Hills Retreat","Katugastota","Featuring a garden, Rolling Hills Retreat features accommodations in Katugastota. This property offers access to a balcony, free private parking, and free Wifi.","","","","","","Opens in new window","Show prices","Show on map","New to Booking.com","https://cf.bstatic.com/xdata/images/hotel/square600/835994991.webp?k=1ab71f6c5b7bfe3e980b70952da9bf2e96fd51e1684d0e7ac06b271296d09121&o="
"1776666626-170","https://www.booking.com/searchresults.html?label=bristol-XLwodozx2dVe8Ts0XeYuawS752260715469%3Apl%3Ata%3Ap1%3Ap2%3Aac%3Aap%3Aneg%3Afi%3Atikwd-869815001187%3Alp1009919%3Ali%3Adec%3Adm%3Appccp%3DUmFuZG9tSVYkc2RlIyh9YXdX6HrtnYy-Ml68sH-ljtU&aid=311984&dest_id=198&dest_type=country&group_adults=2&req_adults=2&no_rooms=1&broad_search_not_eligible=1&order=distance_from_search","Rock House Villa","Kandy","Rock House Villa enjoys a location in Kandy, 5.4 miles from Kandy Train Station and 6.2 miles from Kandy Museum.","Scored 10","10","Exceptional","· 1 review","Location 10","Opens in new window","Show prices","Show on map","","https://cf.bstatic.com/xdata/images/hotel/square600/617311701.webp?k=da183287970a8502e90c309277559eda4a832153f19effa984d90c3ba8472d87&o="
"1776666626-171","https://www.booking.com/searchresults.html?label=bristol-XLwodozx2dVe8Ts0XeYuawS752260715469%3Apl%3Ata%3Ap1%3Ap2%3Aac%3Aap%3Aneg%3Afi%3Atikwd-869815001187%3Alp1009919%3Ali%3Adec%3Adm%3Appccp%3DUmFuZG9tSVYkc2RlIyh9YXdX6HrtnYy-Ml68sH-ljtU&aid=311984&dest_id=198&dest_type=country&group_adults=2&req_adults=2&no_rooms=1&broad_search_not_eligible=1&order=distance_from_search","Aura Hilltop Matale","Matale","Aura Hilltop Matale offers accommodations in Matale, 19 miles from Bogambara Stadium and 19 miles from Pallekele International Cricket Stadium.","Scored 10","10","Exceptional","· 3 reviews","Value for money 10","Opens in new window","Show prices","Show on map","","https://cf.bstatic.com/xdata/images/hotel/square600/772829214.webp?k=418eb818f79d1039b6540e749f35b50361b9c56fb1f3deabe33cbb83d7b982bc&o="
"1776666626-172","https://www.booking.com/searchresults.html?label=bristol-XLwodozx2dVe8Ts0XeYuawS752260715469%3Apl%3Ata%3Ap1%3Ap2%3Aac%3Aap%3Aneg%3Afi%3Atikwd-869815001187%3Alp1009919%3Ali%3Adec%3Adm%3Appccp%3DUmFuZG9tSVYkc2RlIyh9YXdX6HrtnYy-Ml68sH-ljtU&aid=311984&dest_id=198&dest_type=country&group_adults=2&req_adults=2&no_rooms=1&broad_search_not_eligible=1&order=distance_from_search","JayS Place Matale","Kavudupelella","Located in Kavudupelella, 24 miles from Kandy City Center Shopping Mall, JayS Place Matale provides accommodations with free bikes, free private parking, a garden and a restaurant.","Scored 9.7","9.7","Exceptional","· 13 reviews","Value for money 9.9","Opens in new window","Show prices","Show on map","","https://cf.bstatic.com/xdata/images/hotel/square600/575823040.webp?k=ab059ab648bc34fb87f3b0405ce46c2a02569c29e63c4379657912fb0235e627&o="
"1776666626-173","https://www.booking.com/searchresults.html?label=bristol-XLwodozx2dVe8Ts0XeYuawS752260715469%3Apl%3Ata%3Ap1%3Ap2%3Aac%3Aap%3Aneg%3Afi%3Atikwd-869815001187%3Alp1009919%3Ali%3Adec%3Adm%3Appccp%3DUmFuZG9tSVYkc2RlIyh9YXdX6HrtnYy-Ml68sH-ljtU&aid=311984&dest_id=198&dest_type=country&group_adults=2&req_adults=2&no_rooms=1&broad_search_not_eligible=1&order=distance_from_search","Hanthana View Homestay","Kandy","Featuring a garden, a shared lounge, and a terrace, Hanthana View Homestay provides accommodations in Kandy with free WiFi and mountain views. This lodge has free private parking and a shared kitchen....","Scored 10","10","Exceptional","· 1 review","Value for money 10","Opens in new window","Show prices","Show on map","","https://cf.bstatic.com/xdata/images/hotel/square600/504061216.webp?k=8f22ff1f2c0a0951d343473be6f69394ab6f751ac4bfaf571d9ceff8fbe38d23&o="
"1776666626-174","https://www.booking.com/searchresults.html?label=bristol-XLwodozx2dVe8Ts0XeYuawS752260715469%3Apl%3Ata%3Ap1%3Ap2%3Aac%3Aap%3Aneg%3Afi%3Atikwd-869815001187%3Alp1009919%3Ali%3Adec%3Adm%3Appccp%3DUmFuZG9tSVYkc2RlIyh9YXdX6HrtnYy-Ml68sH-ljtU&aid=311984&dest_id=198&dest_type=country&group_adults=2&req_adults=2&no_rooms=1&broad_search_not_eligible=1&order=distance_from_search","Luck Uyana Cabana Pinnawala","Pinnawala","Located in Pinnawala, 18 miles from Kandy Royal Botanic Gardens, Luck Uyana Cabana Pinnawala has accommodations with a garden, free private parking, a restaurant and a bar.","Scored 7.7","7.7","Good","· 48 reviews","Value for money 8.7","Opens in new window","Show prices","Show on map","","https://cf.bstatic.com/xdata/images/hotel/square600/170416095.webp?k=b27967cf744f3c976b2fb734935690182255215640563391271c1b5992acfd03&o="
"1776666626-175","https://www.booking.com/searchresults.html?label=bristol-XLwodozx2dVe8Ts0XeYuawS752260715469%3Apl%3Ata%3Ap1%3Ap2%3Aac%3Aap%3Aneg%3Afi%3Atikwd-869815001187%3Alp1009919%3Ali%3Adec%3Adm%3Appccp%3DUmFuZG9tSVYkc2RlIyh9YXdX6HrtnYy-Ml68sH-ljtU&aid=311984&dest_id=198&dest_type=country&group_adults=2&req_adults=2&no_rooms=1&broad_search_not_eligible=1&order=distance_from_search","Clodagh Manor House by Seven Angels","Matale","Providing garden views, Clodagh Manor House by Seven Angels in Matale offers accommodations, a seasonal outdoor swimming pool, and a garden.","Scored 9.4","9.4","Wonderful","· 24 reviews","Value for money 9.1","Opens in new window","Show prices","Show on map","","https://cf.bstatic.com/xdata/images/hotel/square600/643837183.webp?k=8e8cc44b289c65f9632967b9c0c33b5ed107a1b7c2a57cc6d378aa05b6c2f969&o="
"1776666626-176","https://www.booking.com/searchresults.html?label=bristol-XLwodozx2dVe8Ts0XeYuawS752260715469%3Apl%3Ata%3Ap1%3Ap2%3Aac%3Aap%3Aneg%3Afi%3Atikwd-869815001187%3Alp1009919%3Ali%3Adec%3Adm%3Appccp%3DUmFuZG9tSVYkc2RlIyh9YXdX6HrtnYy-Ml68sH-ljtU&aid=311984&dest_id=198&dest_type=country&group_adults=2&req_adults=2&no_rooms=1&broad_search_not_eligible=1&order=distance_from_search","Family-friendly Private Villa with Mountain Views near Kandy","Katugastota","Family-friendly Private Villa with Mountain Views near Kandy is located in Katugastota, just 4.7 miles from Bogambara Stadium and 4.8 miles from Kandy Train Station.","Scored 10","10","Exceptional","· 4 reviews","Value for money 10","Opens in new window","Show prices","Show on map","","https://cf.bstatic.com/xdata/images/hotel/square600/693186924.webp?k=80488889095c57f559ceae3dcb48e0707cc8752fb0c9aa708c2b1d4494072c16&o="
"1776666626-177","https://www.booking.com/searchresults.html?label=bristol-XLwodozx2dVe8Ts0XeYuawS752260715469%3Apl%3Ata%3Ap1%3Ap2%3Aac%3Aap%3Aneg%3Afi%3Atikwd-869815001187%3Alp1009919%3Ali%3Adec%3Adm%3Appccp%3DUmFuZG9tSVYkc2RlIyh9YXdX6HrtnYy-Ml68sH-ljtU&aid=311984&dest_id=198&dest_type=country&group_adults=2&req_adults=2&no_rooms=1&broad_search_not_eligible=1&order=distance_from_search","Daffodil Home","Kandy","Offering mountain views, Daffodil Home in Kandy offers accommodations, a garden, and a terrace. This property offers access to a balcony, free private parking, and free Wifi.","Scored 9.1","9.1","Wonderful","· 7 reviews","Value for money 9.5","Opens in new window","Show prices","Show on map","","https://cf.bstatic.com/xdata/images/hotel/square600/590946427.webp?k=d79e3d651c5983a4627cb4e5ca28870771a1e337f34361b3eb59ca512ef806e2&o="
"1776666626-178","https://www.booking.com/searchresults.html?label=bristol-XLwodozx2dVe8Ts0XeYuawS752260715469%3Apl%3Ata%3Ap1%3Ap2%3Aac%3Aap%3Aneg%3Afi%3Atikwd-869815001187%3Alp1009919%3Ali%3Adec%3Adm%3Appccp%3DUmFuZG9tSVYkc2RlIyh9YXdX6HrtnYy-Ml68sH-ljtU&aid=311984&dest_id=198&dest_type=country&group_adults=2&req_adults=2&no_rooms=1&broad_search_not_eligible=1&order=distance_from_search","Aarya hotel","Pinnawala","Aarya hotel is a recently renovated guest house in Pinnawala where guests can make the most of its outdoor swimming pool, garden, and terrace.","","","","","","Opens in new window","Show prices","Show on map","","https://cf.bstatic.com/xdata/images/hotel/square600/112984258.webp?k=1aa82f34dce1854eb92d7d17ffeee84235effa4f483c3b5e51642b9837e76f61&o="
"1776666626-179","https://www.booking.com/searchresults.html?label=bristol-XLwodozx2dVe8Ts0XeYuawS752260715469%3Apl%3Ata%3Ap1%3Ap2%3Aac%3Aap%3Aneg%3Afi%3Atikwd-869815001187%3Alp1009919%3Ali%3Adec%3Adm%3Appccp%3DUmFuZG9tSVYkc2RlIyh9YXdX6HrtnYy-Ml68sH-ljtU&aid=311984&dest_id=198&dest_type=country&group_adults=2&req_adults=2&no_rooms=1&broad_search_not_eligible=1&order=distance_from_search","Calmira Boutique Stay","Kegalle","Calmira Boutique Stay offers accommodations in Kegalle, 25 miles from Kandy Royal Botanic Gardens and 27 miles from Kandy Train Station.","","","","","","Opens in new window","Show prices","Show on map","New to Booking.com","https://cf.bstatic.com/xdata/images/hotel/square600/829175579.webp?k=92b76d87eb86a96a8af26ce1ab7807fdff6a4e36c64d95d591caa56bd72083e0&o="
"1776666626-180","https://www.booking.com/searchresults.html?label=bristol-XLwodozx2dVe8Ts0XeYuawS752260715469%3Apl%3Ata%3Ap1%3Ap2%3Aac%3Aap%3Aneg%3Afi%3Atikwd-869815001187%3Alp1009919%3Ali%3Adec%3Adm%3Appccp%3DUmFuZG9tSVYkc2RlIyh9YXdX6HrtnYy-Ml68sH-ljtU&aid=311984&dest_id=198&dest_type=country&group_adults=2&req_adults=2&no_rooms=1&broad_search_not_eligible=1&order=distance_from_search","Twin Villa 22","Katugastota","4 miles from Kandy City Center Shopping Mall in Katugastota, Twin Villa 22 provides accommodations with access to beauty services.","","","","","","Opens in new window","Show prices","Show on map","","https://cf.bstatic.com/xdata/images/hotel/square600/175103083.webp?k=2e8950de3cc97e4cf5b7731d76307a113f5fffcfec412890e1b00bddc8625923&o="
"1776666626-181","https://www.booking.com/searchresults.html?label=bristol-XLwodozx2dVe8Ts0XeYuawS752260715469%3Apl%3Ata%3Ap1%3Ap2%3Aac%3Aap%3Aneg%3Afi%3Atikwd-869815001187%3Alp1009919%3Ali%3Adec%3Adm%3Appccp%3DUmFuZG9tSVYkc2RlIyh9YXdX6HrtnYy-Ml68sH-ljtU&aid=311984&dest_id=198&dest_type=country&group_adults=2&req_adults=2&no_rooms=1&broad_search_not_eligible=1&order=distance_from_search","Jungle Village Homestay","Pinnawala","Jungle Village Homestay is located in Pinnawala, just 17 miles from Kandy Royal Botanic Gardens and 20 miles from Kandy Train Station.","Scored 9.7","9.7","Exceptional","· 39 reviews","Value for money 9.8","Opens in new window","Show prices","Show on map","","https://cf.bstatic.com/xdata/images/hotel/square600/112481444.webp?k=de09055c0d74110238d8a4cac3707cc642794a1cc8e986ec96fdd0d0c0b45d03&o="
"1776666626-182","https://www.booking.com/searchresults.html?label=bristol-XLwodozx2dVe8Ts0XeYuawS752260715469%3Apl%3Ata%3Ap1%3Ap2%3Aac%3Aap%3Aneg%3Afi%3Atikwd-869815001187%3Alp1009919%3Ali%3Adec%3Adm%3Appccp%3DUmFuZG9tSVYkc2RlIyh9YXdX6HrtnYy-Ml68sH-ljtU&aid=311984&dest_id=198&dest_type=country&group_adults=2&req_adults=2&no_rooms=1&broad_search_not_eligible=1&order=distance_from_search","Mimosha holiday inn","Godapola","Mimosha holiday inn is located in Godapola, just 25 miles from Kandy Royal Botanic Gardens and 28 miles from Kandy Train Station.","","","","","","Opens in new window","Show prices","Show on map","","https://cf.bstatic.com/xdata/images/hotel/square600/769081232.webp?k=e8d3779b1a5ec2bbef0dce20734803a9c311fe19326d9f8f8b010015fbd72bd5&o="
"1776666626-183","https://www.booking.com/searchresults.html?label=bristol-XLwodozx2dVe8Ts0XeYuawS752260715469%3Apl%3Ata%3Ap1%3Ap2%3Aac%3Aap%3Aneg%3Afi%3Atikwd-869815001187%3Alp1009919%3Ali%3Adec%3Adm%3Appccp%3DUmFuZG9tSVYkc2RlIyh9YXdX6HrtnYy-Ml68sH-ljtU&aid=311984&dest_id=198&dest_type=country&group_adults=2&req_adults=2&no_rooms=1&broad_search_not_eligible=1&order=distance_from_search","Niketh Villa Kandy","Kandy","Offering garden views, Niketh Villa Kandy in Kandy provides accommodations and a shared lounge.","Scored 9.5","9.5","Exceptional","· 68 reviews","Value for money 9.0","Opens in new window","Show prices","Show on map","","https://cf.bstatic.com/xdata/images/hotel/square600/167197488.webp?k=d7e6708b05a773cf056680a170ab7a37637ef06b9694c6dfb73198c3097afd81&o="
"1776666626-184","https://www.booking.com/searchresults.html?label=bristol-XLwodozx2dVe8Ts0XeYuawS752260715469%3Apl%3Ata%3Ap1%3Ap2%3Aac%3Aap%3Aneg%3Afi%3Atikwd-869815001187%3Alp1009919%3Ali%3Adec%3Adm%3Appccp%3DUmFuZG9tSVYkc2RlIyh9YXdX6HrtnYy-Ml68sH-ljtU&aid=311984&dest_id=198&dest_type=country&group_adults=2&req_adults=2&no_rooms=1&broad_search_not_eligible=1&order=distance_from_search","Hotel Grand Resto","Katugastota","Located in Katugastota, 3.8 miles from Kandy City Center Shopping Mall, Hotel Grand Resto provides accommodations with a shared lounge, free private parking, a restaurant and barbecue facilities.","","","","","","Opens in new window","Show prices","Show on map","","https://cf.bstatic.com/xdata/images/hotel/square600/554684131.webp?k=5bdf247432c60bfc543d75b237931e79aeabb014acf11142cae08e199236e827&o="
"1776666626-185","https://www.booking.com/searchresults.html?label=bristol-XLwodozx2dVe8Ts0XeYuawS752260715469%3Apl%3Ata%3Ap1%3Ap2%3Aac%3Aap%3Aneg%3Afi%3Atikwd-869815001187%3Alp1009919%3Ali%3Adec%3Adm%3Appccp%3DUmFuZG9tSVYkc2RlIyh9YXdX6HrtnYy-Ml68sH-ljtU&aid=311984&dest_id=198&dest_type=country&group_adults=2&req_adults=2&no_rooms=1&broad_search_not_eligible=1&order=distance_from_search","Kingston Sri lanka","Katugastota","Kingston Sri lanka is located in Katugastota, just 3.8 miles from Kandy City Center Shopping Mall and 4.3 miles from Bogambara Stadium. Guests are welcome to go for a swim in the private pool.","","","","","","Opens in new window","Show prices","Show on map","","https://cf.bstatic.com/xdata/images/hotel/square600/714619295.webp?k=697d4f3ad35440d5ecc60f9cdbe630370a849f7f1c298c29dc0aa0d2b14201e3&o="
"1776666626-186","https://www.booking.com/searchresults.html?label=bristol-XLwodozx2dVe8Ts0XeYuawS752260715469%3Apl%3Ata%3Ap1%3Ap2%3Aac%3Aap%3Aneg%3Afi%3Atikwd-869815001187%3Alp1009919%3Ali%3Adec%3Adm%3Appccp%3DUmFuZG9tSVYkc2RlIyh9YXdX6HrtnYy-Ml68sH-ljtU&aid=311984&dest_id=198&dest_type=country&group_adults=2&req_adults=2&no_rooms=1&broad_search_not_eligible=1&order=distance_from_search","The Kandyan Manor by Bhathiya & Suzy","Kandy","Wake up in a traditional home located just 2.8 mi away from the noisy city, 3.1 mi from the Temple of the Tooth Relic ( Sri Dalada Maligawa).","Scored 9.5","9.5","Exceptional","· 209 reviews","Value for money 9.4","Opens in new window","Show prices","Show on map","","https://cf.bstatic.com/xdata/images/hotel/square600/84619845.webp?k=79f54a097a4b312c864d03109609821eec9853a5b79300bdadf37b4446e66338&o="
"1776666626-187","https://www.booking.com/searchresults.html?label=bristol-XLwodozx2dVe8Ts0XeYuawS752260715469%3Apl%3Ata%3Ap1%3Ap2%3Aac%3Aap%3Aneg%3Afi%3Atikwd-869815001187%3Alp1009919%3Ali%3Adec%3Adm%3Appccp%3DUmFuZG9tSVYkc2RlIyh9YXdX6HrtnYy-Ml68sH-ljtU&aid=311984&dest_id=198&dest_type=country&group_adults=2&req_adults=2&no_rooms=1&broad_search_not_eligible=1&order=distance_from_search","Gagana Vila","Kandy","Providing a garden, Gagana Vila offers accommodations in Kandy. This property offers access to a terrace, free private parking, and free Wifi.","Scored 8.8","8.8","Excellent","· 13 reviews","Value for money 9.4","Opens in new window","Show prices","Show on map","","https://cf.bstatic.com/xdata/images/hotel/square600/482208198.webp?k=25b7bac2f2a840aca8869bd61d1ca2a89afc98953a5935a34220781308cba731&o="
"1776666626-188","https://www.booking.com/searchresults.html?label=bristol-XLwodozx2dVe8Ts0XeYuawS752260715469%3Apl%3Ata%3Ap1%3Ap2%3Aac%3Aap%3Aneg%3Afi%3Atikwd-869815001187%3Alp1009919%3Ali%3Adec%3Adm%3Appccp%3DUmFuZG9tSVYkc2RlIyh9YXdX6HrtnYy-Ml68sH-ljtU&aid=311984&dest_id=198&dest_type=country&group_adults=2&req_adults=2&no_rooms=1&broad_search_not_eligible=1&order=distance_from_search","Gagana Villa","Kandy","Offering quiet street views, Gagana Villa in Kandy features accommodations and a garden. This property offers access to a terrace, free private parking, and free Wifi.","Scored 9.8","9.8","Exceptional","· 6 reviews","Value for money 9.5","Opens in new window","Show prices","Show on map","","https://cf.bstatic.com/xdata/images/hotel/square600/756332976.webp?k=2847fef792a2fa1a4184af41ba7a2ddbde7e630488ec7e25105d638a2841fea0&o="
"1776666626-189","https://www.booking.com/searchresults.html?label=bristol-XLwodozx2dVe8Ts0XeYuawS752260715469%3Apl%3Ata%3Ap1%3Ap2%3Aac%3Aap%3Aneg%3Afi%3Atikwd-869815001187%3Alp1009919%3Ali%3Adec%3Adm%3Appccp%3DUmFuZG9tSVYkc2RlIyh9YXdX6HrtnYy-Ml68sH-ljtU&aid=311984&dest_id=198&dest_type=country&group_adults=2&req_adults=2&no_rooms=1&broad_search_not_eligible=1&order=distance_from_search","Kandyan Grey","Katugastota","Kandyan Grey is located in Katugastota, just 4.2 miles from Kandy Train Station and 5 miles from Kandy Museum.","","","","","","Opens in new window","Show prices","Show on map","","https://cf.bstatic.com/xdata/images/hotel/square600/706201735.webp?k=a2971137568bfdfeda6841b747dda35abea53f565b2eff342884e8e4ac59880d&o="
"1776666626-190","https://www.booking.com/searchresults.html?label=bristol-XLwodozx2dVe8Ts0XeYuawS752260715469%3Apl%3Ata%3Ap1%3Ap2%3Aac%3Aap%3Aneg%3Afi%3Atikwd-869815001187%3Alp1009919%3Ali%3Adec%3Adm%3Appccp%3DUmFuZG9tSVYkc2RlIyh9YXdX6HrtnYy-Ml68sH-ljtU&aid=311984&dest_id=198&dest_type=country&group_adults=2&req_adults=2&no_rooms=1&broad_search_not_eligible=1&order=distance_from_search","sb villa 'free pickup from kandy","Gettapola","Sb villa 'free pickup from kandy is located in Gettapola, just 3.4 miles from Kandy Royal Botanic Gardens and 6.4 miles from Kandy Train Station.","Scored 1.0","1.0","Review score","· 1 review","","Opens in new window","Show prices","Show on map","","https://cf.bstatic.com/xdata/images/hotel/square600/765136542.webp?k=021bbefc66eda23b40272a8caf2d47999de447ec497f6f0f2ff0666ddf1b4998&o="
"1776666626-191","https://www.booking.com/searchresults.html?label=bristol-XLwodozx2dVe8Ts0XeYuawS752260715469%3Apl%3Ata%3Ap1%3Ap2%3Aac%3Aap%3Aneg%3Afi%3Atikwd-869815001187%3Alp1009919%3Ali%3Adec%3Adm%3Appccp%3DUmFuZG9tSVYkc2RlIyh9YXdX6HrtnYy-Ml68sH-ljtU&aid=311984&dest_id=198&dest_type=country&group_adults=2&req_adults=2&no_rooms=1&broad_search_not_eligible=1&order=distance_from_search","Shalom breaze","Gettapola","Featuring a garden, Shalom breaze features accommodations in Gettapola. This property offers access to a balcony, free private parking, and free Wifi.","Scored 9.3","9.3","Wonderful","· 3 reviews","Value for money 10","Opens in new window","Show prices","Show on map","","https://cf.bstatic.com/xdata/images/hotel/square600/747291245.webp?k=20c3c4f25521cd500cc8643c2b6cd8934c64b192d43058a213dc563cea21b16c&o="
"1776666626-192","https://www.booking.com/searchresults.html?label=bristol-XLwodozx2dVe8Ts0XeYuawS752260715469%3Apl%3Ata%3Ap1%3Ap2%3Aac%3Aap%3Aneg%3Afi%3Atikwd-869815001187%3Alp1009919%3Ali%3Adec%3Adm%3Appccp%3DUmFuZG9tSVYkc2RlIyh9YXdX6HrtnYy-Ml68sH-ljtU&aid=311984&dest_id=198&dest_type=country&group_adults=2&req_adults=2&no_rooms=1&broad_search_not_eligible=1&order=distance_from_search","Ranthilaka Villas","Kandy","Featuring inner courtyard views, Ranthilaka Villas in Kandy features accommodations and a garden. This property offers access to a terrace, free private parking, and free Wifi.","Scored 9.8","9.8","Exceptional","· 9 reviews","Value for money 10","Opens in new window","Show prices","Show on map","New to Booking.com","https://cf.bstatic.com/xdata/images/hotel/square600/814569728.webp?k=4693e2ab8d56f342fc4024bee9e0ecf94c1bff8ffd783042b13714a50ce3a122&o="
"1776666626-193","https://www.booking.com/searchresults.html?label=bristol-XLwodozx2dVe8Ts0XeYuawS752260715469%3Apl%3Ata%3Ap1%3Ap2%3Aac%3Aap%3Aneg%3Afi%3Atikwd-869815001187%3Alp1009919%3Ali%3Adec%3Adm%3Appccp%3DUmFuZG9tSVYkc2RlIyh9YXdX6HrtnYy-Ml68sH-ljtU&aid=311984&dest_id=198&dest_type=country&group_adults=2&req_adults=2&no_rooms=1&broad_search_not_eligible=1&order=distance_from_search","SUPER SUN HOMESTAY","Katugastota","Featuring a garden, SUPER SUN HOMESTAY features accommodations in Katugastota. This property offers access to a terrace, free private parking, and free Wifi.","Scored 8.9","8.9","Excellent","· 14 reviews","Value for money 8.6","Opens in new window","Show prices","Show on map","","https://cf.bstatic.com/xdata/images/hotel/square600/537154269.webp?k=7311fc67c97fa1f6c38b42748e41005eb7aa7b7d91046bbdebde64adcf7e5dda&o="
"1776666626-194","https://www.booking.com/searchresults.html?label=bristol-XLwodozx2dVe8Ts0XeYuawS752260715469%3Apl%3Ata%3Ap1%3Ap2%3Aac%3Aap%3Aneg%3Afi%3Atikwd-869815001187%3Alp1009919%3Ali%3Adec%3Adm%3Appccp%3DUmFuZG9tSVYkc2RlIyh9YXdX6HrtnYy-Ml68sH-ljtU&aid=311984&dest_id=198&dest_type=country&group_adults=2&req_adults=2&no_rooms=1&broad_search_not_eligible=1&order=distance_from_search","Nelinsa Wellness Resort & Spa","Matale","Located in Matale, 20 miles from Kandy Museum, Nelinsa Wellness Resort & Spa provides accommodations with an outdoor swimming pool, free private parking, a garden and a terrace.","Scored 8.8","8.8","Excellent","· 69 reviews","Value for money 8.7","Opens in new window","Show prices","Show on map","","https://cf.bstatic.com/xdata/images/hotel/square600/832097279.webp?k=e4cf049c073858347ce15cb0b5071e6d8c77876322fd4079674f83d5964231aa&o="
"1776666626-195","https://www.booking.com/searchresults.html?label=bristol-XLwodozx2dVe8Ts0XeYuawS752260715469%3Apl%3Ata%3Ap1%3Ap2%3Aac%3Aap%3Aneg%3Afi%3Atikwd-869815001187%3Alp1009919%3Ali%3Adec%3Adm%3Appccp%3DUmFuZG9tSVYkc2RlIyh9YXdX6HrtnYy-Ml68sH-ljtU&aid=311984&dest_id=198&dest_type=country&group_adults=2&req_adults=2&no_rooms=1&broad_search_not_eligible=1&order=distance_from_search","Akshi Hostel","Kandy","Located in Kandy, 3.3 miles from Kandy Royal Botanic Gardens, Akshi Hostel has accommodations with a garden, free private parking and a shared lounge.","Scored 9.0","9.0","Wonderful","· 1 review","Value for money 10","Opens in new window","Show prices","Show on map","New to Booking.com","https://cf.bstatic.com/xdata/images/hotel/square600/824976466.webp?k=facde03817005a59bc74816f120ba9fa9fb0e9204d5eca2838fe468205848724&o="
"1776666626-196","https://www.booking.com/searchresults.html?label=bristol-XLwodozx2dVe8Ts0XeYuawS752260715469%3Apl%3Ata%3Ap1%3Ap2%3Aac%3Aap%3Aneg%3Afi%3Atikwd-869815001187%3Alp1009919%3Ali%3Adec%3Adm%3Appccp%3DUmFuZG9tSVYkc2RlIyh9YXdX6HrtnYy-Ml68sH-ljtU&aid=311984&dest_id=198&dest_type=country&group_adults=2&req_adults=2&no_rooms=1&broad_search_not_eligible=1&order=distance_from_search","D&D Holyday Homes","Kandy","D&D Holyday Homes offers accommodations in Kandy, 3.2 miles from Kandy Royal Botanic Gardens and 6.2 miles from Kandy Train Station. This vacation home offers free private parking and free Wifi.","Scored 9.7","9.7","Exceptional","· 26 reviews","Value for money 9.5","Opens in new window","Show prices","Show on map","","https://cf.bstatic.com/xdata/images/hotel/square600/592164536.webp?k=530fa065c09f13fe4d14cc891c501945e01566de930ecb5d803b788e896290a1&o="
"1776666626-197","https://www.booking.com/searchresults.html?label=bristol-XLwodozx2dVe8Ts0XeYuawS752260715469%3Apl%3Ata%3Ap1%3Ap2%3Aac%3Aap%3Aneg%3Afi%3Atikwd-869815001187%3Alp1009919%3Ali%3Adec%3Adm%3Appccp%3DUmFuZG9tSVYkc2RlIyh9YXdX6HrtnYy-Ml68sH-ljtU&aid=311984&dest_id=198&dest_type=country&group_adults=2&req_adults=2&no_rooms=1&broad_search_not_eligible=1&order=distance_from_search","Birds Park Polgahawela","Egalla","Birds Park Polgahawela in Egalla has 3-star accommodations with an outdoor swimming pool, a restaurant and a bar. The property has room service, and luggage storage for guests.","Scored 8.7","8.7","Excellent","· 99 reviews","Value for money 8.9","Opens in new window","Show prices","Show on map","","https://cf.bstatic.com/xdata/images/hotel/square600/410073004.webp?k=8a666de369ef0d1fe2bc12a443fddc9bdd0f9c2c7619424ea2ef92a18b207241&o="
"1776666626-198","https://www.booking.com/searchresults.html?label=bristol-XLwodozx2dVe8Ts0XeYuawS752260715469%3Apl%3Ata%3Ap1%3Ap2%3Aac%3Aap%3Aneg%3Afi%3Atikwd-869815001187%3Alp1009919%3Ali%3Adec%3Adm%3Appccp%3DUmFuZG9tSVYkc2RlIyh9YXdX6HrtnYy-Ml68sH-ljtU&aid=311984&dest_id=198&dest_type=country&group_adults=2&req_adults=2&no_rooms=1&broad_search_not_eligible=1&order=distance_from_search","The Manor House Kegalle","Utuwankanda","Providing a garden, The Manor House Kegalle features accommodations in Utuwankanda. With garden views, this accommodation offers a balcony.","Scored 8.9","8.9","Excellent","· 8 reviews","Value for money 9.6","Opens in new window","Show prices","Show on map","","https://cf.bstatic.com/xdata/images/hotel/square600/656073222.webp?k=0760b84cfeac5554f1561fef620efec3017f0af85a5b88c13177778b41fd587c&o="
"1776666626-199","https://www.booking.com/searchresults.html?label=bristol-XLwodozx2dVe8Ts0XeYuawS752260715469%3Apl%3Ata%3Ap1%3Ap2%3Aac%3Aap%3Aneg%3Afi%3Atikwd-869815001187%3Alp1009919%3Ali%3Adec%3Adm%3Appccp%3DUmFuZG9tSVYkc2RlIyh9YXdX6HrtnYy-Ml68sH-ljtU&aid=311984&dest_id=198&dest_type=country&group_adults=2&req_adults=2&no_rooms=1&broad_search_not_eligible=1&order=distance_from_search","The Blackberry Retreat Kandy","Kandy","Located in Kandy, 3.5 miles from Kandy Royal Botanic Gardens, The Blackberry Retreat Kandy has accommodations with a garden, free private parking, a terrace and a restaurant.","Scored 8.1","8.1","Very Good","· 8 reviews","","Opens in new window","Show prices","Show on map","","https://cf.bstatic.com/xdata/images/hotel/square600/677665095.webp?k=1dbdfd92cade474db01a3870e4fa3f6eae24bd33b9696b2ca85486eb43f1fb1a&o="
"1776666626-200","https://www.booking.com/searchresults.html?label=bristol-XLwodozx2dVe8Ts0XeYuawS752260715469%3Apl%3Ata%3Ap1%3Ap2%3Aac%3Aap%3Aneg%3Afi%3Atikwd-869815001187%3Alp1009919%3Ali%3Adec%3Adm%3Appccp%3DUmFuZG9tSVYkc2RlIyh9YXdX6HrtnYy-Ml68sH-ljtU&aid=311984&dest_id=198&dest_type=country&group_adults=2&req_adults=2&no_rooms=1&broad_search_not_eligible=1&order=distance_from_search","Seven Kandy Homestay","Katugastota","Seven Kandy Homestay is located in Katugastota, just 3.2 miles from Kandy City Center Shopping Mall and 3.6 miles from Bogambara Stadium.","","","","","","Opens in new window","Show prices","Show on map","","https://cf.bstatic.com/xdata/images/hotel/square600/797168458.webp?k=afb72a572e27ff47193715a4859173b5af702d9bba35ccca470cd49f38244e3b&o="
"1776666626-201","https://www.booking.com/searchresults.html?label=bristol-XLwodozx2dVe8Ts0XeYuawS752260715469%3Apl%3Ata%3Ap1%3Ap2%3Aac%3Aap%3Aneg%3Afi%3Atikwd-869815001187%3Alp1009919%3Ali%3Adec%3Adm%3Appccp%3DUmFuZG9tSVYkc2RlIyh9YXdX6HrtnYy-Ml68sH-ljtU&aid=311984&dest_id=198&dest_type=country&group_adults=2&req_adults=2&no_rooms=1&broad_search_not_eligible=1&order=distance_from_search","aka Spice House","Murutalawa","Located 3 miles from Kandy Royal Botanic Gardens in Murutalawa, aka Spice House provides accommodations with air conditioning and free WiFi.","","","","","","Opens in new window","Show prices","Show on map","","https://cf.bstatic.com/xdata/images/hotel/square600/716720440.webp?k=ea6f609875aa1e8555c1829b232fd76288b756c3e0b27f03292676862f5d340d&o="
"1776666626-202","https://www.booking.com/searchresults.html?label=bristol-XLwodozx2dVe8Ts0XeYuawS752260715469%3Apl%3Ata%3Ap1%3Ap2%3Aac%3Aap%3Aneg%3Afi%3Atikwd-869815001187%3Alp1009919%3Ali%3Adec%3Adm%3Appccp%3DUmFuZG9tSVYkc2RlIyh9YXdX6HrtnYy-Ml68sH-ljtU&aid=311984&dest_id=198&dest_type=country&group_adults=2&req_adults=2&no_rooms=1&broad_search_not_eligible=1&order=distance_from_search","Upcountry Hotel","Mawanella","Located in Mawanella, 8.7 miles from Kandy Royal Botanic Gardens, Upcountry Hotel provides accommodations with a garden, free private parking, a terrace and a restaurant.","","","","","","Opens in new window","Show prices","Show on map","","https://cf.bstatic.com/xdata/images/hotel/square600/777229308.webp?k=94f8680cccc7b6f5f1a458f7555d414b56654a43ce836cbb856f889a9f08916f&o="
"1776666626-203","https://www.booking.com/searchresults.html?label=bristol-XLwodozx2dVe8Ts0XeYuawS752260715469%3Apl%3Ata%3Ap1%3Ap2%3Aac%3Aap%3Aneg%3Afi%3Atikwd-869815001187%3Alp1009919%3Ali%3Adec%3Adm%3Appccp%3DUmFuZG9tSVYkc2RlIyh9YXdX6HrtnYy-Ml68sH-ljtU&aid=311984&dest_id=198&dest_type=country&group_adults=2&req_adults=2&no_rooms=1&broad_search_not_eligible=1&order=distance_from_search","De Mansion Hotels","Katugastota","Located in Katugastota, 3.2 miles from Kandy City Center Shopping Mall, De Mansion Hotels has accommodations with free bikes, free private parking, a shared lounge and a restaurant.","Scored 8.3","8.3","Very Good","· 14 reviews","Value for money 8.9","Opens in new window","Show prices","Show on map","","https://cf.bstatic.com/xdata/images/hotel/square600/400370898.webp?k=ec0a9a32423d14d43179b2605e4facff3c80aa43ddba7812cf6acdc9ca6d7206&o="
"1776666626-204","https://www.booking.com/searchresults.html?label=bristol-XLwodozx2dVe8Ts0XeYuawS752260715469%3Apl%3Ata%3Ap1%3Ap2%3Aac%3Aap%3Aneg%3Afi%3Atikwd-869815001187%3Alp1009919%3Ali%3Adec%3Adm%3Appccp%3DUmFuZG9tSVYkc2RlIyh9YXdX6HrtnYy-Ml68sH-ljtU&aid=311984&dest_id=198&dest_type=country&group_adults=2&req_adults=2&no_rooms=1&broad_search_not_eligible=1&order=distance_from_search","Eco Villa - Kegalle","Kegalle","Eco Villa - Kegalle is located in Kegalle, just 15 miles from Kandy Royal Botanic Gardens and 18 miles from Kandy Train Station. This property offers access to a terrace and free private parking.","Scored 10","10","Exceptional","· 1 review","Value for money 10","Opens in new window","Show prices","Show on map","","https://cf.bstatic.com/xdata/images/hotel/square600/808593300.webp?k=918035bd0f7daad037cb7e15b1936299cde54324c8ad3fb23e8de28b288af4a4&o="
"1776666626-205","https://www.booking.com/searchresults.html?label=bristol-XLwodozx2dVe8Ts0XeYuawS752260715469%3Apl%3Ata%3Ap1%3Ap2%3Aac%3Aap%3Aneg%3Afi%3Atikwd-869815001187%3Alp1009919%3Ali%3Adec%3Adm%3Appccp%3DUmFuZG9tSVYkc2RlIyh9YXdX6HrtnYy-Ml68sH-ljtU&aid=311984&dest_id=198&dest_type=country&group_adults=2&req_adults=2&no_rooms=1&broad_search_not_eligible=1&order=distance_from_search","The Springfields Kandy Previously Madara Residence Kandy","Kandy","Located in Kandy, 3.1 miles from Kandy Royal Botanic Gardens, The Springfields Kandy Previously Madara Residence Kandy has accommodations with a garden, free private parking, a shared lounge and a...","Scored 9.2","9.2","Wonderful","· 19 reviews","Value for money 9.3","Opens in new window","Show prices","Show on map","","https://cf.bstatic.com/xdata/images/hotel/square600/90649916.webp?k=f85de49cfdeff4a0636b4fa3d6c252eea4b8ce7192e11b2fbdf3f659c91ac23a&o="
"1776666626-206","https://www.booking.com/searchresults.html?label=bristol-XLwodozx2dVe8Ts0XeYuawS752260715469%3Apl%3Ata%3Ap1%3Ap2%3Aac%3Aap%3Aneg%3Afi%3Atikwd-869815001187%3Alp1009919%3Ali%3Adec%3Adm%3Appccp%3DUmFuZG9tSVYkc2RlIyh9YXdX6HrtnYy-Ml68sH-ljtU&aid=311984&dest_id=198&dest_type=country&group_adults=2&req_adults=2&no_rooms=1&broad_search_not_eligible=1&order=distance_from_search","Rockydale Home Stay","Kandy","Featuring a garden, Rockydale Home Stay offers accommodations in Kandy.","Scored 9.9","9.9","Exceptional","· 27 reviews","Value for money 10","Opens in new window","Show prices","Show on map","","https://cf.bstatic.com/xdata/images/hotel/square600/149383444.webp?k=ef8d51e29bdad8dc591f38ddb4066fddd249a70865d88effeddbad991278dd1f&o="
"1776666626-207","https://www.booking.com/searchresults.html?label=bristol-XLwodozx2dVe8Ts0XeYuawS752260715469%3Apl%3Ata%3Ap1%3Ap2%3Aac%3Aap%3Aneg%3Afi%3Atikwd-869815001187%3Alp1009919%3Ali%3Adec%3Adm%3Appccp%3DUmFuZG9tSVYkc2RlIyh9YXdX6HrtnYy-Ml68sH-ljtU&aid=311984&dest_id=198&dest_type=country&group_adults=2&req_adults=2&no_rooms=1&broad_search_not_eligible=1&order=distance_from_search","The KANDY DOWNTOWN Green House","Katugastota","The KANDY DOWNTOWN Green House is located in Katugastota, just 3.2 miles from Kandy City Center Shopping Mall and 3.7 miles from Bogambara Stadium.","Scored 9.1","9.1","Wonderful","· 21 reviews","Value for money 8.8","Opens in new window","Show prices","Show on map","","https://cf.bstatic.com/xdata/images/hotel/square600/579800056.webp?k=32dc77ce78659e9b2d18a777159b86cac30626133764fae05d91ba86bea40fd6&o="
"1776666626-208","https://www.booking.com/searchresults.html?label=bristol-XLwodozx2dVe8Ts0XeYuawS752260715469%3Apl%3Ata%3Ap1%3Ap2%3Aac%3Aap%3Aneg%3Afi%3Atikwd-869815001187%3Alp1009919%3Ali%3Adec%3Adm%3Appccp%3DUmFuZG9tSVYkc2RlIyh9YXdX6HrtnYy-Ml68sH-ljtU&aid=311984&dest_id=198&dest_type=country&group_adults=2&req_adults=2&no_rooms=1&broad_search_not_eligible=1&order=distance_from_search","The KANDY DOWNTOWN Maroon House","Katugastota","The KANDY DOWNTOWN Maroon House is located in Katugastota, just 3.2 miles from Kandy City Center Shopping Mall and 3.7 miles from Bogambara Stadium.","Scored 8.8","8.8","Excellent","· 14 reviews","Value for money 8.5","Opens in new window","Show prices","Show on map","","https://cf.bstatic.com/xdata/images/hotel/square600/562428951.webp?k=5893e62f33e44cfd33532e00f61a40b945f7f667bad45ac37520f8758a4192ab&o="
"1776666626-209","https://www.booking.com/searchresults.html?label=bristol-XLwodozx2dVe8Ts0XeYuawS752260715469%3Apl%3Ata%3Ap1%3Ap2%3Aac%3Aap%3Aneg%3Afi%3Atikwd-869815001187%3Alp1009919%3Ali%3Adec%3Adm%3Appccp%3DUmFuZG9tSVYkc2RlIyh9YXdX6HrtnYy-Ml68sH-ljtU&aid=311984&dest_id=198&dest_type=country&group_adults=2&req_adults=2&no_rooms=1&broad_search_not_eligible=1&order=distance_from_search","The kandy downtown","Katugastota","Located within 3.2 miles of Kandy City Center Shopping Mall and 3.7 miles of Bogambara Stadium, The kandy downtown provides rooms in Katugastota.","Scored 9.5","9.5","Exceptional","· 7 reviews","Value for money 10","Opens in new window","Show prices","Show on map","","https://cf.bstatic.com/xdata/images/hotel/square600/825140694.webp?k=862d75f3f38fd3a1f2c82bcdeb6ef223b4f62866a0b986d670ceaccf66fd6d4a&o="
"1776666626-210","https://www.booking.com/searchresults.html?label=bristol-XLwodozx2dVe8Ts0XeYuawS752260715469%3Apl%3Ata%3Ap1%3Ap2%3Aac%3Aap%3Aneg%3Afi%3Atikwd-869815001187%3Alp1009919%3Ali%3Adec%3Adm%3Appccp%3DUmFuZG9tSVYkc2RlIyh9YXdX6HrtnYy-Ml68sH-ljtU&aid=311984&dest_id=198&dest_type=country&group_adults=2&req_adults=2&no_rooms=1&broad_search_not_eligible=1&order=distance_from_search","Avanee Hotel","Mawanella","Located in Mawanella, within 9.3 miles of Kandy Royal Botanic Gardens and 12 miles of Kandy Train Station, Avanee Hotel provides accommodations with a terrace and free WiFi throughout the property as...","Scored 9.0","9.0","Wonderful","· 1 review","","Opens in new window","Show prices","Show on map","","https://cf.bstatic.com/xdata/images/hotel/square600/776640117.webp?k=98c023c00dafea86fd1a97cb8861a0cfd813625a7194b969a25399db03ff4199&o="
"1776666626-211","https://www.booking.com/searchresults.html?label=bristol-XLwodozx2dVe8Ts0XeYuawS752260715469%3Apl%3Ata%3Ap1%3Ap2%3Aac%3Aap%3Aneg%3Afi%3Atikwd-869815001187%3Alp1009919%3Ali%3Adec%3Adm%3Appccp%3DUmFuZG9tSVYkc2RlIyh9YXdX6HrtnYy-Ml68sH-ljtU&aid=311984&dest_id=198&dest_type=country&group_adults=2&req_adults=2&no_rooms=1&broad_search_not_eligible=1&order=distance_from_search","Sampath Grand Hotel","Mawanella","Located in Mawanella, within 16 miles of Kandy Royal Botanic Gardens and 19 miles of Kandy Train Station, Sampath Grand Hotel provides accommodations with a garden as well as free private parking for...","","","","","","Opens in new window","Show prices","Show on map","New to Booking.com","https://cf.bstatic.com/xdata/images/hotel/square600/847826572.webp?k=08050a1013636c011bc0d4d56162189157725c03198cb2a0d37b9bac3afd6106&o="
"1776666626-212","https://www.booking.com/searchresults.html?label=bristol-XLwodozx2dVe8Ts0XeYuawS752260715469%3Apl%3Ata%3Ap1%3Ap2%3Aac%3Aap%3Aneg%3Afi%3Atikwd-869815001187%3Alp1009919%3Ali%3Adec%3Adm%3Appccp%3DUmFuZG9tSVYkc2RlIyh9YXdX6HrtnYy-Ml68sH-ljtU&aid=311984&dest_id=198&dest_type=country&group_adults=2&req_adults=2&no_rooms=1&broad_search_not_eligible=1&order=distance_from_search","Alagalla Terrace","Kadugannawa","Alagalla Terrace offers accommodations in Kadugannawa, 6.2 miles from Kandy Royal Botanic Gardens and 9.1 miles from Kandy Train Station.","","","","","","Opens in new window","Show prices","Show on map","","https://cf.bstatic.com/xdata/images/hotel/square600/539817065.webp?k=6a6276a730cb82e20056593a2cb6cc173c3d6cad0a77beb12165de55ee75d78c&o="
"1776666626-213","https://www.booking.com/searchresults.html?label=bristol-XLwodozx2dVe8Ts0XeYuawS752260715469%3Apl%3Ata%3Ap1%3Ap2%3Aac%3Aap%3Aneg%3Afi%3Atikwd-869815001187%3Alp1009919%3Ali%3Adec%3Adm%3Appccp%3DUmFuZG9tSVYkc2RlIyh9YXdX6HrtnYy-Ml68sH-ljtU&aid=311984&dest_id=198&dest_type=country&group_adults=2&req_adults=2&no_rooms=1&broad_search_not_eligible=1&order=distance_from_search","Roseviana","Kadugannawa","Roseviana offers accommodations in Kadugannawa, 6.5 miles from Sigiriya Rock and 8.5 miles from Pidurangala Rock. This villa offers free private parking, a 24-hour front desk, and free Wifi.","Scored 4.0","4.0","Review score","· 3 reviews","","Opens in new window","Show prices","Show on map","","https://cf.bstatic.com/xdata/images/hotel/square600/726031909.webp?k=21bb92ec5a25b7c120829139724829f95ab3b37d6c043c1b0d9bfdda6bc985ca&o="
"1776666626-214","https://www.booking.com/searchresults.html?label=bristol-XLwodozx2dVe8Ts0XeYuawS752260715469%3Apl%3Ata%3Ap1%3Ap2%3Aac%3Aap%3Aneg%3Afi%3Atikwd-869815001187%3Alp1009919%3Ali%3Adec%3Adm%3Appccp%3DUmFuZG9tSVYkc2RlIyh9YXdX6HrtnYy-Ml68sH-ljtU&aid=311984&dest_id=198&dest_type=country&group_adults=2&req_adults=2&no_rooms=1&broad_search_not_eligible=1&order=distance_from_search","Enara Luxury Stay","Katugastota","Enara Luxury Stay enjoys a location in Katugastota, 3.8 miles from Kandy City Center Shopping Mall and 4.3 miles from Bogambara Stadium.","Scored 8.1","8.1","Very Good","· 24 reviews","","Opens in new window","Show prices","Show on map","","https://cf.bstatic.com/xdata/images/hotel/square600/831726032.webp?k=48be3f496a00091f2f38492b5de5af8ee36712483c51852fc8aeb4f94b7ae0a2&o="
"1776666626-215","https://www.booking.com/searchresults.html?label=bristol-XLwodozx2dVe8Ts0XeYuawS752260715469%3Apl%3Ata%3Ap1%3Ap2%3Aac%3Aap%3Aneg%3Afi%3Atikwd-869815001187%3Alp1009919%3Ali%3Adec%3Adm%3Appccp%3DUmFuZG9tSVYkc2RlIyh9YXdX6HrtnYy-Ml68sH-ljtU&aid=311984&dest_id=198&dest_type=country&group_adults=2&req_adults=2&no_rooms=1&broad_search_not_eligible=1&order=distance_from_search","Heliconia Ledge","Mawanella","Located in Mawanella, 12 miles from Kandy Royal Botanic Gardens and 15 miles from Kandy Train Station, Heliconia Ledge offers air conditioning. This property has a terrace and free private parking.","","","","","","Opens in new window","Show prices","Show on map","","https://cf.bstatic.com/xdata/images/hotel/square600/683102797.webp?k=93c023c89b8617e4741789764fbd56b2ad493f4064d97bf2d6671099565f34b9&o="
"1776666626-216","https://www.booking.com/searchresults.html?label=bristol-XLwodozx2dVe8Ts0XeYuawS752260715469%3Apl%3Ata%3Ap1%3Ap2%3Aac%3Aap%3Aneg%3Afi%3Atikwd-869815001187%3Alp1009919%3Ali%3Adec%3Adm%3Appccp%3DUmFuZG9tSVYkc2RlIyh9YXdX6HrtnYy-Ml68sH-ljtU&aid=311984&dest_id=198&dest_type=country&group_adults=2&req_adults=2&no_rooms=1&broad_search_not_eligible=1&order=distance_from_search","Lion Shade Tourist Bungalow - Sri Lanka Tourism Development Authority Licenced","Katugastota","Providing garden views, Lion Shade Tourist Bungalow - Sri Lanka Tourism Development Authority Licenced in Katugastota offers accommodations and a garden.","Scored 9.2","9.2","Wonderful","· 5 reviews","Value for money 10","Opens in new window","Show prices","Show on map","","https://cf.bstatic.com/xdata/images/hotel/square600/505695040.webp?k=70643ccc267703b22428316b6f3a4ca865de29fff940fee7dd138f6c5f19aba7&o="
"1776666626-217","https://www.booking.com/searchresults.html?label=bristol-XLwodozx2dVe8Ts0XeYuawS752260715469%3Apl%3Ata%3Ap1%3Ap2%3Aac%3Aap%3Aneg%3Afi%3Atikwd-869815001187%3Alp1009919%3Ali%3Adec%3Adm%3Appccp%3DUmFuZG9tSVYkc2RlIyh9YXdX6HrtnYy-Ml68sH-ljtU&aid=311984&dest_id=198&dest_type=country&group_adults=2&req_adults=2&no_rooms=1&broad_search_not_eligible=1&order=distance_from_search","Kandy Comforts","Kandy","Kandy Comforts offers accommodations in Kandy, 3.2 miles from Kandy City Center Shopping Mall and 3.6 miles from Bogambara Stadium. This property offers access to a terrace and free private parking.","","","","","","Opens in new window","Show prices","Show on map","","https://cf.bstatic.com/xdata/images/hotel/square600/689125886.webp?k=c0029dea450f3f9376a6c2a22aac2df7558f03ed0026e9763b3a2845c2c3fa97&o="
"1776666626-218","https://www.booking.com/searchresults.html?label=bristol-XLwodozx2dVe8Ts0XeYuawS752260715469%3Apl%3Ata%3Ap1%3Ap2%3Aac%3Aap%3Aneg%3Afi%3Atikwd-869815001187%3Alp1009919%3Ali%3Adec%3Adm%3Appccp%3DUmFuZG9tSVYkc2RlIyh9YXdX6HrtnYy-Ml68sH-ljtU&aid=311984&dest_id=198&dest_type=country&group_adults=2&req_adults=2&no_rooms=1&broad_search_not_eligible=1&order=distance_from_search","Kaba Saradiel Cabin","Mawanella","Kaba Saradiel Cabin offers accommodations in Mawanella, 17 miles from Kandy Train Station and 17 miles from Bogambara Stadium.","Scored 9.3","9.3","Wonderful","· 25 reviews","Value for money 9.7","Opens in new window","Show prices","Show on map","","https://cf.bstatic.com/xdata/images/hotel/square600/806923973.webp?k=df4e60cc6e9ca944d68de26309f03c71fdd1157ac8d4afc3ab363947f739d4e2&o="
"1776666626-219","https://www.booking.com/searchresults.html?label=bristol-XLwodozx2dVe8Ts0XeYuawS752260715469%3Apl%3Ata%3Ap1%3Ap2%3Aac%3Aap%3Aneg%3Afi%3Atikwd-869815001187%3Alp1009919%3Ali%3Adec%3Adm%3Appccp%3DUmFuZG9tSVYkc2RlIyh9YXdX6HrtnYy-Ml68sH-ljtU&aid=311984&dest_id=198&dest_type=country&group_adults=2&req_adults=2&no_rooms=1&broad_search_not_eligible=1&order=distance_from_search","Kandy Fair view","Inigala","4.2 miles from Kandy City Center Shopping Mall in Inigala, Kandy Fair view offers accommodations with access to a hot tub. This property offers access to a terrace, free private parking, and free...","","","","","","Opens in new window","Show prices","Show on map","","https://cf.bstatic.com/xdata/images/hotel/square600/756776400.webp?k=9cb8c4ee983067ee61e997927c031b4d0d1faea393b112a8dd59335b5f763b5b&o="
"1776666626-220","https://www.booking.com/searchresults.html?label=bristol-XLwodozx2dVe8Ts0XeYuawS752260715469%3Apl%3Ata%3Ap1%3Ap2%3Aac%3Aap%3Aneg%3Afi%3Atikwd-869815001187%3Alp1009919%3Ali%3Adec%3Adm%3Appccp%3DUmFuZG9tSVYkc2RlIyh9YXdX6HrtnYy-Ml68sH-ljtU&aid=311984&dest_id=198&dest_type=country&group_adults=2&req_adults=2&no_rooms=1&broad_search_not_eligible=1&order=distance_from_search","Colonial Residence Kandy Boutique Bungalow","Kandy","3.1 miles from Kandy City Center Shopping Mall in Kandy, Colonial Residence Kandy Boutique Bungalow features accommodations with access to a fitness room, public bath, and open-air bath.","Scored 8.8","8.8","Excellent","· 344 reviews","Value for money 9.0","Opens in new window","Show prices","Show on map","","https://cf.bstatic.com/xdata/images/hotel/square600/851158676.webp?k=0b12a13b0ace47778f11d6d7eede843cddec4664453c93a1d22ef510faed843d&o="
"1776666626-221","https://www.booking.com/searchresults.html?label=bristol-XLwodozx2dVe8Ts0XeYuawS752260715469%3Apl%3Ata%3Ap1%3Ap2%3Aac%3Aap%3Aneg%3Afi%3Atikwd-869815001187%3Alp1009919%3Ali%3Adec%3Adm%3Appccp%3DUmFuZG9tSVYkc2RlIyh9YXdX6HrtnYy-Ml68sH-ljtU&aid=311984&dest_id=198&dest_type=country&group_adults=2&req_adults=2&no_rooms=1&broad_search_not_eligible=1&order=distance_from_search","Lilies holiday inn","Kandy","Lilies holiday inn in Kandy provides accommodations with a garden and a terrace. This guest house features free private parking and full-day security.","Scored 10","10","Exceptional","· 2 reviews","Value for money 10","Opens in new window","Show prices","Show on map","","https://cf.bstatic.com/xdata/images/hotel/square600/607328441.webp?k=3ca8f2575744cbf890e8557901eef36d13adebf3fabc34410e1850a9fb1d7b86&o="
"1776666626-222","https://www.booking.com/searchresults.html?label=bristol-XLwodozx2dVe8Ts0XeYuawS752260715469%3Apl%3Ata%3Ap1%3Ap2%3Aac%3Aap%3Aneg%3Afi%3Atikwd-869815001187%3Alp1009919%3Ali%3Adec%3Adm%3Appccp%3DUmFuZG9tSVYkc2RlIyh9YXdX6HrtnYy-Ml68sH-ljtU&aid=311984&dest_id=198&dest_type=country&group_adults=2&req_adults=2&no_rooms=1&broad_search_not_eligible=1&order=distance_from_search","Mahoya","Mawanella","Located in Mawanella and with Kandy Royal Botanic Gardens reachable within 13 miles, Mahoya provides concierge services, non-smoking rooms, a garden, free WiFi throughout the property and a shared...","Scored 5.5","5.5","Review score","· 2 reviews","","Opens in new window","Show prices","Show on map","","https://cf.bstatic.com/xdata/images/hotel/square600/269579320.webp?k=02b596fac80fd035c80022d7ca0b3472c3e7896a979578d8b1c64e2c766b591b&o="
"1776666626-223","https://www.booking.com/searchresults.html?label=bristol-XLwodozx2dVe8Ts0XeYuawS752260715469%3Apl%3Ata%3Ap1%3Ap2%3Aac%3Aap%3Aneg%3Afi%3Atikwd-869815001187%3Alp1009919%3Ali%3Adec%3Adm%3Appccp%3DUmFuZG9tSVYkc2RlIyh9YXdX6HrtnYy-Ml68sH-ljtU&aid=311984&dest_id=198&dest_type=country&group_adults=2&req_adults=2&no_rooms=1&broad_search_not_eligible=1&order=distance_from_search","Laavulu","Katugastota","A recently renovated villa, Laavulu offers accommodations in Katugastota. This property offers access to a patio, free private parking, and free Wifi.","Scored 5.0","5.0","Review score","· 1 review","","Opens in new window","Show prices","Show on map","","https://cf.bstatic.com/xdata/images/hotel/square600/756836682.webp?k=fb468de5ae5bd0d771018a232a547176563ee3decf71d0f78106f6df07e7db3f&o="
"1776666626-224","https://www.booking.com/searchresults.html?label=bristol-XLwodozx2dVe8Ts0XeYuawS752260715469%3Apl%3Ata%3Ap1%3Ap2%3Aac%3Aap%3Aneg%3Afi%3Atikwd-869815001187%3Alp1009919%3Ali%3Adec%3Adm%3Appccp%3DUmFuZG9tSVYkc2RlIyh9YXdX6HrtnYy-Ml68sH-ljtU&aid=311984&dest_id=198&dest_type=country&group_adults=2&req_adults=2&no_rooms=1&broad_search_not_eligible=1&order=distance_from_search","GODDESS Kandy","Kandy","3.9 miles from Kandy Royal Botanic Gardens in Kandy, GODDESS Kandy features accommodations with access to spa facilities, wellness packages, and beauty services. A steam room is available for guests.","Scored 9.0","9.0","Wonderful","· 297 reviews","Value for money 8.8","Opens in new window","Show prices","Show on map","","https://cf.bstatic.com/xdata/images/hotel/square600/711918462.webp?k=8db8487689aece9b71c85b373eb218df6df192a8109eae59a4abcf3e6183b3e1&o="
"1776666626-225","https://www.booking.com/searchresults.html?label=bristol-XLwodozx2dVe8Ts0XeYuawS752260715469%3Apl%3Ata%3Ap1%3Ap2%3Aac%3Aap%3Aneg%3Afi%3Atikwd-869815001187%3Alp1009919%3Ali%3Adec%3Adm%3Appccp%3DUmFuZG9tSVYkc2RlIyh9YXdX6HrtnYy-Ml68sH-ljtU&aid=311984&dest_id=198&dest_type=country&group_adults=2&req_adults=2&no_rooms=1&broad_search_not_eligible=1&order=distance_from_search","Eagle's Nest by Muthu","Dewaragampola","Eagle's Nest by Muthu offers accommodations in Dewaragampola, 13 miles from Kandy Royal Botanic Gardens and 16 miles from Kandy Train Station.","","","","","","Opens in new window","Show prices","Show on map","","https://cf.bstatic.com/xdata/images/hotel/square600/626251667.webp?k=45ae9358aa3627422205e67b8bb73646b41c2a9b7c792716880a41ce1727101b&o="
"1776666626-226","https://www.booking.com/searchresults.html?label=bristol-XLwodozx2dVe8Ts0XeYuawS752260715469%3Apl%3Ata%3Ap1%3Ap2%3Aac%3Aap%3Aneg%3Afi%3Atikwd-869815001187%3Alp1009919%3Ali%3Adec%3Adm%3Appccp%3DUmFuZG9tSVYkc2RlIyh9YXdX6HrtnYy-Ml68sH-ljtU&aid=311984&dest_id=198&dest_type=country&group_adults=2&req_adults=2&no_rooms=1&broad_search_not_eligible=1&order=distance_from_search","Plantation Retreat","Matale","Offering a terrace, Plantation Retreat provides accommodations in Matale. This property offers a private pool, free Wifi, and free private parking.","Scored 9.6","9.6","Exceptional","· 19 reviews","Value for money 9.8","Opens in new window","Show prices","Show on map","","https://cf.bstatic.com/xdata/images/hotel/square600/494670375.webp?k=03367a2272e427146ec47e7a6fce80d440167acb355327cac913e38a0152d736&o="
"1776666626-227","https://www.booking.com/searchresults.html?label=bristol-XLwodozx2dVe8Ts0XeYuawS752260715469%3Apl%3Ata%3Ap1%3Ap2%3Aac%3Aap%3Aneg%3Afi%3Atikwd-869815001187%3Alp1009919%3Ali%3Adec%3Adm%3Appccp%3DUmFuZG9tSVYkc2RlIyh9YXdX6HrtnYy-Ml68sH-ljtU&aid=311984&dest_id=198&dest_type=country&group_adults=2&req_adults=2&no_rooms=1&broad_search_not_eligible=1&order=distance_from_search","The Kandy Havens","Katugastota","A recently renovated bed and breakfast, The Kandy Havens offers accommodation in Katugastota. This property offers access to a terrace, free private parking, and free Wifi.","Scored 9.1","9.1","Wonderful","· 22 reviews","Value for money 9.6","Opens in new window","Show prices","Show on map","","https://cf.bstatic.com/xdata/images/hotel/square600/647282024.webp?k=5d6afb5cc1758d3b46984ce24ba87a6e2359dac643083ec9d67559466b9b75ae&o="
"1776666626-228","https://www.booking.com/searchresults.html?label=bristol-XLwodozx2dVe8Ts0XeYuawS752260715469%3Apl%3Ata%3Ap1%3Ap2%3Aac%3Aap%3Aneg%3Afi%3Atikwd-869815001187%3Alp1009919%3Ali%3Adec%3Adm%3Appccp%3DUmFuZG9tSVYkc2RlIyh9YXdX6HrtnYy-Ml68sH-ljtU&aid=311984&dest_id=198&dest_type=country&group_adults=2&req_adults=2&no_rooms=1&broad_search_not_eligible=1&order=distance_from_search","Ridee Kandy","Kandy","Located in Kandy, 2.9 miles from Kandy City Center Shopping Mall, Ridee Kandy provides accommodations with an outdoor swimming pool, free private parking, a garden and a terrace.","Scored 8.4","8.4","Very Good","· 13 reviews","Value for money 9.2","Opens in new window","Show prices","Show on map","","https://cf.bstatic.com/xdata/images/hotel/square600/819986718.webp?k=c0362dff0601b1d24b442f7047d0f7a7d40317670fe6116e1855b5ccd4bd3497&o="
"1776666626-229","https://www.booking.com/searchresults.html?label=bristol-XLwodozx2dVe8Ts0XeYuawS752260715469%3Apl%3Ata%3Ap1%3Ap2%3Aac%3Aap%3Aneg%3Afi%3Atikwd-869815001187%3Alp1009919%3Ali%3Adec%3Adm%3Appccp%3DUmFuZG9tSVYkc2RlIyh9YXdX6HrtnYy-Ml68sH-ljtU&aid=311984&dest_id=198&dest_type=country&group_adults=2&req_adults=2&no_rooms=1&broad_search_not_eligible=1&order=distance_from_search","The Kingdom Gate Hotel","Katugastota","Located in Katugastota, within 3.1 miles of Kandy City Center Shopping Mall and 3.3 miles of Sri Dalada Maligawa, The Kingdom Gate Hotel provides accommodations with a garden and free WiFi as well as...","Scored 9.0","9.0","Wonderful","· 2 reviews","Value for money 8.7","Opens in new window","Show prices","Show on map","","https://cf.bstatic.com/xdata/images/hotel/square600/509179962.webp?k=e87e10e7c51d055c9ad3a6cb61ba6b57a2332f8ba1ca0e2d4e28d62f634de315&o="
"1776666626-230","https://www.booking.com/searchresults.html?label=bristol-XLwodozx2dVe8Ts0XeYuawS752260715469%3Apl%3Ata%3Ap1%3Ap2%3Aac%3Aap%3Aneg%3Afi%3Atikwd-869815001187%3Alp1009919%3Ali%3Adec%3Adm%3Appccp%3DUmFuZG9tSVYkc2RlIyh9YXdX6HrtnYy-Ml68sH-ljtU&aid=311984&dest_id=198&dest_type=country&group_adults=2&req_adults=2&no_rooms=1&broad_search_not_eligible=1&order=distance_from_search","Evening Star Guest Inn","Kandy","Offering garden views, Evening Star Guest Inn in Kandy provides accommodations and a garden.","Scored 7.6","7.6","Good","· 16 reviews","Value for money 9.3","Opens in new window","Show prices","Show on map","","https://cf.bstatic.com/xdata/images/hotel/square600/324229612.webp?k=a6f09563cebfe4d40940c5c02a753376b2fc9e70af58d957b26d87d207185bf2&o="
"1776666626-231","https://www.booking.com/searchresults.html?label=bristol-XLwodozx2dVe8Ts0XeYuawS752260715469%3Apl%3Ata%3Ap1%3Ap2%3Aac%3Aap%3Aneg%3Afi%3Atikwd-869815001187%3Alp1009919%3Ali%3Adec%3Adm%3Appccp%3DUmFuZG9tSVYkc2RlIyh9YXdX6HrtnYy-Ml68sH-ljtU&aid=311984&dest_id=198&dest_type=country&group_adults=2&req_adults=2&no_rooms=1&broad_search_not_eligible=1&order=distance_from_search","Queens Residence Homestay","Kandy","Queens Residence Homestay offers accommodations in Kandy, 3.4 miles from Kandy Train Station and 4.3 miles from Kandy Museum.","","","","","","Opens in new window","Show prices","Show on map","New to Booking.com","https://cf.bstatic.com/xdata/images/hotel/square600/820227985.webp?k=758ec1038ceb1167864fb7be3a5518c2bbb66437d39ece222f1a539d04453a48&o="
"1776666626-232","https://www.booking.com/searchresults.html?label=bristol-XLwodozx2dVe8Ts0XeYuawS752260715469%3Apl%3Ata%3Ap1%3Ap2%3Aac%3Aap%3Aneg%3Afi%3Atikwd-869815001187%3Alp1009919%3Ali%3Adec%3Adm%3Appccp%3DUmFuZG9tSVYkc2RlIyh9YXdX6HrtnYy-Ml68sH-ljtU&aid=311984&dest_id=198&dest_type=country&group_adults=2&req_adults=2&no_rooms=1&broad_search_not_eligible=1&order=distance_from_search","RMC Cabana","Udamulla","18 miles from Kandy Royal Botanic Gardens in Udamulla, RMC Cabana provides accommodations with access to a hot tub. This property offers a private pool and free private parking.","","","","","","Opens in new window","Show prices","Show on map","","https://cf.bstatic.com/xdata/images/hotel/square600/818772006.webp?k=8bc6923c052a9e5f60e6eba6875e11f6df9c898979bf8d26b5d058acceb52ce8&o="
"1776666626-233","https://www.booking.com/searchresults.html?label=bristol-XLwodozx2dVe8Ts0XeYuawS752260715469%3Apl%3Ata%3Ap1%3Ap2%3Aac%3Aap%3Aneg%3Afi%3Atikwd-869815001187%3Alp1009919%3Ali%3Adec%3Adm%3Appccp%3DUmFuZG9tSVYkc2RlIyh9YXdX6HrtnYy-Ml68sH-ljtU&aid=311984&dest_id=198&dest_type=country&group_adults=2&req_adults=2&no_rooms=1&broad_search_not_eligible=1&order=distance_from_search","The Bliss Hostel Kandy","Kandy","Located in Kandy, 4.9 miles from Kandy City Center Shopping Mall, The Bliss Hostel Kandy provides accommodations with a garden, free private parking, a shared lounge and a terrace.","Scored 8.8","8.8","Excellent","· 471 reviews","Value for money 9.2","Opens in new window","Show prices","Show on map","","https://cf.bstatic.com/xdata/images/hotel/square600/505228976.webp?k=2a6c47bc38cdd4d527f37e442f6490dd5aa03b1ea5f7a085cb2c5a15a2006439&o="
"1776666626-234","https://www.booking.com/searchresults.html?label=bristol-XLwodozx2dVe8Ts0XeYuawS752260715469%3Apl%3Ata%3Ap1%3Ap2%3Aac%3Aap%3Aneg%3Afi%3Atikwd-869815001187%3Alp1009919%3Ali%3Adec%3Adm%3Appccp%3DUmFuZG9tSVYkc2RlIyh9YXdX6HrtnYy-Ml68sH-ljtU&aid=311984&dest_id=198&dest_type=country&group_adults=2&req_adults=2&no_rooms=1&broad_search_not_eligible=1&order=distance_from_search","Foreign Home Stay","Katugastota","Offering a garden, Foreign Home Stay offers accommodations in Katugastota.","","","","","","Opens in new window","Show prices","Show on map","","https://cf.bstatic.com/xdata/images/hotel/square600/797141755.webp?k=f917fbf2b98c1473783b4f22e4b9f41d3d85ca434e99a479068464e2fde493d9&o="
"1776666626-235","https://www.booking.com/searchresults.html?label=bristol-XLwodozx2dVe8Ts0XeYuawS752260715469%3Apl%3Ata%3Ap1%3Ap2%3Aac%3Aap%3Aneg%3Afi%3Atikwd-869815001187%3Alp1009919%3Ali%3Adec%3Adm%3Appccp%3DUmFuZG9tSVYkc2RlIyh9YXdX6HrtnYy-Ml68sH-ljtU&aid=311984&dest_id=198&dest_type=country&group_adults=2&req_adults=2&no_rooms=1&broad_search_not_eligible=1&order=distance_from_search","New Arverne Villa Kandy","Kandy","Located in Kandy, within 2.6 miles of Kandy City Center Shopping Mall and 3.1 miles of Bogambara Stadium, New Arverne Villa Kandy has accommodations with a garden and free WiFi throughout the property...","Scored 8.3","8.3","Very Good","· 3 reviews","","Opens in new window","Show prices","Show on map","","https://cf.bstatic.com/xdata/images/hotel/square600/825310985.webp?k=0812987364b87aeb3d7c62a4dd00fbff870b44a6817594eb0401050a2c6a8e72&o="
"1776666626-236","https://www.booking.com/searchresults.html?label=bristol-XLwodozx2dVe8Ts0XeYuawS752260715469%3Apl%3Ata%3Ap1%3Ap2%3Aac%3Aap%3Aneg%3Afi%3Atikwd-869815001187%3Alp1009919%3Ali%3Adec%3Adm%3Appccp%3DUmFuZG9tSVYkc2RlIyh9YXdX6HrtnYy-Ml68sH-ljtU&aid=311984&dest_id=198&dest_type=country&group_adults=2&req_adults=2&no_rooms=1&broad_search_not_eligible=1&order=distance_from_search","Cottage 2010","Matale","Cottage 2010 enjoys a location in Matale, 10 miles from Sri Dalada Maligawa and 10 miles from Kandy City Center Shopping Mall.","Scored 9.1","9.1","Wonderful","· 15 reviews","Value for money 8.8","Opens in new window","Show prices","Show on map","","https://cf.bstatic.com/xdata/images/hotel/square600/238321969.webp?k=a66241b3c8d81951f962cec82494c2c0d249eb3ed439a8fa349605a3ad43c001&o="
"1776666626-237","https://www.booking.com/searchresults.html?label=bristol-XLwodozx2dVe8Ts0XeYuawS752260715469%3Apl%3Ata%3Ap1%3Ap2%3Aac%3Aap%3Aneg%3Afi%3Atikwd-869815001187%3Alp1009919%3Ali%3Adec%3Adm%3Appccp%3DUmFuZG9tSVYkc2RlIyh9YXdX6HrtnYy-Ml68sH-ljtU&aid=311984&dest_id=198&dest_type=country&group_adults=2&req_adults=2&no_rooms=1&broad_search_not_eligible=1&order=distance_from_search","BELLWOOD HOUSE","Kandy","2.7 miles from Kandy City Center Shopping Mall in Kandy, BELLWOOD HOUSE provides accommodations with access to a hot tub. Guests staying at this guest house have access to a balcony.","","","","","","Opens in new window","Show prices","Show on map","","https://cf.bstatic.com/xdata/images/hotel/square600/556846580.webp?k=db1566bba83bacf071801aa7d7f8bfd7f91267f7ba38a3da499fe77b879e9ea1&o="
"1776666626-238","https://www.booking.com/searchresults.html?label=bristol-XLwodozx2dVe8Ts0XeYuawS752260715469%3Apl%3Ata%3Ap1%3Ap2%3Aac%3Aap%3Aneg%3Afi%3Atikwd-869815001187%3Alp1009919%3Ali%3Adec%3Adm%3Appccp%3DUmFuZG9tSVYkc2RlIyh9YXdX6HrtnYy-Ml68sH-ljtU&aid=311984&dest_id=198&dest_type=country&group_adults=2&req_adults=2&no_rooms=1&broad_search_not_eligible=1&order=distance_from_search","Mahaweli Reach Hotel","Kandy","Located along the banks of Mahaweli River, Mahaweli Reach Hotel offers 5-star accommodations with rolling mountains as a backdrop.","Scored 8.0","8.0","Very Good","· 292 reviews","","Opens in new window","Show prices","Show on map","","https://cf.bstatic.com/xdata/images/hotel/square600/482686385.webp?k=b658845c034dda5f841713c7ab669bedb6f78ea9c937a53e093c3f08d77f3ecb&o="
"1776666626-239","https://www.booking.com/searchresults.html?label=bristol-XLwodozx2dVe8Ts0XeYuawS752260715469%3Apl%3Ata%3Ap1%3Ap2%3Aac%3Aap%3Aneg%3Afi%3Atikwd-869815001187%3Alp1009919%3Ali%3Adec%3Adm%3Appccp%3DUmFuZG9tSVYkc2RlIyh9YXdX6HrtnYy-Ml68sH-ljtU&aid=311984&dest_id=198&dest_type=country&group_adults=2&req_adults=2&no_rooms=1&broad_search_not_eligible=1&order=distance_from_search","Royal Avenue Kandy","Kandy","Located in Kandy, 3.6 miles from Kandy City Center Shopping Mall, Royal Avenue Kandy has accommodations with a shared lounge, free private parking, a terrace and a restaurant.","Scored 10","10","Exceptional","· 5 reviews","Value for money 10","Opens in new window","Show prices","Show on map","","https://cf.bstatic.com/xdata/images/hotel/square600/816783174.webp?k=74b00b878a0656198beff38d916356c83dba90281ffbf4b7a5dbe820cccf298d&o="
"1776666626-240","https://www.booking.com/searchresults.html?label=bristol-XLwodozx2dVe8Ts0XeYuawS752260715469%3Apl%3Ata%3Ap1%3Ap2%3Aac%3Aap%3Aneg%3Afi%3Atikwd-869815001187%3Alp1009919%3Ali%3Adec%3Adm%3Appccp%3DUmFuZG9tSVYkc2RlIyh9YXdX6HrtnYy-Ml68sH-ljtU&aid=311984&dest_id=198&dest_type=country&group_adults=2&req_adults=2&no_rooms=1&broad_search_not_eligible=1&order=distance_from_search","Sadamadala Guest House Kandy","Kandy","Offering river views, Sadamadala Guest House Kandy in Kandy features accommodations, a garden, a terrace, and a shared lounge. This guest house offers free private parking and a 24-hour front desk.","Scored 7.0","7.0","Good","· 8 reviews","Value for money 8.6","Opens in new window","Show prices","Show on map","","https://cf.bstatic.com/xdata/images/hotel/square600/473857739.webp?k=fe12ad6637815e0a2f6037d1fbfa573723ad58df3aab547d3b78e12534b60e43&o="
"1776666626-241","https://www.booking.com/searchresults.html?label=bristol-XLwodozx2dVe8Ts0XeYuawS752260715469%3Apl%3Ata%3Ap1%3Ap2%3Aac%3Aap%3Aneg%3Afi%3Atikwd-869815001187%3Alp1009919%3Ali%3Adec%3Adm%3Appccp%3DUmFuZG9tSVYkc2RlIyh9YXdX6HrtnYy-Ml68sH-ljtU&aid=311984&dest_id=198&dest_type=country&group_adults=2&req_adults=2&no_rooms=1&broad_search_not_eligible=1&order=distance_from_search","Ayubowan Holiday Home","Kandy","Providing a garden, Ayubowan Holiday Home provides accommodations in Kandy. This property offers access to a balcony, free private parking, and free Wifi. Staff on site can arrange a shuttle service.","Scored 9.3","9.3","Wonderful","· 27 reviews","Value for money 9.3","Opens in new window","Show prices","Show on map","","https://cf.bstatic.com/xdata/images/hotel/square600/646218064.webp?k=72bea329ae00476bef6ef0eee68931f0fb61ba5129148f4ff30e60e10ec09fda&o="
"1776666626-242","https://www.booking.com/searchresults.html?label=bristol-XLwodozx2dVe8Ts0XeYuawS752260715469%3Apl%3Ata%3Ap1%3Ap2%3Aac%3Aap%3Aneg%3Afi%3Atikwd-869815001187%3Alp1009919%3Ali%3Adec%3Adm%3Appccp%3DUmFuZG9tSVYkc2RlIyh9YXdX6HrtnYy-Ml68sH-ljtU&aid=311984&dest_id=198&dest_type=country&group_adults=2&req_adults=2&no_rooms=1&broad_search_not_eligible=1&order=distance_from_search","The Cloud Resort","Kadugannawa","Located 7.8 miles from Kandy Royal Botanic Gardens, The Cloud Resort provides accommodations with a garden, a terrace and room service for your convenience.","Scored 9.8","9.8","Exceptional","· 181 reviews","Value for money 9.6","Opens in new window","Show prices","Show on map","","https://cf.bstatic.com/xdata/images/hotel/square600/244572685.webp?k=fba04cfdf19eb01a0ca5cdfa728101975ad7e6b9539939bb75dc5cbdb8880e99&o="
"1776666626-243","https://www.booking.com/searchresults.html?label=bristol-XLwodozx2dVe8Ts0XeYuawS752260715469%3Apl%3Ata%3Ap1%3Ap2%3Aac%3Aap%3Aneg%3Afi%3Atikwd-869815001187%3Alp1009919%3Ali%3Adec%3Adm%3Appccp%3DUmFuZG9tSVYkc2RlIyh9YXdX6HrtnYy-Ml68sH-ljtU&aid=311984&dest_id=198&dest_type=country&group_adults=2&req_adults=2&no_rooms=1&broad_search_not_eligible=1&order=distance_from_search","The Fortress Balumgala","Kadugannawa","Located in Kadugannawa, 7.8 miles from Kandy Royal Botanic Gardens, The Fortress Balumgala provides accommodations with a garden, free private parking, a terrace and a restaurant.","Scored 7.8","7.8","Good","· 7 reviews","","Opens in new window","Show prices","Show on map","","https://cf.bstatic.com/xdata/images/hotel/square600/248952622.webp?k=1b802b72de6303e18b8384fa392ab2bbb08986fe3ef2231296e9ffd9894c1525&o="
"1776666626-244","https://www.booking.com/searchresults.html?label=bristol-XLwodozx2dVe8Ts0XeYuawS752260715469%3Apl%3Ata%3Ap1%3Ap2%3Aac%3Aap%3Aneg%3Afi%3Atikwd-869815001187%3Alp1009919%3Ali%3Adec%3Adm%3Appccp%3DUmFuZG9tSVYkc2RlIyh9YXdX6HrtnYy-Ml68sH-ljtU&aid=311984&dest_id=198&dest_type=country&group_adults=2&req_adults=2&no_rooms=1&broad_search_not_eligible=1&order=distance_from_search","Dynasty Residencies Kandy","Kandy","Dynasty Residencies Kandy is located in Kandy, just 2.5 miles from Kandy City Center Shopping Mall and 2.9 miles from Bogambara Stadium.","","","","","","Opens in new window","Show prices","Show on map","","https://cf.bstatic.com/xdata/images/hotel/square600/841328958.webp?k=35375f4ca0c1a64310cb90c5d2f57b6eee3ba1126fae96891bc406d90280585e&o="
"1776666626-245","https://www.booking.com/searchresults.html?label=bristol-XLwodozx2dVe8Ts0XeYuawS752260715469%3Apl%3Ata%3Ap1%3Ap2%3Aac%3Aap%3Aneg%3Afi%3Atikwd-869815001187%3Alp1009919%3Ali%3Adec%3Adm%3Appccp%3DUmFuZG9tSVYkc2RlIyh9YXdX6HrtnYy-Ml68sH-ljtU&aid=311984&dest_id=198&dest_type=country&group_adults=2&req_adults=2&no_rooms=1&broad_search_not_eligible=1&order=distance_from_search","Clove Villa","Kandy","Located in Kandy, 2.8 miles from Kandy City Center Shopping Mall, Clove Villa provides accommodations with an outdoor swimming pool, free private parking, a garden and a shared lounge.","Scored 9.5","9.5","Exceptional","· 162 reviews","Value for money 9.1","Opens in new window","Show prices","Show on map","","https://cf.bstatic.com/xdata/images/hotel/square600/185383404.webp?k=cf7cc8db06ee63496588a354f090c00603c84a660a409373dfd2593942aab365&o="
"1776666626-246","https://www.booking.com/searchresults.html?label=bristol-XLwodozx2dVe8Ts0XeYuawS752260715469%3Apl%3Ata%3Ap1%3Ap2%3Aac%3Aap%3Aneg%3Afi%3Atikwd-869815001187%3Alp1009919%3Ali%3Adec%3Adm%3Appccp%3DUmFuZG9tSVYkc2RlIyh9YXdX6HrtnYy-Ml68sH-ljtU&aid=311984&dest_id=198&dest_type=country&group_adults=2&req_adults=2&no_rooms=1&broad_search_not_eligible=1&order=distance_from_search","Kandy Home stay - Haloluwa","Katugastota","3.4 miles from Kandy Train Station in Katugastota, Kandy Home stay - Haloluwa features accommodations with access to wellness packages and fitness room.","Scored 9.9","9.9","Exceptional","· 65 reviews","Value for money 9.9","Opens in new window","Show prices","Show on map","","https://cf.bstatic.com/xdata/images/hotel/square600/774325579.webp?k=35a7fcacaf68306490f3346793fec70cdc1e0ae4bbac05b633ea2e999632e4b1&o="
"1776666626-247","https://www.booking.com/searchresults.html?label=bristol-XLwodozx2dVe8Ts0XeYuawS752260715469%3Apl%3Ata%3Ap1%3Ap2%3Aac%3Aap%3Aneg%3Afi%3Atikwd-869815001187%3Alp1009919%3Ali%3Adec%3Adm%3Appccp%3DUmFuZG9tSVYkc2RlIyh9YXdX6HrtnYy-Ml68sH-ljtU&aid=311984&dest_id=198&dest_type=country&group_adults=2&req_adults=2&no_rooms=1&broad_search_not_eligible=1&order=distance_from_search","Kandy Heritage Edge","Katugastota","Kandy Heritage Edge is located in Katugastota, just 5.2 miles from Bogambara Stadium and 5.4 miles from Kandy Train Station.","","","","","","Opens in new window","Show prices","Show on map","","https://cf.bstatic.com/xdata/images/hotel/square600/805116082.webp?k=daf1a61db5c30364370e7a7463447e26b4b4c5dd2afc7fd36c4873cf880d17d3&o="
"1776666626-248","https://www.booking.com/searchresults.html?label=bristol-XLwodozx2dVe8Ts0XeYuawS752260715469%3Apl%3Ata%3Ap1%3Ap2%3Aac%3Aap%3Aneg%3Afi%3Atikwd-869815001187%3Alp1009919%3Ali%3Adec%3Adm%3Appccp%3DUmFuZG9tSVYkc2RlIyh9YXdX6HrtnYy-Ml68sH-ljtU&aid=311984&dest_id=198&dest_type=country&group_adults=2&req_adults=2&no_rooms=1&broad_search_not_eligible=1&order=distance_from_search","Green Leaves Garden - Pinnawala","Pinnawala","Green Leaves Garden - Pinnawala in Pinnawala provides accommodations with an open-air bath, a garden, and a bar. There's a private entrance at the homestay for the convenience of those who stay.","Scored 9.4","9.4","Wonderful","· 102 reviews","Value for money 9.5","Opens in new window","Show prices","Show on map","","https://cf.bstatic.com/xdata/images/hotel/square600/209278486.webp?k=e1377e4f2c7e2471b00ba95e495d2ad8150164a846d4143f1ffa8e78ff2fbb4b&o="
"1776666626-249","https://www.booking.com/searchresults.html?label=bristol-XLwodozx2dVe8Ts0XeYuawS752260715469%3Apl%3Ata%3Ap1%3Ap2%3Aac%3Aap%3Aneg%3Afi%3Atikwd-869815001187%3Alp1009919%3Ali%3Adec%3Adm%3Appccp%3DUmFuZG9tSVYkc2RlIyh9YXdX6HrtnYy-Ml68sH-ljtU&aid=311984&dest_id=198&dest_type=country&group_adults=2&req_adults=2&no_rooms=1&broad_search_not_eligible=1&order=distance_from_search","Ayubowan Eco Lodge","Kandy","Ayubowan Eco Lodge offers accommodations in Kandy, 6.5 miles from Sigiriya Rock and 8.5 miles from Pidurangala Rock. This apartment features free private parking, full-day security, and free Wifi.","Scored 10","10","Exceptional","· 1 review","Value for money 10","Opens in new window","Show prices","Show on map","","https://cf.bstatic.com/xdata/images/hotel/square600/641253593.webp?k=e6c7ec59821451cdcbc8207abcd8b805edbdf2a388107bb9cbb0254141f4269f&o="
"1776666626-250","https://www.booking.com/searchresults.html?label=bristol-XLwodozx2dVe8Ts0XeYuawS752260715469%3Apl%3Ata%3Ap1%3Ap2%3Aac%3Aap%3Aneg%3Afi%3Atikwd-869815001187%3Alp1009919%3Ali%3Adec%3Adm%3Appccp%3DUmFuZG9tSVYkc2RlIyh9YXdX6HrtnYy-Ml68sH-ljtU&aid=311984&dest_id=198&dest_type=country&group_adults=2&req_adults=2&no_rooms=1&broad_search_not_eligible=1&order=distance_from_search","Hotel Ganthera Kandy","Kandy","Located in Kandy, 2.8 miles from Kandy City Center Shopping Mall, Hotel Ganthera Kandy provides accommodations with an outdoor swimming pool, free private parking, a fitness center and a garden.","Scored 7.8","7.8","Good","· 203 reviews","","Opens in new window","Show prices","Show on map","","https://cf.bstatic.com/xdata/images/hotel/square600/346152555.webp?k=d89f15daaa98fc29c2499dbad305204fab91f8dcb3502b5939a5a3ff74ee6824&o="
"1776666626-251","https://www.booking.com/searchresults.html?label=bristol-XLwodozx2dVe8Ts0XeYuawS752260715469%3Apl%3Ata%3Ap1%3Ap2%3Aac%3Aap%3Aneg%3Afi%3Atikwd-869815001187%3Alp1009919%3Ali%3Adec%3Adm%3Appccp%3DUmFuZG9tSVYkc2RlIyh9YXdX6HrtnYy-Ml68sH-ljtU&aid=311984&dest_id=198&dest_type=country&group_adults=2&req_adults=2&no_rooms=1&broad_search_not_eligible=1&order=distance_from_search","68 Homestay Kandy","Kandy","68 Homestay Kandy enjoys a location in Kandy, 2.9 miles from Kandy City Center Shopping Mall and 3.3 miles from Bogambara Stadium.","Scored 7.7","7.7","Good","· 3 reviews","Value for money 10","Opens in new window","Show prices","Show on map","","https://cf.bstatic.com/xdata/images/hotel/square600/653383392.webp?k=0963437d6a61a39ad21d3f0a987daf20250f90230fb3ba2fd07571b235f9e20c&o="
"1776666626-252","https://www.booking.com/searchresults.html?label=bristol-XLwodozx2dVe8Ts0XeYuawS752260715469%3Apl%3Ata%3Ap1%3Ap2%3Aac%3Aap%3Aneg%3Afi%3Atikwd-869815001187%3Alp1009919%3Ali%3Adec%3Adm%3Appccp%3DUmFuZG9tSVYkc2RlIyh9YXdX6HrtnYy-Ml68sH-ljtU&aid=311984&dest_id=198&dest_type=country&group_adults=2&req_adults=2&no_rooms=1&broad_search_not_eligible=1&order=distance_from_search","V.S.MAHA REST HOME","Kandy","V.S.MAHA REST HOME enjoys a location in Kandy, 2.9 miles from Kandy City Center Shopping Mall and 3.4 miles from Bogambara Stadium.","Scored 5.5","5.5","Review score","· 2 reviews","","Opens in new window","Show prices","Show on map","","https://cf.bstatic.com/xdata/images/hotel/square600/543337345.webp?k=ec1c0b52d71ccff382e610f756775293dae2c1f747f89a4be89fab96f11ef8de&o="
"1776666626-253","https://www.booking.com/searchresults.html?label=bristol-XLwodozx2dVe8Ts0XeYuawS752260715469%3Apl%3Ata%3Ap1%3Ap2%3Aac%3Aap%3Aneg%3Afi%3Atikwd-869815001187%3Alp1009919%3Ali%3Adec%3Adm%3Appccp%3DUmFuZG9tSVYkc2RlIyh9YXdX6HrtnYy-Ml68sH-ljtU&aid=311984&dest_id=198&dest_type=country&group_adults=2&req_adults=2&no_rooms=1&broad_search_not_eligible=1&order=distance_from_search","KANDY Vista","Katugastota","Located in Katugastota, 4.4 miles from Kandy City Center Shopping Mall, KANDY Vista has accommodations with a fitness center, free private parking, a garden and a shared lounge.","","","","","","Opens in new window","Show prices","Show on map","","https://cf.bstatic.com/xdata/images/hotel/square600/738735772.webp?k=4c9487db38fa8e25fa3ee9219a8d62e5f67a20edc8b56ddc67dac10784b08c26&o="
"1776666626-254","https://www.booking.com/searchresults.html?label=bristol-XLwodozx2dVe8Ts0XeYuawS752260715469%3Apl%3Ata%3Ap1%3Ap2%3Aac%3Aap%3Aneg%3Afi%3Atikwd-869815001187%3Alp1009919%3Ali%3Adec%3Adm%3Appccp%3DUmFuZG9tSVYkc2RlIyh9YXdX6HrtnYy-Ml68sH-ljtU&aid=311984&dest_id=198&dest_type=country&group_adults=2&req_adults=2&no_rooms=1&broad_search_not_eligible=1&order=distance_from_search","Residence Balanagala View Kandy","Katugastota","Providing a garden, Residence Balanagala View Kandy offers accommodations in Katugastota. With mountain views, this accommodation features a balcony.","Scored 10","10","Exceptional","· 1 review","Value for money 10","Opens in new window","Show prices","Show on map","","https://cf.bstatic.com/xdata/images/hotel/square600/678097252.webp?k=427ca1ba95338f8393e8791500d2fffc1e8637bc56e99b54929c4c74c3583727&o="
"1776666626-255","https://www.booking.com/searchresults.html?label=bristol-XLwodozx2dVe8Ts0XeYuawS752260715469%3Apl%3Ata%3Ap1%3Ap2%3Aac%3Aap%3Aneg%3Afi%3Atikwd-869815001187%3Alp1009919%3Ali%3Adec%3Adm%3Appccp%3DUmFuZG9tSVYkc2RlIyh9YXdX6HrtnYy-Ml68sH-ljtU&aid=311984&dest_id=198&dest_type=country&group_adults=2&req_adults=2&no_rooms=1&broad_search_not_eligible=1&order=distance_from_search","Bunkalow","Kandy","Located in Kandy and with Kandy City Center Shopping Mall reachable within 2.7 miles, Bunkalow has a garden, non-smoking rooms, free WiFi throughout the property and a shared lounge.","Scored 8.4","8.4","Very Good","· 29 reviews","Value for money 9.0","Opens in new window","Show prices","Show on map","","https://cf.bstatic.com/xdata/images/hotel/square600/573972732.webp?k=150cccef0cc72aa37425d420155fcadf6a5549429e1baf456488ef7d4e08aa4c&o="
"1776666626-256","https://www.booking.com/searchresults.html?label=bristol-XLwodozx2dVe8Ts0XeYuawS752260715469%3Apl%3Ata%3Ap1%3Ap2%3Aac%3Aap%3Aneg%3Afi%3Atikwd-869815001187%3Alp1009919%3Ali%3Adec%3Adm%3Appccp%3DUmFuZG9tSVYkc2RlIyh9YXdX6HrtnYy-Ml68sH-ljtU&aid=311984&dest_id=198&dest_type=country&group_adults=2&req_adults=2&no_rooms=1&broad_search_not_eligible=1&order=distance_from_search","Ela Addara Village Resort","Kandy","Providing a garden, Ela Addara Village Resort provides accommodations in Kandy. This property offers access to a terrace and free private parking.","Scored 10","10","Exceptional","· 1 review","","Opens in new window","Show prices","Show on map","","https://cf.bstatic.com/xdata/images/hotel/square600/760499187.webp?k=817fda7719fef1c30664a0121127c136a95415f73dcf4d140bb43daca775941d&o="
"1776666626-257","https://www.booking.com/searchresults.html?label=bristol-XLwodozx2dVe8Ts0XeYuawS752260715469%3Apl%3Ata%3Ap1%3Ap2%3Aac%3Aap%3Aneg%3Afi%3Atikwd-869815001187%3Alp1009919%3Ali%3Adec%3Adm%3Appccp%3DUmFuZG9tSVYkc2RlIyh9YXdX6HrtnYy-Ml68sH-ljtU&aid=311984&dest_id=198&dest_type=country&group_adults=2&req_adults=2&no_rooms=1&broad_search_not_eligible=1&order=distance_from_search","Tenora Apartment","Kandy","Tenora Apartment is located in Kandy, just 2.8 miles from Kandy City Center Shopping Mall and 3.2 miles from Bogambara Stadium.","Scored 6.6","6.6","Review score","· 8 reviews","","Opens in new window","Show prices","Show on map","","https://cf.bstatic.com/xdata/images/hotel/square600/184574571.webp?k=0c2a317371d2870aa5691498933d365307e617c52f1ea993805f28ff78314073&o="
"1776666626-258","https://www.booking.com/searchresults.html?label=bristol-XLwodozx2dVe8Ts0XeYuawS752260715469%3Apl%3Ata%3Ap1%3Ap2%3Aac%3Aap%3Aneg%3Afi%3Atikwd-869815001187%3Alp1009919%3Ali%3Adec%3Adm%3Appccp%3DUmFuZG9tSVYkc2RlIyh9YXdX6HrtnYy-Ml68sH-ljtU&aid=311984&dest_id=198&dest_type=country&group_adults=2&req_adults=2&no_rooms=1&broad_search_not_eligible=1&order=distance_from_search","Villa Mistora","Kandy","Located in Kandy, 1.9 miles from Kandy Royal Botanic Gardens, Villa Mistora has accommodations with a garden, free private parking and a terrace.","Scored 9.3","9.3","Wonderful","· 3 reviews","Value for money 9.2","Opens in new window","Show prices","Show on map","New to Booking.com","https://cf.bstatic.com/xdata/images/hotel/square600/809759594.webp?k=d16c8f2c2de6dec5621b6c5fab62957372e3f028ad9124147fa10f728dc46177&o="
"1776666626-259","https://www.booking.com/searchresults.html?label=bristol-XLwodozx2dVe8Ts0XeYuawS752260715469%3Apl%3Ata%3Ap1%3Ap2%3Aac%3Aap%3Aneg%3Afi%3Atikwd-869815001187%3Alp1009919%3Ali%3Adec%3Adm%3Appccp%3DUmFuZG9tSVYkc2RlIyh9YXdX6HrtnYy-Ml68sH-ljtU&aid=311984&dest_id=198&dest_type=country&group_adults=2&req_adults=2&no_rooms=1&broad_search_not_eligible=1&order=distance_from_search","Hotel Yelona","Kegalle","Featuring a garden, Hotel Yelona provides accommodations in Kegalle. This property offers access to a terrace, free private parking, and free Wifi.","Scored 7.9","7.9","Good","· 39 reviews","","Opens in new window","Show prices","Show on map","","https://cf.bstatic.com/xdata/images/hotel/square600/348715006.webp?k=6f8c87ba4761c877e2b5717cabbd827bbdbfaa93b9b72853aa2ba9eb66866f95&o="
"1776666626-260","https://www.booking.com/searchresults.html?label=bristol-XLwodozx2dVe8Ts0XeYuawS752260715469%3Apl%3Ata%3Ap1%3Ap2%3Aac%3Aap%3Aneg%3Afi%3Atikwd-869815001187%3Alp1009919%3Ali%3Adec%3Adm%3Appccp%3DUmFuZG9tSVYkc2RlIyh9YXdX6HrtnYy-Ml68sH-ljtU&aid=311984&dest_id=198&dest_type=country&group_adults=2&req_adults=2&no_rooms=1&broad_search_not_eligible=1&order=distance_from_search","Dazzling Villa","Kandy","Located in Kandy, 3.2 miles from Kandy City Center Shopping Mall, Dazzling Villa has accommodations with a shared lounge, free private parking and a terrace.","Scored 8.2","8.2","Very Good","· 29 reviews","Value for money 8.7","Opens in new window","Show prices","Show on map","","https://cf.bstatic.com/xdata/images/hotel/square600/245796981.webp?k=e0a261c41ec25acceaa34954dc004464c34c5d2c7fce30520cb25ffc66041e57&o="
"1776666626-261","https://www.booking.com/searchresults.html?label=bristol-XLwodozx2dVe8Ts0XeYuawS752260715469%3Apl%3Ata%3Ap1%3Ap2%3Aac%3Aap%3Aneg%3Afi%3Atikwd-869815001187%3Alp1009919%3Ali%3Adec%3Adm%3Appccp%3DUmFuZG9tSVYkc2RlIyh9YXdX6HrtnYy-Ml68sH-ljtU&aid=311984&dest_id=198&dest_type=country&group_adults=2&req_adults=2&no_rooms=1&broad_search_not_eligible=1&order=distance_from_search","Emerald Grove Signature Family Villa- Near Kandy City with Exclusive Mobile Deals","Kandy","Featuring a garden, Emerald Grove Signature Family Villa- Near Kandy City with Exclusive Mobile Deals offers accommodations in Kandy.","","","","","","Opens in new window","Show prices","Show on map","New to Booking.com","https://cf.bstatic.com/xdata/images/hotel/square600/842170537.webp?k=cec435a72fe6ebe410fb08516afcaf39f7fd2136c79eb7ccf312d0c6a1aadc01&o="
"1776666626-262","https://www.booking.com/searchresults.html?label=bristol-XLwodozx2dVe8Ts0XeYuawS752260715469%3Apl%3Ata%3Ap1%3Ap2%3Aac%3Aap%3Aneg%3Afi%3Atikwd-869815001187%3Alp1009919%3Ali%3Adec%3Adm%3Appccp%3DUmFuZG9tSVYkc2RlIyh9YXdX6HrtnYy-Ml68sH-ljtU&aid=311984&dest_id=198&dest_type=country&group_adults=2&req_adults=2&no_rooms=1&broad_search_not_eligible=1&order=distance_from_search","The Selene city hotel","Kandy","Located in Kandy, within 2.3 miles of Kandy City Center Shopping Mall and 2.7 miles of Bogambara Stadium, The Selene city hotel provides accommodations with a shared lounge and free WiFi as well as...","Scored 8.7","8.7","Excellent","· 11 reviews","Value for money 8.9","Opens in new window","Show prices","Show on map","","https://cf.bstatic.com/xdata/images/hotel/square600/725025630.webp?k=75425b5252b7c60d8cb69734c4daf3cbd8a27030d56b0bba9eeaaa6a5b954de6&o="
"1776666626-263","https://www.booking.com/searchresults.html?label=bristol-XLwodozx2dVe8Ts0XeYuawS752260715469%3Apl%3Ata%3Ap1%3Ap2%3Aac%3Aap%3Aneg%3Afi%3Atikwd-869815001187%3Alp1009919%3Ali%3Adec%3Adm%3Appccp%3DUmFuZG9tSVYkc2RlIyh9YXdX6HrtnYy-Ml68sH-ljtU&aid=311984&dest_id=198&dest_type=country&group_adults=2&req_adults=2&no_rooms=1&broad_search_not_eligible=1&order=distance_from_search","Margossa Residence Kandy - Two Bedroom Design Villa","Kandy","Margossa Residence Kandy - Two Bedroom Design Villa offers accommodations in Kandy, 2.9 miles from Kandy Train Station and 3.7 miles from Kandy Museum.","Scored 9.7","9.7","Exceptional","· 64 reviews","Value for money 9.7","Opens in new window","Show prices","Show on map","","https://cf.bstatic.com/xdata/images/hotel/square600/473089518.webp?k=5211d58ed58150973454f88451c5f7b7f71a6be2b2dadbd5cb833ba6353ef112&o="
"1776666626-264","https://www.booking.com/searchresults.html?label=bristol-XLwodozx2dVe8Ts0XeYuawS752260715469%3Apl%3Ata%3Ap1%3Ap2%3Aac%3Aap%3Aneg%3Afi%3Atikwd-869815001187%3Alp1009919%3Ali%3Adec%3Adm%3Appccp%3DUmFuZG9tSVYkc2RlIyh9YXdX6HrtnYy-Ml68sH-ljtU&aid=311984&dest_id=198&dest_type=country&group_adults=2&req_adults=2&no_rooms=1&broad_search_not_eligible=1&order=distance_from_search","Jal,Min Homestay","Kandy","Jal, Min Homestay offers accommodations in Kandy, 4.3 miles from Kandy Museum and 4.3 miles from Sri Dalada Maligawa.","Scored 9.7","9.7","Exceptional","· 97 reviews","Value for money 9.8","Opens in new window","Show prices","Show on map","","https://cf.bstatic.com/xdata/images/hotel/square600/553995223.webp?k=43c67020a0a19a63492a903927092ed409dc4dfcd32432a14dcd646355b501b4&o="
"1776666626-265","https://www.booking.com/searchresults.html?label=bristol-XLwodozx2dVe8Ts0XeYuawS752260715469%3Apl%3Ata%3Ap1%3Ap2%3Aac%3Aap%3Aneg%3Afi%3Atikwd-869815001187%3Alp1009919%3Ali%3Adec%3Adm%3Appccp%3DUmFuZG9tSVYkc2RlIyh9YXdX6HrtnYy-Ml68sH-ljtU&aid=311984&dest_id=198&dest_type=country&group_adults=2&req_adults=2&no_rooms=1&broad_search_not_eligible=1&order=distance_from_search","The Jesmine Homestay","Kandy","The Jesmine Homestay is located in Kandy, just 2.9 miles from Kandy Train Station and 3.2 miles from Kandy Royal Botanic Gardens. With mountain views, this accommodation offers a balcony.","Scored 9.1","9.1","Wonderful","· 62 reviews","Value for money 9.7","Opens in new window","Show prices","Show on map","","https://cf.bstatic.com/xdata/images/hotel/square600/497388522.webp?k=56cd45d6bb2571db36d402b572468be22609e16133ed0d9e60ed156a5d0aa5fa&o="
"1776666626-266","https://www.booking.com/searchresults.html?label=bristol-XLwodozx2dVe8Ts0XeYuawS752260715469%3Apl%3Ata%3Ap1%3Ap2%3Aac%3Aap%3Aneg%3Afi%3Atikwd-869815001187%3Alp1009919%3Ali%3Adec%3Adm%3Appccp%3DUmFuZG9tSVYkc2RlIyh9YXdX6HrtnYy-Ml68sH-ljtU&aid=311984&dest_id=198&dest_type=country&group_adults=2&req_adults=2&no_rooms=1&broad_search_not_eligible=1&order=distance_from_search","K's Cove","Kandy","K's Cove is a recently renovated apartment in Kandy where guests can make the most of its garden and terrace. With mountain views, this accommodation features a balcony.","Scored 10","10","Exceptional","· 4 reviews","Value for money 10","Opens in new window","Show prices","Show on map","","https://cf.bstatic.com/xdata/images/hotel/square600/753646091.webp?k=07560dcb3d981480ec48734461ec13de04234907430b196da95a94c6515c90ec&o="
"1776666626-267","https://www.booking.com/searchresults.html?label=bristol-XLwodozx2dVe8Ts0XeYuawS752260715469%3Apl%3Ata%3Ap1%3Ap2%3Aac%3Aap%3Aneg%3Afi%3Atikwd-869815001187%3Alp1009919%3Ali%3Adec%3Adm%3Appccp%3DUmFuZG9tSVYkc2RlIyh9YXdX6HrtnYy-Ml68sH-ljtU&aid=311984&dest_id=198&dest_type=country&group_adults=2&req_adults=2&no_rooms=1&broad_search_not_eligible=1&order=distance_from_search","Wattarantanne homestay","Kandy","Providing garden views, Wattarantanne homestay in Kandy offers accommodations and a shared lounge. This homestay provides free private parking, luggage storage space, and free Wifi.","Scored 9.4","9.4","Wonderful","· 17 reviews","Value for money 9.2","Opens in new window","Show prices","Show on map","","https://cf.bstatic.com/xdata/images/hotel/square600/64745008.webp?k=600e44ebcecca14bde8543f6f7b4f301f2474844d022b7216ac4fbd7f3a06f9f&o="
"1776666626-268","https://www.booking.com/searchresults.html?label=bristol-XLwodozx2dVe8Ts0XeYuawS752260715469%3Apl%3Ata%3Ap1%3Ap2%3Aac%3Aap%3Aneg%3Afi%3Atikwd-869815001187%3Alp1009919%3Ali%3Adec%3Adm%3Appccp%3DUmFuZG9tSVYkc2RlIyh9YXdX6HrtnYy-Ml68sH-ljtU&aid=311984&dest_id=198&dest_type=country&group_adults=2&req_adults=2&no_rooms=1&broad_search_not_eligible=1&order=distance_from_search","kingdom gate hotel","Katugastota","Located in Katugastota, 4.3 miles from Kandy City Center Shopping Mall, kingdom gate hotel features views of the garden.","","","","","","Opens in new window","Show prices","Show on map","","https://cf.bstatic.com/xdata/images/hotel/square600/622575259.webp?k=1678550e60c0c106b59f7d3f522d2c80e3a21990984fda760f1ece5407a7a069&o="
"1776666626-269","https://www.booking.com/searchresults.html?label=bristol-XLwodozx2dVe8Ts0XeYuawS752260715469%3Apl%3Ata%3Ap1%3Ap2%3Aac%3Aap%3Aneg%3Afi%3Atikwd-869815001187%3Alp1009919%3Ali%3Adec%3Adm%3Appccp%3DUmFuZG9tSVYkc2RlIyh9YXdX6HrtnYy-Ml68sH-ljtU&aid=311984&dest_id=198&dest_type=country&group_adults=2&req_adults=2&no_rooms=1&broad_search_not_eligible=1&order=distance_from_search","The Villa Rochelle Kandy","Kandy","The Villa Rochelle Kandy enjoys a location in Kandy, 2.5 miles from Bogambara Stadium and 2.6 miles from Kandy City Center Shopping Mall.","","","","","","Opens in new window","Show prices","Show on map","New to Booking.com","https://cf.bstatic.com/xdata/images/hotel/square600/834527912.webp?k=ac89af0e86a3a4dc4240112a41d426d43d606a4d80771bdfeefe306ebb673599&o="
"1776666626-270","https://www.booking.com/searchresults.html?label=bristol-XLwodozx2dVe8Ts0XeYuawS752260715469%3Apl%3Ata%3Ap1%3Ap2%3Aac%3Aap%3Aneg%3Afi%3Atikwd-869815001187%3Alp1009919%3Ali%3Adec%3Adm%3Appccp%3DUmFuZG9tSVYkc2RlIyh9YXdX6HrtnYy-Ml68sH-ljtU&aid=311984&dest_id=198&dest_type=country&group_adults=2&req_adults=2&no_rooms=1&broad_search_not_eligible=1&order=distance_from_search","Kudaoya Bungalow by Lalan Leisure","Rattota","Located in Rattota, 24 miles from Kandy City Center Shopping Mall, Kudaoya Bungalow by Lalan Leisure has accommodations with a garden, free private parking, a shared lounge and a terrace.","Scored 8.7","8.7","Excellent","· 7 reviews","","Opens in new window","Show prices","Show on map","","https://cf.bstatic.com/xdata/images/hotel/square600/531879654.webp?k=498d2719c0fd795375b88bdcdf9fa46fa729bc64087876efd82da1ed5fac0c29&o="
"1776666626-271","https://www.booking.com/searchresults.html?label=bristol-XLwodozx2dVe8Ts0XeYuawS752260715469%3Apl%3Ata%3Ap1%3Ap2%3Aac%3Aap%3Aneg%3Afi%3Atikwd-869815001187%3Alp1009919%3Ali%3Adec%3Adm%3Appccp%3DUmFuZG9tSVYkc2RlIyh9YXdX6HrtnYy-Ml68sH-ljtU&aid=311984&dest_id=198&dest_type=country&group_adults=2&req_adults=2&no_rooms=1&broad_search_not_eligible=1&order=distance_from_search","Mountain Villa Kandy","Bahirawakanda","Mountain Villa Kandy offers accommodations in Bahirawakanda, 3 miles from Kandy Train Station and 3.2 miles from Kandy Royal Botanic Gardens.","","","","","","Opens in new window","Show prices","Show on map","","https://cf.bstatic.com/xdata/images/hotel/square600/641853925.webp?k=4b565d3ece9a15d5920bb24c0d5b478e414e88a1cf44e738383e4387b73485e8&o="
"1776666626-272","https://www.booking.com/searchresults.html?label=bristol-XLwodozx2dVe8Ts0XeYuawS752260715469%3Apl%3Ata%3Ap1%3Ap2%3Aac%3Aap%3Aneg%3Afi%3Atikwd-869815001187%3Alp1009919%3Ali%3Adec%3Adm%3Appccp%3DUmFuZG9tSVYkc2RlIyh9YXdX6HrtnYy-Ml68sH-ljtU&aid=311984&dest_id=198&dest_type=country&group_adults=2&req_adults=2&no_rooms=1&broad_search_not_eligible=1&order=distance_from_search","Pawra wood inn","Bahirawakanda","Featuring 3-star accommodations, Pawra wood inn is located in Bahirawakanda, 2.8 miles from Kandy Train Station and 3.1 miles from Kandy Royal Botanic Gardens.","","","","","","Opens in new window","Show prices","Show on map","","https://cf.bstatic.com/xdata/images/hotel/square600/660426064.webp?k=fed510a7cacceea3f80265f592e8b2ce0dd39d65efdaf340b2814e61f27442a0&o="
"1776666626-273","https://www.booking.com/searchresults.html?label=bristol-XLwodozx2dVe8Ts0XeYuawS752260715469%3Apl%3Ata%3Ap1%3Ap2%3Aac%3Aap%3Aneg%3Afi%3Atikwd-869815001187%3Alp1009919%3Ali%3Adec%3Adm%3Appccp%3DUmFuZG9tSVYkc2RlIyh9YXdX6HrtnYy-Ml68sH-ljtU&aid=311984&dest_id=198&dest_type=country&group_adults=2&req_adults=2&no_rooms=1&broad_search_not_eligible=1&order=distance_from_search","Kandy downtown villa Monza","Bahirawakanda","Kandy downtown villa Monza is located in Bahirawakanda, just 3.3 miles from Kandy Train Station and 3.6 miles from Kandy Royal Botanic Gardens.","","","","","","Opens in new window","Show prices","Show on map","New to Booking.com","https://cf.bstatic.com/xdata/images/hotel/square600/846346024.webp?k=d38f6312312932710f0fa01a140cffb113cb38a341a7272d73590c645271854a&o="
"1776666626-274","https://www.booking.com/searchresults.html?label=bristol-XLwodozx2dVe8Ts0XeYuawS752260715469%3Apl%3Ata%3Ap1%3Ap2%3Aac%3Aap%3Aneg%3Afi%3Atikwd-869815001187%3Alp1009919%3Ali%3Adec%3Adm%3Appccp%3DUmFuZG9tSVYkc2RlIyh9YXdX6HrtnYy-Ml68sH-ljtU&aid=311984&dest_id=198&dest_type=country&group_adults=2&req_adults=2&no_rooms=1&broad_search_not_eligible=1&order=distance_from_search","Rare Lodge","Kandy","Providing a garden, Rare Lodge provides accommodations in Kandy. With free private parking, the property is 2.2 miles from Kandy City Center Shopping Mall and 2.6 miles from Bogambara Stadium.","Scored 9.3","9.3","Wonderful","· 3 reviews","Value for money 10","Opens in new window","Show prices","Show on map","","https://cf.bstatic.com/xdata/images/hotel/square600/637959067.webp?k=394bc1028a0b0ec06962f232c76c44645e535778a97090d1545eb10e1418075c&o="
"1776666626-275","https://www.booking.com/searchresults.html?label=bristol-XLwodozx2dVe8Ts0XeYuawS752260715469%3Apl%3Ata%3Ap1%3Ap2%3Aac%3Aap%3Aneg%3Afi%3Atikwd-869815001187%3Alp1009919%3Ali%3Adec%3Adm%3Appccp%3DUmFuZG9tSVYkc2RlIyh9YXdX6HrtnYy-Ml68sH-ljtU&aid=311984&dest_id=198&dest_type=country&group_adults=2&req_adults=2&no_rooms=1&broad_search_not_eligible=1&order=distance_from_search","Laa Villa Kandy","Kandy","Laa Villa Kandy offers accommodations in Kandy, 4.1 miles from Sri Dalada Maligawa and 4.1 miles from Kandy Museum.","","","","","","Opens in new window","Show prices","Show on map","New to Booking.com","https://cf.bstatic.com/xdata/images/hotel/square600/845616054.webp?k=98fcbf00d2e1f19387ce7f0136285baf9217bf4b09f25d7ffee579a4639afb1e&o="
"1776666626-276","https://www.booking.com/searchresults.html?label=bristol-XLwodozx2dVe8Ts0XeYuawS752260715469%3Apl%3Ata%3Ap1%3Ap2%3Aac%3Aap%3Aneg%3Afi%3Atikwd-869815001187%3Alp1009919%3Ali%3Adec%3Adm%3Appccp%3DUmFuZG9tSVYkc2RlIyh9YXdX6HrtnYy-Ml68sH-ljtU&aid=311984&dest_id=198&dest_type=country&group_adults=2&req_adults=2&no_rooms=1&broad_search_not_eligible=1&order=distance_from_search","Greenbell villa","Kandy","Greenbell villa features air-conditioned rooms in Kandy. 3.3 miles from Kandy Train Station and 3.6 miles from Kandy Royal Botanic Gardens, the property offers a garden and a terrace.","","","","","","Opens in new window","Show prices","Show on map","","https://cf.bstatic.com/xdata/images/hotel/square600/781564126.webp?k=eaf4110d56cb374da5d8f3ab3a82853dfaca0f152e9061a9df9fab8dbf841828&o="
"1776666626-277","https://www.booking.com/searchresults.html?label=bristol-XLwodozx2dVe8Ts0XeYuawS752260715469%3Apl%3Ata%3Ap1%3Ap2%3Aac%3Aap%3Aneg%3Afi%3Atikwd-869815001187%3Alp1009919%3Ali%3Adec%3Adm%3Appccp%3DUmFuZG9tSVYkc2RlIyh9YXdX6HrtnYy-Ml68sH-ljtU&aid=311984&dest_id=198&dest_type=country&group_adults=2&req_adults=2&no_rooms=1&broad_search_not_eligible=1&order=distance_from_search","Boscage Homestay","Kandy","Boscage Homestay in Kandy provides accommodations with a garden, a terrace, and a shared lounge. This apartment provides free private parking and a 24-hour front desk.","Scored 9.1","9.1","Wonderful","· 51 reviews","Value for money 8.9","Opens in new window","Show prices","Show on map","","https://cf.bstatic.com/xdata/images/hotel/square600/527445785.webp?k=6340d644c004e255c536c4cef10e3072cadf16e02c542d4cd7af12508abe23ed&o="
"1776666626-278","https://www.booking.com/searchresults.html?label=bristol-XLwodozx2dVe8Ts0XeYuawS752260715469%3Apl%3Ata%3Ap1%3Ap2%3Aac%3Aap%3Aneg%3Afi%3Atikwd-869815001187%3Alp1009919%3Ali%3Adec%3Adm%3Appccp%3DUmFuZG9tSVYkc2RlIyh9YXdX6HrtnYy-Ml68sH-ljtU&aid=311984&dest_id=198&dest_type=country&group_adults=2&req_adults=2&no_rooms=1&broad_search_not_eligible=1&order=distance_from_search","Ceylon Holiday Homes","Kandy","Located in Kandy, 2.6 miles from Kandy City Center Shopping Mall, Ceylon Holiday Homes provides accommodations with a garden, free private parking, a terrace and a restaurant.","","","","","","Opens in new window","Show prices","Show on map","","https://cf.bstatic.com/xdata/images/hotel/square600/728059888.webp?k=ce060ca8c4016b37c11db15e3065256ae2b1af944cc8513bc347488942c1fcb5&o="
"1776666626-279","https://www.booking.com/searchresults.html?label=bristol-XLwodozx2dVe8Ts0XeYuawS752260715469%3Apl%3Ata%3Ap1%3Ap2%3Aac%3Aap%3Aneg%3Afi%3Atikwd-869815001187%3Alp1009919%3Ali%3Adec%3Adm%3Appccp%3DUmFuZG9tSVYkc2RlIyh9YXdX6HrtnYy-Ml68sH-ljtU&aid=311984&dest_id=198&dest_type=country&group_adults=2&req_adults=2&no_rooms=1&broad_search_not_eligible=1&order=distance_from_search","Kandyan Lounge","Kiribatkumbura","Offering mountain views, Kandyan Lounge in Kiribatkumbura features accommodations, a garden, and a shared lounge. This guest house offers free private parking, a shared kitchen, and free Wifi.","Scored 9.3","9.3","Wonderful","· 34 reviews","Value for money 9.9","Opens in new window","Show prices","Show on map","","https://cf.bstatic.com/xdata/images/hotel/square600/244582633.webp?k=7cdebc548b3aaa6a27693fa40c55859181ee23476b0d47237b1f08a5589fcd70&o="
"1776666626-280","https://www.booking.com/searchresults.html?label=bristol-XLwodozx2dVe8Ts0XeYuawS752260715469%3Apl%3Ata%3Ap1%3Ap2%3Aac%3Aap%3Aneg%3Afi%3Atikwd-869815001187%3Alp1009919%3Ali%3Adec%3Adm%3Appccp%3DUmFuZG9tSVYkc2RlIyh9YXdX6HrtnYy-Ml68sH-ljtU&aid=311984&dest_id=198&dest_type=country&group_adults=2&req_adults=2&no_rooms=1&broad_search_not_eligible=1&order=distance_from_search","Ashburnham Estate-98 Acre Tea Estate with Private Waterfalls","Elkaduwa","This 1930s bungalow is sprawled across 98 acres of a tea plantation, at the foot of the Knuckles Mountain Range.","Scored 9.1","9.1","Wonderful","· 86 reviews","Value for money 8.7","Opens in new window","Show prices","Show on map","","https://cf.bstatic.com/xdata/images/hotel/square600/639041512.webp?k=a4f11b53f6686bdfdf0b81dd25a1ddfff1a7b46d556e41316f2877af15b3ec35&o="
"1776666626-281","https://www.booking.com/searchresults.html?label=bristol-XLwodozx2dVe8Ts0XeYuawS752260715469%3Apl%3Ata%3Ap1%3Ap2%3Aac%3Aap%3Aneg%3Afi%3Atikwd-869815001187%3Alp1009919%3Ali%3Adec%3Adm%3Appccp%3DUmFuZG9tSVYkc2RlIyh9YXdX6HrtnYy-Ml68sH-ljtU&aid=311984&dest_id=198&dest_type=country&group_adults=2&req_adults=2&no_rooms=1&broad_search_not_eligible=1&order=distance_from_search","Surveyor's Residence Bungalow","Kandy","Offering a garden, Surveyor's Residence Bungalow provides accommodations in Kandy. This property offers a private pool, free Wifi, and free private parking.","Scored 9.3","9.3","Wonderful","· 156 reviews","Value for money 9.3","Opens in new window","Show prices","Show on map","","https://cf.bstatic.com/xdata/images/hotel/square600/483896839.webp?k=e9b765206b23deb31dd7597eedf896c84a9a4f0201223c12dcc9879eaa39eebd&o="
"1776666626-282","https://www.booking.com/searchresults.html?label=bristol-XLwodozx2dVe8Ts0XeYuawS752260715469%3Apl%3Ata%3Ap1%3Ap2%3Aac%3Aap%3Aneg%3Afi%3Atikwd-869815001187%3Alp1009919%3Ali%3Adec%3Adm%3Appccp%3DUmFuZG9tSVYkc2RlIyh9YXdX6HrtnYy-Ml68sH-ljtU&aid=311984&dest_id=198&dest_type=country&group_adults=2&req_adults=2&no_rooms=1&broad_search_not_eligible=1&order=distance_from_search","Hideaway Homestay kandy","Haloluwa","Featuring mountain views, Hideaway Homestay kandy in Haloluwa offers accommodations, a garden, and a shared lounge. This property offers access to a balcony, darts, free private parking, and free...","Scored 9.8","9.8","Exceptional","· 129 reviews","Value for money 9.9","Opens in new window","Show prices","Show on map","","https://cf.bstatic.com/xdata/images/hotel/square600/435746273.webp?k=9742630a325c5da439b9f403870b7522a6615c393c34755bfb760869eb229d21&o="
"1776666626-283","https://www.booking.com/searchresults.html?label=bristol-XLwodozx2dVe8Ts0XeYuawS752260715469%3Apl%3Ata%3Ap1%3Ap2%3Aac%3Aap%3Aneg%3Afi%3Atikwd-869815001187%3Alp1009919%3Ali%3Adec%3Adm%3Appccp%3DUmFuZG9tSVYkc2RlIyh9YXdX6HrtnYy-Ml68sH-ljtU&aid=311984&dest_id=198&dest_type=country&group_adults=2&req_adults=2&no_rooms=1&broad_search_not_eligible=1&order=distance_from_search","Serendipitya Homestay","Kiribatkumbura","Serendipitya Homestay offers accommodations in Kiribatkumbura, 1.9 miles from Kandy Royal Botanic Gardens and 4.9 miles from Kandy Train Station.","","","","","","Opens in new window","Show prices","Show on map","","https://cf.bstatic.com/xdata/images/hotel/square600/745877357.webp?k=ec3601cc909cda3ce22e3f28b9aa71b24accad47f31ffed7ddc78cd702ac8fa7&o="
"1776666626-284","https://www.booking.com/searchresults.html?label=bristol-XLwodozx2dVe8Ts0XeYuawS752260715469%3Apl%3Ata%3Ap1%3Ap2%3Aac%3Aap%3Aneg%3Afi%3Atikwd-869815001187%3Alp1009919%3Ali%3Adec%3Adm%3Appccp%3DUmFuZG9tSVYkc2RlIyh9YXdX6HrtnYy-Ml68sH-ljtU&aid=311984&dest_id=198&dest_type=country&group_adults=2&req_adults=2&no_rooms=1&broad_search_not_eligible=1&order=distance_from_search","Hill Country Villa","Kandy","Located in Kandy, 2.7 miles from Kandy Train Station, Hill Country Villa provides accommodations with a garden, free private parking and a shared lounge.","Scored 8.8","8.8","Excellent","· 274 reviews","Value for money 8.9","Opens in new window","Show prices","Show on map","","https://cf.bstatic.com/xdata/images/hotel/square600/339963643.webp?k=915cb979313a483160f1cf98128a1ad3cdff8bacb0f140ccd5af3a7119b4526e&o="
"1776666626-285","https://www.booking.com/searchresults.html?label=bristol-XLwodozx2dVe8Ts0XeYuawS752260715469%3Apl%3Ata%3Ap1%3Ap2%3Aac%3Aap%3Aneg%3Afi%3Atikwd-869815001187%3Alp1009919%3Ali%3Adec%3Adm%3Appccp%3DUmFuZG9tSVYkc2RlIyh9YXdX6HrtnYy-Ml68sH-ljtU&aid=311984&dest_id=198&dest_type=country&group_adults=2&req_adults=2&no_rooms=1&broad_search_not_eligible=1&order=distance_from_search","Asoria Luxe Resort","Kegalle","Located in Kegalle, 18 miles from Kandy Royal Botanic Gardens, Asoria Luxe Resort provides accommodations with a garden, free private parking, a terrace and a restaurant.","","","","","","Opens in new window","Show prices","Show on map","New to Booking.com","https://cf.bstatic.com/xdata/images/hotel/square600/821338717.webp?k=d49c5a32a3b5b12be0bc81dc852583eeafca83403a091de2e555b92db86f3ed7&o="
"1776666626-286","https://www.booking.com/searchresults.html?label=bristol-XLwodozx2dVe8Ts0XeYuawS752260715469%3Apl%3Ata%3Ap1%3Ap2%3Aac%3Aap%3Aneg%3Afi%3Atikwd-869815001187%3Alp1009919%3Ali%3Adec%3Adm%3Appccp%3DUmFuZG9tSVYkc2RlIyh9YXdX6HrtnYy-Ml68sH-ljtU&aid=311984&dest_id=198&dest_type=country&group_adults=2&req_adults=2&no_rooms=1&broad_search_not_eligible=1&order=distance_from_search","Kandy Wellington Apartment","Kandy","Featuring a garden, Kandy Wellington Apartment features accommodations in Kandy.","Scored 8.0","8.0","Very Good","· 26 reviews","","Opens in new window","Show prices","Show on map","","https://cf.bstatic.com/xdata/images/hotel/square600/276209277.webp?k=78de233563175a2dd9ae9043fb5c4baec6f1db66645eb1f0c6f81690b50febe3&o="
"1776666626-287","https://www.booking.com/searchresults.html?label=bristol-XLwodozx2dVe8Ts0XeYuawS752260715469%3Apl%3Ata%3Ap1%3Ap2%3Aac%3Aap%3Aneg%3Afi%3Atikwd-869815001187%3Alp1009919%3Ali%3Adec%3Adm%3Appccp%3DUmFuZG9tSVYkc2RlIyh9YXdX6HrtnYy-Ml68sH-ljtU&aid=311984&dest_id=198&dest_type=country&group_adults=2&req_adults=2&no_rooms=1&broad_search_not_eligible=1&order=distance_from_search","Juliyanvilla","Kandy","Located in Kandy, within 4.1 miles of Kandy Royal Botanic Gardens and 7.1 miles of Kandy Train Station, Juliyanvilla provides accommodations with a garden and free WiFi throughout the property as well...","Scored 8.5","8.5","Very Good","· 2 reviews","Value for money 10","Opens in new window","Show prices","Show on map","","https://cf.bstatic.com/xdata/images/hotel/square600/96725042.webp?k=a87dc9d3249a7d0ab23460b9347abde3df22c0871af95dda51a124efe2252f16&o="
"1776666626-288","https://www.booking.com/searchresults.html?label=bristol-XLwodozx2dVe8Ts0XeYuawS752260715469%3Apl%3Ata%3Ap1%3Ap2%3Aac%3Aap%3Aneg%3Afi%3Atikwd-869815001187%3Alp1009919%3Ali%3Adec%3Adm%3Appccp%3DUmFuZG9tSVYkc2RlIyh9YXdX6HrtnYy-Ml68sH-ljtU&aid=311984&dest_id=198&dest_type=country&group_adults=2&req_adults=2&no_rooms=1&broad_search_not_eligible=1&order=distance_from_search","Heavens Acres Lodge - Two Bed Room Cabana - Agarloom","Matale","Heavens Acres Lodge - Two Bed Room Cabana - Agarloom offers accommodations in Matale, 28 miles from Kandy Train Station and 28 miles from Kandy Museum.","Scored 9.5","9.5","Exceptional","· 25 reviews","Value for money 9.6","Opens in new window","Show prices","Show on map","","https://cf.bstatic.com/xdata/images/hotel/square600/517040516.webp?k=e08c83992df0e5e40f8d1865c660732310b0bf7e993de024a6db7ae149ffc34c&o="
"1776666626-289","https://www.booking.com/searchresults.html?label=bristol-XLwodozx2dVe8Ts0XeYuawS752260715469%3Apl%3Ata%3Ap1%3Ap2%3Aac%3Aap%3Aneg%3Afi%3Atikwd-869815001187%3Alp1009919%3Ali%3Adec%3Adm%3Appccp%3DUmFuZG9tSVYkc2RlIyh9YXdX6HrtnYy-Ml68sH-ljtU&aid=311984&dest_id=198&dest_type=country&group_adults=2&req_adults=2&no_rooms=1&broad_search_not_eligible=1&order=distance_from_search","Heaven's Acres Lodge - Private one Bedroom Cabana","Matale","Located 27 miles from Kandy City Center Shopping Mall, Heaven's Acres Lodge - Private one Bedroom Cabana has accommodations with a garden, a restaurant and room service for your convenience.","Scored 8.0","8.0","Very Good","· 1 review","Value for money 10","Opens in new window","Show prices","Show on map","New to Booking.com","https://cf.bstatic.com/xdata/images/hotel/square600/812689309.webp?k=4d911e7b485b4c9975d7f2e8d0b975ad6846303a1c0a2fbbb62bbc1240940483&o="
"1776666626-290","https://www.booking.com/searchresults.html?label=bristol-XLwodozx2dVe8Ts0XeYuawS752260715469%3Apl%3Ata%3Ap1%3Ap2%3Aac%3Aap%3Aneg%3Afi%3Atikwd-869815001187%3Alp1009919%3Ali%3Adec%3Adm%3Appccp%3DUmFuZG9tSVYkc2RlIyh9YXdX6HrtnYy-Ml68sH-ljtU&aid=311984&dest_id=198&dest_type=country&group_adults=2&req_adults=2&no_rooms=1&broad_search_not_eligible=1&order=distance_from_search","Kandy Dream Villa & Hostel","Kandy","Kandy Dream Villa & Hostel offers a garden and accommodations with a kitchen in Kandy, 1.5 miles from Kandy Train Station.","","","","","","Opens in new window","Show prices","Show on map","","https://cf.bstatic.com/xdata/images/hotel/square600/778318925.webp?k=abdbb8223a20f603f0066af32ae558aa0bd857f7e68f7ad88101f199a6850f98&o="
"1776666626-291","https://www.booking.com/searchresults.html?label=bristol-XLwodozx2dVe8Ts0XeYuawS752260715469%3Apl%3Ata%3Ap1%3Ap2%3Aac%3Aap%3Aneg%3Afi%3Atikwd-869815001187%3Alp1009919%3Ali%3Adec%3Adm%3Appccp%3DUmFuZG9tSVYkc2RlIyh9YXdX6HrtnYy-Ml68sH-ljtU&aid=311984&dest_id=198&dest_type=country&group_adults=2&req_adults=2&no_rooms=1&broad_search_not_eligible=1&order=distance_from_search","Hotel Sara","Kandy","Featuring a terrace, restaurant and views of river, Hotel Sara is located in Kandy, 2.4 miles from Kandy City Center Shopping Mall.","Scored 8.4","8.4","Very Good","· 16 reviews","Value for money 9.2","Opens in new window","Show prices","Show on map","","https://cf.bstatic.com/xdata/images/hotel/square600/503756725.webp?k=22ec572cfe771115cf12cde890c3f01fe2121c28f0e783864154061aa585ce37&o="
"1776666626-292","https://www.booking.com/searchresults.html?label=bristol-XLwodozx2dVe8Ts0XeYuawS752260715469%3Apl%3Ata%3Ap1%3Ap2%3Aac%3Aap%3Aneg%3Afi%3Atikwd-869815001187%3Alp1009919%3Ali%3Adec%3Adm%3Appccp%3DUmFuZG9tSVYkc2RlIyh9YXdX6HrtnYy-Ml68sH-ljtU&aid=311984&dest_id=198&dest_type=country&group_adults=2&req_adults=2&no_rooms=1&broad_search_not_eligible=1&order=distance_from_search","Kandy Hub Guest House","Kandy","Providing mountain views, Kandy Hub Guest House in Kandy provides accommodations, a garden, and a shared lounge. This property offers access to a balcony, free private parking, and free Wifi.","Scored 9.1","9.1","Wonderful","· 75 reviews","Value for money 9.5","Opens in new window","Show prices","Show on map","","https://cf.bstatic.com/xdata/images/hotel/square600/611727860.webp?k=2e3b0fd7ea3f5722fac4e63ec655322a92b61eca62808cac574744aac4621a8b&o="
"1776666626-293","https://www.booking.com/searchresults.html?label=bristol-XLwodozx2dVe8Ts0XeYuawS752260715469%3Apl%3Ata%3Ap1%3Ap2%3Aac%3Aap%3Aneg%3Afi%3Atikwd-869815001187%3Alp1009919%3Ali%3Adec%3Adm%3Appccp%3DUmFuZG9tSVYkc2RlIyh9YXdX6HrtnYy-Ml68sH-ljtU&aid=311984&dest_id=198&dest_type=country&group_adults=2&req_adults=2&no_rooms=1&broad_search_not_eligible=1&order=distance_from_search","A Home Away B&B","Kiribatkumbura","A Home Away B&B in Kiribatkumbura provides accommodations with a garden and a bar. This property offers access to a balcony, free private parking, and free Wifi.","","","","","","Opens in new window","Show prices","Show on map","","https://cf.bstatic.com/xdata/images/hotel/square600/758534813.webp?k=31716b5ceb4b4cc94aaceaffb3247ac902666f7c002823e5ab20d731b023940a&o="
"1776666626-294","https://www.booking.com/searchresults.html?label=bristol-XLwodozx2dVe8Ts0XeYuawS752260715469%3Apl%3Ata%3Ap1%3Ap2%3Aac%3Aap%3Aneg%3Afi%3Atikwd-869815001187%3Alp1009919%3Ali%3Adec%3Adm%3Appccp%3DUmFuZG9tSVYkc2RlIyh9YXdX6HrtnYy-Ml68sH-ljtU&aid=311984&dest_id=198&dest_type=country&group_adults=2&req_adults=2&no_rooms=1&broad_search_not_eligible=1&order=distance_from_search","Sundil","Kandy","Sundil offers accommodations in Kandy, 2.2 miles from Kandy City Center Shopping Mall and 2.6 miles from Bogambara Stadium.","","","","","","Opens in new window","Show prices","Show on map","","https://cf.bstatic.com/xdata/images/hotel/square600/236917783.webp?k=0725a6bcb36e6e7d4ec84eb62ff6f2eca69fbff427fd8f37dab7efd490a831a2&o="
"1776666626-295","https://www.booking.com/searchresults.html?label=bristol-XLwodozx2dVe8Ts0XeYuawS752260715469%3Apl%3Ata%3Ap1%3Ap2%3Aac%3Aap%3Aneg%3Afi%3Atikwd-869815001187%3Alp1009919%3Ali%3Adec%3Adm%3Appccp%3DUmFuZG9tSVYkc2RlIyh9YXdX6HrtnYy-Ml68sH-ljtU&aid=311984&dest_id=198&dest_type=country&group_adults=2&req_adults=2&no_rooms=1&broad_search_not_eligible=1&order=distance_from_search","Cozy Cove Kandy","Kandy","Providing a garden, Cozy Cove Kandy provides accommodations in Kandy. This property offers access to a balcony, free private parking, and free Wifi.","Scored 10","10","Exceptional","· 1 review","Value for money 10","Opens in new window","Show prices","Show on map","","https://cf.bstatic.com/xdata/images/hotel/square600/749745910.webp?k=d21e547a7b8294dd9c93ef8c7c1db0aa39e1449eb74a7a24d543a291bb908138&o="
"1776666626-296","https://www.booking.com/searchresults.html?label=bristol-XLwodozx2dVe8Ts0XeYuawS752260715469%3Apl%3Ata%3Ap1%3Ap2%3Aac%3Aap%3Aneg%3Afi%3Atikwd-869815001187%3Alp1009919%3Ali%3Adec%3Adm%3Appccp%3DUmFuZG9tSVYkc2RlIyh9YXdX6HrtnYy-Ml68sH-ljtU&aid=311984&dest_id=198&dest_type=country&group_adults=2&req_adults=2&no_rooms=1&broad_search_not_eligible=1&order=distance_from_search","Little House Kandy","Kandy","Little House Kandy enjoys a location in Kandy, 2.4 miles from Kandy City Center Shopping Mall and 2.6 miles from Bogambara Stadium. This property offers access to a balcony and free private parking.","","","","","","Opens in new window","Show prices","Show on map","","https://cf.bstatic.com/xdata/images/hotel/square600/652089382.webp?k=2b610bef7d45a9b63a68f0a7b88b61a4969ed3a9e4a57f866336e45ea26dfdd8&o="
"1776666626-297","https://www.booking.com/searchresults.html?label=bristol-XLwodozx2dVe8Ts0XeYuawS752260715469%3Apl%3Ata%3Ap1%3Ap2%3Aac%3Aap%3Aneg%3Afi%3Atikwd-869815001187%3Alp1009919%3Ali%3Adec%3Adm%3Appccp%3DUmFuZG9tSVYkc2RlIyh9YXdX6HrtnYy-Ml68sH-ljtU&aid=311984&dest_id=198&dest_type=country&group_adults=2&req_adults=2&no_rooms=1&broad_search_not_eligible=1&order=distance_from_search","Yellow Rose Hotel","Kandy","Located in Kandy, 2.5 miles from Kandy City Center Shopping Mall, Yellow Rose Hotel has accommodations with an outdoor swimming pool, free private parking, a garden and a restaurant.","Scored 10","10","Exceptional","· 1 review","Value for money 10","Opens in new window","Show prices","Show on map","New to Booking.com","https://cf.bstatic.com/xdata/images/hotel/square600/814481163.webp?k=55f6951af83c64c2a5d969b2acd3480cdf80be547f2ecdcb50f268eb7576c12b&o="
"1776666626-298","https://www.booking.com/searchresults.html?label=bristol-XLwodozx2dVe8Ts0XeYuawS752260715469%3Apl%3Ata%3Ap1%3Ap2%3Aac%3Aap%3Aneg%3Afi%3Atikwd-869815001187%3Alp1009919%3Ali%3Adec%3Adm%3Appccp%3DUmFuZG9tSVYkc2RlIyh9YXdX6HrtnYy-Ml68sH-ljtU&aid=311984&dest_id=198&dest_type=country&group_adults=2&req_adults=2&no_rooms=1&broad_search_not_eligible=1&order=distance_from_search","The Mist Residence - Kandy","Kandy","The Mist Residence - Kandy is located in Kandy, just 2.5 miles from Kandy City Center Shopping Mall and 2.8 miles from Bogambara Stadium.","Scored 10","10","Exceptional","· 2 reviews","Value for money 10","Opens in new window","Show prices","Show on map","","https://cf.bstatic.com/xdata/images/hotel/square600/732129161.webp?k=bc7002f90669b52bce0e9f715ebf85c5d61a7a14df7eb2c636ca501360167038&o="
"1776666626-299","https://www.booking.com/searchresults.html?label=bristol-XLwodozx2dVe8Ts0XeYuawS752260715469%3Apl%3Ata%3Ap1%3Ap2%3Aac%3Aap%3Aneg%3Afi%3Atikwd-869815001187%3Alp1009919%3Ali%3Adec%3Adm%3Appccp%3DUmFuZG9tSVYkc2RlIyh9YXdX6HrtnYy-Ml68sH-ljtU&aid=311984&dest_id=198&dest_type=country&group_adults=2&req_adults=2&no_rooms=1&broad_search_not_eligible=1&order=distance_from_search","Aura Residence-Kandy","Katugastota","Aura Residence-Kandy enjoys a location in Katugastota, 5.1 miles from Bogambara Stadium and 5.2 miles from Kandy Train Station.","Scored 9.1","9.1","Wonderful","· 11 reviews","Value for money 8.7","Opens in new window","Show prices","Show on map","","https://cf.bstatic.com/xdata/images/hotel/square600/832418716.webp?k=517f8768c2dcce1e7d330684ced5e32496702dd30b77453b76ff0b28a29d97ff&o="
"1776666626-300","https://www.booking.com/searchresults.html?label=bristol-XLwodozx2dVe8Ts0XeYuawS752260715469%3Apl%3Ata%3Ap1%3Ap2%3Aac%3Aap%3Aneg%3Afi%3Atikwd-869815001187%3Alp1009919%3Ali%3Adec%3Adm%3Appccp%3DUmFuZG9tSVYkc2RlIyh9YXdX6HrtnYy-Ml68sH-ljtU&aid=311984&dest_id=198&dest_type=country&group_adults=2&req_adults=2&no_rooms=1&broad_search_not_eligible=1&order=distance_from_search","Cinnamon Citadel Kandy","Kandy","Located 1640 feet above sea level, Cinnamon Citadel Kandy  offers a spectacular outdoor pool.","Scored 8.4","8.4","Very Good","· 739 reviews","","Opens in new window","Show prices","Show on map","","https://cf.bstatic.com/xdata/images/hotel/square600/648790712.webp?k=aab2021f262a5439cbc19bf3619e5ff0210c275fe143bb9b7225371486c86b47&o="
"1776666626-301","https://www.booking.com/searchresults.html?label=bristol-XLwodozx2dVe8Ts0XeYuawS752260715469%3Apl%3Ata%3Ap1%3Ap2%3Aac%3Aap%3Aneg%3Afi%3Atikwd-869815001187%3Alp1009919%3Ali%3Adec%3Adm%3Appccp%3DUmFuZG9tSVYkc2RlIyh9YXdX6HrtnYy-Ml68sH-ljtU&aid=311984&dest_id=198&dest_type=country&group_adults=2&req_adults=2&no_rooms=1&broad_search_not_eligible=1&order=distance_from_search","Kandy Rainbow Villa","Kandy","Offering a terrace, Kandy Rainbow Villa features accommodations in Kandy. This vacation home offers free private parking, a shared kitchen, and free Wifi.","Scored 10","10","Exceptional","· 1 review","Value for money 10","Opens in new window","Show prices","Show on map","","https://cf.bstatic.com/xdata/images/hotel/square600/808969344.webp?k=8c0b6c38c1113dc65ffe2b8a73c5e38cf3ee67288792a0fc1d547ce20e4a5f1a&o="
"1776666626-302","https://www.booking.com/searchresults.html?label=bristol-XLwodozx2dVe8Ts0XeYuawS752260715469%3Apl%3Ata%3Ap1%3Ap2%3Aac%3Aap%3Aneg%3Afi%3Atikwd-869815001187%3Alp1009919%3Ali%3Adec%3Adm%3Appccp%3DUmFuZG9tSVYkc2RlIyh9YXdX6HrtnYy-Ml68sH-ljtU&aid=311984&dest_id=198&dest_type=country&group_adults=2&req_adults=2&no_rooms=1&broad_search_not_eligible=1&order=distance_from_search","The Cube","Kegalle","The Cube features an outdoor swimming pool, garden, a terrace and restaurant in Kegalle. This 3-star hotel offers room service and a 24-hour front desk.","Scored 9.4","9.4","Wonderful","· 114 reviews","Value for money 9.4","Opens in new window","Show prices","Show on map","","https://cf.bstatic.com/xdata/images/hotel/square600/626224377.webp?k=be2eee5a9e3472b058da9b86e67911d779733b193e99b966caad20bcaf40db94&o="
"1776666626-303","https://www.booking.com/searchresults.html?label=bristol-XLwodozx2dVe8Ts0XeYuawS752260715469%3Apl%3Ata%3Ap1%3Ap2%3Aac%3Aap%3Aneg%3Afi%3Atikwd-869815001187%3Alp1009919%3Ali%3Adec%3Adm%3Appccp%3DUmFuZG9tSVYkc2RlIyh9YXdX6HrtnYy-Ml68sH-ljtU&aid=311984&dest_id=198&dest_type=country&group_adults=2&req_adults=2&no_rooms=1&broad_search_not_eligible=1&order=distance_from_search","Waters Spring","Kandy","Located in Kandy, 3 miles from Kandy City Center Shopping Mall, Waters Spring has accommodations with a garden, free private parking, a terrace and a restaurant.","Scored 8.1","8.1","Very Good","· 104 reviews","Value for money 8.7","Opens in new window","Show prices","Show on map","","https://cf.bstatic.com/xdata/images/hotel/square600/345030695.webp?k=d6e310e51147dd2174223ff85e262b3d4f8f342125ceb7532eb797736415569b&o="
"1776666626-304","https://www.booking.com/searchresults.html?label=bristol-XLwodozx2dVe8Ts0XeYuawS752260715469%3Apl%3Ata%3Ap1%3Ap2%3Aac%3Aap%3Aneg%3Afi%3Atikwd-869815001187%3Alp1009919%3Ali%3Adec%3Adm%3Appccp%3DUmFuZG9tSVYkc2RlIyh9YXdX6HrtnYy-Ml68sH-ljtU&aid=311984&dest_id=198&dest_type=country&group_adults=2&req_adults=2&no_rooms=1&broad_search_not_eligible=1&order=distance_from_search","Kandy Moon Hills Hotel","Kandy","Kandy Moon Hills Hotel in Kandy provides accommodations with a garden and a shared lounge. Private parking is available on site at this recently renovated property.","Scored 7.6","7.6","Good","· 11 reviews","Value for money 8.5","Opens in new window","Show prices","Show on map","","https://cf.bstatic.com/xdata/images/hotel/square600/82972557.webp?k=46f952ae018576b3ee5704d95d113b5fa8fd53ac5472aa567aa9e2c4419baa79&o="
"1776666626-305","https://www.booking.com/searchresults.html?label=bristol-XLwodozx2dVe8Ts0XeYuawS752260715469%3Apl%3Ata%3Ap1%3Ap2%3Aac%3Aap%3Aneg%3Afi%3Atikwd-869815001187%3Alp1009919%3Ali%3Adec%3Adm%3Appccp%3DUmFuZG9tSVYkc2RlIyh9YXdX6HrtnYy-Ml68sH-ljtU&aid=311984&dest_id=198&dest_type=country&group_adults=2&req_adults=2&no_rooms=1&broad_search_not_eligible=1&order=distance_from_search","Littlehouse","Kandy","Featuring a garden, Littlehouse offers accommodations in Kandy. This homestay provides air-conditioned accommodations with a balcony.","","","","","","Opens in new window","Show prices","Show on map","","https://cf.bstatic.com/xdata/images/hotel/square600/767019565.webp?k=f8094fac1c005492aca969f60ac398eb1935276434ef93b818054da9fb8fa43e&o="
"1776666626-306","https://www.booking.com/searchresults.html?label=bristol-XLwodozx2dVe8Ts0XeYuawS752260715469%3Apl%3Ata%3Ap1%3Ap2%3Aac%3Aap%3Aneg%3Afi%3Atikwd-869815001187%3Alp1009919%3Ali%3Adec%3Adm%3Appccp%3DUmFuZG9tSVYkc2RlIyh9YXdX6HrtnYy-Ml68sH-ljtU&aid=311984&dest_id=198&dest_type=country&group_adults=2&req_adults=2&no_rooms=1&broad_search_not_eligible=1&order=distance_from_search","Thotupola Residence","Kandy","Thotupola Residence in Kandy provides accommodations with a garden and a shared lounge. This bed and breakfast offers air-conditioned accommodations with a terrace.","Scored 8.7","8.7","Excellent","· 20 reviews","Value for money 8.5","Opens in new window","Show prices","Show on map","","https://cf.bstatic.com/xdata/images/hotel/square600/153681554.webp?k=f59e0f3f68d45b2bdb67d731334956e2a0253e9bc2f10157dc02d0b37d4b3a65&o="
"1776666626-307","https://www.booking.com/searchresults.html?label=bristol-XLwodozx2dVe8Ts0XeYuawS752260715469%3Apl%3Ata%3Ap1%3Ap2%3Aac%3Aap%3Aneg%3Afi%3Atikwd-869815001187%3Alp1009919%3Ali%3Adec%3Adm%3Appccp%3DUmFuZG9tSVYkc2RlIyh9YXdX6HrtnYy-Ml68sH-ljtU&aid=311984&dest_id=198&dest_type=country&group_adults=2&req_adults=2&no_rooms=1&broad_search_not_eligible=1&order=distance_from_search","Rugby House Kandy","Kandy","Rugby House Kandy is located in Kandy, just 2.1 miles from Kandy City Center Shopping Mall and 2.5 miles from Bogambara Stadium. This property offers access to a terrace and free private parking.","Scored 9.4","9.4","Wonderful","· 5 reviews","Value for money 9.5","Opens in new window","Show prices","Show on map","","https://cf.bstatic.com/xdata/images/hotel/square600/113929981.webp?k=0a85320d9a1cff2843f92a9f780152f08b9ebaef910c96e92563b1ac04c35599&o="
"1776666626-308","https://www.booking.com/searchresults.html?label=bristol-XLwodozx2dVe8Ts0XeYuawS752260715469%3Apl%3Ata%3Ap1%3Ap2%3Aac%3Aap%3Aneg%3Afi%3Atikwd-869815001187%3Alp1009919%3Ali%3Adec%3Adm%3Appccp%3DUmFuZG9tSVYkc2RlIyh9YXdX6HrtnYy-Ml68sH-ljtU&aid=311984&dest_id=198&dest_type=country&group_adults=2&req_adults=2&no_rooms=1&broad_search_not_eligible=1&order=distance_from_search","Kandy Luxe Villa","Kandy","Kandy Luxe Villa offers air-conditioned rooms in Kandy. 4.1 miles from Kandy Museum and 4.1 miles from Sri Dalada Maligawa, the property features barbecue facilities and a shared lounge.","Scored 9.5","9.5","Exceptional","· 2 reviews","Value for money 10","Opens in new window","Show prices","Show on map","","https://cf.bstatic.com/xdata/images/hotel/square600/720247078.webp?k=49856ba9b8174ff617d002e830cebd68ae5c5e72abec9d9d0866cc36f5344944&o="
"1776666626-309","https://www.booking.com/searchresults.html?label=bristol-XLwodozx2dVe8Ts0XeYuawS752260715469%3Apl%3Ata%3Ap1%3Ap2%3Aac%3Aap%3Aneg%3Afi%3Atikwd-869815001187%3Alp1009919%3Ali%3Adec%3Adm%3Appccp%3DUmFuZG9tSVYkc2RlIyh9YXdX6HrtnYy-Ml68sH-ljtU&aid=311984&dest_id=198&dest_type=country&group_adults=2&req_adults=2&no_rooms=1&broad_search_not_eligible=1&order=distance_from_search","Villa Begonia","Kandy","Located in Kandy, near Kandy Pogolla Reservoir, Villa Begonia features free WiFi. The villa offers a seating area with a flat-screen TV and a private bathroom with free toiletries and shower.","Scored 9.8","9.8","Exceptional","· 6 reviews","Value for money 10","Opens in new window","Show prices","Show on map","","https://cf.bstatic.com/xdata/images/hotel/square600/787872138.webp?k=5c9f1736feb8da97240c4793d2972c84bfffc2ef4364b770688d7ce9f29e850a&o="
"1776666626-310","https://www.booking.com/searchresults.html?label=bristol-XLwodozx2dVe8Ts0XeYuawS752260715469%3Apl%3Ata%3Ap1%3Ap2%3Aac%3Aap%3Aneg%3Afi%3Atikwd-869815001187%3Alp1009919%3Ali%3Adec%3Adm%3Appccp%3DUmFuZG9tSVYkc2RlIyh9YXdX6HrtnYy-Ml68sH-ljtU&aid=311984&dest_id=198&dest_type=country&group_adults=2&req_adults=2&no_rooms=1&broad_search_not_eligible=1&order=distance_from_search","Hill Crest Mansion","Kandy","Featuring a garden, Hill Crest Mansion offers accommodations in Kandy. This property offers access to a terrace, free private parking, and free Wifi.","","","","","","Opens in new window","Show prices","Show on map","","https://cf.bstatic.com/xdata/images/hotel/square600/827818127.webp?k=b402bfb3a5a297466961ee46df39af1fbc3d66e4c7eafa9115641e228eea1a80&o="
"1776666626-311","https://www.booking.com/searchresults.html?label=bristol-XLwodozx2dVe8Ts0XeYuawS752260715469%3Apl%3Ata%3Ap1%3Ap2%3Aac%3Aap%3Aneg%3Afi%3Atikwd-869815001187%3Alp1009919%3Ali%3Adec%3Adm%3Appccp%3DUmFuZG9tSVYkc2RlIyh9YXdX6HrtnYy-Ml68sH-ljtU&aid=311984&dest_id=198&dest_type=country&group_adults=2&req_adults=2&no_rooms=1&broad_search_not_eligible=1&order=distance_from_search","The Tenthola","Kandy","The Tenthola in Kandy provides accommodations with a garden and a shared lounge. There's a private entrance at the guest house for the convenience of those who stay.","Scored 9.4","9.4","Wonderful","· 103 reviews","Value for money 9.0","Opens in new window","Show prices","Show on map","","https://cf.bstatic.com/xdata/images/hotel/square600/448322442.webp?k=89abe81527cfebcf6bcb1688a02cbe9b9abe7d5742e52ded3828bdf9917206ee&o="
"1776666626-312","https://www.booking.com/searchresults.html?label=bristol-XLwodozx2dVe8Ts0XeYuawS752260715469%3Apl%3Ata%3Ap1%3Ap2%3Aac%3Aap%3Aneg%3Afi%3Atikwd-869815001187%3Alp1009919%3Ali%3Adec%3Adm%3Appccp%3DUmFuZG9tSVYkc2RlIyh9YXdX6HrtnYy-Ml68sH-ljtU&aid=311984&dest_id=198&dest_type=country&group_adults=2&req_adults=2&no_rooms=1&broad_search_not_eligible=1&order=distance_from_search","Serenity Valley - Tourist Bungalow","Kandy","Serenity Valley - Tourist Bungalow offers accommodations in Kandy, 2.1 miles from Kandy City Center Shopping Mall and 2.3 miles from Bogambara Stadium.","","","","","","Opens in new window","Show prices","Show on map","","https://cf.bstatic.com/xdata/images/hotel/square600/724280416.webp?k=70379aa1161fd234c5257a5b8c6b506929b4452b02054252034c0e6cb2ccc73b&o="
"1776666626-313","https://www.booking.com/searchresults.html?label=bristol-XLwodozx2dVe8Ts0XeYuawS752260715469%3Apl%3Ata%3Ap1%3Ap2%3Aac%3Aap%3Aneg%3Afi%3Atikwd-869815001187%3Alp1009919%3Ali%3Adec%3Adm%3Appccp%3DUmFuZG9tSVYkc2RlIyh9YXdX6HrtnYy-Ml68sH-ljtU&aid=311984&dest_id=198&dest_type=country&group_adults=2&req_adults=2&no_rooms=1&broad_search_not_eligible=1&order=distance_from_search","GT Homes Peradeniya","Peradeniya","Located in Peradeniya, 1.4 miles from Kandy Royal Botanic Gardens, GT Homes Peradeniya provides accommodations with an outdoor swimming pool, free private parking, a garden and a terrace.","","","","","","Opens in new window","Show prices","Show on map","","https://cf.bstatic.com/xdata/images/hotel/square600/767514739.webp?k=ab4ab75795bc42cb8ce3addbf265813c586ea7eef5a585e14c6150c767406deb&o="
"1776666626-314","https://www.booking.com/searchresults.html?label=bristol-XLwodozx2dVe8Ts0XeYuawS752260715469%3Apl%3Ata%3Ap1%3Ap2%3Aac%3Aap%3Aneg%3Afi%3Atikwd-869815001187%3Alp1009919%3Ali%3Adec%3Adm%3Appccp%3DUmFuZG9tSVYkc2RlIyh9YXdX6HrtnYy-Ml68sH-ljtU&aid=311984&dest_id=198&dest_type=country&group_adults=2&req_adults=2&no_rooms=1&broad_search_not_eligible=1&order=distance_from_search","Kandy Villa 119","Kandy","Offering garden views, Kandy Villa 119 in Kandy features accommodations, a garden, and a terrace. There's a private entrance at the villa for the convenience of those who stay.","Scored 9.2","9.2","Wonderful","· 5 reviews","Value for money 9.5","Opens in new window","Show prices","Show on map","","https://cf.bstatic.com/xdata/images/hotel/square600/770865038.webp?k=b7a79d1490c32815cf439e7b834fed995d78227f7e82d03d6b10b351da2215b8&o="
"1776666626-315","https://www.booking.com/searchresults.html?label=bristol-XLwodozx2dVe8Ts0XeYuawS752260715469%3Apl%3Ata%3Ap1%3Ap2%3Aac%3Aap%3Aneg%3Afi%3Atikwd-869815001187%3Alp1009919%3Ali%3Adec%3Adm%3Appccp%3DUmFuZG9tSVYkc2RlIyh9YXdX6HrtnYy-Ml68sH-ljtU&aid=311984&dest_id=198&dest_type=country&group_adults=2&req_adults=2&no_rooms=1&broad_search_not_eligible=1&order=distance_from_search","Kandy Inn by Moon hills","Kandy","Kandy Inn by Moon hills offers accommodations in Kandy, 1.8 miles from Kandy City Center Shopping Mall and 2 miles from Bogambara Stadium.","","","","","","Opens in new window","Show prices","Show on map","","https://cf.bstatic.com/xdata/images/hotel/square600/678868502.webp?k=af00d040ee325b285e54365407898d9524a9d83ca83d30de5c6fc4f474c13829&o="
"1776666626-316","https://www.booking.com/searchresults.html?label=bristol-XLwodozx2dVe8Ts0XeYuawS752260715469%3Apl%3Ata%3Ap1%3Ap2%3Aac%3Aap%3Aneg%3Afi%3Atikwd-869815001187%3Alp1009919%3Ali%3Adec%3Adm%3Appccp%3DUmFuZG9tSVYkc2RlIyh9YXdX6HrtnYy-Ml68sH-ljtU&aid=311984&dest_id=198&dest_type=country&group_adults=2&req_adults=2&no_rooms=1&broad_search_not_eligible=1&order=distance_from_search","Stone House, Kandy","Kandy","Located in Kandy, 2.1 miles from Kandy City Center Shopping Mall, Stone House, Kandy provides accommodations with an outdoor swimming pool, private parking, a garden and a shared lounge.","Scored 9.4","9.4","Wonderful","· 7 reviews","Value for money 9.0","Opens in new window","Show prices","Show on map","","https://cf.bstatic.com/xdata/images/hotel/square600/32879010.webp?k=886a89e11a08cbc280ff906ab72a544db5024693ee6746353e84a125b5406d53&o="
"1776666626-317","https://www.booking.com/searchresults.html?label=bristol-XLwodozx2dVe8Ts0XeYuawS752260715469%3Apl%3Ata%3Ap1%3Ap2%3Aac%3Aap%3Aneg%3Afi%3Atikwd-869815001187%3Alp1009919%3Ali%3Adec%3Adm%3Appccp%3DUmFuZG9tSVYkc2RlIyh9YXdX6HrtnYy-Ml68sH-ljtU&aid=311984&dest_id=198&dest_type=country&group_adults=2&req_adults=2&no_rooms=1&broad_search_not_eligible=1&order=distance_from_search","Kandy Myst by Cinnamon","Kandy","Located in Kandy, 1.9 miles from Kandy City Center Shopping Mall, Kandy Myst by Cinnamon provides accommodations with an outdoor swimming pool, free private parking, a garden and a terrace.","Scored 9.0","9.0","Wonderful","· 850 reviews","Value for money 9.0","Opens in new window","Show prices","Show on map","","https://cf.bstatic.com/xdata/images/hotel/square600/734002246.webp?k=cc98f7bc906ca2a84e772ab5951b772b7298f60f180ec6ae4a85eed4b7fce0c5&o="
"1776666626-318","https://www.booking.com/searchresults.html?label=bristol-XLwodozx2dVe8Ts0XeYuawS752260715469%3Apl%3Ata%3Ap1%3Ap2%3Aac%3Aap%3Aneg%3Afi%3Atikwd-869815001187%3Alp1009919%3Ali%3Adec%3Adm%3Appccp%3DUmFuZG9tSVYkc2RlIyh9YXdX6HrtnYy-Ml68sH-ljtU&aid=311984&dest_id=198&dest_type=country&group_adults=2&req_adults=2&no_rooms=1&broad_search_not_eligible=1&order=distance_from_search","Alex Home Stay","Kandy","Alex Home Stay provides air-conditioned accommodations in Kandy. Among the facilities of this property are a restaurant, a shared kitchen, and full-day security, along with free Wifi.","Scored 9.6","9.6","Exceptional","· 226 reviews","Value for money 9.7","Opens in new window","Show prices","Show on map","","https://cf.bstatic.com/xdata/images/hotel/square600/180965723.webp?k=fbec3bc8ba35ce1fa09ab9138d79d6886992f1d112773bdcede54ada53f6ebda&o="
"1776666626-319","https://www.booking.com/searchresults.html?label=bristol-XLwodozx2dVe8Ts0XeYuawS752260715469%3Apl%3Ata%3Ap1%3Ap2%3Aac%3Aap%3Aneg%3Afi%3Atikwd-869815001187%3Alp1009919%3Ali%3Adec%3Adm%3Appccp%3DUmFuZG9tSVYkc2RlIyh9YXdX6HrtnYy-Ml68sH-ljtU&aid=311984&dest_id=198&dest_type=country&group_adults=2&req_adults=2&no_rooms=1&broad_search_not_eligible=1&order=distance_from_search","NALY's Lodge","Kandy","Featuring a garden, NALY's Lodge features accommodations in Kandy. This property offers access to a balcony and free private parking.","","","","","","Opens in new window","Show prices","Show on map","","https://cf.bstatic.com/xdata/images/hotel/square600/758040220.webp?k=a79913d3a1a535feb0f4b0116169340c21aa1b9c81261a54d15d8e2b31988610&o="
"1776666626-320","https://www.booking.com/searchresults.html?label=bristol-XLwodozx2dVe8Ts0XeYuawS752260715469%3Apl%3Ata%3Ap1%3Ap2%3Aac%3Aap%3Aneg%3Afi%3Atikwd-869815001187%3Alp1009919%3Ali%3Adec%3Adm%3Appccp%3DUmFuZG9tSVYkc2RlIyh9YXdX6HrtnYy-Ml68sH-ljtU&aid=311984&dest_id=198&dest_type=country&group_adults=2&req_adults=2&no_rooms=1&broad_search_not_eligible=1&order=distance_from_search","Green View Holiday Resort","Elkaduwa","Located in Elkaduwa and 6.2 mi from Kandy, Green View Holiday Resort features an outdoor swimming pool. Guests can enjoy the meals at the on-site restaurant.","Scored 6.2","6.2","Review score","· 40 reviews","","Opens in new window","Show prices","Show on map","","https://cf.bstatic.com/xdata/images/hotel/square600/605565081.webp?k=eb52ae0a808eff4a93efb6e812806ff6f2f6e9e9ddb72acad4f21d188b21b2c1&o="
"1776666626-321","https://www.booking.com/searchresults.html?label=bristol-XLwodozx2dVe8Ts0XeYuawS752260715469%3Apl%3Ata%3Ap1%3Ap2%3Aac%3Aap%3Aneg%3Afi%3Atikwd-869815001187%3Alp1009919%3Ali%3Adec%3Adm%3Appccp%3DUmFuZG9tSVYkc2RlIyh9YXdX6HrtnYy-Ml68sH-ljtU&aid=311984&dest_id=198&dest_type=country&group_adults=2&req_adults=2&no_rooms=1&broad_search_not_eligible=1&order=distance_from_search","Six Villa","Kandy","Six Villa is located in Kandy, just 2.5 miles from Kandy City Center Shopping Mall and 2.9 miles from Bogambara Stadium. This property offers access to a terrace, free private parking, and free Wifi.","","","","","","Opens in new window","Show prices","Show on map","","https://cf.bstatic.com/xdata/images/hotel/square600/786062693.webp?k=044304cb443df6aaaf068e138a109a6704c108e73f83c7fadf67fb3bb6019dba&o="
"1776666626-322","https://www.booking.com/searchresults.html?label=bristol-XLwodozx2dVe8Ts0XeYuawS752260715469%3Apl%3Ata%3Ap1%3Ap2%3Aac%3Aap%3Aneg%3Afi%3Atikwd-869815001187%3Alp1009919%3Ali%3Adec%3Adm%3Appccp%3DUmFuZG9tSVYkc2RlIyh9YXdX6HrtnYy-Ml68sH-ljtU&aid=311984&dest_id=198&dest_type=country&group_adults=2&req_adults=2&no_rooms=1&broad_search_not_eligible=1&order=distance_from_search","Samindra Villa","Kandy","Samindra Villa features air-conditioned accommodations in Kandy. This property offers access to a balcony and free private parking.","Scored 9.9","9.9","Exceptional","· 71 reviews","Value for money 9.9","Opens in new window","Show prices","Show on map","","https://cf.bstatic.com/xdata/images/hotel/square600/811654520.webp?k=5e013df5f0efacf46bdc5e83a466b04026569599aef874388ceb368b40d96e91&o="
"1776666626-323","https://www.booking.com/searchresults.html?label=bristol-XLwodozx2dVe8Ts0XeYuawS752260715469%3Apl%3Ata%3Ap1%3Ap2%3Aac%3Aap%3Aneg%3Afi%3Atikwd-869815001187%3Alp1009919%3Ali%3Adec%3Adm%3Appccp%3DUmFuZG9tSVYkc2RlIyh9YXdX6HrtnYy-Ml68sH-ljtU&aid=311984&dest_id=198&dest_type=country&group_adults=2&req_adults=2&no_rooms=1&broad_search_not_eligible=1&order=distance_from_search","Kandiana 6A","Kandy","Kandiana 6A offers accommodations in Kandy, 2.5 miles from Kandy City Center Shopping Mall and 2.9 miles from Bogambara Stadium.","","","","","","Opens in new window","Show prices","Show on map","","https://cf.bstatic.com/xdata/images/hotel/square600/785720179.webp?k=95c0f1a00931e4c2b4358f564b4c044335b1290348c5c8fd80cb22dbcd21bd4c&o="
"1776666626-324","https://www.booking.com/searchresults.html?label=bristol-XLwodozx2dVe8Ts0XeYuawS752260715469%3Apl%3Ata%3Ap1%3Ap2%3Aac%3Aap%3Aneg%3Afi%3Atikwd-869815001187%3Alp1009919%3Ali%3Adec%3Adm%3Appccp%3DUmFuZG9tSVYkc2RlIyh9YXdX6HrtnYy-Ml68sH-ljtU&aid=311984&dest_id=198&dest_type=country&group_adults=2&req_adults=2&no_rooms=1&broad_search_not_eligible=1&order=distance_from_search","Dreams Hotel","Kandy","Dreams Hotel offers accommodations in Kandy, 2.1 miles from Kandy City Center Shopping Mall and 2.5 miles from Bogambara Stadium.","","","","","","Opens in new window","Show prices","Show on map","","https://cf.bstatic.com/xdata/images/hotel/square600/772702453.webp?k=43114d95b9796c3a0fe8c76cf221355937786c48897543a9d85e465bd809256e&o="
"1776666626-325","https://www.booking.com/searchresults.html?label=bristol-XLwodozx2dVe8Ts0XeYuawS752260715469%3Apl%3Ata%3Ap1%3Ap2%3Aac%3Aap%3Aneg%3Afi%3Atikwd-869815001187%3Alp1009919%3Ali%3Adec%3Adm%3Appccp%3DUmFuZG9tSVYkc2RlIyh9YXdX6HrtnYy-Ml68sH-ljtU&aid=311984&dest_id=198&dest_type=country&group_adults=2&req_adults=2&no_rooms=1&broad_search_not_eligible=1&order=distance_from_search","Taru Villas Kandy","Kandy","Located in Kandy, 1.8 miles from Kandy City Center Shopping Mall, Taru Villas Kandy has accommodations with an outdoor swimming pool, free private parking, a garden and a shared lounge.","Scored 8.9","8.9","Excellent","· 156 reviews","Value for money 8.8","Opens in new window","Show prices","Show on map","","https://cf.bstatic.com/xdata/images/hotel/square600/495057572.webp?k=0651be0e22fb44001fb82e3cb34d6c3e78d4ff4f99209880960861bd8b256985&o="
"1776666626-326","https://www.booking.com/searchresults.html?label=bristol-XLwodozx2dVe8Ts0XeYuawS752260715469%3Apl%3Ata%3Ap1%3Ap2%3Aac%3Aap%3Aneg%3Afi%3Atikwd-869815001187%3Alp1009919%3Ali%3Adec%3Adm%3Appccp%3DUmFuZG9tSVYkc2RlIyh9YXdX6HrtnYy-Ml68sH-ljtU&aid=311984&dest_id=198&dest_type=country&group_adults=2&req_adults=2&no_rooms=1&broad_search_not_eligible=1&order=distance_from_search","Alpha bungalow","Kandy","Featuring a garden, Alpha bungalow features accommodations in Kandy. This property offers access to a terrace, free private parking, and free Wifi.","","","","","","Opens in new window","Show prices","Show on map","New to Booking.com","https://cf.bstatic.com/xdata/images/hotel/square600/844353970.webp?k=e477606fb82061d98df7f8c0c0ca917bdea256014884ca0f8a27758ea22904f0&o="
"1776666626-327","https://www.booking.com/searchresults.html?label=bristol-XLwodozx2dVe8Ts0XeYuawS752260715469%3Apl%3Ata%3Ap1%3Ap2%3Aac%3Aap%3Aneg%3Afi%3Atikwd-869815001187%3Alp1009919%3Ali%3Adec%3Adm%3Appccp%3DUmFuZG9tSVYkc2RlIyh9YXdX6HrtnYy-Ml68sH-ljtU&aid=311984&dest_id=198&dest_type=country&group_adults=2&req_adults=2&no_rooms=1&broad_search_not_eligible=1&order=distance_from_search","Dream Villa and Hostel Kandy","Kandy","Located in Kandy, 2.1 miles from Kandy City Center Shopping Mall, Dream Villa and Hostel Kandy has accommodations with a shared lounge, free private parking, a terrace and a spa & wellness center.","","","","","","Opens in new window","Show prices","Show on map","New to Booking.com","https://cf.bstatic.com/xdata/images/hotel/square600/837699561.webp?k=520e27058657e583869202e4b15fbf75a0aec4d0b763d2d6f32a1dd7e0f7aadf&o="
"1776666626-328","https://www.booking.com/searchresults.html?label=bristol-XLwodozx2dVe8Ts0XeYuawS752260715469%3Apl%3Ata%3Ap1%3Ap2%3Aac%3Aap%3Aneg%3Afi%3Atikwd-869815001187%3Alp1009919%3Ali%3Adec%3Adm%3Appccp%3DUmFuZG9tSVYkc2RlIyh9YXdX6HrtnYy-Ml68sH-ljtU&aid=311984&dest_id=198&dest_type=country&group_adults=2&req_adults=2&no_rooms=1&broad_search_not_eligible=1&order=distance_from_search","Easy guest apartment","Polgolla","Easy guest apartment offers accommodations in Polgolla, 4.8 miles from Kandy Museum and 4.8 miles from Sri Dalada Maligawa. This property offers access to a terrace and free private parking.","Scored 8.3","8.3","Very Good","· 7 reviews","Value for money 8.8","Opens in new window","Show prices","Show on map","","https://cf.bstatic.com/xdata/images/hotel/square600/669847229.webp?k=a4b2d20b2cc83b6012b269dc63785725a1f9727b55a1edd285018cc8aadb23ea&o="
"1776666626-329","https://www.booking.com/searchresults.html?label=bristol-XLwodozx2dVe8Ts0XeYuawS752260715469%3Apl%3Ata%3Ap1%3Ap2%3Aac%3Aap%3Aneg%3Afi%3Atikwd-869815001187%3Alp1009919%3Ali%3Adec%3Adm%3Appccp%3DUmFuZG9tSVYkc2RlIyh9YXdX6HrtnYy-Ml68sH-ljtU&aid=311984&dest_id=198&dest_type=country&group_adults=2&req_adults=2&no_rooms=1&broad_search_not_eligible=1&order=distance_from_search","ALTURA Kandy By Ceylon Vistas","Kandy","ALTURA Kandy By Ceylon Vistas enjoys a location in Kandy, 2.4 miles from Kandy Train Station and 3.7 miles from Kandy Museum.","Scored 8.7","8.7","Excellent","· 101 reviews","Value for money 9.2","Opens in new window","Show prices","Show on map","","https://cf.bstatic.com/xdata/images/hotel/square600/656085638.webp?k=1f0cd765afad1d6bb8d10ecb2e023aeffae7e846ef1559c8b6e1537cb4aeda15&o="
"1776666626-330","https://www.booking.com/searchresults.html?label=bristol-XLwodozx2dVe8Ts0XeYuawS752260715469%3Apl%3Ata%3Ap1%3Ap2%3Aac%3Aap%3Aneg%3Afi%3Atikwd-869815001187%3Alp1009919%3Ali%3Adec%3Adm%3Appccp%3DUmFuZG9tSVYkc2RlIyh9YXdX6HrtnYy-Ml68sH-ljtU&aid=311984&dest_id=198&dest_type=country&group_adults=2&req_adults=2&no_rooms=1&broad_search_not_eligible=1&order=distance_from_search","Kandyan Gate Homestay","Kandy","Kandyan Gate Homestay offers accommodations in Kandy, 2 miles from Kandy City Center Shopping Mall and 2.4 miles from Bogambara Stadium.","Scored 10","10","Exceptional","· 3 reviews","Value for money 10","Opens in new window","Show prices","Show on map","New to Booking.com","https://cf.bstatic.com/xdata/images/hotel/square600/813603263.webp?k=02df344c214acba44d8a8898c916920e49fca3b270f94f06cc8c9ce7c5057f4a&o="
"1776666626-331","https://www.booking.com/searchresults.html?label=bristol-XLwodozx2dVe8Ts0XeYuawS752260715469%3Apl%3Ata%3Ap1%3Ap2%3Aac%3Aap%3Aneg%3Afi%3Atikwd-869815001187%3Alp1009919%3Ali%3Adec%3Adm%3Appccp%3DUmFuZG9tSVYkc2RlIyh9YXdX6HrtnYy-Ml68sH-ljtU&aid=311984&dest_id=198&dest_type=country&group_adults=2&req_adults=2&no_rooms=1&broad_search_not_eligible=1&order=distance_from_search","Kandy Lotus Chalet","Kandy","Located in Kandy, 2.1 miles from Kandy City Center Shopping Mall, Kandy Lotus Chalet provides accommodations with a garden, free private parking, a shared lounge and a terrace.","Scored 9.2","9.2","Wonderful","· 109 reviews","Value for money 9.3","Opens in new window","Show prices","Show on map","","https://cf.bstatic.com/xdata/images/hotel/square600/818989705.webp?k=a36d7d37928d59597fea2fdd816cf6f9f1a78b4223d74da5ac9ef7a80aef7617&o="
"1776666626-332","https://www.booking.com/searchresults.html?label=bristol-XLwodozx2dVe8Ts0XeYuawS752260715469%3Apl%3Ata%3Ap1%3Ap2%3Aac%3Aap%3Aneg%3Afi%3Atikwd-869815001187%3Alp1009919%3Ali%3Adec%3Adm%3Appccp%3DUmFuZG9tSVYkc2RlIyh9YXdX6HrtnYy-Ml68sH-ljtU&aid=311984&dest_id=198&dest_type=country&group_adults=2&req_adults=2&no_rooms=1&broad_search_not_eligible=1&order=distance_from_search","Mi casa","Kandy","Mi casa is located in Kandy, just 2.1 miles from Kandy City Center Shopping Mall and 2.3 miles from Bogambara Stadium. This property offers access to a balcony and free private parking.","","","","","","Opens in new window","Show prices","Show on map","New to Booking.com","https://cf.bstatic.com/xdata/images/hotel/square600/816552546.webp?k=3033caaaf6f343c7e222480aa4bc4bb349d588814c7665cb984e815a4c816974&o="
"1776666626-333","https://www.booking.com/searchresults.html?label=bristol-XLwodozx2dVe8Ts0XeYuawS752260715469%3Apl%3Ata%3Ap1%3Ap2%3Aac%3Aap%3Aneg%3Afi%3Atikwd-869815001187%3Alp1009919%3Ali%3Adec%3Adm%3Appccp%3DUmFuZG9tSVYkc2RlIyh9YXdX6HrtnYy-Ml68sH-ljtU&aid=311984&dest_id=198&dest_type=country&group_adults=2&req_adults=2&no_rooms=1&broad_search_not_eligible=1&order=distance_from_search","Queens Lodge","Kandy","Providing quiet street views, Queens Lodge in Kandy offers accommodations, a garden, and a shared lounge.","Scored 10","10","Exceptional","· 11 reviews","Value for money 10","Opens in new window","Show prices","Show on map","","https://cf.bstatic.com/xdata/images/hotel/square600/486934543.webp?k=fd684056a86095c4306c8a983c9e642c4388a229740734a70cec2ace19d87a65&o="
"1776666626-334","https://www.booking.com/searchresults.html?label=bristol-XLwodozx2dVe8Ts0XeYuawS752260715469%3Apl%3Ata%3Ap1%3Ap2%3Aac%3Aap%3Aneg%3Afi%3Atikwd-869815001187%3Alp1009919%3Ali%3Adec%3Adm%3Appccp%3DUmFuZG9tSVYkc2RlIyh9YXdX6HrtnYy-Ml68sH-ljtU&aid=311984&dest_id=198&dest_type=country&group_adults=2&req_adults=2&no_rooms=1&broad_search_not_eligible=1&order=distance_from_search","Nivahana Homestay","Kandy","A good location for a hassle-free stay in Kandy, Nivahana Homestay is a homestay surrounded by views of the mountain.","Scored 10","10","Exceptional","· 21 reviews","Value for money 10","Opens in new window","Show prices","Show on map","","https://cf.bstatic.com/xdata/images/hotel/square600/155553657.webp?k=374fc98cf4618e7605f526ea9fbeacb7e7861732679a97b9e85502fddfae6c68&o="
"1776666626-335","https://www.booking.com/searchresults.html?label=bristol-XLwodozx2dVe8Ts0XeYuawS752260715469%3Apl%3Ata%3Ap1%3Ap2%3Aac%3Aap%3Aneg%3Afi%3Atikwd-869815001187%3Alp1009919%3Ali%3Adec%3Adm%3Appccp%3DUmFuZG9tSVYkc2RlIyh9YXdX6HrtnYy-Ml68sH-ljtU&aid=311984&dest_id=198&dest_type=country&group_adults=2&req_adults=2&no_rooms=1&broad_search_not_eligible=1&order=distance_from_search","Regent Heights","Kandy","Regent Heights offers air-conditioned accommodations in Kandy. Featuring a terrace, the property is located within 1.6 miles of Kandy City Center Shopping Mall.","Scored 8.5","8.5","Very Good","· 67 reviews","Value for money 8.9","Opens in new window","Show prices","Show on map","","https://cf.bstatic.com/xdata/images/hotel/square600/479435535.webp?k=851b8dc55ac522ed36eceb2af0b7a9519f3cc2d7383a4919ebea73686842fee5&o="
"1776666626-336","https://www.booking.com/searchresults.html?label=bristol-XLwodozx2dVe8Ts0XeYuawS752260715469%3Apl%3Ata%3Ap1%3Ap2%3Aac%3Aap%3Aneg%3Afi%3Atikwd-869815001187%3Alp1009919%3Ali%3Adec%3Adm%3Appccp%3DUmFuZG9tSVYkc2RlIyh9YXdX6HrtnYy-Ml68sH-ljtU&aid=311984&dest_id=198&dest_type=country&group_adults=2&req_adults=2&no_rooms=1&broad_search_not_eligible=1&order=distance_from_search","Hostel 337","Kandy","Located in Kandy, 2.4 miles from Kandy City Center Shopping Mall, Hostel 337 has accommodations with a garden, free private parking and a shared lounge.","","","","","","Opens in new window","Show prices","Show on map","","https://cf.bstatic.com/xdata/images/hotel/square600/488890909.webp?k=fa7551913db8822c4e63ca885c1488ad2cf3beb72d4faa3f30e7e67f4c5186ba&o="
"1776666626-337","https://www.booking.com/searchresults.html?label=bristol-XLwodozx2dVe8Ts0XeYuawS752260715469%3Apl%3Ata%3Ap1%3Ap2%3Aac%3Aap%3Aneg%3Afi%3Atikwd-869815001187%3Alp1009919%3Ali%3Adec%3Adm%3Appccp%3DUmFuZG9tSVYkc2RlIyh9YXdX6HrtnYy-Ml68sH-ljtU&aid=311984&dest_id=198&dest_type=country&group_adults=2&req_adults=2&no_rooms=1&broad_search_not_eligible=1&order=distance_from_search","Hotel Avalong by Malwatta","Kandy","Located in Kandy, 1.3 miles from Kandy Train Station, Hotel Avalong by Malwatta provides accommodations with a garden, free private parking, a terrace and a restaurant.","Scored 8.4","8.4","Very Good","· 120 reviews","Value for money 8.7","Opens in new window","Show prices","Show on map","","https://cf.bstatic.com/xdata/images/hotel/square600/670864535.webp?k=3d5d6b0523f034f95211a54c23002a9d8ca0b99df830680267f0b84bcda27092&o="
"1776666626-338","https://www.booking.com/searchresults.html?label=bristol-XLwodozx2dVe8Ts0XeYuawS752260715469%3Apl%3Ata%3Ap1%3Ap2%3Aac%3Aap%3Aneg%3Afi%3Atikwd-869815001187%3Alp1009919%3Ali%3Adec%3Adm%3Appccp%3DUmFuZG9tSVYkc2RlIyh9YXdX6HrtnYy-Ml68sH-ljtU&aid=311984&dest_id=198&dest_type=country&group_adults=2&req_adults=2&no_rooms=1&broad_search_not_eligible=1&order=distance_from_search","Kandy Mountain Cottage","Kandy","Featuring a garden, Kandy Mountain Cottage is located in Kandy, 1.3 mi from Kandy City Center Shopping Mall.","Scored 8.5","8.5","Very Good","· 269 reviews","Value for money 8.9","Opens in new window","Show prices","Show on map","","https://cf.bstatic.com/xdata/images/hotel/square600/244066195.webp?k=a067b14cc0e91666b76e7faeeaec9b3d24c02acc47b6c50ab61f8fe2369d7b26&o="
"1776666626-339","https://www.booking.com/searchresults.html?label=bristol-XLwodozx2dVe8Ts0XeYuawS752260715469%3Apl%3Ata%3Ap1%3Ap2%3Aac%3Aap%3Aneg%3Afi%3Atikwd-869815001187%3Alp1009919%3Ali%3Adec%3Adm%3Appccp%3DUmFuZG9tSVYkc2RlIyh9YXdX6HrtnYy-Ml68sH-ljtU&aid=311984&dest_id=198&dest_type=country&group_adults=2&req_adults=2&no_rooms=1&broad_search_not_eligible=1&order=distance_from_search","The Elephant Stables","Kandy","Built in an ancient Colonial-period Bungalow, The Elephant Stables is a beautiful property overlooking Kandy’s lush greenery. It welcomes guests with an outdoor swimming pool and cozy guestrooms.","Scored 9.2","9.2","Wonderful","· 153 reviews","","Opens in new window","Show prices","Show on map","","https://cf.bstatic.com/xdata/images/hotel/square600/48364561.webp?k=a024ba90fa0928172abc9fe9103aa7c85128fb78be82ff94240070706947a324&o="
"1776666626-340","https://www.booking.com/searchresults.html?label=bristol-XLwodozx2dVe8Ts0XeYuawS752260715469%3Apl%3Ata%3Ap1%3Ap2%3Aac%3Aap%3Aneg%3Afi%3Atikwd-869815001187%3Alp1009919%3Ali%3Adec%3Adm%3Appccp%3DUmFuZG9tSVYkc2RlIyh9YXdX6HrtnYy-Ml68sH-ljtU&aid=311984&dest_id=198&dest_type=country&group_adults=2&req_adults=2&no_rooms=1&broad_search_not_eligible=1&order=distance_from_search","Shalom Residence Kandy","Kandy","A recently renovated homestay, Shalom Residence Kandy offers accommodations in Kandy. With garden views, this accommodation features a balcony.","Scored 9.2","9.2","Wonderful","· 19 reviews","Value for money 9.6","Opens in new window","Show prices","Show on map","","https://cf.bstatic.com/xdata/images/hotel/square600/768523901.webp?k=f143041cac93902d0d36e660baadd9a8eefbab07c8d63d6aeb6975ba7b8f8a37&o="
"1776666626-341","https://www.booking.com/searchresults.html?label=bristol-XLwodozx2dVe8Ts0XeYuawS752260715469%3Apl%3Ata%3Ap1%3Ap2%3Aac%3Aap%3Aneg%3Afi%3Atikwd-869815001187%3Alp1009919%3Ali%3Adec%3Adm%3Appccp%3DUmFuZG9tSVYkc2RlIyh9YXdX6HrtnYy-Ml68sH-ljtU&aid=311984&dest_id=198&dest_type=country&group_adults=2&req_adults=2&no_rooms=1&broad_search_not_eligible=1&order=distance_from_search","Birds Hill Villa","Kandy","Birds Hill Villa offers accommodations in Kandy, 1.8 miles from Kandy City Center Shopping Mall and 2 miles from Bogambara Stadium.","","","","","","Opens in new window","Show prices","Show on map","New to Booking.com","https://cf.bstatic.com/xdata/images/hotel/square600/854175903.webp?k=5cc1dd8f9b7324e7a8dd6a60f6c66761a34af06ec7aaa356165e300fe3579e7c&o="
"1776666626-342","https://www.booking.com/searchresults.html?label=bristol-XLwodozx2dVe8Ts0XeYuawS752260715469%3Apl%3Ata%3Ap1%3Ap2%3Aac%3Aap%3Aneg%3Afi%3Atikwd-869815001187%3Alp1009919%3Ali%3Adec%3Adm%3Appccp%3DUmFuZG9tSVYkc2RlIyh9YXdX6HrtnYy-Ml68sH-ljtU&aid=311984&dest_id=198&dest_type=country&group_adults=2&req_adults=2&no_rooms=1&broad_search_not_eligible=1&order=distance_from_search","Seetha Homestay Kandy","Kandy","Seetha Homestay Kandy enjoys a location in Kandy, 2.9 miles from Kandy City Center Shopping Mall and 3 miles from Kandy Royal Botanic Gardens.","Scored 9.5","9.5","Exceptional","· 2 reviews","Value for money 10","Opens in new window","Show prices","Show on map","","https://cf.bstatic.com/xdata/images/hotel/square600/722927144.webp?k=cde3fdedf81894309218a691183ceb70fccf295b79f8f7002257fac8b9b43166&o="
"1776666626-343","https://www.booking.com/searchresults.html?label=bristol-XLwodozx2dVe8Ts0XeYuawS752260715469%3Apl%3Ata%3Ap1%3Ap2%3Aac%3Aap%3Aneg%3Afi%3Atikwd-869815001187%3Alp1009919%3Ali%3Adec%3Adm%3Appccp%3DUmFuZG9tSVYkc2RlIyh9YXdX6HrtnYy-Ml68sH-ljtU&aid=311984&dest_id=198&dest_type=country&group_adults=2&req_adults=2&no_rooms=1&broad_search_not_eligible=1&order=distance_from_search","Orchid Villa Kandy","Kandy","Orchid Villa Kandy in Kandy provides accommodations with a garden, a terrace, and a shared lounge.","Scored 8.2","8.2","Very Good","· 324 reviews","","Opens in new window","Show prices","Show on map","","https://cf.bstatic.com/xdata/images/hotel/square600/609161714.webp?k=749f68006b6d90858b69303c314e08870464c82926b44cd019e5c914610483ea&o="
"1776666626-344","https://www.booking.com/searchresults.html?label=bristol-XLwodozx2dVe8Ts0XeYuawS752260715469%3Apl%3Ata%3Ap1%3Ap2%3Aac%3Aap%3Aneg%3Afi%3Atikwd-869815001187%3Alp1009919%3Ali%3Adec%3Adm%3Appccp%3DUmFuZG9tSVYkc2RlIyh9YXdX6HrtnYy-Ml68sH-ljtU&aid=311984&dest_id=198&dest_type=country&group_adults=2&req_adults=2&no_rooms=1&broad_search_not_eligible=1&order=distance_from_search","Residence 212","Kandy","Residence 212 offers accommodations in Kandy, 2.4 miles from Kandy City Center Shopping Mall and 2.6 miles from Bogambara Stadium.","","","","","","Opens in new window","Show prices","Show on map","New to Booking.com","https://cf.bstatic.com/xdata/images/hotel/square600/845562600.webp?k=06b2ebb9b6f83bb74fc3374d2f5697b321748d766e778f94688ac229eb0979a0&o="
"1776666626-345","https://www.booking.com/searchresults.html?label=bristol-XLwodozx2dVe8Ts0XeYuawS752260715469%3Apl%3Ata%3Ap1%3Ap2%3Aac%3Aap%3Aneg%3Afi%3Atikwd-869815001187%3Alp1009919%3Ali%3Adec%3Adm%3Appccp%3DUmFuZG9tSVYkc2RlIyh9YXdX6HrtnYy-Ml68sH-ljtU&aid=311984&dest_id=198&dest_type=country&group_adults=2&req_adults=2&no_rooms=1&broad_search_not_eligible=1&order=distance_from_search","Fairland Bungalow","Kandy","Providing garden views, Fairland Bungalow in Kandy offers accommodations, a garden, and a terrace. This guest house provides free private parking, free shuttle service, and free Wifi.","Scored 8.4","8.4","Very Good","· 8 reviews","Value for money 10","Opens in new window","Show prices","Show on map","","https://cf.bstatic.com/xdata/images/hotel/square600/581477879.webp?k=9a0d418d6e6513010e09ebb33e9092dca81c23cacfcfdd8ba92ff3c06e7a8500&o="
"1776666626-346","https://www.booking.com/searchresults.html?label=bristol-XLwodozx2dVe8Ts0XeYuawS752260715469%3Apl%3Ata%3Ap1%3Ap2%3Aac%3Aap%3Aneg%3Afi%3Atikwd-869815001187%3Alp1009919%3Ali%3Adec%3Adm%3Appccp%3DUmFuZG9tSVYkc2RlIyh9YXdX6HrtnYy-Ml68sH-ljtU&aid=311984&dest_id=198&dest_type=country&group_adults=2&req_adults=2&no_rooms=1&broad_search_not_eligible=1&order=distance_from_search","KANTA Residence Villa","Kandy","KANTA Residence Villa offers accommodations in Kandy, 2 miles from Kandy City Center Shopping Mall and 2.5 miles from Bogambara Stadium.","","","","","","Opens in new window","Show prices","Show on map","","https://cf.bstatic.com/xdata/images/hotel/square600/677861975.webp?k=0acc34af55e352ae70c1c270604fe3d0035c3b789d6d7ef5238b6fe723ff692f&o="
"1776666626-347","https://www.booking.com/searchresults.html?label=bristol-XLwodozx2dVe8Ts0XeYuawS752260715469%3Apl%3Ata%3Ap1%3Ap2%3Aac%3Aap%3Aneg%3Afi%3Atikwd-869815001187%3Alp1009919%3Ali%3Adec%3Adm%3Appccp%3DUmFuZG9tSVYkc2RlIyh9YXdX6HrtnYy-Ml68sH-ljtU&aid=311984&dest_id=198&dest_type=country&group_adults=2&req_adults=2&no_rooms=1&broad_search_not_eligible=1&order=distance_from_search","Riverline Resort Kandy","Kandy","Riverline Resort Kandy enjoys a location in Kandy, 3.3 miles from Kandy Museum and 4 miles from Kandy Royal Botanic Gardens.","Scored 9.5","9.5","Exceptional","· 6 reviews","Value for money 10","Opens in new window","Show prices","Show on map","","https://cf.bstatic.com/xdata/images/hotel/square600/718390374.webp?k=966416c611fcea90b35926a179fb210217cdcc7d9d48cc7a18823f2c295ba587&o="
"1776666626-348","https://www.booking.com/searchresults.html?label=bristol-XLwodozx2dVe8Ts0XeYuawS752260715469%3Apl%3Ata%3Ap1%3Ap2%3Aac%3Aap%3Aneg%3Afi%3Atikwd-869815001187%3Alp1009919%3Ali%3Adec%3Adm%3Appccp%3DUmFuZG9tSVYkc2RlIyh9YXdX6HrtnYy-Ml68sH-ljtU&aid=311984&dest_id=198&dest_type=country&group_adults=2&req_adults=2&no_rooms=1&broad_search_not_eligible=1&order=distance_from_search","Relax Comfort House","Kandy","Relax Comfort House offers accommodations in Kandy, 2.5 miles from Kandy Train Station and 2.9 miles from Bogambara Stadium.","","","","","","Opens in new window","Show prices","Show on map","","https://cf.bstatic.com/xdata/images/hotel/square600/795691843.webp?k=b2f2cb5f15efea62d21f1257dad53e9a337aee311c091ce5ed019b95ea1643b0&o="
"1776666626-349","https://www.booking.com/searchresults.html?label=bristol-XLwodozx2dVe8Ts0XeYuawS752260715469%3Apl%3Ata%3Ap1%3Ap2%3Aac%3Aap%3Aneg%3Afi%3Atikwd-869815001187%3Alp1009919%3Ali%3Adec%3Adm%3Appccp%3DUmFuZG9tSVYkc2RlIyh9YXdX6HrtnYy-Ml68sH-ljtU&aid=311984&dest_id=198&dest_type=country&group_adults=2&req_adults=2&no_rooms=1&broad_search_not_eligible=1&order=distance_from_search","Cottage Fifty One","Kandy","Cottage Fifty One is located in Kandy, just 1.9 miles from Kandy City Center Shopping Mall and 2.4 miles from Bogambara Stadium.","","","","","","Opens in new window","Show prices","Show on map","New to Booking.com","https://cf.bstatic.com/xdata/images/hotel/square600/846829377.webp?k=d56f7cff991c957df1621241065b2e38ee770440d5027c627a19ed107b806b1d&o="
"1776666626-350","https://www.booking.com/searchresults.html?label=bristol-XLwodozx2dVe8Ts0XeYuawS752260715469%3Apl%3Ata%3Ap1%3Ap2%3Aac%3Aap%3Aneg%3Afi%3Atikwd-869815001187%3Alp1009919%3Ali%3Adec%3Adm%3Appccp%3DUmFuZG9tSVYkc2RlIyh9YXdX6HrtnYy-Ml68sH-ljtU&aid=311984&dest_id=198&dest_type=country&group_adults=2&req_adults=2&no_rooms=1&broad_search_not_eligible=1&order=distance_from_search","Mount Pillar Homestay","Kandy","Offering garden views, Mount Pillar Homestay in Kandy offers accommodations, a garden, and a terrace.","Scored 10","10","Exceptional","· 3 reviews","Value for money 10","Opens in new window","Show prices","Show on map","New to Booking.com","https://cf.bstatic.com/xdata/images/hotel/square600/822425325.webp?k=19c8d4dc6207700fac68e1492c68e1fd81f85d9b869399e97f6ac6aa988daabe&o="
"1776666626-351","https://www.booking.com/searchresults.html?label=bristol-XLwodozx2dVe8Ts0XeYuawS752260715469%3Apl%3Ata%3Ap1%3Ap2%3Aac%3Aap%3Aneg%3Afi%3Atikwd-869815001187%3Alp1009919%3Ali%3Adec%3Adm%3Appccp%3DUmFuZG9tSVYkc2RlIyh9YXdX6HrtnYy-Ml68sH-ljtU&aid=311984&dest_id=198&dest_type=country&group_adults=2&req_adults=2&no_rooms=1&broad_search_not_eligible=1&order=distance_from_search","Kandy Hill Escape","Kandy","Offering garden views, Kandy Hill Escape in Kandy features accommodations, a garden, and a shared lounge. This property offers access to a balcony and free private parking.","Scored 8.3","8.3","Very Good","· 46 reviews","Value for money 8.5","Opens in new window","Show prices","Show on map","","https://cf.bstatic.com/xdata/images/hotel/square600/648258562.webp?k=a693d5b1a1c1bcc9dc5805b60ea1407f5d62f3ff1397483b5886e1d152b57aee&o="
"1776666626-352","https://www.booking.com/searchresults.html?label=bristol-XLwodozx2dVe8Ts0XeYuawS752260715469%3Apl%3Ata%3Ap1%3Ap2%3Aac%3Aap%3Aneg%3Afi%3Atikwd-869815001187%3Alp1009919%3Ali%3Adec%3Adm%3Appccp%3DUmFuZG9tSVYkc2RlIyh9YXdX6HrtnYy-Ml68sH-ljtU&aid=311984&dest_id=198&dest_type=country&group_adults=2&req_adults=2&no_rooms=1&broad_search_not_eligible=1&order=distance_from_search","Tiverton Homestay","Godagandeniya","Providing mountain views, Tiverton Homestay in Godagandeniya offers accommodations, a garden, and a terrace. There's a private entrance at the homestay for the convenience of those who stay.","Scored 8.2","8.2","Very Good","· 47 reviews","Value for money 8.6","Opens in new window","Show prices","Show on map","","https://cf.bstatic.com/xdata/images/hotel/square600/332409468.webp?k=61a214798278f7abf420858c204d14ae03f8d23cc5f36471cf0e40f358d821c7&o="
"1776666626-353","https://www.booking.com/searchresults.html?label=bristol-XLwodozx2dVe8Ts0XeYuawS752260715469%3Apl%3Ata%3Ap1%3Ap2%3Aac%3Aap%3Aneg%3Afi%3Atikwd-869815001187%3Alp1009919%3Ali%3Adec%3Adm%3Appccp%3DUmFuZG9tSVYkc2RlIyh9YXdX6HrtnYy-Ml68sH-ljtU&aid=311984&dest_id=198&dest_type=country&group_adults=2&req_adults=2&no_rooms=1&broad_search_not_eligible=1&order=distance_from_search","Hanthana view","Peradeniya","Hanthana view enjoys a location in Peradeniya, 2.6 miles from Kandy Royal Botanic Gardens and 5.6 miles from Kandy Train Station.","Scored 9.6","9.6","Exceptional","· 94 reviews","Value for money 9.7","Opens in new window","Show prices","Show on map","","https://cf.bstatic.com/xdata/images/hotel/square600/422300308.webp?k=fa9472024cfa55b53722145da027e84afbeadf8a5669ad77a74718674a658640&o="
"1776666626-354","https://www.booking.com/searchresults.html?label=bristol-XLwodozx2dVe8Ts0XeYuawS752260715469%3Apl%3Ata%3Ap1%3Ap2%3Aac%3Aap%3Aneg%3Afi%3Atikwd-869815001187%3Alp1009919%3Ali%3Adec%3Adm%3Appccp%3DUmFuZG9tSVYkc2RlIyh9YXdX6HrtnYy-Ml68sH-ljtU&aid=311984&dest_id=198&dest_type=country&group_adults=2&req_adults=2&no_rooms=1&broad_search_not_eligible=1&order=distance_from_search","No63 Amy's","Kandy","Located in Kandy, 1.9 miles from Kandy City Center Shopping Mall and 2.1 miles from Bogambara Stadium, No63 Amy's has accommodations with free WiFi, air conditioning, a garden and a terrace.","Scored 9.7","9.7","Exceptional","· 146 reviews","Value for money 9.8","Opens in new window","Show prices","Show on map","","https://cf.bstatic.com/xdata/images/hotel/square600/648211752.webp?k=d0581a61910a3d9c7468b2fab4b189e6898280332e5c6858905a05249c935d33&o="
"1776666626-355","https://www.booking.com/searchresults.html?label=bristol-XLwodozx2dVe8Ts0XeYuawS752260715469%3Apl%3Ata%3Ap1%3Ap2%3Aac%3Aap%3Aneg%3Afi%3Atikwd-869815001187%3Alp1009919%3Ali%3Adec%3Adm%3Appccp%3DUmFuZG9tSVYkc2RlIyh9YXdX6HrtnYy-Ml68sH-ljtU&aid=311984&dest_id=198&dest_type=country&group_adults=2&req_adults=2&no_rooms=1&broad_search_not_eligible=1&order=distance_from_search","WonderStay Holiday Bungalow - Kandy","Kandy","Providing a garden, WonderStay Holiday Bungalow - Kandy provides accommodations in Kandy. This property offers access to a balcony, free private parking, and free Wifi.","","","","","","Opens in new window","Show prices","Show on map","","https://cf.bstatic.com/xdata/images/hotel/square600/647337148.webp?k=a41b1a043f7a70658d5c23bd1f200c34beba26653925a33daaafbfc10aed90c8&o="
"1776666626-356","https://www.booking.com/searchresults.html?label=bristol-XLwodozx2dVe8Ts0XeYuawS752260715469%3Apl%3Ata%3Ap1%3Ap2%3Aac%3Aap%3Aneg%3Afi%3Atikwd-869815001187%3Alp1009919%3Ali%3Adec%3Adm%3Appccp%3DUmFuZG9tSVYkc2RlIyh9YXdX6HrtnYy-Ml68sH-ljtU&aid=311984&dest_id=198&dest_type=country&group_adults=2&req_adults=2&no_rooms=1&broad_search_not_eligible=1&order=distance_from_search","Red Chillies Nature Inn","Kandy","Red Chillies Nature Inn is a recently renovated guest house in Kandy where guests can make the most of its garden and shared lounge.","Scored 9.4","9.4","Wonderful","· 89 reviews","Value for money 9.7","Opens in new window","Show prices","Show on map","","https://cf.bstatic.com/xdata/images/hotel/square600/753076207.webp?k=d3e11f1cc1ab47d88d9736d56a7bc295b0771e2a6780a6008426661ca308e466&o="
"1776666626-357","https://www.booking.com/searchresults.html?label=bristol-XLwodozx2dVe8Ts0XeYuawS752260715469%3Apl%3Ata%3Ap1%3Ap2%3Aac%3Aap%3Aneg%3Afi%3Atikwd-869815001187%3Alp1009919%3Ali%3Adec%3Adm%3Appccp%3DUmFuZG9tSVYkc2RlIyh9YXdX6HrtnYy-Ml68sH-ljtU&aid=311984&dest_id=198&dest_type=country&group_adults=2&req_adults=2&no_rooms=1&broad_search_not_eligible=1&order=distance_from_search","The Green Lodge Kandy","Kandy","The Green Lodge Kandy offers accommodations in Kandy, 2.1 miles from Kandy Train Station and 2.5 miles from Bogambara Stadium.","Scored 10","10","Exceptional","· 2 reviews","Value for money 10","Opens in new window","Show prices","Show on map","","https://cf.bstatic.com/xdata/images/hotel/square600/767872148.webp?k=0993f3dbb2d7c6d41d98676ef0b816f7f588fe72f2bf1b338e4b1d80e21b8e79&o="
"1776666626-358","https://www.booking.com/searchresults.html?label=bristol-XLwodozx2dVe8Ts0XeYuawS752260715469%3Apl%3Ata%3Ap1%3Ap2%3Aac%3Aap%3Aneg%3Afi%3Atikwd-869815001187%3Alp1009919%3Ali%3Adec%3Adm%3Appccp%3DUmFuZG9tSVYkc2RlIyh9YXdX6HrtnYy-Ml68sH-ljtU&aid=311984&dest_id=198&dest_type=country&group_adults=2&req_adults=2&no_rooms=1&broad_search_not_eligible=1&order=distance_from_search","Swarga Villa","Kandy","Swarga Villa is located in Kandy, just 1.9 miles from Kandy City Center Shopping Mall and 2.1 miles from Bogambara Stadium.","","","","","","Opens in new window","Show prices","Show on map","New to Booking.com","https://cf.bstatic.com/xdata/images/hotel/square600/838627484.webp?k=caca1ca14ba4f63e667ebc383fb8288d27a99cad64997d9c83f5df9676ab5c47&o="
"1776666626-359","https://www.booking.com/searchresults.html?label=bristol-XLwodozx2dVe8Ts0XeYuawS752260715469%3Apl%3Ata%3Ap1%3Ap2%3Aac%3Aap%3Aneg%3Afi%3Atikwd-869815001187%3Alp1009919%3Ali%3Adec%3Adm%3Appccp%3DUmFuZG9tSVYkc2RlIyh9YXdX6HrtnYy-Ml68sH-ljtU&aid=311984&dest_id=198&dest_type=country&group_adults=2&req_adults=2&no_rooms=1&broad_search_not_eligible=1&order=distance_from_search","Mixon Villa Kandy","Kandy","Mixon Villa Kandy is a recently renovated apartment in Kandy where guests can make the most of its garden and terrace. There's a private entrance at the apartment for the convenience of those who...","","","","","","Opens in new window","Show prices","Show on map","New to Booking.com","https://cf.bstatic.com/xdata/images/hotel/square600/839519261.webp?k=bfee15e0f26f5100197ccb9f65182cb51bd3c7412bb8e7ca049e6f86c26562ba&o="
"1776666626-360","https://www.booking.com/searchresults.html?label=bristol-XLwodozx2dVe8Ts0XeYuawS752260715469%3Apl%3Ata%3Ap1%3Ap2%3Aac%3Aap%3Aneg%3Afi%3Atikwd-869815001187%3Alp1009919%3Ali%3Adec%3Adm%3Appccp%3DUmFuZG9tSVYkc2RlIyh9YXdX6HrtnYy-Ml68sH-ljtU&aid=311984&dest_id=198&dest_type=country&group_adults=2&req_adults=2&no_rooms=1&broad_search_not_eligible=1&order=distance_from_search","Villa Rosa","Kandy","Villa Rosa provides air-conditioned rooms in Kandy. This property offers access to a balcony, table tennis, free private parking, and free Wifi. The guest house has private entrance.","Scored 9.2","9.2","Wonderful","· 543 reviews","Value for money 8.8","Opens in new window","Show prices","Show on map","","https://cf.bstatic.com/xdata/images/hotel/square600/443843774.webp?k=be4dda88769f7c0cf90328339ccbf9c4ddee46fa3d5c1e6387b492d9e71bdc04&o="
"1776666626-361","https://www.booking.com/searchresults.html?label=bristol-XLwodozx2dVe8Ts0XeYuawS752260715469%3Apl%3Ata%3Ap1%3Ap2%3Aac%3Aap%3Aneg%3Afi%3Atikwd-869815001187%3Alp1009919%3Ali%3Adec%3Adm%3Appccp%3DUmFuZG9tSVYkc2RlIyh9YXdX6HrtnYy-Ml68sH-ljtU&aid=311984&dest_id=198&dest_type=country&group_adults=2&req_adults=2&no_rooms=1&broad_search_not_eligible=1&order=distance_from_search","Malee Homestay","Kandy","Malee Homestay offers accommodations in Kandy, 3 miles from Kandy City Center Shopping Mall and 3 miles from Kandy Royal Botanic Gardens.","","","","","","Opens in new window","Show prices","Show on map","","https://cf.bstatic.com/xdata/images/hotel/square600/656425881.webp?k=0516e333fa34c10a62573492556341bd39f3b258bd97951775065cfb8c74d76a&o="
"1776666626-362","https://www.booking.com/searchresults.html?label=bristol-XLwodozx2dVe8Ts0XeYuawS752260715469%3Apl%3Ata%3Ap1%3Ap2%3Aac%3Aap%3Aneg%3Afi%3Atikwd-869815001187%3Alp1009919%3Ali%3Adec%3Adm%3Appccp%3DUmFuZG9tSVYkc2RlIyh9YXdX6HrtnYy-Ml68sH-ljtU&aid=311984&dest_id=198&dest_type=country&group_adults=2&req_adults=2&no_rooms=1&broad_search_not_eligible=1&order=distance_from_search","Villa Mount Melody","Kandy","Villa Mount Melody in Kandy provides accommodations with a garden and a shared lounge. There's a private entrance at the guest house for the convenience of those who stay.","Scored 8.7","8.7","Excellent","· 514 reviews","Value for money 9.1","Opens in new window","Show prices","Show on map","","https://cf.bstatic.com/xdata/images/hotel/square600/446297310.webp?k=e2de805a1f712b2184427dcbf8e697735664b3efab13e6742b4fb00922e635f8&o="
"1776666626-363","https://www.booking.com/searchresults.html?label=bristol-XLwodozx2dVe8Ts0XeYuawS752260715469%3Apl%3Ata%3Ap1%3Ap2%3Aac%3Aap%3Aneg%3Afi%3Atikwd-869815001187%3Alp1009919%3Ali%3Adec%3Adm%3Appccp%3DUmFuZG9tSVYkc2RlIyh9YXdX6HrtnYy-Ml68sH-ljtU&aid=311984&dest_id=198&dest_type=country&group_adults=2&req_adults=2&no_rooms=1&broad_search_not_eligible=1&order=distance_from_search","Muduna Walawwa Resort","Kandy","Located in Kandy, 2.7 miles from Kandy Train Station, Muduna Walawwa Resort has accommodations with an outdoor swimming pool, free private parking, a garden and a terrace.","Scored 9.2","9.2","Wonderful","· 422 reviews","Value for money 9.6","Opens in new window","Show prices","Show on map","","https://cf.bstatic.com/xdata/images/hotel/square600/507669427.webp?k=ee394b6b2a9f8c4f179ee23718d193871ff55b5b2b3649746ec7abbd0192d134&o="
"1776666626-364","https://www.booking.com/searchresults.html?label=bristol-XLwodozx2dVe8Ts0XeYuawS752260715469%3Apl%3Ata%3Ap1%3Ap2%3Aac%3Aap%3Aneg%3Afi%3Atikwd-869815001187%3Alp1009919%3Ali%3Adec%3Adm%3Appccp%3DUmFuZG9tSVYkc2RlIyh9YXdX6HrtnYy-Ml68sH-ljtU&aid=311984&dest_id=198&dest_type=country&group_adults=2&req_adults=2&no_rooms=1&broad_search_not_eligible=1&order=distance_from_search","Secret Heaven Kandy","Kandy","Secret Heaven Kandy in Kandy provides accommodations with a garden and a shared lounge. This property offers access to a terrace, free private parking, and free Wifi.","Scored 8.6","8.6","Excellent","· 349 reviews","Value for money 8.8","Opens in new window","Show prices","Show on map","","https://cf.bstatic.com/xdata/images/hotel/square600/549421669.webp?k=f36e6667dba7ba521691a0e84bcc469d56320f544396aa9058085f77fb5a6fde&o="
"1776666626-365","https://www.booking.com/searchresults.html?label=bristol-XLwodozx2dVe8Ts0XeYuawS752260715469%3Apl%3Ata%3Ap1%3Ap2%3Aac%3Aap%3Aneg%3Afi%3Atikwd-869815001187%3Alp1009919%3Ali%3Adec%3Adm%3Appccp%3DUmFuZG9tSVYkc2RlIyh9YXdX6HrtnYy-Ml68sH-ljtU&aid=311984&dest_id=198&dest_type=country&group_adults=2&req_adults=2&no_rooms=1&broad_search_not_eligible=1&order=distance_from_search","Heaven Breeze Kandy","Kandy","Heaven Breeze Kandy offers accommodations in Kandy, 3.2 miles from Kandy Museum and 3.2 miles from Sri Dalada Maligawa.","Scored 9.4","9.4","Wonderful","· 244 reviews","Value for money 9.7","Opens in new window","Show prices","Show on map","","https://cf.bstatic.com/xdata/images/hotel/square600/494817151.webp?k=340bf9969e908b4ef99ac89c0f00587523bb1091afc38e7a50bca2927c114172&o="
"1776666626-366","https://www.booking.com/searchresults.html?label=bristol-XLwodozx2dVe8Ts0XeYuawS752260715469%3Apl%3Ata%3Ap1%3Ap2%3Aac%3Aap%3Aneg%3Afi%3Atikwd-869815001187%3Alp1009919%3Ali%3Adec%3Adm%3Appccp%3DUmFuZG9tSVYkc2RlIyh9YXdX6HrtnYy-Ml68sH-ljtU&aid=311984&dest_id=198&dest_type=country&group_adults=2&req_adults=2&no_rooms=1&broad_search_not_eligible=1&order=distance_from_search","Mystique Hideout","Kandy","Mystique Hideout in Kandy provides accommodations with a garden and a terrace. This guest house offers free private parking, a 24-hour front desk, and free Wifi. The guest house has private entrance.","Scored 9.0","9.0","Wonderful","· 483 reviews","Value for money 9.5","Opens in new window","Show prices","Show on map","","https://cf.bstatic.com/xdata/images/hotel/square600/505547834.webp?k=b6d038d9dd53aa5d3b40d5f325e52b1aa2bf33005c501f98884d6652093945ec&o="
"1776666626-367","https://www.booking.com/searchresults.html?label=bristol-XLwodozx2dVe8Ts0XeYuawS752260715469%3Apl%3Ata%3Ap1%3Ap2%3Aac%3Aap%3Aneg%3Afi%3Atikwd-869815001187%3Alp1009919%3Ali%3Adec%3Adm%3Appccp%3DUmFuZG9tSVYkc2RlIyh9YXdX6HrtnYy-Ml68sH-ljtU&aid=311984&dest_id=198&dest_type=country&group_adults=2&req_adults=2&no_rooms=1&broad_search_not_eligible=1&order=distance_from_search","Green Scape by Akmeemana","Kandy","Green Scape by Akmeemana in Kandy provides accommodations with a garden and a shared lounge. This property offers access to a balcony and free private parking.","","","","","","Opens in new window","Show prices","Show on map","","https://cf.bstatic.com/xdata/images/hotel/square600/732126180.webp?k=3c06669ab2a259a8c701f42dff2494f6635fca0bb34a4027c7aa2a9f3b9a3f59&o="
"1776666626-368","https://www.booking.com/searchresults.html?label=bristol-XLwodozx2dVe8Ts0XeYuawS752260715469%3Apl%3Ata%3Ap1%3Ap2%3Aac%3Aap%3Aneg%3Afi%3Atikwd-869815001187%3Alp1009919%3Ali%3Adec%3Adm%3Appccp%3DUmFuZG9tSVYkc2RlIyh9YXdX6HrtnYy-Ml68sH-ljtU&aid=311984&dest_id=198&dest_type=country&group_adults=2&req_adults=2&no_rooms=1&broad_search_not_eligible=1&order=distance_from_search","Casa Selvita","Kandy","Offering a garden, Casa Selvita features accommodations in Kandy. With mountain views, this accommodation offers a terrace.","Scored 7.9","7.9","Good","· 8 reviews","Value for money 8.7","Opens in new window","Show prices","Show on map","","https://cf.bstatic.com/xdata/images/hotel/square600/765199076.webp?k=9813f954d858485cd6de703abaed02eacd2e0501462881728f40a181d2cfd400&o="
"1776666626-369","https://www.booking.com/searchresults.html?label=bristol-XLwodozx2dVe8Ts0XeYuawS752260715469%3Apl%3Ata%3Ap1%3Ap2%3Aac%3Aap%3Aneg%3Afi%3Atikwd-869815001187%3Alp1009919%3Ali%3Adec%3Adm%3Appccp%3DUmFuZG9tSVYkc2RlIyh9YXdX6HrtnYy-Ml68sH-ljtU&aid=311984&dest_id=198&dest_type=country&group_adults=2&req_adults=2&no_rooms=1&broad_search_not_eligible=1&order=distance_from_search","Capricorn Bliss Villa","Kandy","A recently renovated bed and breakfast, Capricorn Bliss Villa offers accommodations in Kandy. This property offers access to a terrace, table tennis, free private parking, and free Wifi.","","","","","","Opens in new window","Show prices","Show on map","","https://cf.bstatic.com/xdata/images/hotel/square600/705190043.webp?k=9e2f88d2839ae72c9306315cbab99126d46d0f6806c53a79e2ed236104d08196&o="
"1776666626-370","https://www.booking.com/searchresults.html?label=bristol-XLwodozx2dVe8Ts0XeYuawS752260715469%3Apl%3Ata%3Ap1%3Ap2%3Aac%3Aap%3Aneg%3Afi%3Atikwd-869815001187%3Alp1009919%3Ali%3Adec%3Adm%3Appccp%3DUmFuZG9tSVYkc2RlIyh9YXdX6HrtnYy-Ml68sH-ljtU&aid=311984&dest_id=198&dest_type=country&group_adults=2&req_adults=2&no_rooms=1&broad_search_not_eligible=1&order=distance_from_search","Cielo Residence","Kandy","Cielo Residence offers accommodations in Kandy, 1.5 miles from Kandy City Center Shopping Mall and 1.7 miles from Bogambara Stadium.","Scored 9.4","9.4","Wonderful","· 77 reviews","Value for money 9.7","Opens in new window","Show prices","Show on map","","https://cf.bstatic.com/xdata/images/hotel/square600/587073975.webp?k=879f1a36451bc4acca298677911ea99ad67b6f4b93563084394ee009d11ff406&o="
"1776666626-371","https://www.booking.com/searchresults.html?label=bristol-XLwodozx2dVe8Ts0XeYuawS752260715469%3Apl%3Ata%3Ap1%3Ap2%3Aac%3Aap%3Aneg%3Afi%3Atikwd-869815001187%3Alp1009919%3Ali%3Adec%3Adm%3Appccp%3DUmFuZG9tSVYkc2RlIyh9YXdX6HrtnYy-Ml68sH-ljtU&aid=311984&dest_id=198&dest_type=country&group_adults=2&req_adults=2&no_rooms=1&broad_search_not_eligible=1&order=distance_from_search","Serene Reach Villa","Kandy","Serene Reach Villa is located just 1.2 mi from the Kandy Railway Station. The accommodations will provide you with a seating area.","Scored 9.8","9.8","Exceptional","· 13 reviews","Value for money 9.8","Opens in new window","Show prices","Show on map","","https://cf.bstatic.com/xdata/images/hotel/square600/790334769.webp?k=b71cbfbb6db938658b2b78f2d3448c08e8f9a56ce5eaa777c9fb337df025ed08&o="
"1776666626-372","https://www.booking.com/searchresults.html?label=bristol-XLwodozx2dVe8Ts0XeYuawS752260715469%3Apl%3Ata%3Ap1%3Ap2%3Aac%3Aap%3Aneg%3Afi%3Atikwd-869815001187%3Alp1009919%3Ali%3Adec%3Adm%3Appccp%3DUmFuZG9tSVYkc2RlIyh9YXdX6HrtnYy-Ml68sH-ljtU&aid=311984&dest_id=198&dest_type=country&group_adults=2&req_adults=2&no_rooms=1&broad_search_not_eligible=1&order=distance_from_search","SERENE HOME","Kandy","Featuring a garden, SERENE HOME offers accommodations in Kandy. This property offers access to a balcony, free private parking, and free Wifi.","Scored 9.3","9.3","Wonderful","· 138 reviews","Value for money 9.5","Opens in new window","Show prices","Show on map","","https://cf.bstatic.com/xdata/images/hotel/square600/603754429.webp?k=8c9656eb68023d9903cd8f58cd4c78ac6bb805d985b43ae0578dadcabbfded85&o="
"1776666626-373","https://www.booking.com/searchresults.html?label=bristol-XLwodozx2dVe8Ts0XeYuawS752260715469%3Apl%3Ata%3Ap1%3Ap2%3Aac%3Aap%3Aneg%3Afi%3Atikwd-869815001187%3Alp1009919%3Ali%3Adec%3Adm%3Appccp%3DUmFuZG9tSVYkc2RlIyh9YXdX6HrtnYy-Ml68sH-ljtU&aid=311984&dest_id=198&dest_type=country&group_adults=2&req_adults=2&no_rooms=1&broad_search_not_eligible=1&order=distance_from_search","HILL TOP VIEW POINT HOMESTAY & RESORT","Peradeniya","HILL TOP VIEW POINT HOMESTAY & RESORT is located in Peradeniya, just 4.4 miles from Kandy City Center Shopping Mall and 5.7 miles from Ceylon Tea Museum.","Scored 10","10","Exceptional","· 18 reviews","Value for money 10","Opens in new window","Show prices","Show on map","","https://cf.bstatic.com/xdata/images/hotel/square600/479269592.webp?k=7411d52ebec4d1915c1ad72ede573776d08de79539f8b0f6fbbc3fa363184cc0&o="
"1776666626-374","https://www.booking.com/searchresults.html?label=bristol-XLwodozx2dVe8Ts0XeYuawS752260715469%3Apl%3Ata%3Ap1%3Ap2%3Aac%3Aap%3Aneg%3Afi%3Atikwd-869815001187%3Alp1009919%3Ali%3Adec%3Adm%3Appccp%3DUmFuZG9tSVYkc2RlIyh9YXdX6HrtnYy-Ml68sH-ljtU&aid=311984&dest_id=198&dest_type=country&group_adults=2&req_adults=2&no_rooms=1&broad_search_not_eligible=1&order=distance_from_search","DELIGHT REICH HOTEL","Peradeniya","Located in Peradeniya, 0.9 miles from Kandy Royal Botanic Gardens, DELIGHT REICH HOTEL provides accommodations with a garden, free private parking, a shared lounge and a terrace.","Scored 5.6","5.6","Review score","· 145 reviews","","Opens in new window","Show prices","Show on map","","https://cf.bstatic.com/xdata/images/hotel/square600/379819256.webp?k=f2266338d92a73688c3fd982d89f50acccbe2d75c2efbaf0a86d407a8ed50766&o="
"1776666626-375","https://www.booking.com/searchresults.html?label=bristol-XLwodozx2dVe8Ts0XeYuawS752260715469%3Apl%3Ata%3Ap1%3Ap2%3Aac%3Aap%3Aneg%3Afi%3Atikwd-869815001187%3Alp1009919%3Ali%3Adec%3Adm%3Appccp%3DUmFuZG9tSVYkc2RlIyh9YXdX6HrtnYy-Ml68sH-ljtU&aid=311984&dest_id=198&dest_type=country&group_adults=2&req_adults=2&no_rooms=1&broad_search_not_eligible=1&order=distance_from_search","AnotherWorld Kandy","Mapanawatura","Located in Mapanawatura, 1.6 miles from Kandy City Center Shopping Mall, AnotherWorld Kandy provides accommodations with a garden, free private parking, a shared lounge and a terrace.","","","","","","Opens in new window","Show prices","Show on map","","https://cf.bstatic.com/xdata/images/hotel/square600/761601574.webp?k=6f1d86355b42e8b9f393f4923ccfc3824659bcc8450261555eb3d008f6bd2764&o="
"1776666626-376","https://www.booking.com/searchresults.html?label=bristol-XLwodozx2dVe8Ts0XeYuawS752260715469%3Apl%3Ata%3Ap1%3Ap2%3Aac%3Aap%3Aneg%3Afi%3Atikwd-869815001187%3Alp1009919%3Ali%3Adec%3Adm%3Appccp%3DUmFuZG9tSVYkc2RlIyh9YXdX6HrtnYy-Ml68sH-ljtU&aid=311984&dest_id=198&dest_type=country&group_adults=2&req_adults=2&no_rooms=1&broad_search_not_eligible=1&order=distance_from_search","Ameeila Villa","Kandy","Located in Kandy, 2.9 miles from Kandy City Center Shopping Mall, Ameeila Villa provides accommodations with a garden, free private parking and a shared lounge.","","","","","","Opens in new window","Show prices","Show on map","","https://cf.bstatic.com/xdata/images/hotel/square600/729503764.webp?k=8959d2db2981a0a58b0624271fc380dee57e90db06297c70c178e8e2650a2d1d&o="
"1776666626-377","https://www.booking.com/searchresults.html?label=bristol-XLwodozx2dVe8Ts0XeYuawS752260715469%3Apl%3Ata%3Ap1%3Ap2%3Aac%3Aap%3Aneg%3Afi%3Atikwd-869815001187%3Alp1009919%3Ali%3Adec%3Adm%3Appccp%3DUmFuZG9tSVYkc2RlIyh9YXdX6HrtnYy-Ml68sH-ljtU&aid=311984&dest_id=198&dest_type=country&group_adults=2&req_adults=2&no_rooms=1&broad_search_not_eligible=1&order=distance_from_search","Riverdale Ridge Holiday Apartments","Kandy","Featuring garden views, Riverdale Ridge Holiday Apartments in Kandy provides accommodations and a shared lounge. This homestay offers air-conditioned accommodations with a patio.","Scored 9.2","9.2","Wonderful","· 21 reviews","Value for money 9.5","Opens in new window","Show prices","Show on map","","https://cf.bstatic.com/xdata/images/hotel/square600/154305994.webp?k=1c0a1c3dcab67dd83b569ceb7663ee49735dbc1b6d8ecb5d01a3feb491926e0c&o="
"1776666626-378","https://www.booking.com/searchresults.html?label=bristol-XLwodozx2dVe8Ts0XeYuawS752260715469%3Apl%3Ata%3Ap1%3Ap2%3Aac%3Aap%3Aneg%3Afi%3Atikwd-869815001187%3Alp1009919%3Ali%3Adec%3Adm%3Appccp%3DUmFuZG9tSVYkc2RlIyh9YXdX6HrtnYy-Ml68sH-ljtU&aid=311984&dest_id=198&dest_type=country&group_adults=2&req_adults=2&no_rooms=1&broad_search_not_eligible=1&order=distance_from_search","Gangula Villa","Kandy","Located in Kandy, 2.1 miles from Kandy Train Station, Gangula Villa features a restaurant and views of the mountain.","Scored 8.9","8.9","Excellent","· 277 reviews","Value for money 9.2","Opens in new window","Show prices","Show on map","","https://cf.bstatic.com/xdata/images/hotel/square600/233458883.webp?k=1a419dac03ad3ce01f928e2301cf04ae0aacbf95fc54cceec2934aa3469d9d8e&o="
"1776666626-379","https://www.booking.com/searchresults.html?label=bristol-XLwodozx2dVe8Ts0XeYuawS752260715469%3Apl%3Ata%3Ap1%3Ap2%3Aac%3Aap%3Aneg%3Afi%3Atikwd-869815001187%3Alp1009919%3Ali%3Adec%3Adm%3Appccp%3DUmFuZG9tSVYkc2RlIyh9YXdX6HrtnYy-Ml68sH-ljtU&aid=311984&dest_id=198&dest_type=country&group_adults=2&req_adults=2&no_rooms=1&broad_search_not_eligible=1&order=distance_from_search","Kandy summerhill bungalow","Kandy","Kandy summerhill bungalow offers accommodations in Kandy, 1.5 miles from Kandy Train Station and 1.9 miles from Bogambara Stadium.","","","","","","Opens in new window","Show prices","Show on map","New to Booking.com","https://cf.bstatic.com/xdata/images/hotel/square600/827869686.webp?k=e9b61f27ed96b55a1fcbd3f1254a4552747334aabde58d9292b3a65f67c47c2f&o="
"1776666626-380","https://www.booking.com/searchresults.html?label=bristol-XLwodozx2dVe8Ts0XeYuawS752260715469%3Apl%3Ata%3Ap1%3Ap2%3Aac%3Aap%3Aneg%3Afi%3Atikwd-869815001187%3Alp1009919%3Ali%3Adec%3Adm%3Appccp%3DUmFuZG9tSVYkc2RlIyh9YXdX6HrtnYy-Ml68sH-ljtU&aid=311984&dest_id=198&dest_type=country&group_adults=2&req_adults=2&no_rooms=1&broad_search_not_eligible=1&order=distance_from_search","Hill Tips Tea Bangalow","Kandy","Providing river views, Hill Tips Tea Bangalow in Kandy offers accommodations and a terrace.","Scored 9.0","9.0","Wonderful","· 1 review","","Opens in new window","Show prices","Show on map","","https://cf.bstatic.com/xdata/images/hotel/square600/780010488.webp?k=e1e39277a4941797e610013c69418cc504e8079656f0fb1fae899866badc0bcc&o="
"1776666626-381","https://www.booking.com/searchresults.html?label=bristol-XLwodozx2dVe8Ts0XeYuawS752260715469%3Apl%3Ata%3Ap1%3Ap2%3Aac%3Aap%3Aneg%3Afi%3Atikwd-869815001187%3Alp1009919%3Ali%3Adec%3Adm%3Appccp%3DUmFuZG9tSVYkc2RlIyh9YXdX6HrtnYy-Ml68sH-ljtU&aid=311984&dest_id=198&dest_type=country&group_adults=2&req_adults=2&no_rooms=1&broad_search_not_eligible=1&order=distance_from_search","Gardenia","Kandy","Featuring a garden, Gardenia features accommodations in Kandy. This property offers access to a terrace, free private parking, and free Wifi.","","","","","","Opens in new window","Show prices","Show on map","","https://cf.bstatic.com/xdata/images/hotel/square600/792830540.webp?k=a1fb39f0b883a59bb1bb9cfeb1a97a4257c63425d7e43aa597d41eb7e02c514a&o="
"1776666626-382","https://www.booking.com/searchresults.html?label=bristol-XLwodozx2dVe8Ts0XeYuawS752260715469%3Apl%3Ata%3Ap1%3Ap2%3Aac%3Aap%3Aneg%3Afi%3Atikwd-869815001187%3Alp1009919%3Ali%3Adec%3Adm%3Appccp%3DUmFuZG9tSVYkc2RlIyh9YXdX6HrtnYy-Ml68sH-ljtU&aid=311984&dest_id=198&dest_type=country&group_adults=2&req_adults=2&no_rooms=1&broad_search_not_eligible=1&order=distance_from_search","Laksha Hills","Kandy","Laksha Hills in Kandy provides accommodations with a garden, a terrace, and a shared lounge. This guest house provides free private parking, a 24-hour front desk, and free Wifi.","","","","","","Opens in new window","Show prices","Show on map","New to Booking.com","https://cf.bstatic.com/xdata/images/hotel/square600/832119290.webp?k=e2f099c6d58c3eabff74c8c94224a97dcbd89372b9e753aa0d7678356c4b83e5&o="
"1776666626-383","https://www.booking.com/searchresults.html?label=bristol-XLwodozx2dVe8Ts0XeYuawS752260715469%3Apl%3Ata%3Ap1%3Ap2%3Aac%3Aap%3Aneg%3Afi%3Atikwd-869815001187%3Alp1009919%3Ali%3Adec%3Adm%3Appccp%3DUmFuZG9tSVYkc2RlIyh9YXdX6HrtnYy-Ml68sH-ljtU&aid=311984&dest_id=198&dest_type=country&group_adults=2&req_adults=2&no_rooms=1&broad_search_not_eligible=1&order=distance_from_search","Blue Haven Hotel","Kandy","Blue Haven Hotel is a 15-room guest house offering comfortable rooms and free Wi-Fi. It also has a tour desk which helps guests organize excursions to popular attractions.","Scored 7.0","7.0","Good","· 466 reviews","","Opens in new window","Show prices","Show on map","","https://cf.bstatic.com/xdata/images/hotel/square600/242703288.webp?k=78a61317a19cab50ed62cbadaa80667bae63c8cc49b0ea9ea208772cab631e98&o="
"1776666626-384","https://www.booking.com/searchresults.html?label=bristol-XLwodozx2dVe8Ts0XeYuawS752260715469%3Apl%3Ata%3Ap1%3Ap2%3Aac%3Aap%3Aneg%3Afi%3Atikwd-869815001187%3Alp1009919%3Ali%3Adec%3Adm%3Appccp%3DUmFuZG9tSVYkc2RlIyh9YXdX6HrtnYy-Ml68sH-ljtU&aid=311984&dest_id=198&dest_type=country&group_adults=2&req_adults=2&no_rooms=1&broad_search_not_eligible=1&order=distance_from_search","Kandy Green HillTop Hotel","Kandy","Located in Kandy, a 17-minute walk from Kandy Royal Botanic Gardens, Kandy Green HillTop Hotel has accommodations with a garden, free private parking, a terrace and a restaurant.","Scored 1.0","1.0","Review score","· 1 review","","Opens in new window","Show prices","Show on map","New to Booking.com","https://cf.bstatic.com/xdata/images/hotel/square600/844614586.webp?k=14cedd0fa40f34b4ec1d94e46f0eb7215061dd1a019d15619f2d72d84dd8a9cc&o="
"1776666626-385","https://www.booking.com/searchresults.html?label=bristol-XLwodozx2dVe8Ts0XeYuawS752260715469%3Apl%3Ata%3Ap1%3Ap2%3Aac%3Aap%3Aneg%3Afi%3Atikwd-869815001187%3Alp1009919%3Ali%3Adec%3Adm%3Appccp%3DUmFuZG9tSVYkc2RlIyh9YXdX6HrtnYy-Ml68sH-ljtU&aid=311984&dest_id=198&dest_type=country&group_adults=2&req_adults=2&no_rooms=1&broad_search_not_eligible=1&order=distance_from_search","Mount Haven","Kandy","Mount Haven offers a hot tub and free private parking, and is within 1.5 miles of Kandy City Center Shopping Mall and 1.7 miles of Bogambara Stadium.","Scored 9.1","9.1","Wonderful","· 612 reviews","Value for money 9.3","Opens in new window","Show prices","Show on map","","https://cf.bstatic.com/xdata/images/hotel/square600/227394270.webp?k=546fe7c670f4964d9537346a9fc08ab75a76fb6b1f6ca12eebb4b2535187b97b&o="
"1776666626-386","https://www.booking.com/searchresults.html?label=bristol-XLwodozx2dVe8Ts0XeYuawS752260715469%3Apl%3Ata%3Ap1%3Ap2%3Aac%3Aap%3Aneg%3Afi%3Atikwd-869815001187%3Alp1009919%3Ali%3Adec%3Adm%3Appccp%3DUmFuZG9tSVYkc2RlIyh9YXdX6HrtnYy-Ml68sH-ljtU&aid=311984&dest_id=198&dest_type=country&group_adults=2&req_adults=2&no_rooms=1&broad_search_not_eligible=1&order=distance_from_search","URBAN Lodge","Kandy","A recently renovated guest house, URBAN Lodge offers accommodation in Kandy. This guest house features free private parking, a 24-hour front desk, and free Wifi.","Scored 7.5","7.5","Good","· 18 reviews","","Opens in new window","Show prices","Show on map","","https://cf.bstatic.com/xdata/images/hotel/square600/674531323.webp?k=29d7736b734a072bdf866dac9ce691e7fce0399b55190c95c0f5204c27a26e17&o="
"1776666626-387","https://www.booking.com/searchresults.html?label=bristol-XLwodozx2dVe8Ts0XeYuawS752260715469%3Apl%3Ata%3Ap1%3Ap2%3Aac%3Aap%3Aneg%3Afi%3Atikwd-869815001187%3Alp1009919%3Ali%3Adec%3Adm%3Appccp%3DUmFuZG9tSVYkc2RlIyh9YXdX6HrtnYy-Ml68sH-ljtU&aid=311984&dest_id=198&dest_type=country&group_adults=2&req_adults=2&no_rooms=1&broad_search_not_eligible=1&order=distance_from_search","Hasthi Boutique","Kandy","Located in Kandy, 1.2 miles from Kandy City Center Shopping Mall, Hasthi Boutique has accommodations with an outdoor swimming pool, free private parking, a garden and a terrace.","Scored 9.7","9.7","Exceptional","· 24 reviews","Value for money 9.6","Opens in new window","Show prices","Show on map","","https://cf.bstatic.com/xdata/images/hotel/square600/699208894.webp?k=c19b48f217aeee906bb29f8ac4a0b216e9fe9a8335314150b98adedb1ef119cf&o="
"1776666626-388","https://www.booking.com/searchresults.html?label=bristol-XLwodozx2dVe8Ts0XeYuawS752260715469%3Apl%3Ata%3Ap1%3Ap2%3Aac%3Aap%3Aneg%3Afi%3Atikwd-869815001187%3Alp1009919%3Ali%3Adec%3Adm%3Appccp%3DUmFuZG9tSVYkc2RlIyh9YXdX6HrtnYy-Ml68sH-ljtU&aid=311984&dest_id=198&dest_type=country&group_adults=2&req_adults=2&no_rooms=1&broad_search_not_eligible=1&order=distance_from_search","Nine Gems villa","Kandy","Nine Gems villa provides a garden and accommodations with a kitchen in Kandy, 2.8 miles from Kandy Train Station.","Scored 10","10","Exceptional","· 13 reviews","Value for money 10","Opens in new window","Show prices","Show on map","","https://cf.bstatic.com/xdata/images/hotel/square600/822342379.webp?k=36037ed26d2df7e83b2257e0878b35e484aab9bcd6ac171a1f13bc6869e7a937&o="
"1776666626-389","https://www.booking.com/searchresults.html?label=bristol-XLwodozx2dVe8Ts0XeYuawS752260715469%3Apl%3Ata%3Ap1%3Ap2%3Aac%3Aap%3Aneg%3Afi%3Atikwd-869815001187%3Alp1009919%3Ali%3Adec%3Adm%3Appccp%3DUmFuZG9tSVYkc2RlIyh9YXdX6HrtnYy-Ml68sH-ljtU&aid=311984&dest_id=198&dest_type=country&group_adults=2&req_adults=2&no_rooms=1&broad_search_not_eligible=1&order=distance_from_search","Unique Villa","Kandy","Providing garden views, Unique Villa in Kandy offers accommodations and a garden. This homestay provides free private parking, full-day security, and free Wifi.","Scored 9.4","9.4","Wonderful","· 16 reviews","Value for money 9.9","Opens in new window","Show prices","Show on map","","https://cf.bstatic.com/xdata/images/hotel/square600/657094261.webp?k=d6d58c95a87299cf6e6645488d4eb9480ea7f533e73ba07b227e4745dab5d274&o="
"1776666626-390","https://www.booking.com/searchresults.html?label=bristol-XLwodozx2dVe8Ts0XeYuawS752260715469%3Apl%3Ata%3Ap1%3Ap2%3Aac%3Aap%3Aneg%3Afi%3Atikwd-869815001187%3Alp1009919%3Ali%3Adec%3Adm%3Appccp%3DUmFuZG9tSVYkc2RlIyh9YXdX6HrtnYy-Ml68sH-ljtU&aid=311984&dest_id=198&dest_type=country&group_adults=2&req_adults=2&no_rooms=1&broad_search_not_eligible=1&order=distance_from_search","The Peppermint","Kandy","1.4 miles from Kandy Train Station in Kandy, The Peppermint features accommodations with access to beauty services. This homestay offers free private parking and a shared kitchen.","Scored 9.7","9.7","Exceptional","· 94 reviews","Value for money 9.9","Opens in new window","Show prices","Show on map","","https://cf.bstatic.com/xdata/images/hotel/square600/78083044.webp?k=36a2393664d4e7e5e3ebb6d2cf5fc98df97df48fd27b1ce67b9db280969bb4b8&o="
"1776666626-391","https://www.booking.com/searchresults.html?label=bristol-XLwodozx2dVe8Ts0XeYuawS752260715469%3Apl%3Ata%3Ap1%3Ap2%3Aac%3Aap%3Aneg%3Afi%3Atikwd-869815001187%3Alp1009919%3Ali%3Adec%3Adm%3Appccp%3DUmFuZG9tSVYkc2RlIyh9YXdX6HrtnYy-Ml68sH-ljtU&aid=311984&dest_id=198&dest_type=country&group_adults=2&req_adults=2&no_rooms=1&broad_search_not_eligible=1&order=distance_from_search","Edgar Mansion Kandy","Kandy","Located in Kandy, 3 miles from Kandy City Center Shopping Mall, Edgar Mansion Kandy provides accommodations with an outdoor swimming pool, free private parking, a garden and a shared lounge.","Scored 8.7","8.7","Excellent","· 11 reviews","Value for money 8.5","Opens in new window","Show prices","Show on map","","https://cf.bstatic.com/xdata/images/hotel/square600/502225097.webp?k=9e87ae76c5b63dbca63e63354dc6b03ee6c262224bc09dfbf2fdb72bad77b9fe&o="
"1776666626-392","https://www.booking.com/searchresults.html?label=bristol-XLwodozx2dVe8Ts0XeYuawS752260715469%3Apl%3Ata%3Ap1%3Ap2%3Aac%3Aap%3Aneg%3Afi%3Atikwd-869815001187%3Alp1009919%3Ali%3Adec%3Adm%3Appccp%3DUmFuZG9tSVYkc2RlIyh9YXdX6HrtnYy-Ml68sH-ljtU&aid=311984&dest_id=198&dest_type=country&group_adults=2&req_adults=2&no_rooms=1&broad_search_not_eligible=1&order=distance_from_search","Sherene's Homestay","Kandy","Offering a garden, Sherene's Homestay offers accommodations in Kandy. This property offers access to a terrace, free private parking, and free Wifi.","","","10 Exceptional","· 5 external reviews","","Opens in new window","Show prices","Show on map","","https://cf.bstatic.com/xdata/images/hotel/square600/688637119.webp?k=98bcfb2bf76fca7332de2bf020c7de9cdcdad8cd5d4ef763509f3a4f7e1231d7&o="
"1776666626-393","https://www.booking.com/searchresults.html?label=bristol-XLwodozx2dVe8Ts0XeYuawS752260715469%3Apl%3Ata%3Ap1%3Ap2%3Aac%3Aap%3Aneg%3Afi%3Atikwd-869815001187%3Alp1009919%3Ali%3Adec%3Adm%3Appccp%3DUmFuZG9tSVYkc2RlIyh9YXdX6HrtnYy-Ml68sH-ljtU&aid=311984&dest_id=198&dest_type=country&group_adults=2&req_adults=2&no_rooms=1&broad_search_not_eligible=1&order=distance_from_search","Avenue 38","Kandy","Located in Kandy, within 1.2 miles of Kandy City Center Shopping Mall and 1.2 miles of Bogambara Stadium, Avenue 38 has accommodations with a garden as well as free private parking for guests who...","","","","","","Opens in new window","Show prices","Show on map","","https://cf.bstatic.com/xdata/images/hotel/square600/713033528.webp?k=54d8c36a5e8c66d93fd614bcca8c66e41f1bedb3ac54f3cc864c9b3e41f70b6c&o="
"1776666626-394","https://www.booking.com/searchresults.html?label=bristol-XLwodozx2dVe8Ts0XeYuawS752260715469%3Apl%3Ata%3Ap1%3Ap2%3Aac%3Aap%3Aneg%3Afi%3Atikwd-869815001187%3Alp1009919%3Ali%3Adec%3Adm%3Appccp%3DUmFuZG9tSVYkc2RlIyh9YXdX6HrtnYy-Ml68sH-ljtU&aid=311984&dest_id=198&dest_type=country&group_adults=2&req_adults=2&no_rooms=1&broad_search_not_eligible=1&order=distance_from_search","Ceylon Ayu Resort Kandy","Kandy","Located in Kandy, 1.9 miles from Kandy Train Station, Ceylon Ayu Resort Kandy provides accommodations with an outdoor swimming pool, free private parking, a garden and a terrace.","Scored 8.9","8.9","Excellent","· 300 reviews","Value for money 8.8","Opens in new window","Show prices","Show on map","","https://cf.bstatic.com/xdata/images/hotel/square600/574237037.webp?k=84cb6088a4fdcef95f8b43902d911e15efdf3e481adff6176f2cc44d35eb2e5b&o="
"1776666626-395","https://www.booking.com/searchresults.html?label=bristol-XLwodozx2dVe8Ts0XeYuawS752260715469%3Apl%3Ata%3Ap1%3Ap2%3Aac%3Aap%3Aneg%3Afi%3Atikwd-869815001187%3Alp1009919%3Ali%3Adec%3Adm%3Appccp%3DUmFuZG9tSVYkc2RlIyh9YXdX6HrtnYy-Ml68sH-ljtU&aid=311984&dest_id=198&dest_type=country&group_adults=2&req_adults=2&no_rooms=1&broad_search_not_eligible=1&order=distance_from_search","Susi Homestay","Kandy","Susi Homestay offers air-conditioned rooms in Kandy. With free private parking, the property is 1.5 miles from Kandy City Center Shopping Mall and 1.9 miles from Bogambara Stadium.","","","","","","Opens in new window","Show prices","Show on map","New to Booking.com","https://cf.bstatic.com/xdata/images/hotel/square600/839509179.webp?k=d2457219f5c23e67a619aaaf6d5f9f15fbfad301774a9b8d07f4f6bdfc99d322&o="
"1776666626-396","https://www.booking.com/searchresults.html?label=bristol-XLwodozx2dVe8Ts0XeYuawS752260715469%3Apl%3Ata%3Ap1%3Ap2%3Aac%3Aap%3Aneg%3Afi%3Atikwd-869815001187%3Alp1009919%3Ali%3Adec%3Adm%3Appccp%3DUmFuZG9tSVYkc2RlIyh9YXdX6HrtnYy-Ml68sH-ljtU&aid=311984&dest_id=198&dest_type=country&group_adults=2&req_adults=2&no_rooms=1&broad_search_not_eligible=1&order=distance_from_search","New Brookside Nature Resort","Kandy","New Brookside Nature Resort has an outdoor swimming pool, garden, a shared lounge and terrace in Kandy. This 1-star hotel offers room service and a concierge service.","Scored 6.7","6.7","Review score","· 35 reviews","","Opens in new window","Show prices","Show on map","","https://cf.bstatic.com/xdata/images/hotel/square600/642436098.webp?k=957f08550c6a54f41c0d8b7a34f0b01f2ba87a8f5e5e98800e0b56b0677ec5f0&o="
"1776666626-397","https://www.booking.com/searchresults.html?label=bristol-XLwodozx2dVe8Ts0XeYuawS752260715469%3Apl%3Ata%3Ap1%3Ap2%3Aac%3Aap%3Aneg%3Afi%3Atikwd-869815001187%3Alp1009919%3Ali%3Adec%3Adm%3Appccp%3DUmFuZG9tSVYkc2RlIyh9YXdX6HrtnYy-Ml68sH-ljtU&aid=311984&dest_id=198&dest_type=country&group_adults=2&req_adults=2&no_rooms=1&broad_search_not_eligible=1&order=distance_from_search","Riverston Water Front Villa","Rattota","Located 23 miles from Kandy City Center Shopping Mall, Riverston Water Front Villa provides accommodations with free WiFi and free private parking.","","","","","","Opens in new window","Show prices","Show on map","","https://cf.bstatic.com/xdata/images/hotel/square600/756295806.webp?k=ff72c2c8a46d55283a98ee9251378ae8beb9541794f5c87c1eac83096c2c6d0d&o="
"1776666626-398","https://www.booking.com/searchresults.html?label=bristol-XLwodozx2dVe8Ts0XeYuawS752260715469%3Apl%3Ata%3Ap1%3Ap2%3Aac%3Aap%3Aneg%3Afi%3Atikwd-869815001187%3Alp1009919%3Ali%3Adec%3Adm%3Appccp%3DUmFuZG9tSVYkc2RlIyh9YXdX6HrtnYy-Ml68sH-ljtU&aid=311984&dest_id=198&dest_type=country&group_adults=2&req_adults=2&no_rooms=1&broad_search_not_eligible=1&order=distance_from_search","Jim's Farm Villas","Madawala","Located in Madawala, 27 miles from Kandy City Center Shopping Mall, Jim's Farm Villas provides accommodations with free bikes, free private parking, an outdoor swimming pool and a garden.","Scored 9.9","9.9","Exceptional","· 25 reviews","Value for money 9.8","Opens in new window","Show prices","Show on map","","https://cf.bstatic.com/xdata/images/hotel/square600/197193306.webp?k=bf85fba6687538c6a5606b7b53b88d2b66a3699101639a7e0239cf0a4b07ec1a&o="
"1776666626-399","https://www.booking.com/searchresults.html?label=bristol-XLwodozx2dVe8Ts0XeYuawS752260715469%3Apl%3Ata%3Ap1%3Ap2%3Aac%3Aap%3Aneg%3Afi%3Atikwd-869815001187%3Alp1009919%3Ali%3Adec%3Adm%3Appccp%3DUmFuZG9tSVYkc2RlIyh9YXdX6HrtnYy-Ml68sH-ljtU&aid=311984&dest_id=198&dest_type=country&group_adults=2&req_adults=2&no_rooms=1&broad_search_not_eligible=1&order=distance_from_search","URBAN Lodge","Kandy","URBAN Lodge is located in Kandy, just 2.2 miles from Kandy Train Station and 2.5 miles from Kandy Royal Botanic Gardens. This property offers access to a balcony and free private parking.","","","","","","Opens in new window","Show prices","Show on map","","https://cf.bstatic.com/xdata/images/hotel/square600/673324707.webp?k=ca2ab9bd4eb91f7cdeeb43c8390546e7e4bf3efa3c9cb269b22baaaf3915291d&o="
"1776666626-400","https://www.booking.com/searchresults.html?label=bristol-XLwodozx2dVe8Ts0XeYuawS752260715469%3Apl%3Ata%3Ap1%3Ap2%3Aac%3Aap%3Aneg%3Afi%3Atikwd-869815001187%3Alp1009919%3Ali%3Adec%3Adm%3Appccp%3DUmFuZG9tSVYkc2RlIyh9YXdX6HrtnYy-Ml68sH-ljtU&aid=311984&dest_id=198&dest_type=country&group_adults=2&req_adults=2&no_rooms=1&broad_search_not_eligible=1&order=distance_from_search","Riverston Du Eco Cottage","Rattota","Located in Rattota, 24 miles from Kandy City Center Shopping Mall, Riverston Du Eco Cottage provides accommodations with an outdoor swimming pool, free private parking, a garden and a terrace.","Scored 7.7","7.7","Good","· 22 reviews","","Opens in new window","Show prices","Show on map","","https://cf.bstatic.com/xdata/images/hotel/square600/440097496.webp?k=622247e6c90bc4a39aa4a0984ca3b3545577b02a09458bcf60e1a714fd871284&o="
"1776666626-401","https://www.booking.com/searchresults.html?label=bristol-XLwodozx2dVe8Ts0XeYuawS752260715469%3Apl%3Ata%3Ap1%3Ap2%3Aac%3Aap%3Aneg%3Afi%3Atikwd-869815001187%3Alp1009919%3Ali%3Adec%3Adm%3Appccp%3DUmFuZG9tSVYkc2RlIyh9YXdX6HrtnYy-Ml68sH-ljtU&aid=311984&dest_id=198&dest_type=country&group_adults=2&req_adults=2&no_rooms=1&broad_search_not_eligible=1&order=distance_from_search","Red Star Kandy Home Stay","Kandy","Offering garden views, Red Star Kandy Home Stay in Kandy features accommodations, a garden, and a terrace.","Scored 9.5","9.5","Exceptional","· 54 reviews","Value for money 9.7","Opens in new window","Show prices","Show on map","","https://cf.bstatic.com/xdata/images/hotel/square600/796178390.webp?k=cd48be285427c7a13c1c878d0f75455b5e92dd096773509b123dd1f2e38b2ee7&o="
"1776666626-402","https://www.booking.com/searchresults.html?label=bristol-XLwodozx2dVe8Ts0XeYuawS752260715469%3Apl%3Ata%3Ap1%3Ap2%3Aac%3Aap%3Aneg%3Afi%3Atikwd-869815001187%3Alp1009919%3Ali%3Adec%3Adm%3Appccp%3DUmFuZG9tSVYkc2RlIyh9YXdX6HrtnYy-Ml68sH-ljtU&aid=311984&dest_id=198&dest_type=country&group_adults=2&req_adults=2&no_rooms=1&broad_search_not_eligible=1&order=distance_from_search","Earl's Regent Hotel","Kandy","Featuring an outdoor pool, in-house restaurant and relaxing spa treatments, Earl’s Regent Hotel is conveniently placed just 2.8 mi from Kandy Railway Station.","Scored 7.7","7.7","Good","· 291 reviews","","Opens in new window","Show prices","Show on map","","https://cf.bstatic.com/xdata/images/hotel/square600/28248067.webp?k=046916559e915090de3e279d07435420e05dcdb8e1427aa1dc706e521dd0e5f7&o="
"1776666626-403","https://www.booking.com/searchresults.html?label=bristol-XLwodozx2dVe8Ts0XeYuawS752260715469%3Apl%3Ata%3Ap1%3Ap2%3Aac%3Aap%3Aneg%3Afi%3Atikwd-869815001187%3Alp1009919%3Ali%3Adec%3Adm%3Appccp%3DUmFuZG9tSVYkc2RlIyh9YXdX6HrtnYy-Ml68sH-ljtU&aid=311984&dest_id=198&dest_type=country&group_adults=2&req_adults=2&no_rooms=1&broad_search_not_eligible=1&order=distance_from_search","Highgarden Hideaway Bungalow - Peradeniya","Peradeniya","Providing garden views, Highgarden Hideaway Bungalow - Peradeniya in Peradeniya features accommodations, a garden, and a shared lounge.","Scored 9.3","9.3","Wonderful","· 3 reviews","Value for money 9.2","Opens in new window","Show prices","Show on map","","https://cf.bstatic.com/xdata/images/hotel/square600/751219744.webp?k=a042ab9bf668f44b75de05d27a7266e8e62a9a4c569a8ada5236162c82b52f3f&o="
"1776666626-404","https://www.booking.com/searchresults.html?label=bristol-XLwodozx2dVe8Ts0XeYuawS752260715469%3Apl%3Ata%3Ap1%3Ap2%3Aac%3Aap%3Aneg%3Afi%3Atikwd-869815001187%3Alp1009919%3Ali%3Adec%3Adm%3Appccp%3DUmFuZG9tSVYkc2RlIyh9YXdX6HrtnYy-Ml68sH-ljtU&aid=311984&dest_id=198&dest_type=country&group_adults=2&req_adults=2&no_rooms=1&broad_search_not_eligible=1&order=distance_from_search","Mountview Homestay Kandy","Kandy","Mountview Homestay Kandy enjoys a location in Kandy, 1.7 miles from Kandy City Center Shopping Mall and 2.2 miles from Bogambara Stadium.","Scored 6.2","6.2","Review score","· 16 reviews","","Opens in new window","Show prices","Show on map","","https://cf.bstatic.com/xdata/images/hotel/square600/246036436.webp?k=bb14409f6ced350a80b8ddfdd7223e1c5a4f2ef5b7e7ae44295b29809a274e40&o="
"1776666626-405","https://www.booking.com/searchresults.html?label=bristol-XLwodozx2dVe8Ts0XeYuawS752260715469%3Apl%3Ata%3Ap1%3Ap2%3Aac%3Aap%3Aneg%3Afi%3Atikwd-869815001187%3Alp1009919%3Ali%3Adec%3Adm%3Appccp%3DUmFuZG9tSVYkc2RlIyh9YXdX6HrtnYy-Ml68sH-ljtU&aid=311984&dest_id=198&dest_type=country&group_adults=2&req_adults=2&no_rooms=1&broad_search_not_eligible=1&order=distance_from_search","Kaya Residence Kandy","Kandy","Located 984 feet from Asgiriya Temple, Kaya Residence Kandy features a business center, an outdoor pool with a poolside bar, and complimentary Wi-Fi access in its public areas.","Scored 9.3","9.3","Wonderful","· 264 reviews","Value for money 9.4","Opens in new window","Show prices","Show on map","","https://cf.bstatic.com/xdata/images/hotel/square600/104161746.webp?k=b856d181dd3ba79bcd2985359bdf6968efb302d298882f08c2007efd91fd0161&o="
"1776666626-406","https://www.booking.com/searchresults.html?label=bristol-XLwodozx2dVe8Ts0XeYuawS752260715469%3Apl%3Ata%3Ap1%3Ap2%3Aac%3Aap%3Aneg%3Afi%3Atikwd-869815001187%3Alp1009919%3Ali%3Adec%3Adm%3Appccp%3DUmFuZG9tSVYkc2RlIyh9YXdX6HrtnYy-Ml68sH-ljtU&aid=311984&dest_id=198&dest_type=country&group_adults=2&req_adults=2&no_rooms=1&broad_search_not_eligible=1&order=distance_from_search","New Toropi Homestay","Gadaladeniya","New Toropi Homestay offers accommodations in Gadaladeniya, 5.3 miles from Kandy Royal Botanic Gardens and 8.3 miles from Kandy Train Station.","Scored 9.7","9.7","Exceptional","· 47 reviews","Value for money 10","Opens in new window","Show prices","Show on map","","https://cf.bstatic.com/xdata/images/hotel/square600/724105825.webp?k=df672ea87be3ade0320231321c4d769f4bec53940e957359e0b7341b7da08cd9&o="
"1776666626-407","https://www.booking.com/searchresults.html?label=bristol-XLwodozx2dVe8Ts0XeYuawS752260715469%3Apl%3Ata%3Ap1%3Ap2%3Aac%3Aap%3Aneg%3Afi%3Atikwd-869815001187%3Alp1009919%3Ali%3Adec%3Adm%3Appccp%3DUmFuZG9tSVYkc2RlIyh9YXdX6HrtnYy-Ml68sH-ljtU&aid=311984&dest_id=198&dest_type=country&group_adults=2&req_adults=2&no_rooms=1&broad_search_not_eligible=1&order=distance_from_search","Hebron Gardens House","Kandy","Hebron Gardens House features air-conditioned rooms in Kandy. The property is around a 16-minute walk from Kandy Royal Botanic Gardens, 3.8 miles from Kandy Train Station, and 4.3 miles from Bogambara...","Scored 9.5","9.5","Exceptional","· 89 reviews","Value for money 9.5","Opens in new window","Show prices","Show on map","","https://cf.bstatic.com/xdata/images/hotel/square600/771074231.webp?k=8665e396373c4d026c0e8a4aaf96250eca37eef41040a4c0aee2efe587b153c3&o="
"1776666626-408","https://www.booking.com/searchresults.html?label=bristol-XLwodozx2dVe8Ts0XeYuawS752260715469%3Apl%3Ata%3Ap1%3Ap2%3Aac%3Aap%3Aneg%3Afi%3Atikwd-869815001187%3Alp1009919%3Ali%3Adec%3Adm%3Appccp%3DUmFuZG9tSVYkc2RlIyh9YXdX6HrtnYy-Ml68sH-ljtU&aid=311984&dest_id=198&dest_type=country&group_adults=2&req_adults=2&no_rooms=1&broad_search_not_eligible=1&order=distance_from_search","SaRu Apartments Kandy - 2 Bedroom for 6","Kandy","SaRu Apartments Kandy - 2 Bedroom for 6 offers accommodations in Kandy, 1.5 miles from Kandy Train Station and 1.6 miles from Kandy City Center Shopping Mall.","Scored 9.3","9.3","Wonderful","· 227 reviews","Value for money 9.6","Opens in new window","Show prices","Show on map","","https://cf.bstatic.com/xdata/images/hotel/square600/446123459.webp?k=09178717592967ea76fb0aff17cb1f333b8c347d6c9d5569ffab4abdf6a41e9f&o="
"1776666626-409","https://www.booking.com/searchresults.html?label=bristol-XLwodozx2dVe8Ts0XeYuawS752260715469%3Apl%3Ata%3Ap1%3Ap2%3Aac%3Aap%3Aneg%3Afi%3Atikwd-869815001187%3Alp1009919%3Ali%3Adec%3Adm%3Appccp%3DUmFuZG9tSVYkc2RlIyh9YXdX6HrtnYy-Ml68sH-ljtU&aid=311984&dest_id=198&dest_type=country&group_adults=2&req_adults=2&no_rooms=1&broad_search_not_eligible=1&order=distance_from_search","DK Lodge","Kandy","Just one mile from Kandy City Center Shopping Mall and 1.1 miles from Bogambara Stadium, DK Lodge features accommodations in Kandy with a garden.","Scored 8.6","8.6","Excellent","· 12 reviews","Value for money 9.0","Opens in new window","Show prices","Show on map","","https://cf.bstatic.com/xdata/images/hotel/square600/733064935.webp?k=3257f6f04a3922f492daf3a2109e10030752f64779e6fed3844c9c5b3be352af&o="
"1776666626-410","https://www.booking.com/searchresults.html?label=bristol-XLwodozx2dVe8Ts0XeYuawS752260715469%3Apl%3Ata%3Ap1%3Ap2%3Aac%3Aap%3Aneg%3Afi%3Atikwd-869815001187%3Alp1009919%3Ali%3Adec%3Adm%3Appccp%3DUmFuZG9tSVYkc2RlIyh9YXdX6HrtnYy-Ml68sH-ljtU&aid=311984&dest_id=198&dest_type=country&group_adults=2&req_adults=2&no_rooms=1&broad_search_not_eligible=1&order=distance_from_search","Hotel Gangaaddara","Kandy","Located in Kandy, 1.8 miles from Kandy Royal Botanic Gardens, Hotel Gangaaddara has accommodations with an outdoor swimming pool, free private parking, a fitness center and a garden.","Scored 7.7","7.7","Good","· 24 reviews","Location 9.4","Opens in new window","Show prices","Show on map","","https://cf.bstatic.com/xdata/images/hotel/square600/224807860.webp?k=0af7efb567663f96338c60345cc56242d9305fbee4af5d6107d557eb604d678f&o="
"1776666626-411","https://www.booking.com/searchresults.html?label=bristol-XLwodozx2dVe8Ts0XeYuawS752260715469%3Apl%3Ata%3Ap1%3Ap2%3Aac%3Aap%3Aneg%3Afi%3Atikwd-869815001187%3Alp1009919%3Ali%3Adec%3Adm%3Appccp%3DUmFuZG9tSVYkc2RlIyh9YXdX6HrtnYy-Ml68sH-ljtU&aid=311984&dest_id=198&dest_type=country&group_adults=2&req_adults=2&no_rooms=1&broad_search_not_eligible=1&order=distance_from_search","Ajanthas' Homestay","Kandy","Just 1.1 miles from Kandy City Center Shopping Mall and 1.2 miles from Bogambara Stadium, Ajanthas' Homestay features accommodations in Kandy, with a garden, a terrace, and a shared lounge.","Scored 8.9","8.9","Excellent","· 53 reviews","Value for money 9.4","Opens in new window","Show prices","Show on map","","https://cf.bstatic.com/xdata/images/hotel/square600/105980004.webp?k=9b7ed5cd331477a6c850d63fc353def0d2224e5d621d0c50a441d58fe03a82d4&o="
"1776666626-412","https://www.booking.com/searchresults.html?label=bristol-XLwodozx2dVe8Ts0XeYuawS752260715469%3Apl%3Ata%3Ap1%3Ap2%3Aac%3Aap%3Aneg%3Afi%3Atikwd-869815001187%3Alp1009919%3Ali%3Adec%3Adm%3Appccp%3DUmFuZG9tSVYkc2RlIyh9YXdX6HrtnYy-Ml68sH-ljtU&aid=311984&dest_id=198&dest_type=country&group_adults=2&req_adults=2&no_rooms=1&broad_search_not_eligible=1&order=distance_from_search","Tree Breeze Inn","Kandy","Just 1.2 miles from Kandy City Center Shopping Mall and 1.2 miles from Bogambara Stadium, Tree Breeze Inn features accommodations in Kandy, with a garden and a shared lounge.","Scored 7.9","7.9","Good","· 185 reviews","Value for money 8.6","Opens in new window","Show prices","Show on map","","https://cf.bstatic.com/xdata/images/hotel/square600/72278434.webp?k=b7c8a9fdb59bae6f60c939e52094dbae0bfe1ef03e131ae7403d5c8a88fd2094&o="
"1776666626-413","https://www.booking.com/searchresults.html?label=bristol-XLwodozx2dVe8Ts0XeYuawS752260715469%3Apl%3Ata%3Ap1%3Ap2%3Aac%3Aap%3Aneg%3Afi%3Atikwd-869815001187%3Alp1009919%3Ali%3Adec%3Adm%3Appccp%3DUmFuZG9tSVYkc2RlIyh9YXdX6HrtnYy-Ml68sH-ljtU&aid=311984&dest_id=198&dest_type=country&group_adults=2&req_adults=2&no_rooms=1&broad_search_not_eligible=1&order=distance_from_search","Lavendish Hills Kandy","Kandy","Located in Kandy, one mile from Kandy City Center Shopping Mall, Lavendish Hills Kandy features a bar and views of the city.","Scored 8.5","8.5","Very Good","· 10 reviews","","Opens in new window","Show prices","Show on map","","https://cf.bstatic.com/xdata/images/hotel/square600/827866213.webp?k=42fb166945f3dfc6b3f96eccb8c884e38bb5ad4c52b64ff40329ea742035c269&o="
"1776666626-414","https://www.booking.com/searchresults.html?label=bristol-XLwodozx2dVe8Ts0XeYuawS752260715469%3Apl%3Ata%3Ap1%3Ap2%3Aac%3Aap%3Aneg%3Afi%3Atikwd-869815001187%3Alp1009919%3Ali%3Adec%3Adm%3Appccp%3DUmFuZG9tSVYkc2RlIyh9YXdX6HrtnYy-Ml68sH-ljtU&aid=311984&dest_id=198&dest_type=country&group_adults=2&req_adults=2&no_rooms=1&broad_search_not_eligible=1&order=distance_from_search","BPR - Asgiriya ,Kandy","Kandy","Located in Kandy, a 19-minute walk from Kandy City Center Shopping Mall, BPR - Asgiriya, Kandy has accommodations with a garden, free private parking and a terrace.","Scored 8.4","8.4","Very Good","· 96 reviews","Value for money 8.5","Opens in new window","Show prices","Show on map","","https://cf.bstatic.com/xdata/images/hotel/square600/457345821.webp?k=449ad3d86d39163e0f4d7eac7d5ebd920c1b02c5688565b246d6ff2afde235a3&o="
"1776666626-415","https://www.booking.com/searchresults.html?label=bristol-XLwodozx2dVe8Ts0XeYuawS752260715469%3Apl%3Ata%3Ap1%3Ap2%3Aac%3Aap%3Aneg%3Afi%3Atikwd-869815001187%3Alp1009919%3Ali%3Adec%3Adm%3Appccp%3DUmFuZG9tSVYkc2RlIyh9YXdX6HrtnYy-Ml68sH-ljtU&aid=311984&dest_id=198&dest_type=country&group_adults=2&req_adults=2&no_rooms=1&broad_search_not_eligible=1&order=distance_from_search","Galkaduwa360 Villa","Kandy","Galkaduwa360 Villa features air-conditioned accommodations in Kandy.","Scored 9.5","9.5","Exceptional","· 154 reviews","Value for money 9.8","Opens in new window","Show prices","Show on map","","https://cf.bstatic.com/xdata/images/hotel/square600/588732813.webp?k=3a7b0cf2456e5b7a5cf08ea22cf62266504c46b928e5d5c07449b79c21c30d0a&o="
"1776666626-416","https://www.booking.com/searchresults.html?label=bristol-XLwodozx2dVe8Ts0XeYuawS752260715469%3Apl%3Ata%3Ap1%3Ap2%3Aac%3Aap%3Aneg%3Afi%3Atikwd-869815001187%3Alp1009919%3Ali%3Adec%3Adm%3Appccp%3DUmFuZG9tSVYkc2RlIyh9YXdX6HrtnYy-Ml68sH-ljtU&aid=311984&dest_id=198&dest_type=country&group_adults=2&req_adults=2&no_rooms=1&broad_search_not_eligible=1&order=distance_from_search","Kings Pavilion Luxury Hotel","Kandy","Featuring free WiFi and a year-round outdoor pool, Kings Pavilion offers accommodations in Kandy.","Scored 9.3","9.3","Wonderful","· 28 reviews","Value for money 8.6","Opens in new window","Show prices","Show on map","","https://cf.bstatic.com/xdata/images/hotel/square600/189414555.webp?k=dfd9e6e7a416064bc9fd81c8f91f188c4834ea42648d16fd70d1d1510d60360b&o="
"1776666626-417","https://www.booking.com/searchresults.html?label=bristol-XLwodozx2dVe8Ts0XeYuawS752260715469%3Apl%3Ata%3Ap1%3Ap2%3Aac%3Aap%3Aneg%3Afi%3Atikwd-869815001187%3Alp1009919%3Ali%3Adec%3Adm%3Appccp%3DUmFuZG9tSVYkc2RlIyh9YXdX6HrtnYy-Ml68sH-ljtU&aid=311984&dest_id=198&dest_type=country&group_adults=2&req_adults=2&no_rooms=1&broad_search_not_eligible=1&order=distance_from_search","Layathraa Kandy","Kandy","Providing garden views, Layathraa Kandy in Kandy offers accommodations and a garden. This property offers access to a balcony and free private parking.","Scored 2.4","2.4","Review score","· 5 reviews","","Opens in new window","Show prices","Show on map","","https://cf.bstatic.com/xdata/images/hotel/square600/107691538.webp?k=5f84431c58272ec6afff2d2a1fa9a5e321e16350219968da0f2a19c89ca1990b&o="
"1776666626-418","https://www.booking.com/searchresults.html?label=bristol-XLwodozx2dVe8Ts0XeYuawS752260715469%3Apl%3Ata%3Ap1%3Ap2%3Aac%3Aap%3Aneg%3Afi%3Atikwd-869815001187%3Alp1009919%3Ali%3Adec%3Adm%3Appccp%3DUmFuZG9tSVYkc2RlIyh9YXdX6HrtnYy-Ml68sH-ljtU&aid=311984&dest_id=198&dest_type=country&group_adults=2&req_adults=2&no_rooms=1&broad_search_not_eligible=1&order=distance_from_search","Sky View Grand","Kandy","Located in Kandy, a 19-minute walk from Kandy City Center Shopping Mall, Sky View Grand has accommodations with a garden, free private parking, a shared lounge and a terrace.","Scored 6.7","6.7","Review score","· 19 reviews","","Opens in new window","Show prices","Show on map","","https://cf.bstatic.com/xdata/images/hotel/square600/412526578.webp?k=e6efce464d77531be13b2e1a0d0e802a5c912a154066f0981097f390eee1a99a&o="
"1776666626-419","https://www.booking.com/searchresults.html?label=bristol-XLwodozx2dVe8Ts0XeYuawS752260715469%3Apl%3Ata%3Ap1%3Ap2%3Aac%3Aap%3Aneg%3Afi%3Atikwd-869815001187%3Alp1009919%3Ali%3Adec%3Adm%3Appccp%3DUmFuZG9tSVYkc2RlIyh9YXdX6HrtnYy-Ml68sH-ljtU&aid=311984&dest_id=198&dest_type=country&group_adults=2&req_adults=2&no_rooms=1&broad_search_not_eligible=1&order=distance_from_search","The Haven Kandy","Kandy","The Haven Kandy offers accommodations in Kandy, 2.1 miles from Kandy Train Station and 2.6 miles from Kandy Museum.","","","","","","Opens in new window","Show prices","Show on map","","https://cf.bstatic.com/xdata/images/hotel/square600/643174891.webp?k=9d6abe6b15c8fd23b157348f664f7753e49b41d9beb9270b7287ad8af2d01f76&o="
"1776666626-420","https://www.booking.com/searchresults.html?label=bristol-XLwodozx2dVe8Ts0XeYuawS752260715469%3Apl%3Ata%3Ap1%3Ap2%3Aac%3Aap%3Aneg%3Afi%3Atikwd-869815001187%3Alp1009919%3Ali%3Adec%3Adm%3Appccp%3DUmFuZG9tSVYkc2RlIyh9YXdX6HrtnYy-Ml68sH-ljtU&aid=311984&dest_id=198&dest_type=country&group_adults=2&req_adults=2&no_rooms=1&broad_search_not_eligible=1&order=distance_from_search","Whispering Trees","Kandy","Whispering Trees is located in Kandy, just 1.8 miles from Bogambara Stadium and 1.8 miles from Kandy City Center Shopping Mall.","Scored 9.7","9.7","Exceptional","· 4 reviews","Value for money 10","Opens in new window","Show prices","Show on map","New to Booking.com","https://cf.bstatic.com/xdata/images/hotel/square600/816557577.webp?k=d4c5ed0dbc8e3202f2ed6b1d9d83807d5e6e722923f3d12e06af5caddb54425c&o="
"1776666626-421","https://www.booking.com/searchresults.html?label=bristol-XLwodozx2dVe8Ts0XeYuawS752260715469%3Apl%3Ata%3Ap1%3Ap2%3Aac%3Aap%3Aneg%3Afi%3Atikwd-869815001187%3Alp1009919%3Ali%3Adec%3Adm%3Appccp%3DUmFuZG9tSVYkc2RlIyh9YXdX6HrtnYy-Ml68sH-ljtU&aid=311984&dest_id=198&dest_type=country&group_adults=2&req_adults=2&no_rooms=1&broad_search_not_eligible=1&order=distance_from_search","St Bridget's Country Bungalow","Kandy","Offering a garden and a terrace, St Bridget's Country Bungalow in Kandy is close to Kandy City Center Shopping Mall and Bogambara Stadium.","Scored 8.0","8.0","Very Good","· 619 reviews","","Opens in new window","Show prices","Show on map","","https://cf.bstatic.com/xdata/images/hotel/square600/211117319.webp?k=fd7182acbdaab1ffbc8b56cbb136f13eafc14b98b65cc1b9348783e2bee34563&o="
"1776666626-422","https://www.booking.com/searchresults.html?label=bristol-XLwodozx2dVe8Ts0XeYuawS752260715469%3Apl%3Ata%3Ap1%3Ap2%3Aac%3Aap%3Aneg%3Afi%3Atikwd-869815001187%3Alp1009919%3Ali%3Adec%3Adm%3Appccp%3DUmFuZG9tSVYkc2RlIyh9YXdX6HrtnYy-Ml68sH-ljtU&aid=311984&dest_id=198&dest_type=country&group_adults=2&req_adults=2&no_rooms=1&broad_search_not_eligible=1&order=distance_from_search","View Point by Pubudu","Kandy","View Point by Pubudu offers accommodations in Kandy, 1.6 miles from Kandy City Center Shopping Mall and 2 miles from Bogambara Stadium. With mountain views, this accommodation offers a balcony.","","","","","","Opens in new window","Show prices","Show on map","New to Booking.com","https://cf.bstatic.com/xdata/images/hotel/square600/835995904.webp?k=6ead1e8ce411dc58c4c7a3613c0ed5ebd03898743a5b3a1f322ad1f5f017de2e&o="
"1776666626-423","https://www.booking.com/searchresults.html?label=bristol-XLwodozx2dVe8Ts0XeYuawS752260715469%3Apl%3Ata%3Ap1%3Ap2%3Aac%3Aap%3Aneg%3Afi%3Atikwd-869815001187%3Alp1009919%3Ali%3Adec%3Adm%3Appccp%3DUmFuZG9tSVYkc2RlIyh9YXdX6HrtnYy-Ml68sH-ljtU&aid=311984&dest_id=198&dest_type=country&group_adults=2&req_adults=2&no_rooms=1&broad_search_not_eligible=1&order=distance_from_search","Bunty's Tea House","Kandy","Located in Kandy, a 19-minute walk from Kandy City Center Shopping Mall, Bunty's Tea House provides accommodations with a garden, free private parking, a shared lounge and a terrace.","Scored 8.6","8.6","Excellent","· 60 reviews","Value for money 8.8","Opens in new window","Show prices","Show on map","","https://cf.bstatic.com/xdata/images/hotel/square600/729220834.webp?k=c05ca8c18bebabe25fc663bb199eaa2d8fb4dedc9bbcd1ec5cd8c835b2b3cc58&o="
"1776666626-424","https://www.booking.com/searchresults.html?label=bristol-XLwodozx2dVe8Ts0XeYuawS752260715469%3Apl%3Ata%3Ap1%3Ap2%3Aac%3Aap%3Aneg%3Afi%3Atikwd-869815001187%3Alp1009919%3Ali%3Adec%3Adm%3Appccp%3DUmFuZG9tSVYkc2RlIyh9YXdX6HrtnYy-Ml68sH-ljtU&aid=311984&dest_id=198&dest_type=country&group_adults=2&req_adults=2&no_rooms=1&broad_search_not_eligible=1&order=distance_from_search","The Mango","Kandy","1.2 miles from Kandy Train Station in Kandy, The Mango offers accommodations with access to spa facilities, wellness packages, and beauty services.","Scored 7.7","7.7","Good","· 123 reviews","","Opens in new window","Show prices","Show on map","","https://cf.bstatic.com/xdata/images/hotel/square600/123169897.webp?k=a55aace0b0a5e5888d55644c8c7a45bc5dd1f13b62690e36a9bf1b43f56caa15&o="
"1776666626-425","https://www.booking.com/searchresults.html?label=bristol-XLwodozx2dVe8Ts0XeYuawS752260715469%3Apl%3Ata%3Ap1%3Ap2%3Aac%3Aap%3Aneg%3Afi%3Atikwd-869815001187%3Alp1009919%3Ali%3Adec%3Adm%3Appccp%3DUmFuZG9tSVYkc2RlIyh9YXdX6HrtnYy-Ml68sH-ljtU&aid=311984&dest_id=198&dest_type=country&group_adults=2&req_adults=2&no_rooms=1&broad_search_not_eligible=1&order=distance_from_search","Araliya Home Stay","Kandy","Featuring mountain views, Araliya Home Stay in Kandy features accommodations and a garden. A hot tub is available for guests. There's a terrace and guests can access free Wifi and free private...","Scored 9.5","9.5","Exceptional","· 33 reviews","Value for money 10","Opens in new window","Show prices","Show on map","","https://cf.bstatic.com/xdata/images/hotel/square600/585116052.webp?k=a75709c47f7f45fc50de44376b94e421895dc51dc5f6916dea2a9d9ffc66cc82&o="
"1776666626-426","https://www.booking.com/searchresults.html?label=bristol-XLwodozx2dVe8Ts0XeYuawS752260715469%3Apl%3Ata%3Ap1%3Ap2%3Aac%3Aap%3Aneg%3Afi%3Atikwd-869815001187%3Alp1009919%3Ali%3Adec%3Adm%3Appccp%3DUmFuZG9tSVYkc2RlIyh9YXdX6HrtnYy-Ml68sH-ljtU&aid=311984&dest_id=198&dest_type=country&group_adults=2&req_adults=2&no_rooms=1&broad_search_not_eligible=1&order=distance_from_search","Lake house","Kegalle","Located within 24 miles of Kandy City Center Shopping Mall and 25 miles of Ceylon Tea Museum, Lake house has rooms in Kegalle.","","","","","","Opens in new window","Show prices","Show on map","","https://cf.bstatic.com/xdata/images/hotel/square600/665981408.webp?k=5005dd2b086546466f0719930ae4e07325ce095fc23432a7b06db598d7494368&o="
"1776666626-427","https://www.booking.com/searchresults.html?label=bristol-XLwodozx2dVe8Ts0XeYuawS752260715469%3Apl%3Ata%3Ap1%3Ap2%3Aac%3Aap%3Aneg%3Afi%3Atikwd-869815001187%3Alp1009919%3Ali%3Adec%3Adm%3Appccp%3DUmFuZG9tSVYkc2RlIyh9YXdX6HrtnYy-Ml68sH-ljtU&aid=311984&dest_id=198&dest_type=country&group_adults=2&req_adults=2&no_rooms=1&broad_search_not_eligible=1&order=distance_from_search","StayLOG Peradeniya","Kandy","StayLOG Peradeniya is located in Kandy, just 0.7 miles from Kandy Royal Botanic Gardens and 4 miles from Kandy Train Station. This property offers access to a balcony and free private parking.","Scored 1.0","1.0","Review score","· 1 review","","Opens in new window","Show prices","Show on map","","https://cf.bstatic.com/xdata/images/hotel/square600/670812169.webp?k=fc0f2a0932a0c14e20677619cb6442428543f331f547125dbf1d3e5dfb45582a&o="
"1776666626-428","https://www.booking.com/searchresults.html?label=bristol-XLwodozx2dVe8Ts0XeYuawS752260715469%3Apl%3Ata%3Ap1%3Ap2%3Aac%3Aap%3Aneg%3Afi%3Atikwd-869815001187%3Alp1009919%3Ali%3Adec%3Adm%3Appccp%3DUmFuZG9tSVYkc2RlIyh9YXdX6HrtnYy-Ml68sH-ljtU&aid=311984&dest_id=198&dest_type=country&group_adults=2&req_adults=2&no_rooms=1&broad_search_not_eligible=1&order=distance_from_search","Galaxy City Hotel","City Centre, Kandy","Featuring free WiFi throughout the property, Galaxy Hotel offers accommodations in Kandy, 0.9 mi from Sri Dalada Maligawa. Free private parking is available on site.","Scored 8.6","8.6","Excellent","· 868 reviews","Value for money 9.0","Opens in new window","Show prices","Show on map","","https://cf.bstatic.com/xdata/images/hotel/square600/233462130.webp?k=a74c5137f4cd3766835423c6b5b124aadbd92bb1dcfce1207c2b5700006dc56c&o="
"1776666626-429","https://www.booking.com/searchresults.html?label=bristol-XLwodozx2dVe8Ts0XeYuawS752260715469%3Apl%3Ata%3Ap1%3Ap2%3Aac%3Aap%3Aneg%3Afi%3Atikwd-869815001187%3Alp1009919%3Ali%3Adec%3Adm%3Appccp%3DUmFuZG9tSVYkc2RlIyh9YXdX6HrtnYy-Ml68sH-ljtU&aid=311984&dest_id=198&dest_type=country&group_adults=2&req_adults=2&no_rooms=1&broad_search_not_eligible=1&order=distance_from_search","SKYRAH REACH","Kandy","SKYRAH REACH in Kandy provides accommodations with free Wifi 0.7 miles from Kandy Royal Botanic Gardens, 4 miles from Kandy Train Station, and 4.4 miles from Bogambara Stadium.","Scored 8.0","8.0","Very Good","· 39 reviews","Value for money 8.9","Opens in new window","Show prices","Show on map","","https://cf.bstatic.com/xdata/images/hotel/square600/472055486.webp?k=08dc5ec13612e1d0331347910b331860b253978f413f7b0176a1512d79a4cc0f&o="
"1776666626-430","https://www.booking.com/searchresults.html?label=bristol-XLwodozx2dVe8Ts0XeYuawS752260715469%3Apl%3Ata%3Ap1%3Ap2%3Aac%3Aap%3Aneg%3Afi%3Atikwd-869815001187%3Alp1009919%3Ali%3Adec%3Adm%3Appccp%3DUmFuZG9tSVYkc2RlIyh9YXdX6HrtnYy-Ml68sH-ljtU&aid=311984&dest_id=198&dest_type=country&group_adults=2&req_adults=2&no_rooms=1&broad_search_not_eligible=1&order=distance_from_search","Eden Kandy","Kandy","Located in Kandy and with Kandy City Center Shopping Mall reachable within a 18-minute walk, Eden Kandy has a garden, non-smoking rooms, free WiFi throughout the property and a shared lounge.","Scored 9.6","9.6","Exceptional","· 262 reviews","Value for money 9.7","Opens in new window","Show prices","Show on map","","https://cf.bstatic.com/xdata/images/hotel/square600/697035387.webp?k=289de675c5a8b148d20efd9df85d10589fda8682e20c5026fb101244758aa91f&o="
"1776666626-431","https://www.booking.com/searchresults.html?label=bristol-XLwodozx2dVe8Ts0XeYuawS752260715469%3Apl%3Ata%3Ap1%3Ap2%3Aac%3Aap%3Aneg%3Afi%3Atikwd-869815001187%3Alp1009919%3Ali%3Adec%3Adm%3Appccp%3DUmFuZG9tSVYkc2RlIyh9YXdX6HrtnYy-Ml68sH-ljtU&aid=311984&dest_id=198&dest_type=country&group_adults=2&req_adults=2&no_rooms=1&broad_search_not_eligible=1&order=distance_from_search","The Grand Walawwa","Pinnawala","Located in Pinnawala, 20 miles from Kandy Royal Botanic Gardens, The Grand Walawwa has accommodations with an outdoor swimming pool, free private parking, a garden and a terrace.","Scored 9.1","9.1","Wonderful","· 162 reviews","Value for money 9.2","Opens in new window","Show prices","Show on map","","https://cf.bstatic.com/xdata/images/hotel/square600/479067708.webp?k=4e9b03fdffb7729cf41ff81cae61be6c4ca1c74d0084d26cab2103080fdabdd6&o="
"1776666626-432","https://www.booking.com/searchresults.html?label=bristol-XLwodozx2dVe8Ts0XeYuawS752260715469%3Apl%3Ata%3Ap1%3Ap2%3Aac%3Aap%3Aneg%3Afi%3Atikwd-869815001187%3Alp1009919%3Ali%3Adec%3Adm%3Appccp%3DUmFuZG9tSVYkc2RlIyh9YXdX6HrtnYy-Ml68sH-ljtU&aid=311984&dest_id=198&dest_type=country&group_adults=2&req_adults=2&no_rooms=1&broad_search_not_eligible=1&order=distance_from_search","Cliveland Residence","Kandy","Cliveland Residence offers accommodations in Kandy, 1.4 miles from Kandy City Center Shopping Mall and 1.4 miles from Kandy Train Station.","Scored 9.0","9.0","Wonderful","· 297 reviews","Value for money 9.3","Opens in new window","Show prices","Show on map","","https://cf.bstatic.com/xdata/images/hotel/square600/439367393.webp?k=f130b5394d4b4158acd0bac499928042ece64db2adca8b41d95b463cb34a8ec8&o="
"1776666626-433","https://www.booking.com/searchresults.html?label=bristol-XLwodozx2dVe8Ts0XeYuawS752260715469%3Apl%3Ata%3Ap1%3Ap2%3Aac%3Aap%3Aneg%3Afi%3Atikwd-869815001187%3Alp1009919%3Ali%3Adec%3Adm%3Appccp%3DUmFuZG9tSVYkc2RlIyh9YXdX6HrtnYy-Ml68sH-ljtU&aid=311984&dest_id=198&dest_type=country&group_adults=2&req_adults=2&no_rooms=1&broad_search_not_eligible=1&order=distance_from_search","Hotel Blue Mount View Kandy","Kandy","Located in Kandy, 1.8 miles from Kandy Train Station, Hotel Blue Mount View Kandy provides accommodations with a garden, free private parking, a terrace and a restaurant.","Scored 6.0","6.0","Review score","· 1 review","","Opens in new window","Show prices","Show on map","New to Booking.com","https://cf.bstatic.com/xdata/images/hotel/square600/824229800.webp?k=f7ae7021ca9187dcb9201f16e62538a31cc5b11a3662ab1421463ccabf49245d&o="
"1776666626-434","https://www.booking.com/searchresults.html?label=bristol-XLwodozx2dVe8Ts0XeYuawS752260715469%3Apl%3Ata%3Ap1%3Ap2%3Aac%3Aap%3Aneg%3Afi%3Atikwd-869815001187%3Alp1009919%3Ali%3Adec%3Adm%3Appccp%3DUmFuZG9tSVYkc2RlIyh9YXdX6HrtnYy-Ml68sH-ljtU&aid=311984&dest_id=198&dest_type=country&group_adults=2&req_adults=2&no_rooms=1&broad_search_not_eligible=1&order=distance_from_search","No 06 Veediya Bandara Lane Bahirawakanda","Kandy","No 06 Veediya Bandara Lane Bahirawakanda is a recently renovated country house in Kandy where guests can make the most of its garden and shared lounge.","Scored 9.2","9.2","Wonderful","· 179 reviews","Value for money 9.6","Opens in new window","Show prices","Show on map","","https://cf.bstatic.com/xdata/images/hotel/square600/592569800.webp?k=8b6cf2f02ab5924b3656f42b97dc825654a59ed2cbdb61dfddef807e33878546&o="
"1776666626-435","https://www.booking.com/searchresults.html?label=bristol-XLwodozx2dVe8Ts0XeYuawS752260715469%3Apl%3Ata%3Ap1%3Ap2%3Aac%3Aap%3Aneg%3Afi%3Atikwd-869815001187%3Alp1009919%3Ali%3Adec%3Adm%3Appccp%3DUmFuZG9tSVYkc2RlIyh9YXdX6HrtnYy-Ml68sH-ljtU&aid=311984&dest_id=198&dest_type=country&group_adults=2&req_adults=2&no_rooms=1&broad_search_not_eligible=1&order=distance_from_search","Everdew Kandy","Kandy","A recently renovated apartment, Everdew Kandy offers accommodations in Kandy. This property offers access to a balcony, free private parking, and free Wifi.","Scored 9.8","9.8","Exceptional","· 102 reviews","Value for money 9.8","Opens in new window","Show prices","Show on map","","https://cf.bstatic.com/xdata/images/hotel/square600/481966259.webp?k=d91af8d127b185f20750a0f9a5eb86b5b5df871241ca563640d361fe2cc0cfd8&o="
"1776666626-436","https://www.booking.com/searchresults.html?label=bristol-XLwodozx2dVe8Ts0XeYuawS752260715469%3Apl%3Ata%3Ap1%3Ap2%3Aac%3Aap%3Aneg%3Afi%3Atikwd-869815001187%3Alp1009919%3Ali%3Adec%3Adm%3Appccp%3DUmFuZG9tSVYkc2RlIyh9YXdX6HrtnYy-Ml68sH-ljtU&aid=311984&dest_id=198&dest_type=country&group_adults=2&req_adults=2&no_rooms=1&broad_search_not_eligible=1&order=distance_from_search","Kandy Eco Retreat","Kandy","Kandy Eco Retreat features spa facilities and free private parking, and is within 1.4 miles of Kandy Train Station and 1.8 miles of Kandy City Center Shopping Mall.","Scored 8.9","8.9","Excellent","· 303 reviews","Value for money 9.3","Opens in new window","Show prices","Show on map","","https://cf.bstatic.com/xdata/images/hotel/square600/553735444.webp?k=65b39fb74299f92da498a037beb419a36c10f8a12528562a8379338c1b0713e2&o="
"1776666626-437","https://www.booking.com/searchresults.html?label=bristol-XLwodozx2dVe8Ts0XeYuawS752260715469%3Apl%3Ata%3Ap1%3Ap2%3Aac%3Aap%3Aneg%3Afi%3Atikwd-869815001187%3Alp1009919%3Ali%3Adec%3Adm%3Appccp%3DUmFuZG9tSVYkc2RlIyh9YXdX6HrtnYy-Ml68sH-ljtU&aid=311984&dest_id=198&dest_type=country&group_adults=2&req_adults=2&no_rooms=1&broad_search_not_eligible=1&order=distance_from_search","Kandy Villa","Kandy","Providing garden views, Kandy Villa in Kandy provides accommodations, a fitness center, a garden, a shared lounge, a terrace and barbecue facilities.","Scored 8.7","8.7","Excellent","· 3 reviews","","Opens in new window","Show prices","Show on map","","https://cf.bstatic.com/xdata/images/hotel/square600/704352802.webp?k=166874667bff46dfd8f853613a35c07098464528df6042ef40805d55a48cc4b7&o="
"1776666626-438","https://www.booking.com/searchresults.html?label=bristol-XLwodozx2dVe8Ts0XeYuawS752260715469%3Apl%3Ata%3Ap1%3Ap2%3Aac%3Aap%3Aneg%3Afi%3Atikwd-869815001187%3Alp1009919%3Ali%3Adec%3Adm%3Appccp%3DUmFuZG9tSVYkc2RlIyh9YXdX6HrtnYy-Ml68sH-ljtU&aid=311984&dest_id=198&dest_type=country&group_adults=2&req_adults=2&no_rooms=1&broad_search_not_eligible=1&order=distance_from_search","Golden Villa Kandy","Kandy","1.7 miles from Kandy Train Station in Kandy, Golden Villa Kandy features accommodations with access to a hot spring bath, spa facilities, and wellness packages.","Scored 9.3","9.3","Wonderful","· 50 reviews","Value for money 9.5","Opens in new window","Show prices","Show on map","","https://cf.bstatic.com/xdata/images/hotel/square600/411683712.webp?k=c1363ddbf30018f2594446f4972d5cb488297d762f1d8ab70cf7bc08af44332b&o="
"1776666626-439","https://www.booking.com/searchresults.html?label=bristol-XLwodozx2dVe8Ts0XeYuawS752260715469%3Apl%3Ata%3Ap1%3Ap2%3Aac%3Aap%3Aneg%3Afi%3Atikwd-869815001187%3Alp1009919%3Ali%3Adec%3Adm%3Appccp%3DUmFuZG9tSVYkc2RlIyh9YXdX6HrtnYy-Ml68sH-ljtU&aid=311984&dest_id=198&dest_type=country&group_adults=2&req_adults=2&no_rooms=1&broad_search_not_eligible=1&order=distance_from_search","Kandy Green Villa","Polgolla","Kandy Green Villa offers accommodations in Polgolla, 4 miles from Sri Dalada Maligawa and 4 miles from Kandy Museum.","Scored 9.5","9.5","Exceptional","· 16 reviews","Value for money 9.3","Opens in new window","Show prices","Show on map","","https://cf.bstatic.com/xdata/images/hotel/square600/667720389.webp?k=c47769f9f5e186ffb012236fd97ed594df7428a0de7a9a0ff6020f4a5bbfce63&o="
"1776666626-440","https://www.booking.com/searchresults.html?label=bristol-XLwodozx2dVe8Ts0XeYuawS752260715469%3Apl%3Ata%3Ap1%3Ap2%3Aac%3Aap%3Aneg%3Afi%3Atikwd-869815001187%3Alp1009919%3Ali%3Adec%3Adm%3Appccp%3DUmFuZG9tSVYkc2RlIyh9YXdX6HrtnYy-Ml68sH-ljtU&aid=311984&dest_id=198&dest_type=country&group_adults=2&req_adults=2&no_rooms=1&broad_search_not_eligible=1&order=distance_from_search","Traders stay kandy","Kandy","Located within 1.6 miles of Kandy Train Station and 2.1 miles of Kandy City Center Shopping Mall, Traders stay kandy provides rooms in Kandy.","","","","","","Opens in new window","Show prices","Show on map","","https://cf.bstatic.com/xdata/images/hotel/square600/744563284.webp?k=6c978209711dbf281adff43af32608fb2e040203e218ee95d230d7fda5946059&o="
"1776666626-441","https://www.booking.com/searchresults.html?label=bristol-XLwodozx2dVe8Ts0XeYuawS752260715469%3Apl%3Ata%3Ap1%3Ap2%3Aac%3Aap%3Aneg%3Afi%3Atikwd-869815001187%3Alp1009919%3Ali%3Adec%3Adm%3Appccp%3DUmFuZG9tSVYkc2RlIyh9YXdX6HrtnYy-Ml68sH-ljtU&aid=311984&dest_id=198&dest_type=country&group_adults=2&req_adults=2&no_rooms=1&broad_search_not_eligible=1&order=distance_from_search","The Kandyan Legends","Kandy","The Kandyan Legends features air-conditioned rooms in Kandy. This property offers access to a balcony and free private parking.","Scored 9.1","9.1","Wonderful","· 84 reviews","Value for money 9.6","Opens in new window","Show prices","Show on map","","https://cf.bstatic.com/xdata/images/hotel/square600/644604772.webp?k=cc770db0134681426eac45b382b17d33d7de5b5765b38e767ef347900485d9d3&o="
"1776666626-442","https://www.booking.com/searchresults.html?label=bristol-XLwodozx2dVe8Ts0XeYuawS752260715469%3Apl%3Ata%3Ap1%3Ap2%3Aac%3Aap%3Aneg%3Afi%3Atikwd-869815001187%3Alp1009919%3Ali%3Adec%3Adm%3Appccp%3DUmFuZG9tSVYkc2RlIyh9YXdX6HrtnYy-Ml68sH-ljtU&aid=311984&dest_id=198&dest_type=country&group_adults=2&req_adults=2&no_rooms=1&broad_search_not_eligible=1&order=distance_from_search","Grand Holidays Kandy","Kandy","Located in Kandy, within 1.7 miles of Kandy Royal Botanic Gardens and 2.3 miles of Kandy Train Station, Grand Holidays Kandy has accommodations with a spa & wellness center as well as free private...","","","","","","Opens in new window","Show prices","Show on map","","https://cf.bstatic.com/xdata/images/hotel/square600/610945494.webp?k=e48f30689356f755f3fb3fff4682e601939a5f673092ef2f45fcabc39d340df9&o="
"1776666626-443","https://www.booking.com/searchresults.html?label=bristol-XLwodozx2dVe8Ts0XeYuawS752260715469%3Apl%3Ata%3Ap1%3Ap2%3Aac%3Aap%3Aneg%3Afi%3Atikwd-869815001187%3Alp1009919%3Ali%3Adec%3Adm%3Appccp%3DUmFuZG9tSVYkc2RlIyh9YXdX6HrtnYy-Ml68sH-ljtU&aid=311984&dest_id=198&dest_type=country&group_adults=2&req_adults=2&no_rooms=1&broad_search_not_eligible=1&order=distance_from_search","The Comfort","Kandy","Offering garden views, The Comfort in Kandy features accommodations, a garden, a bar, and a shared lounge. This homestay provides free private parking and a shared kitchen.","Scored 9.7","9.7","Exceptional","· 263 reviews","Value for money 9.7","Opens in new window","Show prices","Show on map","","https://cf.bstatic.com/xdata/images/hotel/square600/432189747.webp?k=1a035fe52edb587fa9d65bbe16cc1da1c5071af1fd027a615b055a6fff8a31ac&o="
"1776666626-444","https://www.booking.com/searchresults.html?label=bristol-XLwodozx2dVe8Ts0XeYuawS752260715469%3Apl%3Ata%3Ap1%3Ap2%3Aac%3Aap%3Aneg%3Afi%3Atikwd-869815001187%3Alp1009919%3Ali%3Adec%3Adm%3Appccp%3DUmFuZG9tSVYkc2RlIyh9YXdX6HrtnYy-Ml68sH-ljtU&aid=311984&dest_id=198&dest_type=country&group_adults=2&req_adults=2&no_rooms=1&broad_search_not_eligible=1&order=distance_from_search","Heavens Door Guest Inn","City Centre, Kandy","Well situated in the center of Kandy, Heavens Door Guest Inn is within a 18-minute walk of Kandy City Center Shopping Mall and 1.4 miles of Bogambara Stadium.","Scored 7.7","7.7","Good","· 59 reviews","","Opens in new window","Show prices","Show on map","","https://cf.bstatic.com/xdata/images/hotel/square600/125894861.webp?k=0209cd248a929f9df276e982f78d98bb0066bf2b0c7afe1518d5e77ae50db246&o="
"1776666626-445","https://www.booking.com/searchresults.html?label=bristol-XLwodozx2dVe8Ts0XeYuawS752260715469%3Apl%3Ata%3Ap1%3Ap2%3Aac%3Aap%3Aneg%3Afi%3Atikwd-869815001187%3Alp1009919%3Ali%3Adec%3Adm%3Appccp%3DUmFuZG9tSVYkc2RlIyh9YXdX6HrtnYy-Ml68sH-ljtU&aid=311984&dest_id=198&dest_type=country&group_adults=2&req_adults=2&no_rooms=1&broad_search_not_eligible=1&order=distance_from_search","Gracian Villa","Kandy","Gracian Villa offers accommodations in Kandy, 1.3 miles from Kandy City Center Shopping Mall and 1.3 miles from Kandy Train Station.","Scored 9.3","9.3","Wonderful","· 95 reviews","Value for money 9.2","Opens in new window","Show prices","Show on map","","https://cf.bstatic.com/xdata/images/hotel/square600/436886174.webp?k=6c3a151b743c8c112ac840420172d96c4493bf47a30f09ccc8d6cc6fa0e8a355&o="
"1776666626-446","https://www.booking.com/searchresults.html?label=bristol-XLwodozx2dVe8Ts0XeYuawS752260715469%3Apl%3Ata%3Ap1%3Ap2%3Aac%3Aap%3Aneg%3Afi%3Atikwd-869815001187%3Alp1009919%3Ali%3Adec%3Adm%3Appccp%3DUmFuZG9tSVYkc2RlIyh9YXdX6HrtnYy-Ml68sH-ljtU&aid=311984&dest_id=198&dest_type=country&group_adults=2&req_adults=2&no_rooms=1&broad_search_not_eligible=1&order=distance_from_search","Kandy VILLA","Kandy","Providing garden views, Kandy VILLA in Kandy provides accommodations, a garden, and a shared lounge. This property offers access to a terrace, free private parking, and free Wifi.","Scored 9.0","9.0","Wonderful","· 5 reviews","Value for money 9.0","Opens in new window","Show prices","Show on map","","https://cf.bstatic.com/xdata/images/hotel/square600/510698789.webp?k=24ecd5426c3b52728f52e41e41c91445e5fbc7330be1da8ca26bf52d439ecae1&o="
"1776666626-447","https://www.booking.com/searchresults.html?label=bristol-XLwodozx2dVe8Ts0XeYuawS752260715469%3Apl%3Ata%3Ap1%3Ap2%3Aac%3Aap%3Aneg%3Afi%3Atikwd-869815001187%3Alp1009919%3Ali%3Adec%3Adm%3Appccp%3DUmFuZG9tSVYkc2RlIyh9YXdX6HrtnYy-Ml68sH-ljtU&aid=311984&dest_id=198&dest_type=country&group_adults=2&req_adults=2&no_rooms=1&broad_search_not_eligible=1&order=distance_from_search","Travel Inn Deluxe Anniewatta","Kandy","Featuring a garden, Travel Inn Deluxe Anniewatta features accommodations in Kandy. This property offers access to a balcony and free private parking.","Scored 8.7","8.7","Excellent","· 49 reviews","Value for money 8.7","Opens in new window","Show prices","Show on map","","https://cf.bstatic.com/xdata/images/hotel/square600/382640020.webp?k=1c1c0edffcedf140b99d40d76328cda6198f7a179e5e3de5b50e61e0a65e21d6&o="
"1776666626-448","https://www.booking.com/searchresults.html?label=bristol-XLwodozx2dVe8Ts0XeYuawS752260715469%3Apl%3Ata%3Ap1%3Ap2%3Aac%3Aap%3Aneg%3Afi%3Atikwd-869815001187%3Alp1009919%3Ali%3Adec%3Adm%3Appccp%3DUmFuZG9tSVYkc2RlIyh9YXdX6HrtnYy-Ml68sH-ljtU&aid=311984&dest_id=198&dest_type=country&group_adults=2&req_adults=2&no_rooms=1&broad_search_not_eligible=1&order=distance_from_search","G7 Retreat","Kandy","Providing a garden, G7 Retreat offers accommodations in Kandy. This property offers access to a terrace, free private parking, and free Wifi.","","","","","","Opens in new window","Show prices","Show on map","","https://cf.bstatic.com/xdata/images/hotel/square600/650005099.webp?k=e6a797c0acbc07b6794e661cbcbb072e4460385a0445e072194d8220b5c0ad3e&o="
"1776666626-449","https://www.booking.com/searchresults.html?label=bristol-XLwodozx2dVe8Ts0XeYuawS752260715469%3Apl%3Ata%3Ap1%3Ap2%3Aac%3Aap%3Aneg%3Afi%3Atikwd-869815001187%3Alp1009919%3Ali%3Adec%3Adm%3Appccp%3DUmFuZG9tSVYkc2RlIyh9YXdX6HrtnYy-Ml68sH-ljtU&aid=311984&dest_id=198&dest_type=country&group_adults=2&req_adults=2&no_rooms=1&broad_search_not_eligible=1&order=distance_from_search","Rock Edge Residence","Kandy","Offering free Wifi, private parking, and a garden, the recently renovated property Rock Edge Residence offers rooms in Kandy, 2.5 miles from Kandy Train Station and 2.7 miles from Kandy Royal Botanic...","Scored 8.5","8.5","Very Good","· 101 reviews","Value for money 8.9","Opens in new window","Show prices","Show on map","","https://cf.bstatic.com/xdata/images/hotel/square600/523026635.webp?k=a5e358916621786338694b4b069e568b0eccd71d7242392d8cfef217a3a989c7&o="
"1776666626-450","https://www.booking.com/searchresults.html?label=bristol-XLwodozx2dVe8Ts0XeYuawS752260715469%3Apl%3Ata%3Ap1%3Ap2%3Aac%3Aap%3Aneg%3Afi%3Atikwd-869815001187%3Alp1009919%3Ali%3Adec%3Adm%3Appccp%3DUmFuZG9tSVYkc2RlIyh9YXdX6HrtnYy-Ml68sH-ljtU&aid=311984&dest_id=198&dest_type=country&group_adults=2&req_adults=2&no_rooms=1&broad_search_not_eligible=1&order=distance_from_search","Remli Villa","Kandy","Remli Villa is a recently renovated homestay in Kandy where guests can make the most of its garden and shared lounge.","Scored 9.7","9.7","Exceptional","· 449 reviews","Value for money 9.8","Opens in new window","Show prices","Show on map","","https://cf.bstatic.com/xdata/images/hotel/square600/143875255.webp?k=c15f42720c50c85192c15ab54187d76e5a7718a66f86c39c470e33d9eae1083d&o="
"1776666626-451","https://www.booking.com/searchresults.html?label=bristol-XLwodozx2dVe8Ts0XeYuawS752260715469%3Apl%3Ata%3Ap1%3Ap2%3Aac%3Aap%3Aneg%3Afi%3Atikwd-869815001187%3Alp1009919%3Ali%3Adec%3Adm%3Appccp%3DUmFuZG9tSVYkc2RlIyh9YXdX6HrtnYy-Ml68sH-ljtU&aid=311984&dest_id=198&dest_type=country&group_adults=2&req_adults=2&no_rooms=1&broad_search_not_eligible=1&order=distance_from_search","Kandy Living Homestay","Kandy","Kandy Living Homestay in Kandy provides accommodations with a garden and a bar.","Scored 9.4","9.4","Wonderful","· 573 reviews","Value for money 9.7","Opens in new window","Show prices","Show on map","","https://cf.bstatic.com/xdata/images/hotel/square600/570331840.webp?k=6bde243f5ab552deb39ee31acb190b83e68344037a3cc82e82edb3b1df243f4e&o="
"1776666626-452","https://www.booking.com/searchresults.html?label=bristol-XLwodozx2dVe8Ts0XeYuawS752260715469%3Apl%3Ata%3Ap1%3Ap2%3Aac%3Aap%3Aneg%3Afi%3Atikwd-869815001187%3Alp1009919%3Ali%3Adec%3Adm%3Appccp%3DUmFuZG9tSVYkc2RlIyh9YXdX6HrtnYy-Ml68sH-ljtU&aid=311984&dest_id=198&dest_type=country&group_adults=2&req_adults=2&no_rooms=1&broad_search_not_eligible=1&order=distance_from_search","Rivora Residence","Kandy","2.7 miles from Kandy Museum in Kandy, Rivora Residence features accommodations with access to a fitness room. This property offers access to a balcony and free private parking.","Scored 8.9","8.9","Excellent","· 478 reviews","Value for money 9.0","Opens in new window","Show prices","Show on map","","https://cf.bstatic.com/xdata/images/hotel/square600/782429409.webp?k=014b8126891d8d394823489aa10ddbe84f93baa1cbf2e40d9b756a63ac519e69&o="
"1776666626-453","https://www.booking.com/searchresults.html?label=bristol-XLwodozx2dVe8Ts0XeYuawS752260715469%3Apl%3Ata%3Ap1%3Ap2%3Aac%3Aap%3Aneg%3Afi%3Atikwd-869815001187%3Alp1009919%3Ali%3Adec%3Adm%3Appccp%3DUmFuZG9tSVYkc2RlIyh9YXdX6HrtnYy-Ml68sH-ljtU&aid=311984&dest_id=198&dest_type=country&group_adults=2&req_adults=2&no_rooms=1&broad_search_not_eligible=1&order=distance_from_search","Sweet Cinnamon Kandy","Kandy","Nestled  10-minute away from the city center, amid Kandy’s tropical greenery, Sweet Cinnamon Kandy is just 1.2 mi from Kandy Railway Station. It provides high speed fiber network in its public areas.","Scored 9.2","9.2","Wonderful","· 48 reviews","Value for money 8.8","Opens in new window","Show prices","Show on map","","https://cf.bstatic.com/xdata/images/hotel/square600/411250261.webp?k=d52d51a8d6a11359e26d075fdf0a6d33fb82f8c0c0cbb6e7614cc43950a7c6aa&o="
"1776666626-454","https://www.booking.com/searchresults.html?label=bristol-XLwodozx2dVe8Ts0XeYuawS752260715469%3Apl%3Ata%3Ap1%3Ap2%3Aac%3Aap%3Aneg%3Afi%3Atikwd-869815001187%3Alp1009919%3Ali%3Adec%3Adm%3Appccp%3DUmFuZG9tSVYkc2RlIyh9YXdX6HrtnYy-Ml68sH-ljtU&aid=311984&dest_id=198&dest_type=country&group_adults=2&req_adults=2&no_rooms=1&broad_search_not_eligible=1&order=distance_from_search","Everdew Kandy Rooms","Kandy","Everdew Kandy Rooms offers accommodations in Kandy, 1.3 miles from Kandy Train Station and 1.8 miles from Kandy City Center Shopping Mall.","Scored 9.2","9.2","Wonderful","· 51 reviews","Value for money 9.4","Opens in new window","Show prices","Show on map","","https://cf.bstatic.com/xdata/images/hotel/square600/788374545.webp?k=d63c8c244d508c8ffecb6cfa8da9e31eeea5f67d845d6a6220b40571689268f5&o="
"1776666626-455","https://www.booking.com/searchresults.html?label=bristol-XLwodozx2dVe8Ts0XeYuawS752260715469%3Apl%3Ata%3Ap1%3Ap2%3Aac%3Aap%3Aneg%3Afi%3Atikwd-869815001187%3Alp1009919%3Ali%3Adec%3Adm%3Appccp%3DUmFuZG9tSVYkc2RlIyh9YXdX6HrtnYy-Ml68sH-ljtU&aid=311984&dest_id=198&dest_type=country&group_adults=2&req_adults=2&no_rooms=1&broad_search_not_eligible=1&order=distance_from_search","Kandyan Hideout","Kandy","Just 1.2 miles from Kandy City Center Shopping Mall and 1.2 miles from Udawatta Kele Sanctuary, Kandyan Hideout features accommodations in Kandy, with a shared lounge.","Scored 7.9","7.9","Good","· 88 reviews","","Opens in new window","Show prices","Show on map","","https://cf.bstatic.com/xdata/images/hotel/square600/642546425.webp?k=5542456e0500587345a640bb683a4f0ba9d148161fce50812312367e943b9253&o="
"1776666626-456","https://www.booking.com/searchresults.html?label=bristol-XLwodozx2dVe8Ts0XeYuawS752260715469%3Apl%3Ata%3Ap1%3Ap2%3Aac%3Aap%3Aneg%3Afi%3Atikwd-869815001187%3Alp1009919%3Ali%3Adec%3Adm%3Appccp%3DUmFuZG9tSVYkc2RlIyh9YXdX6HrtnYy-Ml68sH-ljtU&aid=311984&dest_id=198&dest_type=country&group_adults=2&req_adults=2&no_rooms=1&broad_search_not_eligible=1&order=distance_from_search","Oak Wood Residency Kandy","Kandy","Located in Kandy, 1.7 miles from Kandy Train Station, Oak Wood Residency Kandy provides accommodations with free WiFi and free private parking. This 3-star hotel offers room service.","","","","","","Opens in new window","Show prices","Show on map","","https://cf.bstatic.com/xdata/images/hotel/square600/691245516.webp?k=886dad5b85dae9c16a6abf287667195dc659f40ae89e52da530a890172a0ea16&o="
"1776666626-457","https://www.booking.com/searchresults.html?label=bristol-XLwodozx2dVe8Ts0XeYuawS752260715469%3Apl%3Ata%3Ap1%3Ap2%3Aac%3Aap%3Aneg%3Afi%3Atikwd-869815001187%3Alp1009919%3Ali%3Adec%3Adm%3Appccp%3DUmFuZG9tSVYkc2RlIyh9YXdX6HrtnYy-Ml68sH-ljtU&aid=311984&dest_id=198&dest_type=country&group_adults=2&req_adults=2&no_rooms=1&broad_search_not_eligible=1&order=distance_from_search","Bloom Hill Kandy","Kandy","Featuring river views, Bloom Hill Kandy in Kandy offers accommodations and a terrace. With mountain views, this accommodation provides a balcony.","Scored 8.7","8.7","Excellent","· 6 reviews","Value for money 9.2","Opens in new window","Show prices","Show on map","","https://cf.bstatic.com/xdata/images/hotel/square600/774281172.webp?k=92343000b9c563402ffad4252ea586627c0f7cf680e1677b12fdc7ca405bc474&o="
"1776666626-458","https://www.booking.com/searchresults.html?label=bristol-XLwodozx2dVe8Ts0XeYuawS752260715469%3Apl%3Ata%3Ap1%3Ap2%3Aac%3Aap%3Aneg%3Afi%3Atikwd-869815001187%3Alp1009919%3Ali%3Adec%3Adm%3Appccp%3DUmFuZG9tSVYkc2RlIyh9YXdX6HrtnYy-Ml68sH-ljtU&aid=311984&dest_id=198&dest_type=country&group_adults=2&req_adults=2&no_rooms=1&broad_search_not_eligible=1&order=distance_from_search","Kandy River Lodge","Kandy","Kandy River Lodge offers accommodations in Kandy, 1.6 miles from Kandy Royal Botanic Gardens and 2.3 miles from Kandy Train Station.","Scored 9.7","9.7","Exceptional","· 21 reviews","Value for money 9.9","Opens in new window","Show prices","Show on map","","https://cf.bstatic.com/xdata/images/hotel/square600/673699831.webp?k=47033e3d8e111b3eaf018049ee4f1d4d67238291ede9ccfe65fd50394dc2e294&o="
"1776666626-459","https://www.booking.com/searchresults.html?label=bristol-XLwodozx2dVe8Ts0XeYuawS752260715469%3Apl%3Ata%3Ap1%3Ap2%3Aac%3Aap%3Aneg%3Afi%3Atikwd-869815001187%3Alp1009919%3Ali%3Adec%3Adm%3Appccp%3DUmFuZG9tSVYkc2RlIyh9YXdX6HrtnYy-Ml68sH-ljtU&aid=311984&dest_id=198&dest_type=country&group_adults=2&req_adults=2&no_rooms=1&broad_search_not_eligible=1&order=distance_from_search","Windy Ridge Kandy","Kandy","Just a 16-minute walk from Kandy City Center Shopping Mall and 0.9 miles from Bogambara Stadium, Windy Ridge Kandy features accommodations in Kandy, with a garden.","Scored 8.9","8.9","Excellent","· 403 reviews","Value for money 9.1","Opens in new window","Show prices","Show on map","","https://cf.bstatic.com/xdata/images/hotel/square600/437476831.webp?k=a7f71a68932ed6bc3beb8ebde1b6efdc27637eb22a5c39398a7310caa2779aca&o="
"1776666626-460","https://www.booking.com/searchresults.html?label=bristol-XLwodozx2dVe8Ts0XeYuawS752260715469%3Apl%3Ata%3Ap1%3Ap2%3Aac%3Aap%3Aneg%3Afi%3Atikwd-869815001187%3Alp1009919%3Ali%3Adec%3Adm%3Appccp%3DUmFuZG9tSVYkc2RlIyh9YXdX6HrtnYy-Ml68sH-ljtU&aid=311984&dest_id=198&dest_type=country&group_adults=2&req_adults=2&no_rooms=1&broad_search_not_eligible=1&order=distance_from_search","Town Hill","Kegalle","Providing a garden, Town Hill provides accommodations in Kegalle. This property offers access to a terrace and free private parking.","Scored 9.2","9.2","Wonderful","· 13 reviews","Value for money 9.8","Opens in new window","Show prices","Show on map","","https://cf.bstatic.com/xdata/images/hotel/square600/695362974.webp?k=a483e4da2fafa05a614d2cfc1e88d34f3e921867565c78b0e9f8703065003236&o="
"1776666626-461","https://www.booking.com/searchresults.html?label=bristol-XLwodozx2dVe8Ts0XeYuawS752260715469%3Apl%3Ata%3Ap1%3Ap2%3Aac%3Aap%3Aneg%3Afi%3Atikwd-869815001187%3Alp1009919%3Ali%3Adec%3Adm%3Appccp%3DUmFuZG9tSVYkc2RlIyh9YXdX6HrtnYy-Ml68sH-ljtU&aid=311984&dest_id=198&dest_type=country&group_adults=2&req_adults=2&no_rooms=1&broad_search_not_eligible=1&order=distance_from_search","Kandy Citylights Residence","City Centre, Kandy","A 17-minute walk from Kandy City Center Shopping Mall in the center of Kandy, Kandy Citylights Residence offers accommodations with access to spa facilities, wellness packages, and beauty services.","Scored 6.9","6.9","Review score","· 21 reviews","","Opens in new window","Show prices","Show on map","","https://cf.bstatic.com/xdata/images/hotel/square600/116929963.webp?k=3d36a37b4b9dabce5ebbd8a0ad683f2f9da86e075d90e00ec94605feee673f26&o="
"1776666626-462","https://www.booking.com/searchresults.html?label=bristol-XLwodozx2dVe8Ts0XeYuawS752260715469%3Apl%3Ata%3Ap1%3Ap2%3Aac%3Aap%3Aneg%3Afi%3Atikwd-869815001187%3Alp1009919%3Ali%3Adec%3Adm%3Appccp%3DUmFuZG9tSVYkc2RlIyh9YXdX6HrtnYy-Ml68sH-ljtU&aid=311984&dest_id=198&dest_type=country&group_adults=2&req_adults=2&no_rooms=1&broad_search_not_eligible=1&order=distance_from_search","Clove Garden Kandy","Kandy","Clove Garden Kandy in Kandy provides accommodations with a garden and a terrace. With garden views, this accommodation features a swimming pool.","Scored 8.6","8.6","Excellent","· 33 reviews","","Opens in new window","Show prices","Show on map","","https://cf.bstatic.com/xdata/images/hotel/square600/162148134.webp?k=b58f1375d35e2a448cc6e62079ecc9c391baf64ac6c7f6c898dc01faf510d019&o="
"1776666626-463","https://www.booking.com/searchresults.html?label=bristol-XLwodozx2dVe8Ts0XeYuawS752260715469%3Apl%3Ata%3Ap1%3Ap2%3Aac%3Aap%3Aneg%3Afi%3Atikwd-869815001187%3Alp1009919%3Ali%3Adec%3Adm%3Appccp%3DUmFuZG9tSVYkc2RlIyh9YXdX6HrtnYy-Ml68sH-ljtU&aid=311984&dest_id=198&dest_type=country&group_adults=2&req_adults=2&no_rooms=1&broad_search_not_eligible=1&order=distance_from_search","Sunset Ridge","City Centre, Kandy","Providing a garden, Sunset Ridge provides accommodations in Kandy. This property offers access to a terrace, free private parking, and free Wifi.","Scored 9.1","9.1","Wonderful","· 8 reviews","Value for money 9.4","Opens in new window","Show prices","Show on map","","https://cf.bstatic.com/xdata/images/hotel/square600/808999754.webp?k=18868753cb4424a9ab21b8b8b2ad761dbd9e5e037f49c2eaba3dee100ebccb8a&o="
"1776666626-464","https://www.booking.com/searchresults.html?label=bristol-XLwodozx2dVe8Ts0XeYuawS752260715469%3Apl%3Ata%3Ap1%3Ap2%3Aac%3Aap%3Aneg%3Afi%3Atikwd-869815001187%3Alp1009919%3Ali%3Adec%3Adm%3Appccp%3DUmFuZG9tSVYkc2RlIyh9YXdX6HrtnYy-Ml68sH-ljtU&aid=311984&dest_id=198&dest_type=country&group_adults=2&req_adults=2&no_rooms=1&broad_search_not_eligible=1&order=distance_from_search","Anniwatta Residence","City Centre, Kandy","Well set in Kandy, Anniwatta Residence provides air-conditioned rooms with free private parking and room service. Providing a garden, the property is located within 1.3 miles of Kandy Train Station.","","","","","","Opens in new window","Show prices","Show on map","","https://cf.bstatic.com/xdata/images/hotel/square600/695919500.webp?k=2e555528e80f7ec90aa6d3f87c9de1c6e726ed1fdfb0c62fd59eae4ff9a9776b&o="
"1776666626-465","https://www.booking.com/searchresults.html?label=bristol-XLwodozx2dVe8Ts0XeYuawS752260715469%3Apl%3Ata%3Ap1%3Ap2%3Aac%3Aap%3Aneg%3Afi%3Atikwd-869815001187%3Alp1009919%3Ali%3Adec%3Adm%3Appccp%3DUmFuZG9tSVYkc2RlIyh9YXdX6HrtnYy-Ml68sH-ljtU&aid=311984&dest_id=198&dest_type=country&group_adults=2&req_adults=2&no_rooms=1&broad_search_not_eligible=1&order=distance_from_search","Salika","Kandy","Salika offers accommodations in Kandy, 1.7 miles from Kandy City Center Shopping Mall and 2.1 miles from Bogambara Stadium.","","","","","","Opens in new window","Show prices","Show on map","New to Booking.com","https://cf.bstatic.com/xdata/images/hotel/square600/825570930.webp?k=e8748e138a4aca92acaae9b458b918b04a1f9468f06c193d31a533382b010019&o="
"1776666626-466","https://www.booking.com/searchresults.html?label=bristol-XLwodozx2dVe8Ts0XeYuawS752260715469%3Apl%3Ata%3Ap1%3Ap2%3Aac%3Aap%3Aneg%3Afi%3Atikwd-869815001187%3Alp1009919%3Ali%3Adec%3Adm%3Appccp%3DUmFuZG9tSVYkc2RlIyh9YXdX6HrtnYy-Ml68sH-ljtU&aid=311984&dest_id=198&dest_type=country&group_adults=2&req_adults=2&no_rooms=1&broad_search_not_eligible=1&order=distance_from_search","Blue Pillars Kandy","Kandy","Located in Kandy, 0.9 mi from Kandy City Center Shopping Mall, Blue Pillars Kandy offers rooms with air conditioning.","Scored 9.3","9.3","Wonderful","· 353 reviews","Value for money 9.4","Opens in new window","Show prices","Show on map","","https://cf.bstatic.com/xdata/images/hotel/square600/600664510.webp?k=68ab38277b2eb0a350cbd2a1e285aac167019a88c35a4bfaf1a838a887a5c81a&o="
"1776666626-467","https://www.booking.com/searchresults.html?label=bristol-XLwodozx2dVe8Ts0XeYuawS752260715469%3Apl%3Ata%3Ap1%3Ap2%3Aac%3Aap%3Aneg%3Afi%3Atikwd-869815001187%3Alp1009919%3Ali%3Adec%3Adm%3Appccp%3DUmFuZG9tSVYkc2RlIyh9YXdX6HrtnYy-Ml68sH-ljtU&aid=311984&dest_id=198&dest_type=country&group_adults=2&req_adults=2&no_rooms=1&broad_search_not_eligible=1&order=distance_from_search","Kandy City Oasis Hotel","City Centre, Kandy","Ideally located in the center of Kandy, Kandy City Oasis Hotel has air-conditioned rooms with free WiFi, free private parking and room service. This 2-star hotel offers a 24-hour front desk.","Scored 8.9","8.9","Excellent","· 1,051 reviews","Value for money 9.3","Opens in new window","Show prices","Show on map","","https://cf.bstatic.com/xdata/images/hotel/square600/568496347.webp?k=91d730c1b455b964ec229e6eef4021a8deb7790708797880ad37d372642cc2bb&o="
"1776666626-468","https://www.booking.com/searchresults.html?label=bristol-XLwodozx2dVe8Ts0XeYuawS752260715469%3Apl%3Ata%3Ap1%3Ap2%3Aac%3Aap%3Aneg%3Afi%3Atikwd-869815001187%3Alp1009919%3Ali%3Adec%3Adm%3Appccp%3DUmFuZG9tSVYkc2RlIyh9YXdX6HrtnYy-Ml68sH-ljtU&aid=311984&dest_id=198&dest_type=country&group_adults=2&req_adults=2&no_rooms=1&broad_search_not_eligible=1&order=distance_from_search","Misty Clouds Homestay","Kandy","Featuring garden views, Misty Clouds Homestay in Kandy provides accommodations, a garden, and a shared lounge. With mountain views, this accommodation offers a terrace.","Scored 9.5","9.5","Exceptional","· 143 reviews","Value for money 9.7","Opens in new window","Show prices","Show on map","","https://cf.bstatic.com/xdata/images/hotel/square600/797723358.webp?k=c96d4bf3bf4a578381f08fac58314c9bfd2cb80e82fdd2a5d3d24f0143b712d2&o="
"1776666626-469","https://www.booking.com/searchresults.html?label=bristol-XLwodozx2dVe8Ts0XeYuawS752260715469%3Apl%3Ata%3Ap1%3Ap2%3Aac%3Aap%3Aneg%3Afi%3Atikwd-869815001187%3Alp1009919%3Ali%3Adec%3Adm%3Appccp%3DUmFuZG9tSVYkc2RlIyh9YXdX6HrtnYy-Ml68sH-ljtU&aid=311984&dest_id=198&dest_type=country&group_adults=2&req_adults=2&no_rooms=1&broad_search_not_eligible=1&order=distance_from_search","Witherspoon Lodge","Kandy","Witherspoon Lodge has mountain views, free WiFi and free private parking, located in Kandy, 1.7 miles from Kandy Train Station.","Scored 9.5","9.5","Exceptional","· 55 reviews","Value for money 9.6","Opens in new window","Show prices","Show on map","","https://cf.bstatic.com/xdata/images/hotel/square600/818763675.webp?k=5f06bfdc59a494cc0bb223a23a5c5cdd95e1f79cf21894b2adf779f1e483dfce&o="
"1776666626-470","https://www.booking.com/searchresults.html?label=bristol-XLwodozx2dVe8Ts0XeYuawS752260715469%3Apl%3Ata%3Ap1%3Ap2%3Aac%3Aap%3Aneg%3Afi%3Atikwd-869815001187%3Alp1009919%3Ali%3Adec%3Adm%3Appccp%3DUmFuZG9tSVYkc2RlIyh9YXdX6HrtnYy-Ml68sH-ljtU&aid=311984&dest_id=198&dest_type=country&group_adults=2&req_adults=2&no_rooms=1&broad_search_not_eligible=1&order=distance_from_search","Tea Heritage","Urulewatta","Housed in a historic building, the recently renovated Tea Heritage features accommodations with pool with a view and free Wifi. Guests staying at this villa have access to a fully equipped kitchen.","Scored 10","10","Exceptional","· 15 reviews","Value for money 10","Opens in new window","Show prices","Show on map","","https://cf.bstatic.com/xdata/images/hotel/square600/714840061.webp?k=3012921cda02030d0908f7a704b0f23da19231828c992d647db94d20c3efe9f1&o="
"1776666626-471","https://www.booking.com/searchresults.html?label=bristol-XLwodozx2dVe8Ts0XeYuawS752260715469%3Apl%3Ata%3Ap1%3Ap2%3Aac%3Aap%3Aneg%3Afi%3Atikwd-869815001187%3Alp1009919%3Ali%3Adec%3Adm%3Appccp%3DUmFuZG9tSVYkc2RlIyh9YXdX6HrtnYy-Ml68sH-ljtU&aid=311984&dest_id=198&dest_type=country&group_adults=2&req_adults=2&no_rooms=1&broad_search_not_eligible=1&order=distance_from_search","Riverston Nature Villa","Rattota","Riverston Nature Villa in Rattota provides accommodations with a garden and a shared lounge. There's a private entrance at the villa for the convenience of those who stay.","Scored 8.6","8.6","Excellent","· 34 reviews","","Opens in new window","Show prices","Show on map","","https://cf.bstatic.com/xdata/images/hotel/square600/474850904.webp?k=c5945f632bb663b69f3ab2d5f18194eb7875c488bf8965645c56db30f4942d22&o="
"1776666626-472","https://www.booking.com/searchresults.html?label=bristol-XLwodozx2dVe8Ts0XeYuawS752260715469%3Apl%3Ata%3Ap1%3Ap2%3Aac%3Aap%3Aneg%3Afi%3Atikwd-869815001187%3Alp1009919%3Ali%3Adec%3Adm%3Appccp%3DUmFuZG9tSVYkc2RlIyh9YXdX6HrtnYy-Ml68sH-ljtU&aid=311984&dest_id=198&dest_type=country&group_adults=2&req_adults=2&no_rooms=1&broad_search_not_eligible=1&order=distance_from_search","Grand Holidays, Kandy","Kandy","Grand Holidays, Kandy offers accommodations in Kandy, 1.6 miles from Kandy Royal Botanic Gardens and 2.3 miles from Kandy Train Station.","","","","","","Opens in new window","Show prices","Show on map","","https://cf.bstatic.com/xdata/images/hotel/square600/618632601.webp?k=8c4bd6e4858b50023f4775716048ee73388a814d7c72066355b7ab98cc2db6a8&o="
"1776666626-473","https://www.booking.com/searchresults.html?label=bristol-XLwodozx2dVe8Ts0XeYuawS752260715469%3Apl%3Ata%3Ap1%3Ap2%3Aac%3Aap%3Aneg%3Afi%3Atikwd-869815001187%3Alp1009919%3Ali%3Adec%3Adm%3Appccp%3DUmFuZG9tSVYkc2RlIyh9YXdX6HrtnYy-Ml68sH-ljtU&aid=311984&dest_id=198&dest_type=country&group_adults=2&req_adults=2&no_rooms=1&broad_search_not_eligible=1&order=distance_from_search","No 44,Anniewatte Road","City Centre, Kandy","The recently renovated No 44, Anniewatte Road features accommodations with garden and shared lounge in the heart of Kandy.","Scored 8.8","8.8","Excellent","· 93 reviews","Value for money 9.3","Opens in new window","Show prices","Show on map","","https://cf.bstatic.com/xdata/images/hotel/square600/63258334.webp?k=5aea8354191410233d5ba261c742cb1dc2ca9c07f51b9545649a64b7078c409a&o="
"1776666626-474","https://www.booking.com/searchresults.html?label=bristol-XLwodozx2dVe8Ts0XeYuawS752260715469%3Apl%3Ata%3Ap1%3Ap2%3Aac%3Aap%3Aneg%3Afi%3Atikwd-869815001187%3Alp1009919%3Ali%3Adec%3Adm%3Appccp%3DUmFuZG9tSVYkc2RlIyh9YXdX6HrtnYy-Ml68sH-ljtU&aid=311984&dest_id=198&dest_type=country&group_adults=2&req_adults=2&no_rooms=1&broad_search_not_eligible=1&order=distance_from_search","Arambhaya Boutique Hotel","Kandy","Located in Kandy, 1.1 miles from Kandy Train Station, Arambhaya Boutique Hotel has accommodations with a garden, free private parking, a shared lounge and a terrace.","Scored 9.2","9.2","Wonderful","· 550 reviews","Value for money 9.3","Opens in new window","Show prices","Show on map","","https://cf.bstatic.com/xdata/images/hotel/square600/651444256.webp?k=8c769123fa5b2c9d4ae076826a8008ca3f0494799c92d0454c7e052ba5de10d0&o="
"1776666626-475","https://www.booking.com/searchresults.html?label=bristol-XLwodozx2dVe8Ts0XeYuawS752260715469%3Apl%3Ata%3Ap1%3Ap2%3Aac%3Aap%3Aneg%3Afi%3Atikwd-869815001187%3Alp1009919%3Ali%3Adec%3Adm%3Appccp%3DUmFuZG9tSVYkc2RlIyh9YXdX6HrtnYy-Ml68sH-ljtU&aid=311984&dest_id=198&dest_type=country&group_adults=2&req_adults=2&no_rooms=1&broad_search_not_eligible=1&order=distance_from_search","Peak Lodge","City Centre, Kandy","Ideally located in the center of Kandy, Peak Lodge has air-conditioned rooms with free private parking and room service.","Scored 9.3","9.3","Wonderful","· 9 reviews","Value for money 9.0","Opens in new window","Show prices","Show on map","","https://cf.bstatic.com/xdata/images/hotel/square600/740424751.webp?k=2209c8a0b6cdf6a2cff0cb5b2e364a26c38a4ec8cdfdd37d14320315d79bf4a6&o="
