id,hotel_name,description,rating,distance_km,latitude,longitude,extracted_city,facilities,address,hotel_url,image_url
1,Coconut Escapes,,8.3,8.3,,,,,,https://www.booking.com/hotel/lk/coconut-escapes.en-gb.html,https://cf.bstatic.com/xdata/images/hotel/square600/332117562.webp?k=1428e4251bafb69f2e1433f63859388ae25946619bde228d22ff0ed451c21811&o=
2,Lakeside Base Camp,"Featuring water sports facilities, Lakeside Base Camp provides accommodations in Paragahadeniya. This campground features free private parking and a 24-hour front desk.",,,7.417751,80.472645,Paragahadeniya,,,https://www.booking.com/hotel/lk/lakeside-base-camp.en-gb.html,https://cf.bstatic.com/xdata/images/hotel/square600/693540930.webp?k=0720f704d5fc8da23d68deb7d297719ee06e4a0293e0923b64e4fcdba6f6b5cf&o=
3,Ahas Pokuna Holiday Resort,,8.0,8.0,,,,,,https://www.booking.com/hotel/lk/ahas-pokuna-holiday-resort.en-gb.html,https://cf.bstatic.com/xdata/images/hotel/square600/726282905.webp?k=db1a8b5159c26456e3cc95e4b4ce7f2b7c6fe2550b1040c8055686815ecfef89&o=
4,Singha Holiday Bungalow,"Located in Ibbagomuwa, 25 miles from Kandy Royal Botanic Gardens, Singha Holiday Bungalow has accommodations with an outdoor swimming pool, free private parking, a garden and a terrace.",,,,,Ibbagomuwa,,,https://www.booking.com/hotel/lk/singha-holiday-bungalow.en-gb.html,https://cf.bstatic.com/xdata/images/hotel/square600/845617452.webp?k=647005fc18f2fdc49134a0438b29966d1f6bf7cad758ae67878e32e850e59c2b&o=
5,Deduru Oya Cinnamon Gardens,"Located in Barandara, 24 miles from Kandy Royal Botanic Gardens, Deduru Oya Cinnamon Gardens provides accommodations with a garden, free private parking and a restaurant.",,,7.383058,80.490251,Barandara,,,https://www.booking.com/hotel/lk/deduru-oya-cinnamon-gardens.en-gb.html,https://cf.bstatic.com/xdata/images/hotel/square600/810488438.webp?k=603f5b48df10c0be527df17494172c5604b54b681f83a8db5c77f28be1f5aabf&o=
6,Deduru Cabana Nature Resort,,8.2,8.2,,,,,,https://www.booking.com/hotel/lk/deduru-cabana-nature-resort.en-gb.html,https://cf.bstatic.com/xdata/images/hotel/square600/646201536.webp?k=7790758caad307c6ab0c6bf5e0c986c1a5b82d3d7119b0bef0f5237727d26088&o=
7,Xotic Resort,,8.4,8.4,,,,,,https://www.booking.com/hotel/lk/xotic-resort.en-gb.html,https://cf.bstatic.com/xdata/images/hotel/square600/643646694.webp?k=7b80a5db107ee16de01e5485eb20c3ac33a21dd51140783351cad8e61f697d1b&o=
8,Thehideout kurunegala,"Thehideout kurunegala offers accommodations in Kurunegala, 28 miles from Kandy Royal Botanic Gardens and 28 miles from Kandy Train Station.",,,7.487046,80.364908,Kurunegala,,,https://www.booking.com/hotel/lk/thehideout-kurunegala.en-gb.html,https://cf.bstatic.com/xdata/images/hotel/square600/741446085.webp?k=f5899cd75818fc46fad747e084c25536d1be42d65eda73b5fce3aaa7a2b3ebb1&o=
9,Anchorage Apartment,,9.1,9.1,,,,,,https://www.booking.com/hotel/lk/anchorage-apartment.en-gb.html,https://cf.bstatic.com/xdata/images/hotel/square600/820701960.webp?k=8795bc7535626605570ff5f1aca9cb8f07a1959b1daa9e7946af1db856c51401&o=
10,The Epitome Hotel,,6.9,6.9,7.507694,80.404359,,,,https://www.booking.com/hotel/lk/the-epitome-hotel.en-gb.html,https://cf.bstatic.com/xdata/images/hotel/square600/479073392.webp?k=b1245d43aa44091bc05f52d110b08da404af6e0565deff11748602e09cd698b6&o=
11,The Hideaway,,9.0,9.0,6.821772,81.039545,,,,https://www.booking.com/hotel/lk/the-hideaway.en-gb.html,https://cf.bstatic.com/xdata/images/hotel/square600/456912198.webp?k=b82e252713b9b7583940eb186fee6a1a2fe3d0b3edf4ee96462d8a41af7f05e3&o=
12,Sewana Cottage,"Offering a garden, Sewana Cottage offers accommodations in Kurunegala.",,,7.487046,80.364908,Kurunegala,,,https://www.booking.com/hotel/lk/sewana-cottage.en-gb.html,https://cf.bstatic.com/xdata/images/hotel/square600/847114097.webp?k=a4856587941f1849c9ed25e07b22349dc8e827897d4a881ce494bcee9c564eae&o=
13,Pahan Villa,"Offering a garden, Pahan Villa offers accommodations in Siyambalangamuwa. This property offers access to a balcony, free private parking, and free Wifi.",,,7.670108,80.48043,Siyambalangamuwa,,,https://www.booking.com/hotel/lk/pahan-villa.en-gb.html,https://cf.bstatic.com/xdata/images/hotel/square600/816575514.webp?k=e492a0f378b214fe532483bce87eeb070653ab48b04236089832eeeb11be0489&o=
14,Lake Entrance,,8.7,8.7,,,,,,https://www.booking.com/hotel/lk/lake-entrance.en-gb.html,https://cf.bstatic.com/xdata/images/hotel/square600/653265951.webp?k=10e3ef8a3548da06e7b4b5ce6401ad71dc8e91e3d3b7b83b497890a38c40e767&o=
15,Dnhw,"Located in Ibbagomuwa, 28 miles from Kandy Royal Botanic Gardens, Dnhw has accommodations with a garden, free private parking and a terrace. This 3-star hotel offers room service.",,,,,Ibbagomuwa,,,https://www.booking.com/hotel/lk/dnhw.en-gb.html,https://cf.bstatic.com/xdata/images/hotel/square600/644998897.webp?k=4cec51fe44b2cf4a91ce8a9cd411dbadc5f7699d0732749364dac0390a3ec8f6&o=
16,Lotus Cool Hotel,,9.4,9.4,,,,,,https://www.booking.com/hotel/lk/lotus-cool-hotel.en-gb.html,https://cf.bstatic.com/xdata/images/hotel/square600/500235932.webp?k=8e8b2fbcaf7d5d1f82b0b0d7602de970ecc1aa35e003cab2982afe98d567209a&o=
17,The Far Pavilion by Edwards Collection - Pinnawala,"Providing mountain views, The Far Pavilion by Edwards Collection - Pinnawala in Pinnawala provides accommodations, an outdoor swimming pool, a garden, a shared lounge and a terrace.",,,,,,,,https://www.booking.com/hotel/lk/the-far-pavilion-by-edwards-collection-pinnawala.en-gb.html,https://cf.bstatic.com/xdata/images/hotel/square600/228703358.webp?k=654d10a0996a04cf4aee2d219c15fab7996ed969e4aad60741281dfcdaf5204e&o=
18,Surathura homestay,,8.8,8.8,,,,,,https://www.booking.com/hotel/lk/surathura-homestay.en-gb.html,https://cf.bstatic.com/xdata/images/hotel/square600/223498986.webp?k=6cb497e542fbc5b9c46856e175d5f5e5eafd85764260629dda764bbff4c36e47&o=
19,Polaris- Kurunegala,,10.0,10.0,,,,,,https://www.booking.com/hotel/lk/polaris-kurunegala.en-gb.html,https://cf.bstatic.com/xdata/images/hotel/square600/735500707.webp?k=583159f072e0f701890fa9e67ee92d0c68f88b228ab10fd92d48d9e054bd28af&o=
20,Mapa Group Rest House,,8.2,8.2,,,,,,https://www.booking.com/hotel/lk/mapa-group-rest-house.en-gb.html,https://cf.bstatic.com/xdata/images/hotel/square600/759941948.webp?k=9049a27cf905d597ec5c34f6befbebe1cb45bc71a142fc97fbf13e87db947292&o=
21,Kandyan Reach Hotel,,8.4,8.4,7.47899,80.372348,,,,https://www.booking.com/hotel/lk/kandyan-reach-hotel.en-gb.html,https://cf.bstatic.com/xdata/images/hotel/square600/671278189.webp?k=4d7cfde1a8bc08311d5a986bc93429631b5486fc51eba24136842f032ea46715&o=
22,Coco Villa Farm Stay B&B- Only For Foreign Bookings,,9.9,9.9,,,,,,https://www.booking.com/hotel/lk/coco-villa-farm-stay-b-b-only-for-foreign-bookings.en-gb.html,https://cf.bstatic.com/xdata/images/hotel/square600/805372001.webp?k=607270613d050bf59f4cc10229c8f7c9d50c550031912472a777f1a75fc4c18b&o=
23,Coco Forest Villa - Kurunegala,"Located in Kurunegala, 28 miles from Kandy Royal Botanic Gardens, Coco Forest Villa - Kurunegala provides accommodations with a garden, free private parking, a shared lounge and a terrace.",,,7.487046,80.364908,Kurunegala,,,https://www.booking.com/hotel/lk/coco-forest-villa-kurunegala.en-gb.html,https://cf.bstatic.com/xdata/images/hotel/square600/796100657.webp?k=b3dc44a06af06bca693f6d684258b3e4067cfb61e7d47913374a87f6864c46e1&o=
24,KITH and KIN,,9.4,9.4,,,,,,https://www.booking.com/hotel/lk/kith-and-kin.en-gb.html,https://cf.bstatic.com/xdata/images/hotel/square600/438889896.webp?k=085918738cd84cde08755f5b5efd778d1b94cca69944a3667c2259ca7ca88585&o=
25,Apartment Ninety-Nine,,8.9,8.9,,,,,,https://www.booking.com/hotel/lk/apartment-ninety-nine.en-gb.html,https://cf.bstatic.com/xdata/images/hotel/square600/377097388.webp?k=e5934455697242a3126ec21b75587f70000cce8c4edab993bb5068a29c65516f&o=
26,Janara Two,,3.2,3.2,,,,,,https://www.booking.com/hotel/lk/janara-two.en-gb.html,https://cf.bstatic.com/xdata/images/hotel/square600/445692447.webp?k=96495626cf8c8007c7346999be15602020de45c20942c4cf865e3808defb9f1b&o=
27,Grand Colonial Viveka,,8.1,8.1,,,,,,https://www.booking.com/hotel/lk/grand-colonial-viveka.en-gb.html,https://cf.bstatic.com/xdata/images/hotel/square600/528743636.webp?k=c360b5de7c3ddbc3e046e07a459a8c6a28524d0e7f3e2d6715213dba03d8816d&o=
28,Lake Round Luxury House,,9.0,9.0,,,,,,https://www.booking.com/hotel/lk/lake-round-luxury-house.en-gb.html,https://cf.bstatic.com/xdata/images/hotel/square600/680513479.webp?k=5d9a2e05172740d693e49cc09ee24b6e9a181b8d2bec4d36accf514e37a87c6b&o=
29,Metro Stay,,8.6,8.6,,,,,,https://www.booking.com/hotel/lk/metro-stay.en-gb.html,https://cf.bstatic.com/xdata/images/hotel/square600/552652773.webp?k=23d84ce2ec75491c002d1e848ae600fab29bdd85442c1d2f665c0f6ae9a06875&o=
30,Cottage 23,,9.1,9.1,,,,,,https://www.booking.com/hotel/lk/cottage-23.en-gb.html,https://cf.bstatic.com/xdata/images/hotel/square600/390593191.webp?k=635a31efad1b3ee4fa28e5e4e612e3033b3b5885fe1498d8327d7634f8637cef&o=
31,Hotel Blue Sky,,7.1,7.1,7.483327,80.353127,,,,https://www.booking.com/hotel/lk/hotel-blue-sky.en-gb.html,https://cf.bstatic.com/xdata/images/hotel/square600/280629485.webp?k=a3ebab0ff65258beb2e8e63059f909414c487634e7a06d1d777b8ac1adcf2ee2&o=
32,JHome,,10.0,10.0,,,,,,https://www.booking.com/hotel/lk/jhome.en-gb.html,https://cf.bstatic.com/xdata/images/hotel/square600/799074765.webp?k=3efae8f5af690be5d08a5cf2fc43c62d963350cb1ca03fe70808df7589be54d9&o=
33,Mangala Lodge,,8.8,8.8,,,,,,https://www.booking.com/hotel/lk/mangala-lodge.en-gb.html,https://cf.bstatic.com/xdata/images/hotel/square600/459901393.webp?k=279ec98dc582fd1cccbc43cae8f0678106214d082a312967a7a1ac7154cc4f69&o=
34,Tiny Villa Homestay - Only For Foreign Bookings,,9.4,9.4,,,,,,https://www.booking.com/hotel/lk/tiny-villa-homestay-only-for-foreign-bookings.en-gb.html,https://cf.bstatic.com/xdata/images/hotel/square600/817475628.webp?k=65f43902db28fefea9395ebe8c09997a67ffe03e9208dcbb07d0bcde3dfcf44f&o=
35,RK care green homestay - Only For Foreign Bookings,,6.7,6.7,,,,,,https://www.booking.com/hotel/lk/rk-care-green-homestay-only-for-foreign-bookings.en-gb.html,https://cf.bstatic.com/xdata/images/hotel/square600/835959403.webp?k=8e68739efd4cc300dc0661ea6652308f680302a164b7487cb9ac0ea6a851455e&o=
36,Ancoombra Tea Estate Bungalow,,9.7,9.7,7.43853,80.563384,,,,https://www.booking.com/hotel/lk/ancoombra-tea-estate-bungalow.en-gb.html,https://cf.bstatic.com/xdata/images/hotel/square600/106398111.webp?k=64deeb8e2f19a173c72eec067335e114feab2c2509518bc59c25bd17bfece4e1&o=
37,Premium Cottages B&B,,7.4,7.4,7.492636,80.343571,,,,https://www.booking.com/hotel/lk/premium-cottages-b-b.en-gb.html,https://cf.bstatic.com/xdata/images/hotel/square600/585002416.webp?k=a3802261b3f3520260b2f616e60b87662eb283264996be1986b7b7a6118a53aa&o=
38,"Royal Lion Hotel - Kandy Road, Galagadara",,9.2,9.2,,,,,,https://www.booking.com/hotel/lk/royal-lion-hotel-kandy-road-galagadara.en-gb.html,https://cf.bstatic.com/xdata/images/hotel/square600/711737439.webp?k=9cde3cccd0c6630ef1a75095d7e8a825d436f5efe74de5d4445ea0f05ba4a4e9&o=
39,V Resorts The Village,"Located within 11 miles of Kandy Royal Botanic Gardens and 11 miles of Kandy City Center Shopping Mall, V Resorts The Village has rooms with air conditioning and a private bathroom in Galagedara.",,,7.372967,80.524693,Galagedara,,,https://www.booking.com/hotel/lk/v-resorts-the-village.en-gb.html,https://cf.bstatic.com/xdata/images/hotel/square600/630713293.webp?k=96a5be6797ceb9596d7626e8ac1f92eee7612b1255fc50809ab7b181d7523cab&o=
40,The Dimora Residence,"The Dimora Residence offers accommodations in Kurunegala, 27 miles from Kandy Royal Botanic Gardens and 28 miles from Kandy Train Station. Guests staying at this guest house have access to a balcony.",,,7.487046,80.364908,Kurunegala,,,https://www.booking.com/hotel/lk/the-dimora-residence.en-gb.html,https://cf.bstatic.com/xdata/images/hotel/square600/842377635.webp?k=375dee22350ad4ed3a2511d8a0a6fd3505e9afa260181a009d8fd1e90f781aaa&o=
41,Saragama Apartment,"Saragama Apartment is located in Kurunegala, just 28 miles from Kandy City Center Shopping Mall and 29 miles from Bogambara Stadium.",,,7.487046,80.364908,Kurunegala,,,https://www.booking.com/hotel/lk/saragama-apartment.en-gb.html,https://cf.bstatic.com/xdata/images/hotel/square600/535282226.webp?k=9ad7b637c13a2a7112b44132dfc0627fd370ada11c36542f634438a8fc29d53d&o=
42,kurunegala deco apartement,"Kurunegala deco apartement offers accommodations in Kurunegala, 28 miles from Kandy Royal Botanic Gardens and 28 miles from Kandy City Center Shopping Mall.",,,7.487046,80.364908,Kurunegala,,,https://www.booking.com/hotel/lk/kurunegala-deco-apartement.en-gb.html,https://cf.bstatic.com/xdata/images/hotel/square600/648199535.webp?k=2ce2602ef813df75fcb0c6cab57900953e73d6e3b1c902d5451a3596be1b4e22&o=
43,The Los t paradise - Rambukewela,,9.0,9.0,,,,,,https://www.booking.com/hotel/lk/the-los-t-paradise-rambukewela.en-gb.html,https://cf.bstatic.com/xdata/images/hotel/square600/725757115.webp?k=1521dba4887eb2b2bde2c781cc47acffc6b8de1d4165e23445d378b9fd65e50f&o=
44,Induwara Arana,,7.1,7.1,,,,,,https://www.booking.com/hotel/lk/induwara-arana.en-gb.html,https://cf.bstatic.com/xdata/images/hotel/square600/633944122.webp?k=4a8daa6b6de7c540c21250b985e7b7921a5a7530cd8fcb2de055406d8c86544c&o=
45,The Flame Tree Estate & Hotel,,9.8,9.8,,,,,,https://www.booking.com/hotel/lk/the-flame-tree-estate-hotel.en-gb.html,https://cf.bstatic.com/xdata/images/hotel/square600/218746733.webp?k=5762980137e7450b00b4e4e5749682e643559c5a3bb67c94f15b6cf4edb8c0f2&o=
46,Silver Hill Ecovillage,,9.3,9.3,,,,,,https://www.booking.com/hotel/lk/silver-hill-ecovillage.en-gb.html,https://cf.bstatic.com/xdata/images/hotel/square600/483274216.webp?k=ee6daeae6839bd98c79be75e10b69f476a47334b0e4e243e46a68ddcbc7ff983&o=
47,Saragama Holiday Resort,,6.5,6.5,,,,,,https://www.booking.com/hotel/lk/saragama-holiday-resort.en-gb.html,https://cf.bstatic.com/xdata/images/hotel/square600/420016867.webp?k=07a7898f595be41987738b9b63eaca0235ce6b9094be14209023ffac7ec981c8&o=
48,Rambukkana Vacation Hideaway,,5.5,5.5,,,,,,https://www.booking.com/hotel/lk/rambukkana-vacation-hideaway.en-gb.html,https://cf.bstatic.com/xdata/images/hotel/square600/648259472.webp?k=d435582a692233397085e5aa6d08dcb794db2ce6885c224d6dad34df945245b3&o=
49,The Forest villa,,10.0,10.0,,,,,,https://www.booking.com/hotel/lk/the-forest-villa.en-gb.html,https://cf.bstatic.com/xdata/images/hotel/square600/847769955.webp?k=8855d67541cde515a353cc730dba8c99d78795c7d76c9a36d1c95bf90dee9602&o=
50,Hotel Surasa,,5.4,5.4,,,,,,https://www.booking.com/hotel/lk/hotel-surasa.en-gb.html,https://cf.bstatic.com/xdata/images/hotel/square600/269022484.webp?k=70f45f1feb0c753e7ebd5a75e5328bda9d7baa569651bda6519ebad7b985f03d&o=
51,Pinna Flower Homestay Cabana,,9.3,9.3,,,,na,,nan,https://cf.bstatic.com/xdata/images/hotel/square600/702881394.webp?k=f9a986a8b9a220ccf1aac31470eaaf96c846b8d0f79c2dd4557d9f1499334851&o=
52,ACRE By Ress,"ACRE By Ress is located in Galagedara, just 10 miles from Kandy Royal Botanic Gardens and 10 miles from Kandy City Center Shopping Mall.",,,7.372967,80.524693,Galagedara,na,,nan,https://cf.bstatic.com/xdata/images/hotel/square600/590417302.webp?k=a379ef9ca9c2a3769a65c5a56b0d05f7b4f20b588bbc2d0f9a5dc13bc75dbf14&o=
53,Coco forest camping,"Located in Kurunegala, Coco forest camping has a garden, restaurant and free WiFi throughout the property. There is free private parking and the property has paid airport shuttle service.",,,7.487046,80.364908,Kurunegala,na,,nan,https://cf.bstatic.com/xdata/images/hotel/square600/825190867.webp?k=31fa4fe3c36b6600851bd8f5c242aeac07418275bd5c46f83b2063b6f28f2483&o=
54,Villa Labugolla,,8.3,8.3,,,,na,,nan,https://cf.bstatic.com/xdata/images/hotel/square600/438558395.webp?k=8e6c05f79b210361207d6f18832b16b2a1ab44bd98fdf95a76915d1dbbc1e35b&o=
55,Green Acres Leisure Resort & Spa,,9.3,9.3,,,,na,,nan,https://cf.bstatic.com/xdata/images/hotel/square600/344967725.webp?k=14e210202e453c1dc0f5f436180f1646a59414e34ab2db69010606399d346694&o=
56,Rivendell Twisted Tree,,9.5,9.5,,,,na,,nan,https://cf.bstatic.com/xdata/images/hotel/square600/589223466.webp?k=572cf47826b93a3e775a132198a2d8e9cd45449fdf45023b20e1ac32d78413cd&o=
57,"Jetwing Wahawa Walauwa, A Luxury Reserve","Located in Rambukkana, 21 miles from Kandy Royal Botanic Gardens, Jetwing Wahawa Walauwa, A Luxury Reserve provides accommodations with an outdoor swimming pool, free private parking and a garden.",,,7.323927,80.395748,Rambukkana,na,,nan,https://cf.bstatic.com/xdata/images/hotel/square600/651456320.webp?k=ae8c1d47f118818da1fc05d9afe8af3ebd31c4e548f7b8ad8fc583ff06dd3f84&o=
58,Elephant vale,"Located in Kegalle, within 19 miles of Kandy Royal Botanic Gardens and 22 miles of Kandy Train Station, Elephant vale provides accommodations with a garden as well as free private parking for guests...",,,7.113445,80.32174,Kegalle,na,,nan,https://cf.bstatic.com/xdata/images/hotel/square600/725930777.webp?k=a6388af8f7eddd90351c2805b96ba1eee7884e6ce97a2fa4f748617b41684b5c&o=
59,Coffee Cabanas,"Located in Matale, 13 miles from Kandy City Center Shopping Mall, Coffee Cabanas provides accommodations with a garden, free private parking and a restaurant.",,,7.698211,80.660908,Matale,na,,nan,https://cf.bstatic.com/xdata/images/hotel/square600/845818773.webp?k=3fee01ae23102cf6a78036748bcca1a90d2c08557e629f66d09a8f2ef96f2ad1&o=
60,Elephant Lovers Inn,,9.4,9.4,,,,na,,nan,https://cf.bstatic.com/xdata/images/hotel/square600/246946210.webp?k=7d61a68f1b57e8e1e28b81ab291606c935de7e6909bd84b1bf7a94b751473c3f&o=
61,GG hotel Kandy,"GG hotel Kandy offers accommodations in Nagolla, 15 miles from Kandy Train Station and 16 miles from Kandy Museum.",,,7.088851,81.022673,Nagolla,na,,nan,https://cf.bstatic.com/xdata/images/hotel/square600/715663869.webp?k=81f61dda172c0b0787cc2817749e40fd72971d12744c82333e28070e58a437ee&o=
62,Ayurveda Colonial Mansion,,9.2,9.2,,,,na,,nan,https://cf.bstatic.com/xdata/images/hotel/square600/774292313.webp?k=1c473b832b7cb6c6a8a4a7c265949683bf06fab0dca6c3d98febbb29be6cd2f6&o=
63,Hilltop Retreat Matale,,9.7,9.7,,,,na,,nan,https://cf.bstatic.com/xdata/images/hotel/square600/478005449.webp?k=25655486c2f0087155d459664b7f7aa899d33ff59067324e4f5c5ad9bb81e68e&o=
64,Man Mountain Villa,,7.4,7.4,,,,na,,nan,https://cf.bstatic.com/xdata/images/hotel/square600/233457403.webp?k=b39741a42affcc52b04f57607fd1e1657724fec5c03e6c2262cda1f4fae9e843&o=
65,Ranketha Hideout Resorts,,7.3,7.3,,,,na,,nan,https://cf.bstatic.com/xdata/images/hotel/square600/844088147.webp?k=3cdc054056072828c581b1542ed03ecd5006c5c78965b19ed8a9bad7f661b7a9&o=
66,Relax Home,,6.3,6.3,8.35878,80.515251,,na,,nan,https://cf.bstatic.com/xdata/images/hotel/square600/122984414.webp?k=3d6475804a588c66179c128d260097d4b1608550616589fbc10ecb145067bd28&o=
67,Pearl's Homestay Matale,,9.5,9.5,,,,na,,nan,https://cf.bstatic.com/xdata/images/hotel/square600/429140622.webp?k=a31c5efbe3a8e51cb3c4e1849412bf0efad03506ca8d855fa531bf039dc1611a&o=
68,DDC Sweet home,"DDC Sweet home is located in Medawala, just 8.6 miles from Kandy City Center Shopping Mall and 9 miles from Bogambara Stadium.",,,7.357158,80.565789,Medawala,na,,nan,https://cf.bstatic.com/xdata/images/hotel/square600/791198511.webp?k=277ed129bea743eb5dd94e81768300e718953fb29917aad67b6fa8e5f8416bca&o=
69,Avastar Hotel & Restaurant,"Located in Rambukkana, 20 miles from Kandy Royal Botanic Gardens, Avastar Hotel & Restaurant provides accommodations with a garden, free private parking, a restaurant and a bar.",,,7.323927,80.395748,Rambukkana,na,,nan,https://cf.bstatic.com/xdata/images/hotel/square600/833420909.webp?k=56dc4bc0c34d185469ee34c6c782905284b41540a0a193a9f8e49427a6a8f4ca&o=
70,The Pinnacle Life,"Offering a garden, The Pinnacle Life offers accommodations in Matale. This property offers access to a terrace and free private parking.",,,7.698211,80.660908,Matale,na,,nan,https://cf.bstatic.com/xdata/images/hotel/square600/731772649.webp?k=b39e9b2877af135e85dbeddb6dab9b1017589e7c67afc2cb234c675c5c4e0557&o=
71,The Pinnacle Life,"Featuring garden views, The Pinnacle Life in Matale features accommodations and a garden. This property offers access to a terrace, free private parking, and free Wifi.",,,,,,na,,nan,https://cf.bstatic.com/xdata/images/hotel/square600/788430665.webp?k=430bb7330a4a4f09eb9de36d0e0180bffce34d32af8e39ff2e6d22c4ecd351a1&o=
72,Hotel & Restaurant Chingari Pinnawala,"Hotel & Restaurant Chingari Pinnawala is located in Rambukkana, just 20 miles from Kandy Royal Botanic Gardens and 23 miles from Kandy Train Station.",,,7.323927,80.395748,Rambukkana,na,,nan,https://cf.bstatic.com/xdata/images/hotel/square600/825612613.webp?k=7af6b7dfa20a2fdc570a5697f43ff150c3b772ceadf735317f5450827b0b7e8f&o=
73,Walawwa Matale,,8.0,8.0,,,,na,,nan,https://cf.bstatic.com/xdata/images/hotel/square600/811532590.webp?k=46b853d0541993c38b7ff5e9ba6fe05ee879d40d31a2f113ed948adbbd36b9e7&o=
74,White House Family Stay,,2.0,2.0,,,,na,,nan,https://cf.bstatic.com/xdata/images/hotel/square600/598534067.webp?k=57d8acf2126e3270f21e5a00280367feedb152939bd4d3a8a25218b24273f2a6&o=
75,Aarunya Nature Resort - Kandy,,9.4,9.4,,,,na,,nan,https://cf.bstatic.com/xdata/images/hotel/square600/559010191.webp?k=19a5334de1f49b76f8a07f26372482d682a8e6bbf512eaa2fe937cf5214b2204&o=
76,Galagoda Mansion,"Offering a garden, Galagoda Mansion offers accommodations in Matale. This property offers access to a terrace, free private parking, and free Wifi.",,,7.698211,80.660908,Matale,na,,nan,https://cf.bstatic.com/xdata/images/hotel/square600/636665011.webp?k=08bcb79d238e88ab7c7ca32c69a13616ae5eebbd8b077c537c7430af416fd447&o=
77,Irene's Home,,9.0,9.0,,,,na,,nan,https://cf.bstatic.com/xdata/images/hotel/square600/461923749.webp?k=01ee5431b685ca7cb61ff6ced86c5aa7befa5132ac396e884b02b9c3b2112df0&o=
78,Redbana village,"Redbana village offers accommodations in Matale, 14 miles from Kandy Train Station and 15 miles from Kandy Museum.",,,7.698211,80.660908,Matale,na,,nan,https://cf.bstatic.com/xdata/images/hotel/square600/684712901.webp?k=c944fd9aa94744b07bcbb9ad4761080cfb796cd3fb90cb8697f019e569a3a1f5&o=
79,The Euro Lounge,"Located in Rambukkana, 20 miles from Kandy Royal Botanic Gardens, The Euro Lounge provides accommodations with a garden, free private parking, a terrace and a restaurant.",,,7.323927,80.395748,Rambukkana,na,,nan,https://cf.bstatic.com/xdata/images/hotel/square600/819570435.webp?k=b7e69c3da7802cf3598f8994ec4814e4fe0ea439c51021245f0b35492efc9a74&o=
80,Clover Grange Home Stay,,6.9,6.9,,,,na,,nan,https://cf.bstatic.com/xdata/images/hotel/square600/353208676.webp?k=2b4ef41b32c9081168c8baf23728e8b03ad6b85c7321d889e61c582b655c7fa3&o=
81,Galagoda Walawwa,,8.0,8.0,,,,na,,nan,https://cf.bstatic.com/xdata/images/hotel/square600/379889527.webp?k=caeb1fe4117ed01c3831de674ec7dbca8b879a703ba2ccd006414180228f7c9b&o=
82,Lekham Walauwa,,9.7,9.7,,,,na,,nan,https://cf.bstatic.com/xdata/images/hotel/square600/602635953.webp?k=2bdbbaab6a587d12b6db08bf2d81e7e21cc7bdea937859ceb807088b299cead4&o=
83,The Grand Mountain Hotel,,6.6,6.6,7.455934,80.62816,,na,,nan,https://cf.bstatic.com/xdata/images/hotel/square600/617951165.webp?k=a2c3c6b35ee1f6b9b9b4a12f9b35377044bf3191552a4ff2aea6c6ab40040b33&o=
84,Power Zone Guest House,,6.8,6.8,,,,na,,nan,https://cf.bstatic.com/xdata/images/hotel/square600/160678459.webp?k=a6fd219bce26745614d52fdebf6ee5a5780057e7b4c349f830268e460ac4aeaa&o=
85,Kakulanda Resort,,6.3,6.3,,,,na,,nan,https://cf.bstatic.com/xdata/images/hotel/square600/505354633.webp?k=d9b96363336af5d0c520dfa034901fecfab79f0041a718dd6841f445a2aa2889&o=
86,Delma Mount View Hotel Kandy,,6.5,6.5,7.334197,80.567579,,na,,nan,https://cf.bstatic.com/xdata/images/hotel/square600/770863524.webp?k=c087caca5859b86b44230204388b993b110f70832f398ede73c5c4f2c49e3331&o=
87,Pinnawala Grand Villa,,5.3,5.3,,,,na,,nan,https://cf.bstatic.com/xdata/images/hotel/square600/533368995.webp?k=df245131f18326a35a79f7d3c1caff4bd5565b226abcd649705e3767921a1e00&o=
88,"King Elephant, Homestay Pinnawala",,10.0,10.0,,,,na,,nan,https://cf.bstatic.com/xdata/images/hotel/square600/653368379.webp?k=0d07da150b389fc2f7e44c5193ca5f3bdd7423f55ed3dae110578a980dba1664&o=
89,HA Homes,"HA Homes is located in Matale, just 16 miles from Kandy City Center Shopping Mall and 17 miles from Bogambara Stadium. This property offers access to a balcony, free private parking, and free Wifi.",,,7.698211,80.660908,Matale,na,,nan,https://cf.bstatic.com/xdata/images/hotel/square600/807071089.webp?k=339b7a869c07dcba3502f1fa0fa559375c0ed5476c8a31c103be86da84cd9c80&o=
90,Aluvihare Residence,,8.9,8.9,,,,na,,nan,https://cf.bstatic.com/xdata/images/hotel/square600/824640829.webp?k=b7b1c36fc1c17d87f7e82ce04ec506450a915e1619f14951358cbcfe52713098&o=
91,Ama Residence,,8.3,8.3,,,,na,,nan,https://cf.bstatic.com/xdata/images/hotel/square600/417163785.webp?k=37dee6a79761e0def2c7d48a00209789d0db0651e9dfe3a3ff14019a2dac8ce4&o=
92,Elephant Trio Hotel,This property offers access to a terrace and free private parking. Towels and bed linen are provided in the guest house. Sigiriya Airport is 29 miles away.,,,,,,na,,nan,https://cf.bstatic.com/xdata/images/hotel/square600/716952825.webp?k=ca5e25d5547197a2282a97654ff25cb6a0d75917b67e59a149a7262e442fd96c&o=
93,"Home Stay in Aluwiharaya, Matale","Home Stay in Aluwiharaya, Matale is located in Kanangamuwa, just 17 miles from Kandy City Center Shopping Mall and 18 miles from Bogambara Stadium.",,,,,Kanangamuwa,na,,nan,https://cf.bstatic.com/xdata/images/hotel/square600/845034078.webp?k=598b848cdd77e6a46401f88ce04a0a3d52c807cce5c1aae69a9b1259decf8121&o=
94,Sir Johns Bungalow,"Sir Johns Bungalow has a garden, shared lounge, a terrace and restaurant in Matale. With free WiFi, this 1-star hotel offers free shuttle service and a 24-hour front desk.",,,7.698211,80.660908,Matale,na,,nan,https://cf.bstatic.com/xdata/images/hotel/square600/682678223.webp?k=d84136b626b4d14b1dd9977305f5bca2a510f995978ea9823ca3dca0adfc1e60&o=
95,Hotel Spring View,,5.2,5.2,7.506123,80.62179,,na,,nan,https://cf.bstatic.com/xdata/images/hotel/square600/288116651.webp?k=22e797ea08835c2c22012e63e53a79c6b45994f9de9ddf478b68d28db5d7175f&o=
96,Mahaweli Holiday Bunglow,"Mahaweli Holiday Bunglow offers accommodations in Matale, 19 miles from Kandy Train Station and 20 miles from Kandy Museum.",,,7.698211,80.660908,Matale,na,,nan,https://cf.bstatic.com/xdata/images/hotel/square600/820939271.webp?k=7e180d00392a021319b2a7d77c1b47536560f011bb18d8eecd4c6203eb36a318&o=
97,NK Hotel and Restaurant,,9.0,9.0,,,,na,,nan,https://cf.bstatic.com/xdata/images/hotel/square600/790096292.webp?k=533cf3558aca2d8d70a3ea4b702ba5d42de4b9ed5c6ee1dec75cf60c558fb53c&o=
98,A&B Events Guest,,7.9,7.9,,,,na,,nan,https://cf.bstatic.com/xdata/images/hotel/square600/99858321.webp?k=7852d74a918227c037e044a7ae4637ae977ba8420c9331f2a713b44210509e57&o=
99,White House Holiday Resort,,3.2,3.2,6.720302,80.397656,,na,,nan,https://cf.bstatic.com/xdata/images/hotel/square600/756588565.webp?k=0a3b4a79bc3ec0d25473a0a34a8ce2790ef3f54d867690104ceadcf4f0c07ad3&o=
100,Ceylon Elegance Villa,,7.5,7.5,,,,na,,nan,https://cf.bstatic.com/xdata/images/hotel/square600/799177121.webp?k=0f3347e66005b41b3612b54c76da815830a743a9f804ac95f0870725233d741b&o=
101,Lakeside Retreat Eco Luxury Villa with Private Pool in Kurunegala,,10.0,10.0,,,,na,,nan,https://cf.bstatic.com/xdata/images/hotel/square600/784392759.webp?k=e155641f390959ef23adc6ded73a63a9288c44f37153c0cf03e5e9071d670f30&o=
102,Riverston view hostel,,4.6,4.6,,,,na,,nan,https://cf.bstatic.com/xdata/images/hotel/square600/828037112.webp?k=67278b6a1d64c108d13a7ecedd5a4afdff103daf458b6e3ce3e1b9c3d26791f3&o=
103,"Nawagamuwa Estate Villa, Pinnawela Rambukkana","Located 21 miles from Kandy Royal Botanic Gardens, Nawagamuwa Estate Villa, Pinnawela Rambukkana offers a garden, a shared lounge and air-conditioned accommodations with a terrace and free WiFi.",,,,,,na,,nan,https://cf.bstatic.com/xdata/images/hotel/square600/805155765.webp?k=21d134c2226d7581684de5f897825db55baa629d676eba51e807da200370747e&o=
104,Estancia Holiday Bungalow,,8.2,8.2,,,,na,,nan,https://cf.bstatic.com/xdata/images/hotel/square600/175912273.webp?k=8c2ed09b74cc74666b5535c7c0f8ef273856138654668b0c986819d097a49732&o=
105,Amore Resorts,"Located in Kobbekaduwa, 6.4 miles from Kandy Royal Botanic Gardens, Amore Resorts provides accommodations with an outdoor swimming pool, free private parking, a garden and a shared lounge.",,,6.907704,79.874051,Kobbekaduwa,na,,nan,https://cf.bstatic.com/xdata/images/hotel/square600/528798122.webp?k=03d8d348e487e7ab8d4f3726461753f86977a3275c7426e6fb249136d095e61d&o=
106,Modern 5BR BathTub MoviRoom RoofTop Cook NatureViews Ella Kandy Train,,9.8,9.8,,,,na,,nan,https://cf.bstatic.com/xdata/images/hotel/square600/736446341.webp?k=5113c6d93ef3f2d100635767f7fcd27954b298dabe471b5c89a1c75ef8055260&o=
107,Paradise Itzu,,9.1,9.1,,,,na,,nan,https://cf.bstatic.com/xdata/images/hotel/square600/651851918.webp?k=5959218c96b36cfbc15080638fc747214ecab6508476c03339a5a78c12f822ee&o=
108,Meeyan Ella Rest,,8.0,8.0,,,,na,,nan,https://cf.bstatic.com/xdata/images/hotel/square600/636594238.webp?k=6aefa92f29b72ec0342693e4daf0c4cac1ed464c186bdd666def8ceef0784b4c&o=
109,Lucky Home Stay,"Lucky Home Stay is located in Matale, just 13 miles from Kandy City Center Shopping Mall and 14 miles from Bogambara Stadium. This vacation home provides free private parking and free Wifi.",,,7.698211,80.660908,Matale,na,,nan,https://cf.bstatic.com/xdata/images/hotel/square600/730012536.webp?k=ec99bd22faf653b2cb32d04272460e5f9fb692c0443e0fe7ef9c47f6616590c2&o=
110,Villa Milla Walauwa,,8.7,8.7,,,,na,,nan,https://cf.bstatic.com/xdata/images/hotel/square600/513529198.webp?k=4a781670ef7ca5d47b6cb11defb690646a55051f817843d73a96f65cb55711ba&o=
111,Coco Eco Lodge,,9.6,9.6,,,,na,,nan,https://cf.bstatic.com/xdata/images/hotel/square600/412418991.webp?k=c073020585e45f134558aa112d6c1b4162b2d864f0ecd19bd0802490f47b7745&o=
112,Mangi's Tranquil Bangalows,,10.0,10.0,,,,na,,nan,https://cf.bstatic.com/xdata/images/hotel/square600/827831315.webp?k=d72011e0d0cac81bbe9a6a167566f3653efcd1982545b21232c511334859c784&o=
113,Villa Pinnawala,,8.1,8.1,7.315413,80.392164,,na,,nan,https://cf.bstatic.com/xdata/images/hotel/square600/148547239.webp?k=ea557016e49031f32ff0df27e9d120da7bf112a612bfec84575e355c5163563c&o=
114,Peacock Village Pinnawala - Offer Alert! Elephant Welfare Program,,9.3,9.3,,,,na,,nan,https://cf.bstatic.com/xdata/images/hotel/square600/484789656.webp?k=4b5acc413d31439122e830a4af4f52292cad3a08aca8021bd96db00b093ff7d0&o=
115,Cafe Pinnalanda,,8.2,8.2,,,,na,,nan,https://cf.bstatic.com/xdata/images/hotel/square600/88770025.webp?k=ef408157cd1eb8d109e8d52569e6c8e9f74667c8e6d36c103e62cb8ea97195dc&o=
116,The Love Home Stay - Pinnawala,,9.7,9.7,,,,na,,nan,https://cf.bstatic.com/xdata/images/hotel/square600/813531522.webp?k=296bedff5ca4c5fcaaa9c5b980ae2e14bd9b85e7756a4173356f19eb20738d14&o=
117,Cafe Pinnalanda Rooms,,8.0,8.0,,,,na,,nan,https://cf.bstatic.com/xdata/images/hotel/square600/594753305.webp?k=17bab1eb747169202b5f271ee15d520af187b47594ab7f6cf5d76f093cb70367&o=
118,Wooden Eco Cottage,,9.6,9.6,,,,na,,nan,https://cf.bstatic.com/xdata/images/hotel/square600/700404275.webp?k=74fc35df35792cd1109350d0e9453441cc4caa3895867d99a15b54b01ef950c0&o=
119,Suwani Pinnawala Homestay,,9.3,9.3,,,,na,,nan,https://cf.bstatic.com/xdata/images/hotel/square600/656228836.webp?k=8611dd5b2b7303742d2a0650006c66fd0cbcc149cf2931222d47875761b9add2&o=
120,Sky Bliss By Mahaweli,,7.8,7.8,,,,na,,nan,https://cf.bstatic.com/xdata/images/hotel/square600/609325071.webp?k=02c20f7bbe73c5a41b614ccb639df8f5a8fbc4e1af7e0d248a66dbcb29cf8dac&o=
121,Rock Garden Villa Pinnawala,,9.2,9.2,,,,na,,nan,https://cf.bstatic.com/xdata/images/hotel/square600/647652352.webp?k=e643e3ab032e73fc9b82addb5ab56f4ae6952f6f1930dd87d1211d8e851fdca7&o=
122,Green Land Guest House,,7.4,7.4,7.300492,80.385455,,na,,nan,https://cf.bstatic.com/xdata/images/hotel/square600/59145677.webp?k=daeae5dab797f932940d3f09d4d03d0a8fb034c360439e72c4d203f665c4a965&o=
123,Elepath Lodge Pinnawala,,8.4,8.4,,,,na,,nan,https://cf.bstatic.com/xdata/images/hotel/square600/745755973.webp?k=4d61ddce6640ae49aa81eccb040a0db6b6902b7bc34fc5180bec436200ded2e6&o=
124,Hotel Pinnalanda - NEW DEAL! Exclusive Offers on Pickups Available!,,8.3,8.3,,,,na,,nan,https://cf.bstatic.com/xdata/images/hotel/square600/189060519.webp?k=aa6d28593a9faa3fe1fd2659fd70d4fed8325ab4f9c2b0cf5eb187c107f233e4&o=
125,Hotel Elephant Park - NEW DEAL! Exclusive Offers on Pickups Available!,,8.8,8.8,,,,na,,nan,https://cf.bstatic.com/xdata/images/hotel/square600/472707196.webp?k=11a8dcc948aa4c40ac03809b97d6af40fbee16c3aee49400bed5b4a2c6e8cd1b&o=
126,Hotel Elephant Bay,,8.0,8.0,7.300025,80.385032,,na,,nan,https://cf.bstatic.com/xdata/images/hotel/square600/323329476.webp?k=40523880424267f29defab8e29fe958d186be1b281ee60debe5ebe360cdc75d0&o=
127,Pinnawala Elephant Front View Hotel,,8.4,8.4,,,,na,,nan,https://cf.bstatic.com/xdata/images/hotel/square600/639595827.webp?k=bb3911981bc2d49ab23c936dec321da1952549a2c9db7c76b087fdf13910b9b0&o=
128,Ma-Oya Retreat,"Located 21 miles from Kandy Royal Botanic Gardens, Ma-Oya Retreat offers 3-star accommodations in Andiramada and has a garden.",,,,,,na,,nan,https://cf.bstatic.com/xdata/images/hotel/square600/849517296.webp?k=b7e09863d542377e390af61c279ce60599b0c8e5a81c0c7c2e0cee5d680aa201&o=
129,The Secret Place Hotel & Resort,"Located in Kandy, 6.2 miles from Kandy City Center Shopping Mall, The Secret Place Hotel & Resort provides accommodations with an outdoor swimming pool, free private parking, a garden and a terrace.",,,7.293121,80.635036,Kandy,na,,nan,https://cf.bstatic.com/xdata/images/hotel/square600/817591830.webp?k=b01eb9606614118f633acaeab486fe6e487098331e8f44b4e34612d27aeb810f&o=
130,Green Villa Matale,"Providing a garden, Green Villa Matale provides accommodations in Palapatwela. This property offers access to a terrace and free private parking.",,,,,Palapatwela,na,,nan,https://cf.bstatic.com/xdata/images/hotel/square600/779423815.webp?k=8e3f9f4ead4a6326f724bdbc1ea8c0857e6988362a333812c34c4d3787951d4f&o=
131,Hotel Dilshani,,1.0,1.0,,,,na,,nan,https://cf.bstatic.com/xdata/images/hotel/square600/741450388.webp?k=aa79b0b264c51ec80e9e2965b58bab0a4cbe69a9ac983ec5d24c1811ebfc11d5&o=
132,Tepraas Matale,"Offering a garden, Tepraas Matale features accommodations in Palapatwela. There's a private entrance at the villa for the convenience of those who stay.",,,,,Palapatwela,na,,nan,https://cf.bstatic.com/xdata/images/hotel/square600/762009542.webp?k=ecdd15ee84361dc2ec49dfe6f5ff92e76dd8c74f1755a1ce5d7ad1896a817264&o=
133,Heaven Palace,,10.0,10.0,,,,na,,nan,https://cf.bstatic.com/xdata/images/hotel/square600/521115363.webp?k=abd94d06c74b2ad534618f9c9d9ac7089b605af99ca604fd5c89ade48d190f76&o=
134,Knuckles View Hotel,,10.0,10.0,,,,na,,nan,https://cf.bstatic.com/xdata/images/hotel/square600/684024684.webp?k=e25ae194e8d21e74c63a1a0900684397c01d774c0a6a88eba3d845b9bc1aff92&o=
135,Udugama Walawwa,"20 miles from Kandy City Center Shopping Mall in Matale, Udugama Walawwa features accommodations with access to a hot tub. With mountain views, this accommodation offers a terrace.",,,7.698211,80.660908,Matale,na,,nan,https://cf.bstatic.com/xdata/images/hotel/square600/801327553.webp?k=2b7409bd22216d9af0a9621c00288f99bb8f69c3e30eaa58fe836d9f4bcb9803&o=
136,Sith Meadow View Bungalow,"Sith Meadow View Bungalow offers accommodations in Palapatwela, 20 miles from Kandy City Center Shopping Mall and 20 miles from Bogambara Stadium.",,,,,Palapatwela,na,,nan,https://cf.bstatic.com/xdata/images/hotel/square600/771029679.webp?k=cb9e1f50474faaa1d12fac6cfca793b3cc15e13966f2301845bb07446c829391&o=
137,Kobbekaduwa Bungalow,,9.0,9.0,,,,na,,nan,https://cf.bstatic.com/xdata/images/hotel/square600/742338802.webp?k=233d2a9230891d8e2393cd4470ccdbf2a8a569b88dccc2b862dbeeac8aac777e&o=
138,Hillcrest Bungalow,"Hillcrest Bungalow offers accommodations in Matale, 18 miles from Kandy Train Station and 19 miles from Kandy Museum.",,,7.698211,80.660908,Matale,na,,nan,https://cf.bstatic.com/xdata/images/hotel/square600/849192984.webp?k=b7e4e51ea1e22e51430ab8af86720e888acec4a61d7d0667111e7606d3821d8a&o=
139,Alfred Colonial Bungalow & Spice Garden,,8.6,8.6,,,,na,,nan,https://cf.bstatic.com/xdata/images/hotel/square600/210849221.webp?k=c62b71bcfc04246f3960ebdf285666f78750cd96ea9666f7ba7a595ffb22b132&o=
140,Elephant Heritage Pinnawala by Moon Isle,,9.5,9.5,,,,na,,nan,https://cf.bstatic.com/xdata/images/hotel/square600/762719084.webp?k=f1afc951a59399db9b933439e3d67e7dc76c26d26435498d19aabf39a9c5de36&o=
141,Me-Family,,8.4,8.4,,,,na,,nan,https://cf.bstatic.com/xdata/images/hotel/square600/376406346.webp?k=d2a73d84a1ace26a36e949d6b9baa7b25711ce685f2c9bb79ac72d5d6ffdb918&o=
142,Tree of Life Nature Resort,,7.4,7.4,,,,na,,nan,https://cf.bstatic.com/xdata/images/hotel/square600/848740158.webp?k=8e37bb26219ff05a80fc69662b36b076c4fb41f849da3fddfadaf2e930ced962&o=
143,Diyagal Villa,,6.0,6.0,,,,na,,nan,https://cf.bstatic.com/xdata/images/hotel/square600/467575182.webp?k=5028d68002e503d8d3c80addfae3a3ccf390c86f60de1edb724142b2756aa2d9&o=
144,river edge bungalow,,9.3,9.3,,,,na,,nan,https://cf.bstatic.com/xdata/images/hotel/square600/118271539.webp?k=d68d62a4af050dd25483270dbf6e528a86f78588ecbaa3357dea27b727594770&o=
145,The Inn At Matale,,9.7,9.7,,,,na,,nan,https://cf.bstatic.com/xdata/images/hotel/square600/177838378.webp?k=000685b066e2b237de7ba6c6e3d64ea3eeae7123ca6a6bc83892ff6e6a8837e9&o=
146,Manor House-Kandy,,8.1,8.1,7.326558,80.594481,,na,,nan,https://cf.bstatic.com/xdata/images/hotel/square600/283180941.webp?k=ad34af9d20943edf52265f1942b469cfebcbb43492042a9410b1cc2e8a0f5c68&o=
147,Mount Frenion Manor by Seven Angels Kandy,,9.4,9.4,,,,na,,nan,https://cf.bstatic.com/xdata/images/hotel/square600/683387841.webp?k=dcafad5966ec0439099e8f27b576576fefb456a07bffb09f88e15d56e7ff3f3b&o=
148,Wooden Eco Cottage,"Featuring an outdoor swimming pool, a garden, and a shared lounge, Wooden Eco Cottage provides accommodations in Katiyawa with free WiFi and mountain views.",,,,,,na,,nan,https://cf.bstatic.com/xdata/images/hotel/square600/740325158.webp?k=baceb65f3bb07200756000b0fea8d635087cd74026efaaf54f647d437857967c&o=
149,Calm Villa Kandy,,9.7,9.7,,,,na,,nan,https://cf.bstatic.com/xdata/images/hotel/square600/702832476.webp?k=32c3d3a97378020977b6c63e06d1bfc2e7aa86a9e330d151b5e1769d72c8c5f5&o=
150,Roo hills Reverston View Holiday Home,"Roo hills Reverston View Holiday Home in Matale provides accommodations with a garden and a terrace. With mountain views, this accommodation offers a balcony.",,,,,,na,,nan,https://cf.bstatic.com/xdata/images/hotel/square600/836291752.webp?k=c507fb4c8ced90cc958cde643b452f4489fe0afb29982b09bc5ec5266dc3c644&o=
151,Paradise Forest Garden,,9.2,9.2,,,,na,,nan,https://cf.bstatic.com/xdata/images/hotel/square600/699437503.webp?k=25b69323979de4f12abac4f6c6241e2802d172ed7b22ae9cd3a4f6606b771c18&o=
152,My Car Wagon R,"My Car Wagon R offers accommodations in Kandy, 10 miles from Bogambara Stadium and 11 miles from Kandy City Center Shopping Mall.",,,7.293121,80.635036,Kandy,na,,nan,https://cf.bstatic.com/xdata/images/hotel/square600/711523735.webp?k=f81c3cbcf8de57afd0ef16505d0ea0631ba08d70a5b83fa3c434455ba1b180e8&o=
153,Hotel Green Fall Kandyan,"Located in Ambatenna, 5.2 miles from Kandy City Center Shopping Mall, Hotel Green Fall Kandyan has accommodations with a garden, free private parking, a terrace and a restaurant.",,,7.350893,80.614218,Ambatenna,na,,nan,https://cf.bstatic.com/xdata/images/hotel/square600/644143534.webp?k=e84c5754c3d9a014752d8bd405c45ee7daca0d9c32e1b3bbb151638ffed31aa9&o=
154,Kandy Walawuwa Home Stay,,8.0,8.0,,,,na,,nan,https://cf.bstatic.com/xdata/images/hotel/square600/153178621.webp?k=af682613e9f99903ed49dd43d445cbd57fa6ebdc18f01858c377c9928e167943&o=
155,"Lumiere Villa, Kandy","Providing a garden, Lumiere Villa, Kandy provides accommodations in Nugawela. This property offers access to a terrace, free private parking, and free Wifi.",,,7.328329,80.587623,Nugawela,na,,nan,https://cf.bstatic.com/xdata/images/hotel/square600/825722054.webp?k=5b41944be77a22adcda82d35c863f33494c69b1c8b62e39af5d37af023786357&o=
156,B&B Nugawela,"Offering a garden, B&B Nugawela offers accommodations in Kandy. This property offers access to a terrace and free private parking.",,,7.293121,80.635036,Kandy,na,,nan,https://cf.bstatic.com/xdata/images/hotel/square600/829818113.webp?k=ca38c9145748919e29b1cd35477f3a7c693a3d1e5e6295c92ebc8fbcb1f9a7d2&o=
157,Natural flavour home stay,"Providing a garden, Natural flavour home stay provides accommodations in Katugastota. This property offers access to a terrace, free private parking, and free Wifi.",,,7.322084,80.624955,Katugastota,na,,nan,https://cf.bstatic.com/xdata/images/hotel/square600/810357066.webp?k=b7079a39adef845bec7bd2ba20f2c29bb511ad6dba0a006d08156e03c5509f8a&o=
158,Zee's Garden,"Providing a garden, Zee's Garden offers accommodations in Matale. This farm stay provides free private parking, a 24-hour front desk, and free Wifi.",,,7.698211,80.660908,Matale,na,,nan,https://cf.bstatic.com/xdata/images/hotel/square600/83171808.webp?k=3e4b624b69638d6a47ca96ef8b3d368b96c898825c2f206b7d63edcf55108e31&o=
159,Strathisla Tea Estate Bungalow,,9.5,9.5,7.443972,80.661016,,na,,nan,https://cf.bstatic.com/xdata/images/hotel/square600/77500959.webp?k=25b4691c508b6baee416dd82d5759ad7472e420e3dac6702580b29d6566e6078&o=
160,AnandaHomestay,,7.5,7.5,,,,na,,nan,https://cf.bstatic.com/xdata/images/hotel/square600/603234341.webp?k=cd97c48f7ae993f9285fe774d69c35c81a7c46616c0e04996429acd412dfabf2&o=
161,Maple House Kandy Sri Lanka,"Maple House Kandy Sri Lanka in Kulugammana provides accommodations with a garden and a terrace. This guest house features free private parking, a 24-hour front desk, and free Wifi.",,,,,,na,,nan,https://cf.bstatic.com/xdata/images/hotel/square600/835726484.webp?k=4fe05d88232eb708789f8f92c985b3d1f25c6c07d4ec0acf4d358a0ea7f03b53&o=
162,Elegant Stays Villa,,10.0,10.0,,,,na,,nan,https://cf.bstatic.com/xdata/images/hotel/square600/632559191.webp?k=43bf0e6e84537cf0c4ce958ec3b80ed71122542f741ae0d51d0be9db3bf81c7b&o=
163,Evergreen Hideout by Tequila Holidays,,9.5,9.5,,,,na,,nan,https://cf.bstatic.com/xdata/images/hotel/square600/778140916.webp?k=54f1b3a7d859da56d150bac504657bded87ef27feb75a1f69d53d9f73e49939f&o=
164,Chathu Green Heaven,"Chathu Green Heaven offers accommodations in Katugastota, 4.4 miles from Kandy City Center Shopping Mall and 4.8 miles from Bogambara Stadium.",,,7.322084,80.624955,Katugastota,na,,nan,https://cf.bstatic.com/xdata/images/hotel/square600/854977938.webp?k=45ccaa4baebbe96988062b80b341526655cd02d6484256984082c26bc48663d5&o=
165,Hill Top Villa Kandy,,9.5,9.5,,,,na,,nan,https://cf.bstatic.com/xdata/images/hotel/square600/748170217.webp?k=dd9f5d220bf21bdeba536a6a48f27df56ce41a00d0fe364dfd21de96f8a4e7ba&o=
166,The Paddy Breeze Villa,,10.0,10.0,,,,na,,nan,https://cf.bstatic.com/xdata/images/hotel/square600/835116918.webp?k=8b1dd03dd6c4e093b3686b5efcb4c6fa4cad86947f67869f0d544b79b5dec8d1&o=
167,Heliconia Ledge,,9.6,9.6,,,,na,,nan,https://cf.bstatic.com/xdata/images/hotel/square600/684235319.webp?k=64e020383f70f65d96fcce2b5a8407e28f6dfbf4a90786dcb13e28a6b147e000&o=
168,Rocksana Fortress Yoga & Retreat,"Located in Pinnawala, 14 miles from Kandy Royal Botanic Gardens, Rocksana Fortress Yoga & Retreat provides accommodations with a seasonal outdoor swimming pool, free private parking, a garden and a...",,,7.300434,80.386298,Pinnawala,na,,nan,https://cf.bstatic.com/xdata/images/hotel/square600/843469123.webp?k=2698565220a234fbb278d045b594026052c047bbffbf5a8aa89b924fca384614&o=
169,Rolling Hills Retreat,"Featuring a garden, Rolling Hills Retreat features accommodations in Katugastota. This property offers access to a balcony, free private parking, and free Wifi.",,,7.322084,80.624955,Katugastota,na,,nan,https://cf.bstatic.com/xdata/images/hotel/square600/835994991.webp?k=1ab71f6c5b7bfe3e980b70952da9bf2e96fd51e1684d0e7ac06b271296d09121&o=
170,Rock House Villa,,10.0,10.0,,,,na,,nan,https://cf.bstatic.com/xdata/images/hotel/square600/617311701.webp?k=da183287970a8502e90c309277559eda4a832153f19effa984d90c3ba8472d87&o=
171,Aura Hilltop Matale,,10.0,10.0,,,,na,,nan,https://cf.bstatic.com/xdata/images/hotel/square600/772829214.webp?k=418eb818f79d1039b6540e749f35b50361b9c56fb1f3deabe33cbb83d7b982bc&o=
172,JayS Place Matale,,9.7,9.7,,,,na,,nan,https://cf.bstatic.com/xdata/images/hotel/square600/575823040.webp?k=ab059ab648bc34fb87f3b0405ce46c2a02569c29e63c4379657912fb0235e627&o=
173,Hanthana View Homestay,,10.0,10.0,,,,na,,nan,https://cf.bstatic.com/xdata/images/hotel/square600/504061216.webp?k=8f22ff1f2c0a0951d343473be6f69394ab6f751ac4bfaf571d9ceff8fbe38d23&o=
174,Luck Uyana Cabana Pinnawala,,7.7,7.7,7.27337,80.38318,,na,,nan,https://cf.bstatic.com/xdata/images/hotel/square600/170416095.webp?k=b27967cf744f3c976b2fb734935690182255215640563391271c1b5992acfd03&o=
175,Clodagh Manor House by Seven Angels,,9.4,9.4,,,,na,,nan,https://cf.bstatic.com/xdata/images/hotel/square600/643837183.webp?k=8e8cc44b289c65f9632967b9c0c33b5ed107a1b7c2a57cc6d378aa05b6c2f969&o=
176,Family-friendly Private Villa with Mountain Views near Kandy,,10.0,10.0,,,,na,,nan,https://cf.bstatic.com/xdata/images/hotel/square600/693186924.webp?k=80488889095c57f559ceae3dcb48e0707cc8752fb0c9aa708c2b1d4494072c16&o=
177,Daffodil Home,,9.1,9.1,,,,na,,nan,https://cf.bstatic.com/xdata/images/hotel/square600/590946427.webp?k=d79e3d651c5983a4627cb4e5ca28870771a1e337f34361b3eb59ca512ef806e2&o=
178,Aarya hotel,"Aarya hotel is a recently renovated guest house in Pinnawala where guests can make the most of its outdoor swimming pool, garden, and terrace.",,,,,,na,,nan,https://cf.bstatic.com/xdata/images/hotel/square600/112984258.webp?k=1aa82f34dce1854eb92d7d17ffeee84235effa4f483c3b5e51642b9837e76f61&o=
179,Calmira Boutique Stay,"Calmira Boutique Stay offers accommodations in Kegalle, 25 miles from Kandy Royal Botanic Gardens and 27 miles from Kandy Train Station.",,,7.113445,80.32174,Kegalle,na,,nan,https://cf.bstatic.com/xdata/images/hotel/square600/829175579.webp?k=92b76d87eb86a96a8af26ce1ab7807fdff6a4e36c64d95d591caa56bd72083e0&o=
180,Twin Villa 22,"4 miles from Kandy City Center Shopping Mall in Katugastota, Twin Villa 22 provides accommodations with access to beauty services.",,,7.322084,80.624955,Katugastota,na,,nan,https://cf.bstatic.com/xdata/images/hotel/square600/175103083.webp?k=2e8950de3cc97e4cf5b7731d76307a113f5fffcfec412890e1b00bddc8625923&o=
181,Jungle Village Homestay,,9.7,9.7,,,,na,,nan,https://cf.bstatic.com/xdata/images/hotel/square600/112481444.webp?k=de09055c0d74110238d8a4cac3707cc642794a1cc8e986ec96fdd0d0c0b45d03&o=
182,Mimosha holiday inn,"Mimosha holiday inn is located in Godapola, just 25 miles from Kandy Royal Botanic Gardens and 28 miles from Kandy Train Station.",,,7.302409,80.314586,Godapola,na,,nan,https://cf.bstatic.com/xdata/images/hotel/square600/769081232.webp?k=e8d3779b1a5ec2bbef0dce20734803a9c311fe19326d9f8f8b010015fbd72bd5&o=
183,Niketh Villa Kandy,,9.5,9.5,,,,na,,nan,https://cf.bstatic.com/xdata/images/hotel/square600/167197488.webp?k=d7e6708b05a773cf056680a170ab7a37637ef06b9694c6dfb73198c3097afd81&o=
184,Hotel Grand Resto,"Located in Katugastota, 3.8 miles from Kandy City Center Shopping Mall, Hotel Grand Resto provides accommodations with a shared lounge, free private parking, a restaurant and barbecue facilities.",,,7.322084,80.624955,Katugastota,na,,nan,https://cf.bstatic.com/xdata/images/hotel/square600/554684131.webp?k=5bdf247432c60bfc543d75b237931e79aeabb014acf11142cae08e199236e827&o=
185,Kingston Sri lanka,"Kingston Sri lanka is located in Katugastota, just 3.8 miles from Kandy City Center Shopping Mall and 4.3 miles from Bogambara Stadium. Guests are welcome to go for a swim in the private pool.",,,7.322084,80.624955,Katugastota,na,,nan,https://cf.bstatic.com/xdata/images/hotel/square600/714619295.webp?k=697d4f3ad35440d5ecc60f9cdbe630370a849f7f1c298c29dc0aa0d2b14201e3&o=
186,The Kandyan Manor by Bhathiya & Suzy,,9.5,9.5,,,,na,,nan,https://cf.bstatic.com/xdata/images/hotel/square600/84619845.webp?k=79f54a097a4b312c864d03109609821eec9853a5b79300bdadf37b4446e66338&o=
187,Gagana Vila,,8.8,8.8,,,,na,,nan,https://cf.bstatic.com/xdata/images/hotel/square600/482208198.webp?k=25b7bac2f2a840aca8869bd61d1ca2a89afc98953a5935a34220781308cba731&o=
188,Gagana Villa,,9.8,9.8,,,,na,,nan,https://cf.bstatic.com/xdata/images/hotel/square600/756332976.webp?k=2847fef792a2fa1a4184af41ba7a2ddbde7e630488ec7e25105d638a2841fea0&o=
189,Kandyan Grey,"Kandyan Grey is located in Katugastota, just 4.2 miles from Kandy Train Station and 5 miles from Kandy Museum.",,,7.322084,80.624955,Katugastota,na,,nan,https://cf.bstatic.com/xdata/images/hotel/square600/706201735.webp?k=a2971137568bfdfeda6841b747dda35abea53f565b2eff342884e8e4ac59880d&o=
190,sb villa 'free pickup from kandy,,1.0,1.0,,,,na,,nan,https://cf.bstatic.com/xdata/images/hotel/square600/765136542.webp?k=021bbefc66eda23b40272a8caf2d47999de447ec497f6f0f2ff0666ddf1b4998&o=
191,Shalom breaze,,9.3,9.3,,,,na,,nan,https://cf.bstatic.com/xdata/images/hotel/square600/747291245.webp?k=20c3c4f25521cd500cc8643c2b6cd8934c64b192d43058a213dc563cea21b16c&o=
192,Ranthilaka Villas,,9.8,9.8,,,,na,,nan,https://cf.bstatic.com/xdata/images/hotel/square600/814569728.webp?k=4693e2ab8d56f342fc4024bee9e0ecf94c1bff8ffd783042b13714a50ce3a122&o=
193,SUPER SUN HOMESTAY,,8.9,8.9,,,,na,,nan,https://cf.bstatic.com/xdata/images/hotel/square600/537154269.webp?k=7311fc67c97fa1f6c38b42748e41005eb7aa7b7d91046bbdebde64adcf7e5dda&o=
194,Nelinsa Wellness Resort & Spa,,8.8,8.8,,,,na,,nan,https://cf.bstatic.com/xdata/images/hotel/square600/832097279.webp?k=e4cf049c073858347ce15cb0b5071e6d8c77876322fd4079674f83d5964231aa&o=
195,Akshi Hostel,,9.0,9.0,,,,na,,nan,https://cf.bstatic.com/xdata/images/hotel/square600/824976466.webp?k=facde03817005a59bc74816f120ba9fa9fb0e9204d5eca2838fe468205848724&o=
196,D&D Holyday Homes,,9.7,9.7,,,,na,,nan,https://cf.bstatic.com/xdata/images/hotel/square600/592164536.webp?k=530fa065c09f13fe4d14cc891c501945e01566de930ecb5d803b788e896290a1&o=
197,Birds Park Polgahawela,,8.7,8.7,,,,na,,nan,https://cf.bstatic.com/xdata/images/hotel/square600/410073004.webp?k=8a666de369ef0d1fe2bc12a443fddc9bdd0f9c2c7619424ea2ef92a18b207241&o=
198,The Manor House Kegalle,,8.9,8.9,,,,na,,nan,https://cf.bstatic.com/xdata/images/hotel/square600/656073222.webp?k=0760b84cfeac5554f1561fef620efec3017f0af85a5b88c13177778b41fd587c&o=
199,The Blackberry Retreat Kandy,,8.1,8.1,,,,na,,nan,https://cf.bstatic.com/xdata/images/hotel/square600/677665095.webp?k=1dbdfd92cade474db01a3870e4fa3f6eae24bd33b9696b2ca85486eb43f1fb1a&o=
200,Seven Kandy Homestay,"Seven Kandy Homestay is located in Katugastota, just 3.2 miles from Kandy City Center Shopping Mall and 3.6 miles from Bogambara Stadium.",,,7.322084,80.624955,Katugastota,na,,nan,https://cf.bstatic.com/xdata/images/hotel/square600/797168458.webp?k=afb72a572e27ff47193715a4859173b5af702d9bba35ccca470cd49f38244e3b&o=
201,aka Spice House,"Located 3 miles from Kandy Royal Botanic Gardens in Murutalawa, aka Spice House provides accommodations with air conditioning and free WiFi.",,,,,Murutalawa,na,,nan,https://cf.bstatic.com/xdata/images/hotel/square600/716720440.webp?k=ea6f609875aa1e8555c1829b232fd76288b756c3e0b27f03292676862f5d340d&o=
202,Upcountry Hotel,"Located in Mawanella, 8.7 miles from Kandy Royal Botanic Gardens, Upcountry Hotel provides accommodations with a garden, free private parking, a terrace and a restaurant.",,,7.252311,80.446804,Mawanella,na,,nan,https://cf.bstatic.com/xdata/images/hotel/square600/777229308.webp?k=94f8680cccc7b6f5f1a458f7555d414b56654a43ce836cbb856f889a9f08916f&o=
203,De Mansion Hotels,,8.3,8.3,,,,na,,nan,https://cf.bstatic.com/xdata/images/hotel/square600/400370898.webp?k=ec0a9a32423d14d43179b2605e4facff3c80aa43ddba7812cf6acdc9ca6d7206&o=
204,Eco Villa - Kegalle,,10.0,10.0,,,,na,,nan,https://cf.bstatic.com/xdata/images/hotel/square600/808593300.webp?k=918035bd0f7daad037cb7e15b1936299cde54324c8ad3fb23e8de28b288af4a4&o=
205,The Springfields Kandy Previously Madara Residence Kandy,,9.2,9.2,,,,na,,nan,https://cf.bstatic.com/xdata/images/hotel/square600/90649916.webp?k=f85de49cfdeff4a0636b4fa3d6c252eea4b8ce7192e11b2fbdf3f659c91ac23a&o=
206,Rockydale Home Stay,,9.9,9.9,,,,na,,nan,https://cf.bstatic.com/xdata/images/hotel/square600/149383444.webp?k=ef8d51e29bdad8dc591f38ddb4066fddd249a70865d88effeddbad991278dd1f&o=
207,The KANDY DOWNTOWN Green House,,9.1,9.1,,,,na,,nan,https://cf.bstatic.com/xdata/images/hotel/square600/579800056.webp?k=32dc77ce78659e9b2d18a777159b86cac30626133764fae05d91ba86bea40fd6&o=
208,The KANDY DOWNTOWN Maroon House,,8.8,8.8,,,,na,,nan,https://cf.bstatic.com/xdata/images/hotel/square600/562428951.webp?k=5893e62f33e44cfd33532e00f61a40b945f7f667bad45ac37520f8758a4192ab&o=
209,The kandy downtown,,9.5,9.5,,,,na,,nan,https://cf.bstatic.com/xdata/images/hotel/square600/825140694.webp?k=862d75f3f38fd3a1f2c82bcdeb6ef223b4f62866a0b986d670ceaccf66fd6d4a&o=
210,Avanee Hotel,,9.0,9.0,,,,na,,nan,https://cf.bstatic.com/xdata/images/hotel/square600/776640117.webp?k=98c023c00dafea86fd1a97cb8861a0cfd813625a7194b969a25399db03ff4199&o=
211,Sampath Grand Hotel,"Located in Mawanella, within 16 miles of Kandy Royal Botanic Gardens and 19 miles of Kandy Train Station, Sampath Grand Hotel provides accommodations with a garden as well as free private parking for...",,,7.252311,80.446804,Mawanella,na,,nan,https://cf.bstatic.com/xdata/images/hotel/square600/847826572.webp?k=08050a1013636c011bc0d4d56162189157725c03198cb2a0d37b9bac3afd6106&o=
212,Alagalla Terrace,"Alagalla Terrace offers accommodations in Kadugannawa, 6.2 miles from Kandy Royal Botanic Gardens and 9.1 miles from Kandy Train Station.",,,7.25728,80.519521,Kadugannawa,na,,nan,https://cf.bstatic.com/xdata/images/hotel/square600/539817065.webp?k=6a6276a730cb82e20056593a2cb6cc173c3d6cad0a77beb12165de55ee75d78c&o=
213,Roseviana,,4.0,4.0,,,,na,,nan,https://cf.bstatic.com/xdata/images/hotel/square600/726031909.webp?k=21bb92ec5a25b7c120829139724829f95ab3b37d6c043c1b0d9bfdda6bc985ca&o=
214,Enara Luxury Stay,,8.1,8.1,,,,na,,nan,https://cf.bstatic.com/xdata/images/hotel/square600/831726032.webp?k=48be3f496a00091f2f38492b5de5af8ee36712483c51852fc8aeb4f94b7ae0a2&o=
215,Heliconia Ledge,"Located in Mawanella, 12 miles from Kandy Royal Botanic Gardens and 15 miles from Kandy Train Station, Heliconia Ledge offers air conditioning. This property has a terrace and free private parking.",,,7.252311,80.446804,Mawanella,na,,nan,https://cf.bstatic.com/xdata/images/hotel/square600/683102797.webp?k=93c023c89b8617e4741789764fbd56b2ad493f4064d97bf2d6671099565f34b9&o=
216,Lion Shade Tourist Bungalow - Sri Lanka Tourism Development Authority Licenced,,9.2,9.2,,,,na,,nan,https://cf.bstatic.com/xdata/images/hotel/square600/505695040.webp?k=70643ccc267703b22428316b6f3a4ca865de29fff940fee7dd138f6c5f19aba7&o=
217,Kandy Comforts,"Kandy Comforts offers accommodations in Kandy, 3.2 miles from Kandy City Center Shopping Mall and 3.6 miles from Bogambara Stadium. This property offers access to a terrace and free private parking.",,,7.293121,80.635036,Kandy,na,,nan,https://cf.bstatic.com/xdata/images/hotel/square600/689125886.webp?k=c0029dea450f3f9376a6c2a22aac2df7558f03ed0026e9763b3a2845c2c3fa97&o=
218,Kaba Saradiel Cabin,,9.3,9.3,,,,na,,nan,https://cf.bstatic.com/xdata/images/hotel/square600/806923973.webp?k=df4e60cc6e9ca944d68de26309f03c71fdd1157ac8d4afc3ab363947f739d4e2&o=
219,Kandy Fair view,"4.2 miles from Kandy City Center Shopping Mall in Inigala, Kandy Fair view offers accommodations with access to a hot tub. This property offers access to a terrace, free private parking, and free...",,,7.325663,80.607158,Inigala,na,,nan,https://cf.bstatic.com/xdata/images/hotel/square600/756776400.webp?k=9cb8c4ee983067ee61e997927c031b4d0d1faea393b112a8dd59335b5f763b5b&o=
220,Colonial Residence Kandy Boutique Bungalow,,8.8,8.8,,,,na,,nan,https://cf.bstatic.com/xdata/images/hotel/square600/851158676.webp?k=0b12a13b0ace47778f11d6d7eede843cddec4664453c93a1d22ef510faed843d&o=
221,Lilies holiday inn,,10.0,10.0,,,,na,,nan,https://cf.bstatic.com/xdata/images/hotel/square600/607328441.webp?k=3ca8f2575744cbf890e8557901eef36d13adebf3fabc34410e1850a9fb1d7b86&o=
222,Mahoya,,5.5,5.5,,,,na,,nan,https://cf.bstatic.com/xdata/images/hotel/square600/269579320.webp?k=02b596fac80fd035c80022d7ca0b3472c3e7896a979578d8b1c64e2c766b591b&o=
223,Laavulu,,5.0,5.0,,,,na,,nan,https://cf.bstatic.com/xdata/images/hotel/square600/756836682.webp?k=fb468de5ae5bd0d771018a232a547176563ee3decf71d0f78106f6df07e7db3f&o=
224,GODDESS Kandy,,9.0,9.0,,,,na,,nan,https://cf.bstatic.com/xdata/images/hotel/square600/711918462.webp?k=8db8487689aece9b71c85b373eb218df6df192a8109eae59a4abcf3e6183b3e1&o=
225,Eagle's Nest by Muthu,"Eagle's Nest by Muthu offers accommodations in Dewaragampola, 13 miles from Kandy Royal Botanic Gardens and 16 miles from Kandy Train Station.",,,,,Dewaragampola,na,,nan,https://cf.bstatic.com/xdata/images/hotel/square600/626251667.webp?k=45ae9358aa3627422205e67b8bb73646b41c2a9b7c792716880a41ce1727101b&o=
226,Plantation Retreat,,9.6,9.6,,,,na,,nan,https://cf.bstatic.com/xdata/images/hotel/square600/494670375.webp?k=03367a2272e427146ec47e7a6fce80d440167acb355327cac913e38a0152d736&o=
227,The Kandy Havens,,9.1,9.1,,,,na,,nan,https://cf.bstatic.com/xdata/images/hotel/square600/647282024.webp?k=5d6afb5cc1758d3b46984ce24ba87a6e2359dac643083ec9d67559466b9b75ae&o=
228,Ridee Kandy,,8.4,8.4,,,,na,,nan,https://cf.bstatic.com/xdata/images/hotel/square600/819986718.webp?k=c0362dff0601b1d24b442f7047d0f7a7d40317670fe6116e1855b5ccd4bd3497&o=
229,The Kingdom Gate Hotel,,9.0,9.0,,,,na,,nan,https://cf.bstatic.com/xdata/images/hotel/square600/509179962.webp?k=e87e10e7c51d055c9ad3a6cb61ba6b57a2332f8ba1ca0e2d4e28d62f634de315&o=
230,Evening Star Guest Inn,,7.6,7.6,,,,na,,nan,https://cf.bstatic.com/xdata/images/hotel/square600/324229612.webp?k=a6f09563cebfe4d40940c5c02a753376b2fc9e70af58d957b26d87d207185bf2&o=
231,Queens Residence Homestay,"Queens Residence Homestay offers accommodations in Kandy, 3.4 miles from Kandy Train Station and 4.3 miles from Kandy Museum.",,,7.293121,80.635036,Kandy,na,,nan,https://cf.bstatic.com/xdata/images/hotel/square600/820227985.webp?k=758ec1038ceb1167864fb7be3a5518c2bbb66437d39ece222f1a539d04453a48&o=
232,RMC Cabana,"18 miles from Kandy Royal Botanic Gardens in Udamulla, RMC Cabana provides accommodations with access to a hot tub. This property offers a private pool and free private parking.",,,7.307259,80.607188,Udamulla,na,,nan,https://cf.bstatic.com/xdata/images/hotel/square600/818772006.webp?k=8bc6923c052a9e5f60e6eba6875e11f6df9c898979bf8d26b5d058acceb52ce8&o=
233,The Bliss Hostel Kandy,,8.8,8.8,,,,na,,nan,https://cf.bstatic.com/xdata/images/hotel/square600/505228976.webp?k=2a6c47bc38cdd4d527f37e442f6490dd5aa03b1ea5f7a085cb2c5a15a2006439&o=
234,Foreign Home Stay,"Offering a garden, Foreign Home Stay offers accommodations in Katugastota.",,,7.322084,80.624955,Katugastota,na,,nan,https://cf.bstatic.com/xdata/images/hotel/square600/797141755.webp?k=f917fbf2b98c1473783b4f22e4b9f41d3d85ca434e99a479068464e2fde493d9&o=
235,New Arverne Villa Kandy,,8.3,8.3,,,,na,,nan,https://cf.bstatic.com/xdata/images/hotel/square600/825310985.webp?k=0812987364b87aeb3d7c62a4dd00fbff870b44a6817594eb0401050a2c6a8e72&o=
236,Cottage 2010,,9.1,9.1,51.53695,-0.167032,,na,,nan,https://cf.bstatic.com/xdata/images/hotel/square600/238321969.webp?k=a66241b3c8d81951f962cec82494c2c0d249eb3ed439a8fa349605a3ad43c001&o=
237,BELLWOOD HOUSE,"2.7 miles from Kandy City Center Shopping Mall in Kandy, BELLWOOD HOUSE provides accommodations with access to a hot tub. Guests staying at this guest house have access to a balcony.",,,7.293121,80.635036,Kandy,na,,nan,https://cf.bstatic.com/xdata/images/hotel/square600/556846580.webp?k=db1566bba83bacf071801aa7d7f8bfd7f91267f7ba38a3da499fe77b879e9ea1&o=
238,Mahaweli Reach Hotel,,8.0,8.0,7.324817,80.631042,,na,,nan,https://cf.bstatic.com/xdata/images/hotel/square600/482686385.webp?k=b658845c034dda5f841713c7ab669bedb6f78ea9c937a53e093c3f08d77f3ecb&o=
239,Royal Avenue Kandy,,10.0,10.0,7.26996,80.595776,,na,,nan,https://cf.bstatic.com/xdata/images/hotel/square600/816783174.webp?k=74b00b878a0656198beff38d916356c83dba90281ffbf4b7a5dbe820cccf298d&o=
240,Sadamadala Guest House Kandy,,7.0,7.0,,,,na,,nan,https://cf.bstatic.com/xdata/images/hotel/square600/473857739.webp?k=fe12ad6637815e0a2f6037d1fbfa573723ad58df3aab547d3b78e12534b60e43&o=
241,Ayubowan Holiday Home,,9.3,9.3,,,,na,,nan,https://cf.bstatic.com/xdata/images/hotel/square600/646218064.webp?k=72bea329ae00476bef6ef0eee68931f0fb61ba5129148f4ff30e60e10ec09fda&o=
242,The Cloud Resort,,9.8,9.8,,,,na,,nan,https://cf.bstatic.com/xdata/images/hotel/square600/244572685.webp?k=fba04cfdf19eb01a0ca5cdfa728101975ad7e6b9539939bb75dc5cbdb8880e99&o=
243,The Fortress Balumgala,,7.8,7.8,,,,na,,nan,https://cf.bstatic.com/xdata/images/hotel/square600/248952622.webp?k=1b802b72de6303e18b8384fa392ab2bbb08986fe3ef2231296e9ffd9894c1525&o=
244,Dynasty Residencies Kandy,"Dynasty Residencies Kandy is located in Kandy, just 2.5 miles from Kandy City Center Shopping Mall and 2.9 miles from Bogambara Stadium.",,,7.293121,80.635036,Kandy,na,,nan,https://cf.bstatic.com/xdata/images/hotel/square600/841328958.webp?k=35375f4ca0c1a64310cb90c5d2f57b6eee3ba1126fae96891bc406d90280585e&o=
245,Clove Villa,,9.5,9.5,7.324888,80.631969,,na,,nan,https://cf.bstatic.com/xdata/images/hotel/square600/185383404.webp?k=cf7cc8db06ee63496588a354f090c00603c84a660a409373dfd2593942aab365&o=
246,Kandy Home stay - Haloluwa,,9.9,9.9,,,,na,,nan,https://cf.bstatic.com/xdata/images/hotel/square600/774325579.webp?k=35a7fcacaf68306490f3346793fec70cdc1e0ae4bbac05b633ea2e999632e4b1&o=
247,Kandy Heritage Edge,"Kandy Heritage Edge is located in Katugastota, just 5.2 miles from Bogambara Stadium and 5.4 miles from Kandy Train Station.",,,7.322084,80.624955,Katugastota,na,,nan,https://cf.bstatic.com/xdata/images/hotel/square600/805116082.webp?k=daf1a61db5c30364370e7a7463447e26b4b4c5dd2afc7fd36c4873cf880d17d3&o=
248,Green Leaves Garden - Pinnawala,,9.4,9.4,,,,na,,nan,https://cf.bstatic.com/xdata/images/hotel/square600/209278486.webp?k=e1377e4f2c7e2471b00ba95e495d2ad8150164a846d4143f1ffa8e78ff2fbb4b&o=
249,Ayubowan Eco Lodge,,10.0,10.0,,,,na,,nan,https://cf.bstatic.com/xdata/images/hotel/square600/641253593.webp?k=e6c7ec59821451cdcbc8207abcd8b805edbdf2a388107bb9cbb0254141f4269f&o=
250,Hotel Ganthera Kandy,,7.8,7.8,,,,na,,nan,https://cf.bstatic.com/xdata/images/hotel/square600/346152555.webp?k=d89f15daaa98fc29c2499dbad305204fab91f8dcb3502b5939a5a3ff74ee6824&o=
251,68 Homestay Kandy,,7.7,7.7,,,,na,,nan,https://cf.bstatic.com/xdata/images/hotel/square600/653383392.webp?k=0963437d6a61a39ad21d3f0a987daf20250f90230fb3ba2fd07571b235f9e20c&o=
252,V.S.MAHA REST HOME,,5.5,5.5,,,,na,,nan,https://cf.bstatic.com/xdata/images/hotel/square600/543337345.webp?k=ec1c0b52d71ccff382e610f756775293dae2c1f747f89a4be89fab96f11ef8de&o=
253,KANDY Vista,"Located in Katugastota, 4.4 miles from Kandy City Center Shopping Mall, KANDY Vista has accommodations with a fitness center, free private parking, a garden and a shared lounge.",,,7.290685,80.627261,Katugastota,na,,nan,https://cf.bstatic.com/xdata/images/hotel/square600/738735772.webp?k=4c9487db38fa8e25fa3ee9219a8d62e5f67a20edc8b56ddc67dac10784b08c26&o=
254,Residence Balanagala View Kandy,,10.0,10.0,,,,na,,nan,https://cf.bstatic.com/xdata/images/hotel/square600/678097252.webp?k=427ca1ba95338f8393e8791500d2fffc1e8637bc56e99b54929c4c74c3583727&o=
255,Bunkalow,,8.4,8.4,,,,na,,nan,https://cf.bstatic.com/xdata/images/hotel/square600/573972732.webp?k=150cccef0cc72aa37425d420155fcadf6a5549429e1baf456488ef7d4e08aa4c&o=
256,Ela Addara Village Resort,,10.0,10.0,,,,na,,nan,https://cf.bstatic.com/xdata/images/hotel/square600/760499187.webp?k=817fda7719fef1c30664a0121127c136a95415f73dcf4d140bb43daca775941d&o=
257,Tenora Apartment,,6.6,6.6,,,,na,,nan,https://cf.bstatic.com/xdata/images/hotel/square600/184574571.webp?k=0c2a317371d2870aa5691498933d365307e617c52f1ea993805f28ff78314073&o=
258,Villa Mistora,,9.3,9.3,,,,na,,nan,https://cf.bstatic.com/xdata/images/hotel/square600/809759594.webp?k=d16c8f2c2de6dec5621b6c5fab62957372e3f028ad9124147fa10f728dc46177&o=
259,Hotel Yelona,,7.9,7.9,,,,na,,nan,https://cf.bstatic.com/xdata/images/hotel/square600/348715006.webp?k=6f8c87ba4761c877e2b5717cabbd827bbdbfaa93b9b72853aa2ba9eb66866f95&o=
260,Dazzling Villa,,8.2,8.2,,,,na,,nan,https://cf.bstatic.com/xdata/images/hotel/square600/245796981.webp?k=e0a261c41ec25acceaa34954dc004464c34c5d2c7fce30520cb25ffc66041e57&o=
261,Emerald Grove Signature Family Villa- Near Kandy City with Exclusive Mobile Deals,"Featuring a garden, Emerald Grove Signature Family Villa- Near Kandy City with Exclusive Mobile Deals offers accommodations in Kandy.",,,7.293121,80.635036,Kandy,na,,nan,https://cf.bstatic.com/xdata/images/hotel/square600/842170537.webp?k=cec435a72fe6ebe410fb08516afcaf39f7fd2136c79eb7ccf312d0c6a1aadc01&o=
262,The Selene city hotel,,8.7,8.7,,,,na,,nan,https://cf.bstatic.com/xdata/images/hotel/square600/725025630.webp?k=75425b5252b7c60d8cb69734c4daf3cbd8a27030d56b0bba9eeaaa6a5b954de6&o=
263,Margossa Residence Kandy - Two Bedroom Design Villa,,9.7,9.7,,,,na,,nan,https://cf.bstatic.com/xdata/images/hotel/square600/473089518.webp?k=5211d58ed58150973454f88451c5f7b7f71a6be2b2dadbd5cb833ba6353ef112&o=
264,"Jal,Min Homestay",,9.7,9.7,,,,na,,nan,https://cf.bstatic.com/xdata/images/hotel/square600/553995223.webp?k=43c67020a0a19a63492a903927092ed409dc4dfcd32432a14dcd646355b501b4&o=
265,The Jesmine Homestay,,9.1,9.1,,,,na,,nan,https://cf.bstatic.com/xdata/images/hotel/square600/497388522.webp?k=56cd45d6bb2571db36d402b572468be22609e16133ed0d9e60ed156a5d0aa5fa&o=
266,K's Cove,,10.0,10.0,,,,na,,nan,https://cf.bstatic.com/xdata/images/hotel/square600/753646091.webp?k=07560dcb3d981480ec48734461ec13de04234907430b196da95a94c6515c90ec&o=
267,Wattarantanne homestay,,9.4,9.4,,,,na,,nan,https://cf.bstatic.com/xdata/images/hotel/square600/64745008.webp?k=600e44ebcecca14bde8543f6f7b4f301f2474844d022b7216ac4fbd7f3a06f9f&o=
268,kingdom gate hotel,"Located in Katugastota, 4.3 miles from Kandy City Center Shopping Mall, kingdom gate hotel features views of the garden.",,,7.322084,80.624955,Katugastota,na,,nan,https://cf.bstatic.com/xdata/images/hotel/square600/622575259.webp?k=1678550e60c0c106b59f7d3f522d2c80e3a21990984fda760f1ece5407a7a069&o=
269,The Villa Rochelle Kandy,"The Villa Rochelle Kandy enjoys a location in Kandy, 2.5 miles from Bogambara Stadium and 2.6 miles from Kandy City Center Shopping Mall.",,,7.293121,80.635036,Kandy,na,,nan,https://cf.bstatic.com/xdata/images/hotel/square600/834527912.webp?k=ac89af0e86a3a4dc4240112a41d426d43d606a4d80771bdfeefe306ebb673599&o=
270,Kudaoya Bungalow by Lalan Leisure,,8.7,8.7,,,,na,,nan,https://cf.bstatic.com/xdata/images/hotel/square600/531879654.webp?k=498d2719c0fd795375b88bdcdf9fa46fa729bc64087876efd82da1ed5fac0c29&o=
271,Mountain Villa Kandy,"Mountain Villa Kandy offers accommodations in Bahirawakanda, 3 miles from Kandy Train Station and 3.2 miles from Kandy Royal Botanic Gardens.",,,7.295351,80.629198,Bahirawakanda,na,,nan,https://cf.bstatic.com/xdata/images/hotel/square600/641853925.webp?k=4b565d3ece9a15d5920bb24c0d5b478e414e88a1cf44e738383e4387b73485e8&o=
272,Pawra wood inn,"Featuring 3-star accommodations, Pawra wood inn is located in Bahirawakanda, 2.8 miles from Kandy Train Station and 3.1 miles from Kandy Royal Botanic Gardens.",,,7.295351,80.629198,Bahirawakanda,na,,nan,https://cf.bstatic.com/xdata/images/hotel/square600/660426064.webp?k=fed510a7cacceea3f80265f592e8b2ce0dd39d65efdaf340b2814e61f27442a0&o=
273,Kandy downtown villa Monza,"Kandy downtown villa Monza is located in Bahirawakanda, just 3.3 miles from Kandy Train Station and 3.6 miles from Kandy Royal Botanic Gardens.",,,7.295351,80.629198,Bahirawakanda,na,,nan,https://cf.bstatic.com/xdata/images/hotel/square600/846346024.webp?k=d38f6312312932710f0fa01a140cffb113cb38a341a7272d73590c645271854a&o=
274,Rare Lodge,,9.3,9.3,,,,na,,nan,https://cf.bstatic.com/xdata/images/hotel/square600/637959067.webp?k=394bc1028a0b0ec06962f232c76c44645e535778a97090d1545eb10e1418075c&o=
275,Laa Villa Kandy,"Laa Villa Kandy offers accommodations in Kandy, 4.1 miles from Sri Dalada Maligawa and 4.1 miles from Kandy Museum.",,,7.293121,80.635036,Kandy,na,,nan,https://cf.bstatic.com/xdata/images/hotel/square600/845616054.webp?k=98fcbf00d2e1f19387ce7f0136285baf9217bf4b09f25d7ffee579a4639afb1e&o=
276,Greenbell villa,"Greenbell villa features air-conditioned rooms in Kandy. 3.3 miles from Kandy Train Station and 3.6 miles from Kandy Royal Botanic Gardens, the property offers a garden and a terrace.",,,7.293121,80.635036,Kandy,na,,nan,https://cf.bstatic.com/xdata/images/hotel/square600/781564126.webp?k=eaf4110d56cb374da5d8f3ab3a82853dfaca0f152e9061a9df9fab8dbf841828&o=
277,Boscage Homestay,,9.1,9.1,,,,na,,nan,https://cf.bstatic.com/xdata/images/hotel/square600/527445785.webp?k=6340d644c004e255c536c4cef10e3072cadf16e02c542d4cd7af12508abe23ed&o=
278,Ceylon Holiday Homes,"Located in Kandy, 2.6 miles from Kandy City Center Shopping Mall, Ceylon Holiday Homes provides accommodations with a garden, free private parking, a terrace and a restaurant.",,,7.293121,80.635036,Kandy,na,,nan,https://cf.bstatic.com/xdata/images/hotel/square600/728059888.webp?k=ce060ca8c4016b37c11db15e3065256ae2b1af944cc8513bc347488942c1fcb5&o=
279,Kandyan Lounge,,9.3,9.3,7.267644,80.572093,,na,,nan,https://cf.bstatic.com/xdata/images/hotel/square600/244582633.webp?k=7cdebc548b3aaa6a27693fa40c55859181ee23476b0d47237b1f08a5589fcd70&o=
280,Ashburnham Estate-98 Acre Tea Estate with Private Waterfalls,,9.1,9.1,,,,na,,nan,https://cf.bstatic.com/xdata/images/hotel/square600/639041512.webp?k=a4f11b53f6686bdfdf0b81dd25a1ddfff1a7b46d556e41316f2877af15b3ec35&o=
281,Surveyor's Residence Bungalow,,9.3,9.3,,,,na,,nan,https://cf.bstatic.com/xdata/images/hotel/square600/483896839.webp?k=e9b765206b23deb31dd7597eedf896c84a9a4f0201223c12dcc9879eaa39eebd&o=
282,Hideaway Homestay kandy,,9.8,9.8,,,,na,,nan,https://cf.bstatic.com/xdata/images/hotel/square600/435746273.webp?k=9742630a325c5da439b9f403870b7522a6615c393c34755bfb760869eb229d21&o=
283,Serendipitya Homestay,"Serendipitya Homestay offers accommodations in Kiribatkumbura, 1.9 miles from Kandy Royal Botanic Gardens and 4.9 miles from Kandy Train Station.",,,,,Kiribatkumbura,na,,nan,https://cf.bstatic.com/xdata/images/hotel/square600/745877357.webp?k=ec3601cc909cda3ce22e3f28b9aa71b24accad47f31ffed7ddc78cd702ac8fa7&o=
284,Hill Country Villa,,8.8,8.8,,,,na,,nan,https://cf.bstatic.com/xdata/images/hotel/square600/339963643.webp?k=915cb979313a483160f1cf98128a1ad3cdff8bacb0f140ccd5af3a7119b4526e&o=
285,Asoria Luxe Resort,"Located in Kegalle, 18 miles from Kandy Royal Botanic Gardens, Asoria Luxe Resort provides accommodations with a garden, free private parking, a terrace and a restaurant.",,,7.113445,80.32174,Kegalle,na,,nan,https://cf.bstatic.com/xdata/images/hotel/square600/821338717.webp?k=d49c5a32a3b5b12be0bc81dc852583eeafca83403a091de2e555b92db86f3ed7&o=
286,Kandy Wellington Apartment,,8.0,8.0,,,,na,,nan,https://cf.bstatic.com/xdata/images/hotel/square600/276209277.webp?k=78de233563175a2dd9ae9043fb5c4baec6f1db66645eb1f0c6f81690b50febe3&o=
287,Juliyanvilla,,8.5,8.5,,,,na,,nan,https://cf.bstatic.com/xdata/images/hotel/square600/96725042.webp?k=a87dc9d3249a7d0ab23460b9347abde3df22c0871af95dda51a124efe2252f16&o=
288,Heavens Acres Lodge - Two Bed Room Cabana - Agarloom,,9.5,9.5,,,,na,,nan,https://cf.bstatic.com/xdata/images/hotel/square600/517040516.webp?k=e08c83992df0e5e40f8d1865c660732310b0bf7e993de024a6db7ae149ffc34c&o=
289,Heaven's Acres Lodge - Private one Bedroom Cabana,,8.0,8.0,,,,na,,nan,https://cf.bstatic.com/xdata/images/hotel/square600/812689309.webp?k=4d911e7b485b4c9975d7f2e8d0b975ad6846303a1c0a2fbbb62bbc1240940483&o=
290,Kandy Dream Villa & Hostel,"Kandy Dream Villa & Hostel offers a garden and accommodations with a kitchen in Kandy, 1.5 miles from Kandy Train Station.",,,7.293121,80.635036,Kandy,na,,nan,https://cf.bstatic.com/xdata/images/hotel/square600/778318925.webp?k=abdbb8223a20f603f0066af32ae558aa0bd857f7e68f7ad88101f199a6850f98&o=
291,Hotel Sara,,8.4,8.4,6.891479,79.905268,,na,,nan,https://cf.bstatic.com/xdata/images/hotel/square600/503756725.webp?k=22ec572cfe771115cf12cde890c3f01fe2121c28f0e783864154061aa585ce37&o=
292,Kandy Hub Guest House,,9.1,9.1,,,,na,,nan,https://cf.bstatic.com/xdata/images/hotel/square600/611727860.webp?k=2e3b0fd7ea3f5722fac4e63ec655322a92b61eca62808cac574744aac4621a8b&o=
293,A Home Away B&B,"A Home Away B&B in Kiribatkumbura provides accommodations with a garden and a bar. This property offers access to a balcony, free private parking, and free Wifi.",,,,,,na,,nan,https://cf.bstatic.com/xdata/images/hotel/square600/758534813.webp?k=31716b5ceb4b4cc94aaceaffb3247ac902666f7c002823e5ab20d731b023940a&o=
294,Sundil,"Sundil offers accommodations in Kandy, 2.2 miles from Kandy City Center Shopping Mall and 2.6 miles from Bogambara Stadium.",,,7.293121,80.635036,Kandy,na,,nan,https://cf.bstatic.com/xdata/images/hotel/square600/236917783.webp?k=0725a6bcb36e6e7d4ec84eb62ff6f2eca69fbff427fd8f37dab7efd490a831a2&o=
295,Cozy Cove Kandy,,10.0,10.0,,,,na,,nan,https://cf.bstatic.com/xdata/images/hotel/square600/749745910.webp?k=d21e547a7b8294dd9c93ef8c7c1db0aa39e1449eb74a7a24d543a291bb908138&o=
296,Little House Kandy,"Little House Kandy enjoys a location in Kandy, 2.4 miles from Kandy City Center Shopping Mall and 2.6 miles from Bogambara Stadium. This property offers access to a balcony and free private parking.",,,7.293121,80.635036,Kandy,na,,nan,https://cf.bstatic.com/xdata/images/hotel/square600/652089382.webp?k=2b610bef7d45a9b63a68f0a7b88b61a4969ed3a9e4a57f866336e45ea26dfdd8&o=
297,Yellow Rose Hotel,,10.0,10.0,,,,na,,nan,https://cf.bstatic.com/xdata/images/hotel/square600/814481163.webp?k=55f6951af83c64c2a5d969b2acd3480cdf80be547f2ecdcb50f268eb7576c12b&o=
298,The Mist Residence - Kandy,,10.0,10.0,,,,na,,nan,https://cf.bstatic.com/xdata/images/hotel/square600/732129161.webp?k=bc7002f90669b52bce0e9f715ebf85c5d61a7a14df7eb2c636ca501360167038&o=
299,Aura Residence-Kandy,,9.1,9.1,,,,na,,nan,https://cf.bstatic.com/xdata/images/hotel/square600/832418716.webp?k=517f8768c2dcce1e7d330684ced5e32496702dd30b77453b76ff0b28a29d97ff&o=
300,Cinnamon Citadel Kandy,,8.4,8.4,7.305761,80.623794,,na,,nan,https://cf.bstatic.com/xdata/images/hotel/square600/648790712.webp?k=aab2021f262a5439cbc19bf3619e5ff0210c275fe143bb9b7225371486c86b47&o=
301,Kandy Rainbow Villa,,10.0,10.0,,,,na,,nan,https://cf.bstatic.com/xdata/images/hotel/square600/808969344.webp?k=8c0b6c38c1113dc65ffe2b8a73c5e38cf3ee67288792a0fc1d547ce20e4a5f1a&o=
302,The Cube,,9.4,9.4,,,,na,,nan,https://cf.bstatic.com/xdata/images/hotel/square600/626224377.webp?k=be2eee5a9e3472b058da9b86e67911d779733b193e99b966caad20bcaf40db94&o=
303,Waters Spring,,8.1,8.1,,,,na,,nan,https://cf.bstatic.com/xdata/images/hotel/square600/345030695.webp?k=d6e310e51147dd2174223ff85e262b3d4f8f342125ceb7532eb797736415569b&o=
304,Kandy Moon Hills Hotel,,7.6,7.6,,,,na,,nan,https://cf.bstatic.com/xdata/images/hotel/square600/82972557.webp?k=46f952ae018576b3ee5704d95d113b5fa8fd53ac5472aa567aa9e2c4419baa79&o=
305,Littlehouse,"Featuring a garden, Littlehouse offers accommodations in Kandy. This homestay provides air-conditioned accommodations with a balcony.",,,7.293121,80.635036,Kandy,na,,nan,https://cf.bstatic.com/xdata/images/hotel/square600/767019565.webp?k=f8094fac1c005492aca969f60ac398eb1935276434ef93b818054da9fb8fa43e&o=
306,Thotupola Residence,,8.7,8.7,,,,na,,nan,https://cf.bstatic.com/xdata/images/hotel/square600/153681554.webp?k=f59e0f3f68d45b2bdb67d731334956e2a0253e9bc2f10157dc02d0b37d4b3a65&o=
307,Rugby House Kandy,,9.4,9.4,,,,na,,nan,https://cf.bstatic.com/xdata/images/hotel/square600/113929981.webp?k=0a85320d9a1cff2843f92a9f780152f08b9ebaef910c96e92563b1ac04c35599&o=
308,Kandy Luxe Villa,,9.5,9.5,,,,na,,nan,https://cf.bstatic.com/xdata/images/hotel/square600/720247078.webp?k=49856ba9b8174ff617d002e830cebd68ae5c5e72abec9d9d0866cc36f5344944&o=
309,Villa Begonia,,9.8,9.8,,,,na,,nan,https://cf.bstatic.com/xdata/images/hotel/square600/787872138.webp?k=5c9f1736feb8da97240c4793d2972c84bfffc2ef4364b770688d7ce9f29e850a&o=
310,Hill Crest Mansion,"Featuring a garden, Hill Crest Mansion offers accommodations in Kandy. This property offers access to a terrace, free private parking, and free Wifi.",,,7.293121,80.635036,Kandy,na,,nan,https://cf.bstatic.com/xdata/images/hotel/square600/827818127.webp?k=b402bfb3a5a297466961ee46df39af1fbc3d66e4c7eafa9115641e228eea1a80&o=
311,The Tenthola,,9.4,9.4,,,,na,,nan,https://cf.bstatic.com/xdata/images/hotel/square600/448322442.webp?k=89abe81527cfebcf6bcb1688a02cbe9b9abe7d5742e52ded3828bdf9917206ee&o=
312,Serenity Valley - Tourist Bungalow,"Serenity Valley - Tourist Bungalow offers accommodations in Kandy, 2.1 miles from Kandy City Center Shopping Mall and 2.3 miles from Bogambara Stadium.",,,7.293121,80.635036,Kandy,na,,nan,https://cf.bstatic.com/xdata/images/hotel/square600/724280416.webp?k=70379aa1161fd234c5257a5b8c6b506929b4452b02054252034c0e6cb2ccc73b&o=
313,GT Homes Peradeniya,"Located in Peradeniya, 1.4 miles from Kandy Royal Botanic Gardens, GT Homes Peradeniya provides accommodations with an outdoor swimming pool, free private parking, a garden and a terrace.",,,7.264211,80.593065,Peradeniya,na,,nan,https://cf.bstatic.com/xdata/images/hotel/square600/767514739.webp?k=ab4ab75795bc42cb8ce3addbf265813c586ea7eef5a585e14c6150c767406deb&o=
314,Kandy Villa 119,,9.2,9.2,7.308562,80.628489,,na,,nan,https://cf.bstatic.com/xdata/images/hotel/square600/770865038.webp?k=b7a79d1490c32815cf439e7b834fed995d78227f7e82d03d6b10b351da2215b8&o=
315,Kandy Inn by Moon hills,"Kandy Inn by Moon hills offers accommodations in Kandy, 1.8 miles from Kandy City Center Shopping Mall and 2 miles from Bogambara Stadium.",,,7.293121,80.635036,Kandy,na,,nan,https://cf.bstatic.com/xdata/images/hotel/square600/678868502.webp?k=af00d040ee325b285e54365407898d9524a9d83ca83d30de5c6fc4f474c13829&o=
316,"Stone House, Kandy",,9.4,9.4,,,,na,,nan,https://cf.bstatic.com/xdata/images/hotel/square600/32879010.webp?k=886a89e11a08cbc280ff906ab72a544db5024693ee6746353e84a125b5406d53&o=
317,Kandy Myst by Cinnamon,,9.0,9.0,,,,na,,nan,https://cf.bstatic.com/xdata/images/hotel/square600/734002246.webp?k=cc98f7bc906ca2a84e772ab5951b772b7298f60f180ec6ae4a85eed4b7fce0c5&o=
318,Alex Home Stay,,9.6,9.6,,,,na,,nan,https://cf.bstatic.com/xdata/images/hotel/square600/180965723.webp?k=fbec3bc8ba35ce1fa09ab9138d79d6886992f1d112773bdcede54ada53f6ebda&o=
319,NALY's Lodge,"Featuring a garden, NALY's Lodge features accommodations in Kandy. This property offers access to a balcony and free private parking.",,,7.293121,80.635036,Kandy,na,,nan,https://cf.bstatic.com/xdata/images/hotel/square600/758040220.webp?k=a79913d3a1a535feb0f4b0116169340c21aa1b9c81261a54d15d8e2b31988610&o=
320,Green View Holiday Resort,,6.2,6.2,7.390261,80.678307,,na,,nan,https://cf.bstatic.com/xdata/images/hotel/square600/605565081.webp?k=eb52ae0a808eff4a93efb6e812806ff6f2f6e9e9ddb72acad4f21d188b21b2c1&o=
321,Six Villa,"Six Villa is located in Kandy, just 2.5 miles from Kandy City Center Shopping Mall and 2.9 miles from Bogambara Stadium. This property offers access to a terrace, free private parking, and free Wifi.",,,7.293121,80.635036,Kandy,na,,nan,https://cf.bstatic.com/xdata/images/hotel/square600/786062693.webp?k=044304cb443df6aaaf068e138a109a6704c108e73f83c7fadf67fb3bb6019dba&o=
322,Samindra Villa,,9.9,9.9,,,,na,,nan,https://cf.bstatic.com/xdata/images/hotel/square600/811654520.webp?k=5e013df5f0efacf46bdc5e83a466b04026569599aef874388ceb368b40d96e91&o=
323,Kandiana 6A,"Kandiana 6A offers accommodations in Kandy, 2.5 miles from Kandy City Center Shopping Mall and 2.9 miles from Bogambara Stadium.",,,7.293121,80.635036,Kandy,na,,nan,https://cf.bstatic.com/xdata/images/hotel/square600/785720179.webp?k=95c0f1a00931e4c2b4358f564b4c044335b1290348c5c8fd80cb22dbcd21bd4c&o=
324,Dreams Hotel,"Dreams Hotel offers accommodations in Kandy, 2.1 miles from Kandy City Center Shopping Mall and 2.5 miles from Bogambara Stadium.",,,5.966545,80.376544,Kandy,na,,nan,https://cf.bstatic.com/xdata/images/hotel/square600/772702453.webp?k=43114d95b9796c3a0fe8c76cf221355937786c48897543a9d85e465bd809256e&o=
325,Taru Villas Kandy,,8.9,8.9,,,,na,,nan,https://cf.bstatic.com/xdata/images/hotel/square600/495057572.webp?k=0651be0e22fb44001fb82e3cb34d6c3e78d4ff4f99209880960861bd8b256985&o=
326,Alpha bungalow,"Featuring a garden, Alpha bungalow features accommodations in Kandy. This property offers access to a terrace, free private parking, and free Wifi.",,,7.293121,80.635036,Kandy,na,,nan,https://cf.bstatic.com/xdata/images/hotel/square600/844353970.webp?k=e477606fb82061d98df7f8c0c0ca917bdea256014884ca0f8a27758ea22904f0&o=
327,Dream Villa and Hostel Kandy,"Located in Kandy, 2.1 miles from Kandy City Center Shopping Mall, Dream Villa and Hostel Kandy has accommodations with a shared lounge, free private parking, a terrace and a spa & wellness center.",,,7.293121,80.635036,Kandy,na,,nan,https://cf.bstatic.com/xdata/images/hotel/square600/837699561.webp?k=520e27058657e583869202e4b15fbf75a0aec4d0b763d2d6f32a1dd7e0f7aadf&o=
328,Easy guest apartment,,8.3,8.3,,,,na,,nan,https://cf.bstatic.com/xdata/images/hotel/square600/669847229.webp?k=a4b2d20b2cc83b6012b269dc63785725a1f9727b55a1edd285018cc8aadb23ea&o=
329,ALTURA Kandy By Ceylon Vistas,,8.7,8.7,,,,na,,nan,https://cf.bstatic.com/xdata/images/hotel/square600/656085638.webp?k=1f0cd765afad1d6bb8d10ecb2e023aeffae7e846ef1559c8b6e1537cb4aeda15&o=
330,Kandyan Gate Homestay,,10.0,10.0,,,,na,,nan,https://cf.bstatic.com/xdata/images/hotel/square600/813603263.webp?k=02df344c214acba44d8a8898c916920e49fca3b270f94f06cc8c9ce7c5057f4a&o=
331,Kandy Lotus Chalet,,9.2,9.2,,,,na,,nan,https://cf.bstatic.com/xdata/images/hotel/square600/818989705.webp?k=a36d7d37928d59597fea2fdd816cf6f9f1a78b4223d74da5ac9ef7a80aef7617&o=
332,Mi casa,"Mi casa is located in Kandy, just 2.1 miles from Kandy City Center Shopping Mall and 2.3 miles from Bogambara Stadium. This property offers access to a balcony and free private parking.",,,7.293121,80.635036,Kandy,na,,nan,https://cf.bstatic.com/xdata/images/hotel/square600/816552546.webp?k=3033caaaf6f343c7e222480aa4bc4bb349d588814c7665cb984e815a4c816974&o=
333,Queens Lodge,,10.0,10.0,,,,na,,nan,https://cf.bstatic.com/xdata/images/hotel/square600/486934543.webp?k=fd684056a86095c4306c8a983c9e642c4388a229740734a70cec2ace19d87a65&o=
334,Nivahana Homestay,,10.0,10.0,,,,na,,nan,https://cf.bstatic.com/xdata/images/hotel/square600/155553657.webp?k=374fc98cf4618e7605f526ea9fbeacb7e7861732679a97b9e85502fddfae6c68&o=
335,Regent Heights,,8.5,8.5,,,,na,,nan,https://cf.bstatic.com/xdata/images/hotel/square600/479435535.webp?k=851b8dc55ac522ed36eceb2af0b7a9519f3cc2d7383a4919ebea73686842fee5&o=
336,Hostel 337,"Located in Kandy, 2.4 miles from Kandy City Center Shopping Mall, Hostel 337 has accommodations with a garden, free private parking and a shared lounge.",,,6.799751,79.900926,Kandy,na,,nan,https://cf.bstatic.com/xdata/images/hotel/square600/488890909.webp?k=fa7551913db8822c4e63ca885c1488ad2cf3beb72d4faa3f30e7e67f4c5186ba&o=
337,Hotel Avalong by Malwatta,,8.4,8.4,,,,na,,nan,https://cf.bstatic.com/xdata/images/hotel/square600/670864535.webp?k=3d5d6b0523f034f95211a54c23002a9d8ca0b99df830680267f0b84bcda27092&o=
338,Kandy Mountain Cottage,,8.5,8.5,,,,na,,nan,https://cf.bstatic.com/xdata/images/hotel/square600/244066195.webp?k=a067b14cc0e91666b76e7faeeaec9b3d24c02acc47b6c50ab61f8fe2369d7b26&o=
339,The Elephant Stables,,9.2,9.2,,,,na,,nan,https://cf.bstatic.com/xdata/images/hotel/square600/48364561.webp?k=a024ba90fa0928172abc9fe9103aa7c85128fb78be82ff94240070706947a324&o=
340,Shalom Residence Kandy,,9.2,9.2,,,,na,,nan,https://cf.bstatic.com/xdata/images/hotel/square600/768523901.webp?k=f143041cac93902d0d36e660baadd9a8eefbab07c8d63d6aeb6975ba7b8f8a37&o=
341,Birds Hill Villa,"Birds Hill Villa offers accommodations in Kandy, 1.8 miles from Kandy City Center Shopping Mall and 2 miles from Bogambara Stadium.",,,7.293121,80.635036,Kandy,na,,nan,https://cf.bstatic.com/xdata/images/hotel/square600/854175903.webp?k=5cc1dd8f9b7324e7a8dd6a60f6c66761a34af06ec7aaa356165e300fe3579e7c&o=
342,Seetha Homestay Kandy,,9.5,9.5,,,,na,,nan,https://cf.bstatic.com/xdata/images/hotel/square600/722927144.webp?k=cde3fdedf81894309218a691183ceb70fccf295b79f8f7002257fac8b9b43166&o=
343,Orchid Villa Kandy,,8.2,8.2,,,,na,,nan,https://cf.bstatic.com/xdata/images/hotel/square600/609161714.webp?k=749f68006b6d90858b69303c314e08870464c82926b44cd019e5c914610483ea&o=
344,Residence 212,"Residence 212 offers accommodations in Kandy, 2.4 miles from Kandy City Center Shopping Mall and 2.6 miles from Bogambara Stadium.",,,7.093882,80.877397,Kandy,na,,nan,https://cf.bstatic.com/xdata/images/hotel/square600/845562600.webp?k=06b2ebb9b6f83bb74fc3374d2f5697b321748d766e778f94688ac229eb0979a0&o=
345,Fairland Bungalow,,8.4,8.4,,,,na,,nan,https://cf.bstatic.com/xdata/images/hotel/square600/581477879.webp?k=9a0d418d6e6513010e09ebb33e9092dca81c23cacfcfdd8ba92ff3c06e7a8500&o=
346,KANTA Residence Villa,"KANTA Residence Villa offers accommodations in Kandy, 2 miles from Kandy City Center Shopping Mall and 2.5 miles from Bogambara Stadium.",,,7.293121,80.635036,Kandy,na,,nan,https://cf.bstatic.com/xdata/images/hotel/square600/677861975.webp?k=0acc34af55e352ae70c1c270604fe3d0035c3b789d6d7ef5238b6fe723ff692f&o=
347,Riverline Resort Kandy,,9.5,9.5,,,,na,,nan,https://cf.bstatic.com/xdata/images/hotel/square600/718390374.webp?k=966416c611fcea90b35926a179fb210217cdcc7d9d48cc7a18823f2c295ba587&o=
348,Relax Comfort House,"Relax Comfort House offers accommodations in Kandy, 2.5 miles from Kandy Train Station and 2.9 miles from Bogambara Stadium.",,,7.293121,80.635036,Kandy,na,,nan,https://cf.bstatic.com/xdata/images/hotel/square600/795691843.webp?k=b2f2cb5f15efea62d21f1257dad53e9a337aee311c091ce5ed019b95ea1643b0&o=
349,Cottage Fifty One,"Cottage Fifty One is located in Kandy, just 1.9 miles from Kandy City Center Shopping Mall and 2.4 miles from Bogambara Stadium.",,,7.293121,80.635036,Kandy,na,,nan,https://cf.bstatic.com/xdata/images/hotel/square600/846829377.webp?k=d56f7cff991c957df1621241065b2e38ee770440d5027c627a19ed107b806b1d&o=
350,Mount Pillar Homestay,,10.0,10.0,,,,na,,nan,https://cf.bstatic.com/xdata/images/hotel/square600/822425325.webp?k=19c8d4dc6207700fac68e1492c68e1fd81f85d9b869399e97f6ac6aa988daabe&o=
351,Kandy Hill Escape,,8.3,8.3,,,,na,,nan,https://cf.bstatic.com/xdata/images/hotel/square600/648258562.webp?k=a693d5b1a1c1bcc9dc5805b60ea1407f5d62f3ff1397483b5886e1d152b57aee&o=
352,Tiverton Homestay,,8.2,8.2,,,,na,,nan,https://cf.bstatic.com/xdata/images/hotel/square600/332409468.webp?k=61a214798278f7abf420858c204d14ae03f8d23cc5f36471cf0e40f358d821c7&o=
353,Hanthana view,,9.6,9.6,7.281091,80.635754,,na,,nan,https://cf.bstatic.com/xdata/images/hotel/square600/422300308.webp?k=fa9472024cfa55b53722145da027e84afbeadf8a5669ad77a74718674a658640&o=
354,No63 Amy's,,9.7,9.7,,,,na,,nan,https://cf.bstatic.com/xdata/images/hotel/square600/648211752.webp?k=d0581a61910a3d9c7468b2fab4b189e6898280332e5c6858905a05249c935d33&o=
355,WonderStay Holiday Bungalow - Kandy,"Providing a garden, WonderStay Holiday Bungalow - Kandy provides accommodations in Kandy. This property offers access to a balcony, free private parking, and free Wifi.",,,7.293121,80.635036,Kandy,na,,nan,https://cf.bstatic.com/xdata/images/hotel/square600/647337148.webp?k=a41b1a043f7a70658d5c23bd1f200c34beba26653925a33daaafbfc10aed90c8&o=
356,Red Chillies Nature Inn,,9.4,9.4,,,,na,,nan,https://cf.bstatic.com/xdata/images/hotel/square600/753076207.webp?k=d3e11f1cc1ab47d88d9736d56a7bc295b0771e2a6780a6008426661ca308e466&o=
357,The Green Lodge Kandy,,10.0,10.0,,,,na,,nan,https://cf.bstatic.com/xdata/images/hotel/square600/767872148.webp?k=0993f3dbb2d7c6d41d98676ef0b816f7f588fe72f2bf1b338e4b1d80e21b8e79&o=
358,Swarga Villa,"Swarga Villa is located in Kandy, just 1.9 miles from Kandy City Center Shopping Mall and 2.1 miles from Bogambara Stadium.",,,7.293121,80.635036,Kandy,na,,nan,https://cf.bstatic.com/xdata/images/hotel/square600/838627484.webp?k=caca1ca14ba4f63e667ebc383fb8288d27a99cad64997d9c83f5df9676ab5c47&o=
359,Mixon Villa Kandy,Mixon Villa Kandy is a recently renovated apartment in Kandy where guests can make the most of its garden and terrace. There's a private entrance at the apartment for the convenience of those who...,,,,,,na,,nan,https://cf.bstatic.com/xdata/images/hotel/square600/839519261.webp?k=bfee15e0f26f5100197ccb9f65182cb51bd3c7412bb8e7ca049e6f86c26562ba&o=
360,Villa Rosa,,9.2,9.2,,,,na,,nan,https://cf.bstatic.com/xdata/images/hotel/square600/443843774.webp?k=be4dda88769f7c0cf90328339ccbf9c4ddee46fa3d5c1e6387b492d9e71bdc04&o=
361,Malee Homestay,"Malee Homestay offers accommodations in Kandy, 3 miles from Kandy City Center Shopping Mall and 3 miles from Kandy Royal Botanic Gardens.",,,7.293121,80.635036,Kandy,na,,nan,https://cf.bstatic.com/xdata/images/hotel/square600/656425881.webp?k=0516e333fa34c10a62573492556341bd39f3b258bd97951775065cfb8c74d76a&o=
362,Villa Mount Melody,,8.7,8.7,,,,na,,nan,https://cf.bstatic.com/xdata/images/hotel/square600/446297310.webp?k=e2de805a1f712b2184427dcbf8e697735664b3efab13e6742b4fb00922e635f8&o=
363,Muduna Walawwa Resort,,9.2,9.2,,,,na,,nan,https://cf.bstatic.com/xdata/images/hotel/square600/507669427.webp?k=ee394b6b2a9f8c4f179ee23718d193871ff55b5b2b3649746ec7abbd0192d134&o=
364,Secret Heaven Kandy,,8.6,8.6,,,,na,,nan,https://cf.bstatic.com/xdata/images/hotel/square600/549421669.webp?k=f36e6667dba7ba521691a0e84bcc469d56320f544396aa9058085f77fb5a6fde&o=
365,Heaven Breeze Kandy,,9.4,9.4,,,,na,,nan,https://cf.bstatic.com/xdata/images/hotel/square600/494817151.webp?k=340bf9969e908b4ef99ac89c0f00587523bb1091afc38e7a50bca2927c114172&o=
366,Mystique Hideout,,9.0,9.0,,,,na,,nan,https://cf.bstatic.com/xdata/images/hotel/square600/505547834.webp?k=b6d038d9dd53aa5d3b40d5f325e52b1aa2bf33005c501f98884d6652093945ec&o=
367,Green Scape by Akmeemana,Green Scape by Akmeemana in Kandy provides accommodations with a garden and a shared lounge. This property offers access to a balcony and free private parking.,,,,,,na,,nan,https://cf.bstatic.com/xdata/images/hotel/square600/732126180.webp?k=3c06669ab2a259a8c701f42dff2494f6635fca0bb34a4027c7aa2a9f3b9a3f59&o=
368,Casa Selvita,,7.9,7.9,,,,na,,nan,https://cf.bstatic.com/xdata/images/hotel/square600/765199076.webp?k=9813f954d858485cd6de703abaed02eacd2e0501462881728f40a181d2cfd400&o=
369,Capricorn Bliss Villa,"A recently renovated bed and breakfast, Capricorn Bliss Villa offers accommodations in Kandy. This property offers access to a terrace, table tennis, free private parking, and free Wifi.",,,7.293121,80.635036,Kandy,na,,nan,https://cf.bstatic.com/xdata/images/hotel/square600/705190043.webp?k=9e2f88d2839ae72c9306315cbab99126d46d0f6806c53a79e2ed236104d08196&o=
370,Cielo Residence,,9.4,9.4,,,,na,,nan,https://cf.bstatic.com/xdata/images/hotel/square600/587073975.webp?k=879f1a36451bc4acca298677911ea99ad67b6f4b93563084394ee009d11ff406&o=
371,Serene Reach Villa,,9.8,9.8,,,,na,,nan,https://cf.bstatic.com/xdata/images/hotel/square600/790334769.webp?k=b71cbfbb6db938658b2b78f2d3448c08e8f9a56ce5eaa777c9fb337df025ed08&o=
372,SERENE HOME,,9.3,9.3,6.416618,80.823463,,na,,nan,https://cf.bstatic.com/xdata/images/hotel/square600/603754429.webp?k=8c9656eb68023d9903cd8f58cd4c78ac6bb805d985b43ae0578dadcabbfded85&o=
373,HILL TOP VIEW POINT HOMESTAY & RESORT,,10.0,10.0,,,,na,,nan,https://cf.bstatic.com/xdata/images/hotel/square600/479269592.webp?k=7411d52ebec4d1915c1ad72ede573776d08de79539f8b0f6fbbc3fa363184cc0&o=
374,DELIGHT REICH HOTEL,,5.6,5.6,,,,na,,nan,https://cf.bstatic.com/xdata/images/hotel/square600/379819256.webp?k=f2266338d92a73688c3fd982d89f50acccbe2d75c2efbaf0a86d407a8ed50766&o=
375,AnotherWorld Kandy,"Located in Mapanawatura, 1.6 miles from Kandy City Center Shopping Mall, AnotherWorld Kandy provides accommodations with a garden, free private parking, a shared lounge and a terrace.",,,7.310765,80.628276,Mapanawatura,na,,nan,https://cf.bstatic.com/xdata/images/hotel/square600/761601574.webp?k=6f1d86355b42e8b9f393f4923ccfc3824659bcc8450261555eb3d008f6bd2764&o=
376,Ameeila Villa,"Located in Kandy, 2.9 miles from Kandy City Center Shopping Mall, Ameeila Villa provides accommodations with a garden, free private parking and a shared lounge.",,,7.293121,80.635036,Kandy,na,,nan,https://cf.bstatic.com/xdata/images/hotel/square600/729503764.webp?k=8959d2db2981a0a58b0624271fc380dee57e90db06297c70c178e8e2650a2d1d&o=
377,Riverdale Ridge Holiday Apartments,,9.2,9.2,,,,na,,nan,https://cf.bstatic.com/xdata/images/hotel/square600/154305994.webp?k=1c0a1c3dcab67dd83b569ceb7663ee49735dbc1b6d8ecb5d01a3feb491926e0c&o=
378,Gangula Villa,,8.9,8.9,,,,na,,nan,https://cf.bstatic.com/xdata/images/hotel/square600/233458883.webp?k=1a419dac03ad3ce01f928e2301cf04ae0aacbf95fc54cceec2934aa3469d9d8e&o=
379,Kandy summerhill bungalow,"Kandy summerhill bungalow offers accommodations in Kandy, 1.5 miles from Kandy Train Station and 1.9 miles from Bogambara Stadium.",,,7.293121,80.635036,Kandy,na,,nan,https://cf.bstatic.com/xdata/images/hotel/square600/827869686.webp?k=e9b61f27ed96b55a1fcbd3f1254a4552747334aabde58d9292b3a65f67c47c2f&o=
380,Hill Tips Tea Bangalow,,9.0,9.0,,,,na,,nan,https://cf.bstatic.com/xdata/images/hotel/square600/780010488.webp?k=e1e39277a4941797e610013c69418cc504e8079656f0fb1fae899866badc0bcc&o=
381,Gardenia,"Featuring a garden, Gardenia features accommodations in Kandy. This property offers access to a terrace, free private parking, and free Wifi.",,,7.293121,80.635036,Kandy,na,,nan,https://cf.bstatic.com/xdata/images/hotel/square600/792830540.webp?k=a1fb39f0b883a59bb1bb9cfeb1a97a4257c63425d7e43aa597d41eb7e02c514a&o=
382,Laksha Hills,"Laksha Hills in Kandy provides accommodations with a garden, a terrace, and a shared lounge. This guest house provides free private parking, a 24-hour front desk, and free Wifi.",,,,,,na,,nan,https://cf.bstatic.com/xdata/images/hotel/square600/832119290.webp?k=e2f099c6d58c3eabff74c8c94224a97dcbd89372b9e753aa0d7678356c4b83e5&o=
383,Blue Haven Hotel,,7.0,7.0,,,,na,,nan,https://cf.bstatic.com/xdata/images/hotel/square600/242703288.webp?k=78a61317a19cab50ed62cbadaa80667bae63c8cc49b0ea9ea208772cab631e98&o=
384,Kandy Green HillTop Hotel,,1.0,1.0,,,,na,,nan,https://cf.bstatic.com/xdata/images/hotel/square600/844614586.webp?k=14cedd0fa40f34b4ec1d94e46f0eb7215061dd1a019d15619f2d72d84dd8a9cc&o=
385,Mount Haven,,9.1,9.1,7.304795,80.631031,,na,,nan,https://cf.bstatic.com/xdata/images/hotel/square600/227394270.webp?k=546fe7c670f4964d9537346a9fc08ab75a76fb6b1f6ca12eebb4b2535187b97b&o=
386,URBAN Lodge,,7.5,7.5,,,,na,,nan,https://cf.bstatic.com/xdata/images/hotel/square600/674531323.webp?k=29d7736b734a072bdf866dac9ce691e7fce0399b55190c95c0f5204c27a26e17&o=
387,Hasthi Boutique,,9.7,9.7,,,,na,,nan,https://cf.bstatic.com/xdata/images/hotel/square600/699208894.webp?k=c19b48f217aeee906bb29f8ac4a0b216e9fe9a8335314150b98adedb1ef119cf&o=
388,Nine Gems villa,,10.0,10.0,,,,na,,nan,https://cf.bstatic.com/xdata/images/hotel/square600/822342379.webp?k=36037ed26d2df7e83b2257e0878b35e484aab9bcd6ac171a1f13bc6869e7a937&o=
389,Unique Villa,,9.4,9.4,,,,na,,nan,https://cf.bstatic.com/xdata/images/hotel/square600/657094261.webp?k=d6d58c95a87299cf6e6645488d4eb9480ea7f533e73ba07b227e4745dab5d274&o=
390,The Peppermint,,9.7,9.7,7.287849,80.615416,,na,,nan,https://cf.bstatic.com/xdata/images/hotel/square600/78083044.webp?k=36a2393664d4e7e5e3ebb6d2cf5fc98df97df48fd27b1ce67b9db280969bb4b8&o=
391,Edgar Mansion Kandy,,8.7,8.7,,,,na,,nan,https://cf.bstatic.com/xdata/images/hotel/square600/502225097.webp?k=9e87ae76c5b63dbca63e63354dc6b03ee6c262224bc09dfbf2fdb72bad77b9fe&o=
392,Sherene's Homestay,"Offering a garden, Sherene's Homestay offers accommodations in Kandy. This property offers access to a terrace, free private parking, and free Wifi.",,,7.305388,80.638233,Kandy,na,,nan,https://cf.bstatic.com/xdata/images/hotel/square600/688637119.webp?k=98bcfb2bf76fca7332de2bf020c7de9cdcdad8cd5d4ef763509f3a4f7e1231d7&o=
393,Avenue 38,"Located in Kandy, within 1.2 miles of Kandy City Center Shopping Mall and 1.2 miles of Bogambara Stadium, Avenue 38 has accommodations with a garden as well as free private parking for guests who...",,,7.293121,80.635036,Kandy,na,,nan,https://cf.bstatic.com/xdata/images/hotel/square600/713033528.webp?k=54d8c36a5e8c66d93fd614bcca8c66e41f1bedb3ac54f3cc864c9b3e41f70b6c&o=
394,Ceylon Ayu Resort Kandy,,8.9,8.9,,,,na,,nan,https://cf.bstatic.com/xdata/images/hotel/square600/574237037.webp?k=84cb6088a4fdcef95f8b43902d911e15efdf3e481adff6176f2cc44d35eb2e5b&o=
395,Susi Homestay,"Susi Homestay offers air-conditioned rooms in Kandy. With free private parking, the property is 1.5 miles from Kandy City Center Shopping Mall and 1.9 miles from Bogambara Stadium.",,,7.293121,80.635036,Kandy,na,,nan,https://cf.bstatic.com/xdata/images/hotel/square600/839509179.webp?k=d2457219f5c23e67a619aaaf6d5f9f15fbfad301774a9b8d07f4f6bdfc99d322&o=
396,New Brookside Nature Resort,,6.7,6.7,,,,na,,nan,https://cf.bstatic.com/xdata/images/hotel/square600/642436098.webp?k=957f08550c6a54f41c0d8b7a34f0b01f2ba87a8f5e5e98800e0b56b0677ec5f0&o=
397,Riverston Water Front Villa,"Located 23 miles from Kandy City Center Shopping Mall, Riverston Water Front Villa provides accommodations with free WiFi and free private parking.",,,,,,na,,nan,https://cf.bstatic.com/xdata/images/hotel/square600/756295806.webp?k=ff72c2c8a46d55283a98ee9251378ae8beb9541794f5c87c1eac83096c2c6d0d&o=
398,Jim's Farm Villas,,9.9,9.9,,,,na,,nan,https://cf.bstatic.com/xdata/images/hotel/square600/197193306.webp?k=bf85fba6687538c6a5606b7b53b88d2b66a3699101639a7e0239cf0a4b07ec1a&o=
399,URBAN Lodge,"URBAN Lodge is located in Kandy, just 2.2 miles from Kandy Train Station and 2.5 miles from Kandy Royal Botanic Gardens. This property offers access to a balcony and free private parking.",,,7.293121,80.635036,Kandy,na,,nan,https://cf.bstatic.com/xdata/images/hotel/square600/673324707.webp?k=ca2ab9bd4eb91f7cdeeb43c8390546e7e4bf3efa3c9cb269b22baaaf3915291d&o=
400,Riverston Du Eco Cottage,,7.7,7.7,,,,na,,nan,https://cf.bstatic.com/xdata/images/hotel/square600/440097496.webp?k=622247e6c90bc4a39aa4a0984ca3b3545577b02a09458bcf60e1a714fd871284&o=
401,Red Star Kandy Home Stay,,9.5,9.5,,,,na,,nan,https://cf.bstatic.com/xdata/images/hotel/square600/796178390.webp?k=cd48be285427c7a13c1c878d0f75455b5e92dd096773509b123dd1f2e38b2ee7&o=
402,Earl's Regent Hotel,,7.7,7.7,7.283295,80.610148,,na,,nan,https://cf.bstatic.com/xdata/images/hotel/square600/28248067.webp?k=046916559e915090de3e279d07435420e05dcdb8e1427aa1dc706e521dd0e5f7&o=
403,Highgarden Hideaway Bungalow - Peradeniya,,9.3,9.3,,,,na,,nan,https://cf.bstatic.com/xdata/images/hotel/square600/751219744.webp?k=a042ab9bf668f44b75de05d27a7266e8e62a9a4c569a8ada5236162c82b52f3f&o=
404,Mountview Homestay Kandy,,6.2,6.2,,,,na,,nan,https://cf.bstatic.com/xdata/images/hotel/square600/246036436.webp?k=bb14409f6ced350a80b8ddfdd7223e1c5a4f2ef5b7e7ae44295b29809a274e40&o=
405,Kaya Residence Kandy,,9.3,9.3,,,,na,,nan,https://cf.bstatic.com/xdata/images/hotel/square600/104161746.webp?k=b856d181dd3ba79bcd2985359bdf6968efb302d298882f08c2007efd91fd0161&o=
406,New Toropi Homestay,,9.7,9.7,,,,na,,nan,https://cf.bstatic.com/xdata/images/hotel/square600/724105825.webp?k=df672ea87be3ade0320231321c4d769f4bec53940e957359e0b7341b7da08cd9&o=
407,Hebron Gardens House,,9.5,9.5,,,,na,,nan,https://cf.bstatic.com/xdata/images/hotel/square600/771074231.webp?k=8665e396373c4d026c0e8a4aaf96250eca37eef41040a4c0aee2efe587b153c3&o=
408,SaRu Apartments Kandy - 2 Bedroom for 6,,9.3,9.3,,,,na,,nan,https://cf.bstatic.com/xdata/images/hotel/square600/446123459.webp?k=09178717592967ea76fb0aff17cb1f333b8c347d6c9d5569ffab4abdf6a41e9f&o=
409,DK Lodge,,8.6,8.6,,,,na,,nan,https://cf.bstatic.com/xdata/images/hotel/square600/733064935.webp?k=3257f6f04a3922f492daf3a2109e10030752f64779e6fed3844c9c5b3be352af&o=
410,Hotel Gangaaddara,,7.7,7.7,,,,na,,nan,https://cf.bstatic.com/xdata/images/hotel/square600/224807860.webp?k=0af7efb567663f96338c60345cc56242d9305fbee4af5d6107d557eb604d678f&o=
411,Ajanthas' Homestay,,8.9,8.9,,,,na,,nan,https://cf.bstatic.com/xdata/images/hotel/square600/105980004.webp?k=9b7ed5cd331477a6c850d63fc353def0d2224e5d621d0c50a441d58fe03a82d4&o=
412,Tree Breeze Inn,,7.9,7.9,,,,na,,nan,https://cf.bstatic.com/xdata/images/hotel/square600/72278434.webp?k=b7c8a9fdb59bae6f60c939e52094dbae0bfe1ef03e131ae7403d5c8a88fd2094&o=
413,Lavendish Hills Kandy,,8.5,8.5,,,,na,,nan,https://cf.bstatic.com/xdata/images/hotel/square600/827866213.webp?k=42fb166945f3dfc6b3f96eccb8c884e38bb5ad4c52b64ff40329ea742035c269&o=
414,"BPR - Asgiriya ,Kandy",,8.4,8.4,7.298317,80.632866,,na,,nan,https://cf.bstatic.com/xdata/images/hotel/square600/457345821.webp?k=449ad3d86d39163e0f4d7eac7d5ebd920c1b02c5688565b246d6ff2afde235a3&o=
415,Galkaduwa360 Villa,,9.5,9.5,,,,na,,nan,https://cf.bstatic.com/xdata/images/hotel/square600/588732813.webp?k=3a7b0cf2456e5b7a5cf08ea22cf62266504c46b928e5d5c07449b79c21c30d0a&o=
416,Kings Pavilion Luxury Hotel,,9.3,9.3,,,,na,,nan,https://cf.bstatic.com/xdata/images/hotel/square600/189414555.webp?k=dfd9e6e7a416064bc9fd81c8f91f188c4834ea42648d16fd70d1d1510d60360b&o=
417,Layathraa Kandy,,2.4,2.4,7.286352,80.614708,,na,,nan,https://cf.bstatic.com/xdata/images/hotel/square600/107691538.webp?k=5f84431c58272ec6afff2d2a1fa9a5e321e16350219968da0f2a19c89ca1990b&o=
418,Sky View Grand,,6.7,6.7,,,,na,,nan,https://cf.bstatic.com/xdata/images/hotel/square600/412526578.webp?k=e6efce464d77531be13b2e1a0d0e802a5c912a154066f0981097f390eee1a99a&o=
419,The Haven Kandy,"The Haven Kandy offers accommodations in Kandy, 2.1 miles from Kandy Train Station and 2.6 miles from Kandy Museum.",,,7.293121,80.635036,Kandy,na,,nan,https://cf.bstatic.com/xdata/images/hotel/square600/643174891.webp?k=9d6abe6b15c8fd23b157348f664f7753e49b41d9beb9270b7287ad8af2d01f76&o=
420,Whispering Trees,,9.7,9.7,,,,na,,nan,https://cf.bstatic.com/xdata/images/hotel/square600/816557577.webp?k=d4c5ed0dbc8e3202f2ed6b1d9d83807d5e6e722923f3d12e06af5caddb54425c&o=
421,St Bridget's Country Bungalow,,8.0,8.0,7.302497,80.626982,,na,,nan,https://cf.bstatic.com/xdata/images/hotel/square600/211117319.webp?k=fd7182acbdaab1ffbc8b56cbb136f13eafc14b98b65cc1b9348783e2bee34563&o=
422,View Point by Pubudu,"View Point by Pubudu offers accommodations in Kandy, 1.6 miles from Kandy City Center Shopping Mall and 2 miles from Bogambara Stadium. With mountain views, this accommodation offers a balcony.",,,7.293121,80.635036,Kandy,na,,nan,https://cf.bstatic.com/xdata/images/hotel/square600/835995904.webp?k=6ead1e8ce411dc58c4c7a3613c0ed5ebd03898743a5b3a1f322ad1f5f017de2e&o=
423,Bunty's Tea House,,8.6,8.6,,,,na,,nan,https://cf.bstatic.com/xdata/images/hotel/square600/729220834.webp?k=c05ca8c18bebabe25fc663bb199eaa2d8fb4dedc9bbcd1ec5cd8c835b2b3cc58&o=
424,The Mango,,7.7,7.7,6.916875,79.865048,,na,,nan,https://cf.bstatic.com/xdata/images/hotel/square600/123169897.webp?k=a55aace0b0a5e5888d55644c8c7a45bc5dd1f13b62690e36a9bf1b43f56caa15&o=
425,Araliya Home Stay,,9.5,9.5,,,,na,,nan,https://cf.bstatic.com/xdata/images/hotel/square600/585116052.webp?k=a75709c47f7f45fc50de44376b94e421895dc51dc5f6916dea2a9d9ffc66cc82&o=
426,Lake house,"Located within 24 miles of Kandy City Center Shopping Mall and 25 miles of Ceylon Tea Museum, Lake house has rooms in Kegalle.",,,6.93288,79.847176,Kegalle,na,,nan,https://cf.bstatic.com/xdata/images/hotel/square600/665981408.webp?k=5005dd2b086546466f0719930ae4e07325ce095fc23432a7b06db598d7494368&o=
427,StayLOG Peradeniya,,1.0,1.0,,,,na,,nan,https://cf.bstatic.com/xdata/images/hotel/square600/670812169.webp?k=fc0f2a0932a0c14e20677619cb6442428543f331f547125dbf1d3e5dfb45582a&o=
428,Galaxy City Hotel,,8.6,8.6,,,,na,,nan,https://cf.bstatic.com/xdata/images/hotel/square600/233462130.webp?k=a74c5137f4cd3766835423c6b5b124aadbd92bb1dcfce1207c2b5700006dc56c&o=
429,SKYRAH REACH,,8.0,8.0,,,,na,,nan,https://cf.bstatic.com/xdata/images/hotel/square600/472055486.webp?k=08dc5ec13612e1d0331347910b331860b253978f413f7b0176a1512d79a4cc0f&o=
430,Eden Kandy,,9.6,9.6,7.164362,80.574591,,na,,nan,https://cf.bstatic.com/xdata/images/hotel/square600/697035387.webp?k=289de675c5a8b148d20efd9df85d10589fda8682e20c5026fb101244758aa91f&o=
431,The Grand Walawwa,,9.1,9.1,,,,na,,nan,https://cf.bstatic.com/xdata/images/hotel/square600/479067708.webp?k=4e9b03fdffb7729cf41ff81cae61be6c4ca1c74d0084d26cab2103080fdabdd6&o=
432,Cliveland Residence,,9.0,9.0,,,,na,,nan,https://cf.bstatic.com/xdata/images/hotel/square600/439367393.webp?k=f130b5394d4b4158acd0bac499928042ece64db2adca8b41d95b463cb34a8ec8&o=
433,Hotel Blue Mount View Kandy,,6.0,6.0,,,,na,,nan,https://cf.bstatic.com/xdata/images/hotel/square600/824229800.webp?k=f7ae7021ca9187dcb9201f16e62538a31cc5b11a3662ab1421463ccabf49245d&o=
434,No 06 Veediya Bandara Lane Bahirawakanda,,9.2,9.2,,,,na,,nan,https://cf.bstatic.com/xdata/images/hotel/square600/592569800.webp?k=8b6cf2f02ab5924b3656f42b97dc825654a59ed2cbdb61dfddef807e33878546&o=
435,Everdew Kandy,,9.8,9.8,,,,na,,nan,https://cf.bstatic.com/xdata/images/hotel/square600/481966259.webp?k=d91af8d127b185f20750a0f9a5eb86b5b5df871241ca563640d361fe2cc0cfd8&o=
436,Kandy Eco Retreat,,8.9,8.9,,,,na,,nan,https://cf.bstatic.com/xdata/images/hotel/square600/553735444.webp?k=65b39fb74299f92da498a037beb419a36c10f8a12528562a8379338c1b0713e2&o=
437,Kandy Villa,,8.7,8.7,7.288382,80.661453,,na,,nan,https://cf.bstatic.com/xdata/images/hotel/square600/704352802.webp?k=166874667bff46dfd8f853613a35c07098464528df6042ef40805d55a48cc4b7&o=
438,Golden Villa Kandy,,9.3,9.3,7.834743,80.65536,,na,,nan,https://cf.bstatic.com/xdata/images/hotel/square600/411683712.webp?k=c1363ddbf30018f2594446f4972d5cb488297d762f1d8ab70cf7bc08af44332b&o=
439,Kandy Green Villa,,9.5,9.5,,,,na,,nan,https://cf.bstatic.com/xdata/images/hotel/square600/667720389.webp?k=c47769f9f5e186ffb012236fd97ed594df7428a0de7a9a0ff6020f4a5bbfce63&o=
440,Traders stay kandy,"Located within 1.6 miles of Kandy Train Station and 2.1 miles of Kandy City Center Shopping Mall, Traders stay kandy provides rooms in Kandy.",,,7.293121,80.635036,Kandy,na,,nan,https://cf.bstatic.com/xdata/images/hotel/square600/744563284.webp?k=6c978209711dbf281adff43af32608fb2e040203e218ee95d230d7fda5946059&o=
441,The Kandyan Legends,,9.1,9.1,,,,na,,nan,https://cf.bstatic.com/xdata/images/hotel/square600/644604772.webp?k=cc770db0134681426eac45b382b17d33d7de5b5765b38e767ef347900485d9d3&o=
442,Grand Holidays Kandy,"Located in Kandy, within 1.7 miles of Kandy Royal Botanic Gardens and 2.3 miles of Kandy Train Station, Grand Holidays Kandy has accommodations with a spa & wellness center as well as free private...",,,7.293121,80.635036,Kandy,na,,nan,https://cf.bstatic.com/xdata/images/hotel/square600/610945494.webp?k=e48f30689356f755f3fb3fff4682e601939a5f673092ef2f45fcabc39d340df9&o=
443,The Comfort,,9.7,9.7,,,,na,,nan,https://cf.bstatic.com/xdata/images/hotel/square600/432189747.webp?k=1a035fe52edb587fa9d65bbe16cc1da1c5071af1fd027a615b055a6fff8a31ac&o=
444,Heavens Door Guest Inn,,7.7,7.7,,,,na,,nan,https://cf.bstatic.com/xdata/images/hotel/square600/125894861.webp?k=0209cd248a929f9df276e982f78d98bb0066bf2b0c7afe1518d5e77ae50db246&o=
445,Gracian Villa,,9.3,9.3,,,,na,,nan,https://cf.bstatic.com/xdata/images/hotel/square600/436886174.webp?k=6c3a151b743c8c112ac840420172d96c4493bf47a30f09ccc8d6cc6fa0e8a355&o=
446,Kandy VILLA,,9.0,9.0,7.284323,80.644646,,na,,nan,https://cf.bstatic.com/xdata/images/hotel/square600/510698789.webp?k=24ecd5426c3b52728f52e41e41c91445e5fbc7330be1da8ca26bf52d439ecae1&o=
447,Travel Inn Deluxe Anniewatta,,8.7,8.7,,,,na,,nan,https://cf.bstatic.com/xdata/images/hotel/square600/382640020.webp?k=1c1c0edffcedf140b99d40d76328cda6198f7a179e5e3de5b50e61e0a65e21d6&o=
448,G7 Retreat,"Providing a garden, G7 Retreat offers accommodations in Kandy. This property offers access to a terrace, free private parking, and free Wifi.",,,6.83674,79.888757,Kandy,na,,nan,https://cf.bstatic.com/xdata/images/hotel/square600/650005099.webp?k=e6a797c0acbc07b6794e661cbcbb072e4460385a0445e072194d8220b5c0ad3e&o=
449,Rock Edge Residence,,8.5,8.5,,,,na,,nan,https://cf.bstatic.com/xdata/images/hotel/square600/523026635.webp?k=a5e358916621786338694b4b069e568b0eccd71d7242392d8cfef217a3a989c7&o=
450,Remli Villa,,9.7,9.7,7.285307,80.615512,,na,,nan,https://cf.bstatic.com/xdata/images/hotel/square600/143875255.webp?k=c15f42720c50c85192c15ab54187d76e5a7718a66f86c39c470e33d9eae1083d&o=
451,Kandy Living Homestay,,9.4,9.4,,,,na,,nan,https://cf.bstatic.com/xdata/images/hotel/square600/570331840.webp?k=6bde243f5ab552deb39ee31acb190b83e68344037a3cc82e82edb3b1df243f4e&o=
452,Rivora Residence,,8.9,8.9,,,,na,,nan,https://cf.bstatic.com/xdata/images/hotel/square600/782429409.webp?k=014b8126891d8d394823489aa10ddbe84f93baa1cbf2e40d9b756a63ac519e69&o=
453,Sweet Cinnamon Kandy,,9.2,9.2,,,,na,,nan,https://cf.bstatic.com/xdata/images/hotel/square600/411250261.webp?k=d52d51a8d6a11359e26d075fdf0a6d33fb82f8c0c0cbb6e7614cc43950a7c6aa&o=
454,Everdew Kandy Rooms,,9.2,9.2,,,,na,,nan,https://cf.bstatic.com/xdata/images/hotel/square600/788374545.webp?k=d63c8c244d508c8ffecb6cfa8da9e31eeea5f67d845d6a6220b40571689268f5&o=
455,Kandyan Hideout,,7.9,7.9,7.306574,80.638265,,na,,nan,https://cf.bstatic.com/xdata/images/hotel/square600/642546425.webp?k=5542456e0500587345a640bb683a4f0ba9d148161fce50812312367e943b9253&o=
456,Oak Wood Residency Kandy,"Located in Kandy, 1.7 miles from Kandy Train Station, Oak Wood Residency Kandy provides accommodations with free WiFi and free private parking. This 3-star hotel offers room service.",,,7.293121,80.635036,Kandy,na,,nan,https://cf.bstatic.com/xdata/images/hotel/square600/691245516.webp?k=886dad5b85dae9c16a6abf287667195dc659f40ae89e52da530a890172a0ea16&o=
457,Bloom Hill Kandy,,8.7,8.7,,,,na,,nan,https://cf.bstatic.com/xdata/images/hotel/square600/774281172.webp?k=92343000b9c563402ffad4252ea586627c0f7cf680e1677b12fdc7ca405bc474&o=
458,Kandy River Lodge,,9.7,9.7,,,,na,,nan,https://cf.bstatic.com/xdata/images/hotel/square600/673699831.webp?k=47033e3d8e111b3eaf018049ee4f1d4d67238291ede9ccfe65fd50394dc2e294&o=
459,Windy Ridge Kandy,,8.9,8.9,,,,na,,nan,https://cf.bstatic.com/xdata/images/hotel/square600/437476831.webp?k=a7f71a68932ed6bc3beb8ebde1b6efdc27637eb22a5c39398a7310caa2779aca&o=
460,Town Hill,,9.2,9.2,6.079262,80.56686,,na,,nan,https://cf.bstatic.com/xdata/images/hotel/square600/695362974.webp?k=a483e4da2fafa05a614d2cfc1e88d34f3e921867565c78b0e9f8703065003236&o=
461,Kandy Citylights Residence,,6.9,6.9,,,,na,,nan,https://cf.bstatic.com/xdata/images/hotel/square600/116929963.webp?k=3d36a37b4b9dabce5ebbd8a0ad683f2f9da86e075d90e00ec94605feee673f26&o=
462,Clove Garden Kandy,,8.6,8.6,,,,na,,nan,https://cf.bstatic.com/xdata/images/hotel/square600/162148134.webp?k=b58f1375d35e2a448cc6e62079ecc9c391baf64ac6c7f6c898dc01faf510d019&o=
463,Sunset Ridge,,9.1,9.1,,,,na,,nan,https://cf.bstatic.com/xdata/images/hotel/square600/808999754.webp?k=18868753cb4424a9ab21b8b8b2ad761dbd9e5e037f49c2eaba3dee100ebccb8a&o=
464,Anniwatta Residence,"Well set in Kandy, Anniwatta Residence provides air-conditioned rooms with free private parking and room service. Providing a garden, the property is located within 1.3 miles of Kandy Train Station.",,,7.293121,80.635036,Kandy,na,,nan,https://cf.bstatic.com/xdata/images/hotel/square600/695919500.webp?k=2e555528e80f7ec90aa6d3f87c9de1c6e726ed1fdfb0c62fd59eae4ff9a9776b&o=
465,Salika,"Salika offers accommodations in Kandy, 1.7 miles from Kandy City Center Shopping Mall and 2.1 miles from Bogambara Stadium.",,,7.28957,80.638062,Kandy,na,,nan,https://cf.bstatic.com/xdata/images/hotel/square600/825570930.webp?k=e8748e138a4aca92acaae9b458b918b04a1f9468f06c193d31a533382b010019&o=
466,Blue Pillars Kandy,,9.3,9.3,,,,na,,nan,https://cf.bstatic.com/xdata/images/hotel/square600/600664510.webp?k=68ab38277b2eb0a350cbd2a1e285aac167019a88c35a4bfaf1a838a887a5c81a&o=
467,Kandy City Oasis Hotel,,8.9,8.9,,,,na,,nan,https://cf.bstatic.com/xdata/images/hotel/square600/568496347.webp?k=91d730c1b455b964ec229e6eef4021a8deb7790708797880ad37d372642cc2bb&o=
468,Misty Clouds Homestay,,9.5,9.5,,,,na,,nan,https://cf.bstatic.com/xdata/images/hotel/square600/797723358.webp?k=c96d4bf3bf4a578381f08fac58314c9bfd2cb80e82fdd2a5d3d24f0143b712d2&o=
469,Witherspoon Lodge,,9.5,9.5,,,,na,,nan,https://cf.bstatic.com/xdata/images/hotel/square600/818763675.webp?k=5f06bfdc59a494cc0bb223a23a5c5cdd95e1f79cf21894b2adf779f1e483dfce&o=
470,Tea Heritage,,10.0,10.0,,,,na,,nan,https://cf.bstatic.com/xdata/images/hotel/square600/714840061.webp?k=3012921cda02030d0908f7a704b0f23da19231828c992d647db94d20c3efe9f1&o=
471,Riverston Nature Villa,,8.6,8.6,,,,na,,nan,https://cf.bstatic.com/xdata/images/hotel/square600/474850904.webp?k=c5945f632bb663b69f3ab2d5f18194eb7875c488bf8965645c56db30f4942d22&o=
472,"Grand Holidays, Kandy","Grand Holidays, Kandy offers accommodations in Kandy, 1.6 miles from Kandy Royal Botanic Gardens and 2.3 miles from Kandy Train Station.",,,7.293121,80.635036,Kandy,na,,nan,https://cf.bstatic.com/xdata/images/hotel/square600/618632601.webp?k=8c4bd6e4858b50023f4775716048ee73388a814d7c72066355b7ab98cc2db6a8&o=
473,"No 44,Anniewatte Road",,8.8,8.8,,,,na,,nan,https://cf.bstatic.com/xdata/images/hotel/square600/63258334.webp?k=5aea8354191410233d5ba261c742cb1dc2ca9c07f51b9545649a64b7078c409a&o=
474,Arambhaya Boutique Hotel,,9.2,9.2,,,,na,,nan,https://cf.bstatic.com/xdata/images/hotel/square600/651444256.webp?k=8c769123fa5b2c9d4ae076826a8008ca3f0494799c92d0454c7e052ba5de10d0&o=
475,Peak Lodge,,9.3,9.3,,,,na,,nan,https://cf.bstatic.com/xdata/images/hotel/square600/740424751.webp?k=2209c8a0b6cdf6a2cff0cb5b2e364a26c38a4ec8cdfdd37d14320315d79bf4a6&o=
476,Sanatha Suwaya,,9.7,9.7,,,,na,,nan,https://cf.bstatic.com/xdata/images/hotel/square600/527478891.webp?k=e449915ec6b1588f5c61572ba63efa5f5a2767135f16a91d3b70b6fb758ff24f&o=
477,Villa Sanseya Kandy,,10.0,10.0,,,,na,,nan,https://cf.bstatic.com/xdata/images/hotel/square600/570794892.webp?k=d0338c1029d10dc36cde553b70a2778e1ac99461a9428264b6f5ea7309926a26&o=
478,The Next Door,,9.9,9.9,,,,na,,nan,https://cf.bstatic.com/xdata/images/hotel/square600/794850888.webp?k=b152021c9ad03c8ff11d920004ae8c39c0db48c25cc647848bb3d702c3b55e19&o=
479,Rosyth Estate House,,9.6,9.6,7.277,80.35293,,na,,nan,https://cf.bstatic.com/xdata/images/hotel/square600/189071312.webp?k=fed011c53bcf6571f974dd6b41525c64dff8b86cfa52e0f870f2d955219e5288&o=
480,Aquahills,,9.5,9.5,,,,na,,nan,https://cf.bstatic.com/xdata/images/hotel/square600/707366442.webp?k=a81f484324a2b7fce378d716945a63987d5f030a5983628a3087a6c0bfa0b883&o=
481,Aurora Kandy,,10.0,10.0,7.27885,80.68068,,na,,nan,https://cf.bstatic.com/xdata/images/hotel/square600/838502328.webp?k=a9f254bebf0de4e6bf1ef3c28330948ad6a041de61235b280b9a652f071da172&o=
482,Barefoot Inn Kandy,,9.0,9.0,,,,na,,nan,https://cf.bstatic.com/xdata/images/hotel/square600/600546425.webp?k=230960239b8a511e67b74a0c539a69cf55401037aed75c0c83d6c8a6cf674f7f&o=
483,Sakura Hill,,6.3,6.3,,,,na,,nan,https://cf.bstatic.com/xdata/images/hotel/square600/478875595.webp?k=852672781f2603a4d9b7fd38ee5dcd5c11103f1126f39a8262a2ff2213c8767a&o=
484,Regal river resort,,8.3,8.3,,,,na,,nan,https://cf.bstatic.com/xdata/images/hotel/square600/757249203.webp?k=da4f277645af70b362fd8d5db0e34c74f6da917ed096cee0c110482ac80fc7e7&o=
485,Swiss Residence Kandy,,5.3,5.3,7.296775,80.629913,,na,,nan,https://cf.bstatic.com/xdata/images/hotel/square600/147082140.webp?k=08b55629584773ce16ee5137920632d1d95a4ce57091fe510202c1c548b22b28&o=
486,Hill House Kandy,"Featuring a garden, a restaurant as well as a bar, Hill House Kandy is located in the center of Kandy, 1.2 miles from Kandy City Center Shopping Mall. This 3-star hotel offers a concierge service.",,,7.283377,80.650418,,na,,nan,https://cf.bstatic.com/xdata/images/hotel/square600/715064812.webp?k=d327d4e31089903af3e5ea191eba1be37db330f327f245340c0fba3bf06be7df&o=
487,Skylight Villa,,9.5,9.5,,,,na,,nan,https://cf.bstatic.com/xdata/images/hotel/square600/557211588.webp?k=ed1dc4438ace05d299f838253d7eab6611c0fc5b5de28e1dce55a4d4711c9714&o=
488,Grand Castellea Resort,,9.0,9.0,,,,na,,nan,https://cf.bstatic.com/xdata/images/hotel/square600/782325599.webp?k=c68c88bdebaac65b2f763e65787ff50659e7bca79e3da061c02a4aa641f8b57f&o=
489,Cloud Nine,,8.8,8.8,7.290571,80.623242,,na,,nan,https://cf.bstatic.com/xdata/images/hotel/square600/528850415.webp?k=5f35949a9005966b4b641b45d6bf9af3b48eaf871d6809a14fbbe58af572d1ea&o=
490,Fly Infinity - Home Stay Kandy,,8.5,8.5,,,,na,,nan,https://cf.bstatic.com/xdata/images/hotel/square600/595754964.webp?k=840ee393f37bcec320d011246ed1419358e2395c53c961b4252a2c3548571679&o=
491,Banana Bunks Kandy,,7.9,7.9,,,,na,,nan,https://cf.bstatic.com/xdata/images/hotel/square600/330628218.webp?k=8c0bf9414082bdfb5414fe0509ccb7c118ee68f60cdfee97fdfc7f171d9cd9e4&o=
492,Shades of Hills,,10.0,10.0,,,,na,,nan,https://cf.bstatic.com/xdata/images/hotel/square600/581466217.webp?k=2d4fe8c5ceadf5faf68b7e82ae8b73e54e835aa0c68ba7c14bbf73d264b0ce7a&o=
493,Villa Serene,,8.1,8.1,7.307118,80.637912,,na,,nan,https://cf.bstatic.com/xdata/images/hotel/square600/119002152.webp?k=832ec5868cbc450bb7fbaa5ea0aad6f2ef70913260555a090aa207df667d1b12&o=
494,Hunas Falls,,7.3,7.3,7.401704,80.68978,,na,,nan,https://cf.bstatic.com/xdata/images/hotel/square600/840906830.webp?k=e250670f7747e1b97bad346a71bc7d7a7879be566431875d434a637cd7914576&o=
495,View360,,7.1,7.1,,,,na,,nan,https://cf.bstatic.com/xdata/images/hotel/square600/547916530.webp?k=6394869a62c7ba26851730000c8d7fa28418929dfef19bbb7382fe7d0431dd6c&o=
496,Squirrel's Nest,,9.4,9.4,,,,na,,nan,https://cf.bstatic.com/xdata/images/hotel/square600/583670607.webp?k=5dc9eea3faa599a6343744e1516f4bb89c750da664c71f9e7b3353d6d6011cf6&o=
497,River View Home Kandy Srilanka,"River View Home Kandy Srilanka offers accommodations in Kandy, 1.3 miles from Kandy Train Station and 1.7 miles from Kandy City Center Shopping Mall.",,,7.293121,80.635036,Kandy,na,,nan,https://cf.bstatic.com/xdata/images/hotel/square600/664695514.webp?k=8cca3d4494832a59c4833b5398907bdf8146153771270386a7e0f0a9d3ed3412&o=
498,47 Alfred House - Free Pickup from Kandy City,,9.4,9.4,,,,na,,nan,https://cf.bstatic.com/xdata/images/hotel/square600/156206865.webp?k=3d569cfe39038a6e040ddddfb20d45c83f544ef3bd9214f0eeb060d87ec72375&o=
499,Odeon Homestay,,7.0,7.0,,,,na,,nan,https://cf.bstatic.com/xdata/images/hotel/square600/791290813.webp?k=37827c5f3c1ead8bc40b5c2050217ff499e3a225d0ee76dad6d2924c600260e7&o=
500,The Bird's Nest - Kandy,"The Bird's Nest - Kandy offers accommodations in Kandy, 1.7 miles from Bogambara Stadium and 1.7 miles from Kandy City Center Shopping Mall.",,,7.293121,80.635036,Kandy,na,,nan,https://cf.bstatic.com/xdata/images/hotel/square600/771062480.webp?k=39957a90e7879ae7125483bb59df336a30d2bb32871e190fa1ad176a2422f2aa&o=
501,Carls' Corner,,9.5,9.5,,,,na,,nan,https://cf.bstatic.com/xdata/images/hotel/square600/738105846.webp?k=f5ae638571edacaeb34a9fc5cdc62e929afb67ced64486d906f39660efe1359c&o=
502,Kandy The Tourmaline,,7.2,7.2,,,,na,,nan,https://cf.bstatic.com/xdata/images/hotel/square600/94653161.webp?k=839cc336db2173df60f31bcfa868896a2fdc19f2547a39562105511d28e222ea&o=
503,"Banda Casa, Kandy",,9.4,9.4,,,,na,,nan,https://cf.bstatic.com/xdata/images/hotel/square600/238433026.webp?k=fb4a7d3ce74f7f877b16e9e3ce2318bc13312e5cd4a4e6b9f0a59ebcc6743316&o=
504,Long Villa,"Providing mountain views, Long Villa in Kandy provides accommodations and a garden. Both free Wifi and private parking are available at the homestay free of charge.",,,,,,na,,nan,https://cf.bstatic.com/xdata/images/hotel/square600/845261807.webp?k=a84a92b9d501a31f4bf678a689406220f3a0a294fd5672c021af616a4f96fc92&o=
505,Kandy Villa 119,,10.0,10.0,7.308562,80.628489,,na,,nan,https://cf.bstatic.com/xdata/images/hotel/square600/780755624.webp?k=08fb81f17e6d7df14633d7cd2fa31f06469d0eb567f6b5654a497b7f6785dcef&o=
506,Bungalows by CPC,,8.5,8.5,,,,na,,nan,https://cf.bstatic.com/xdata/images/hotel/square600/659958006.webp?k=c41496d3edb33fd478b862d15c7f32300b886b4648a957267f57140b7fe18f7d&o=
507,The Grand Kandyan,,8.1,8.1,7.303027,80.636942,,na,,nan,https://cf.bstatic.com/xdata/images/hotel/square600/84970509.webp?k=7a4b26438d7d5124e52076466b572b9963001506c3db14d9f5daacd57337e352&o=
508,Sembuwatta Lake Polo Bungalow,"Providing mountain views, Sembuwatta Lake Polo Bungalow in Matale provides accommodations, a garden and a restaurant. There's a fully equipped private bathroom with bidet and a hairdryer.",,,,,,na,,nan,https://cf.bstatic.com/xdata/images/hotel/square600/812016027.webp?k=f4166e815a2a7bcccb24f769268365361e37c245750a00e578bac5bb0aeef8c5&o=
509,Jack Tree Lodge,,8.1,8.1,,,,na,,nan,https://cf.bstatic.com/xdata/images/hotel/square600/278879406.webp?k=63be89179f4054b532c4714ca26d1457823c9d01e970dd24aa48dedaaca2b632&o=
510,The Heritage Inn,,8.9,8.9,,,,na,,nan,https://cf.bstatic.com/xdata/images/hotel/square600/677684721.webp?k=8640979f14e987c10cd1f39c769bc113920478ccfd3033a1c853201488e7fc1d&o=
511,Hansons Homestay,,9.6,9.6,,,,na,,nan,https://cf.bstatic.com/xdata/images/hotel/square600/347250886.webp?k=69af6c7d48509c1503c401b43468ddc29996c356c0f6512ae238ca9d2019b027&o=
512,Villa Forest View - No: 50/17,,9.7,9.7,,,,na,,nan,https://cf.bstatic.com/xdata/images/hotel/square600/842587115.webp?k=1111983c798d2e72355da3db0ba61c38f9acbfa8402b2db1d8d1c74d5fd611fd&o=
513,Siri Villa Kandy,,10.0,10.0,,,,na,,nan,https://cf.bstatic.com/xdata/images/hotel/square600/753891624.webp?k=b008af329bf77aa66de603501141081679fbb48b0ed6602407ed4c7fc8e22f90&o=
514,Moonbeam Kandy,,10.0,10.0,,,,na,,nan,https://cf.bstatic.com/xdata/images/hotel/square600/556550254.webp?k=62251fcde1943a6b2283d3f8ab84020f7739537061a45ac32b4969919f1f70a1&o=
515,ANILAD Kandy,"1.8 miles from Kandy Train Station in Kandy, ANILAD Kandy provides accommodations with access to a hot tub. Private parking is available on site at this recently renovated property.",,,7.293121,80.635036,Kandy,na,,nan,https://cf.bstatic.com/xdata/images/hotel/square600/486094032.webp?k=b06de9f85188960b697c2bb5db3fb3dacad2d05029fc98db8ee124cf5a72cbb4&o=
516,Deen Villa Kandy,,10.0,10.0,,,,na,,nan,https://cf.bstatic.com/xdata/images/hotel/square600/815444210.webp?k=577ee04a3de2358f6d507b65954fbd4f2d6bfad65a2b83b8607f7504317ca2ac&o=
517,Tea Heights and Spa,,10.0,10.0,,,,na,,nan,https://cf.bstatic.com/xdata/images/hotel/square600/599993543.webp?k=fbe7c02492ba8e2337cd9dd3b3ef9f4c15f89fd9204448e656f85810f3d6c609&o=
518,Chill Atelier Boutique Homestay & Leisure Lounge,"Featuring a garden, Chill Atelier Boutique Homestay & Leisure Lounge features accommodations in Kandy.",,,7.293121,80.635036,Kandy,na,,nan,https://cf.bstatic.com/xdata/images/hotel/square600/851634794.webp?k=b541530903cbef80fdcca67ec3a1b4b21d85dd40424d0a9431d192662d5c615d&o=
519,Nature Lovers' Hostel,,9.0,9.0,,,,na,,nan,https://cf.bstatic.com/xdata/images/hotel/square600/676553517.webp?k=3df56814ac0e73630a40d6b49c622d3c5dbf50a44b86783719bffe97e25ec692&o=
520,Waterfront Hotel Kandy,"Waterfront Hotel Kandy is located in Kandy, within 2.5 miles of Kandy Museum and 2.5 miles of Sri Dalada Maligawa.",,,7.293121,80.635036,Kandy,na,,nan,https://cf.bstatic.com/xdata/images/hotel/square600/621760990.webp?k=7425fa07bf3639ebb5ee7020ae91379bcfced89979fb6440e709754ebebb8f29&o=
521,Stellar Bunks,,8.5,8.5,,,,na,,nan,https://cf.bstatic.com/xdata/images/hotel/square600/730752965.webp?k=1f0d9a46d499f05734f72b83ee23675e236a74cb6374a6084a9a952dfd20f89b&o=
522,Hotel Topaz,,8.5,8.5,7.290227,80.625052,,na,,nan,https://cf.bstatic.com/xdata/images/hotel/square600/770497427.webp?k=0f0c5399fa339f8ba1fcec218e1741a8440bdf35eb9507ba135a2d66d1927261&o=
523,Stellar Inn,,7.7,7.7,,,,na,,nan,https://cf.bstatic.com/xdata/images/hotel/square600/532905374.webp?k=185d3fca9c97b7543165a6f6a748abcbfe5876fc4cabf294730111f5f1fb5458&o=
524,Holiday Stay Inn,,8.6,8.6,,,,na,,nan,https://cf.bstatic.com/xdata/images/hotel/square600/154816010.webp?k=98a7117a48296b2917c2731f6a11ab54f9d96ced7dc14f5d91e030acf69a100f&o=
525,Amigos one bed room apartment,"Amigos one bed room apartment is located in Kandy, just 1.9 miles from Kandy Train Station and 2.3 miles from Kandy City Center Shopping Mall.",,,7.293121,80.635036,Kandy,na,,nan,https://cf.bstatic.com/xdata/images/hotel/square600/628689180.webp?k=1fc30f321d1329343af70e0d3f2806d114de927ab88781c37a482d60f66cd370&o=
526,The Castle by Don Louis,,8.9,8.9,,,,na,,nan,https://cf.bstatic.com/xdata/images/hotel/square600/482972004.webp?k=4513f9b0f1315fd2336d3769fe104a2a86d229e345ca712a685be159929ae5ac&o=
527,Sky rise mount hotel,,7.6,7.6,,,,na,,nan,https://cf.bstatic.com/xdata/images/hotel/square600/783068575.webp?k=29ebe1633773e0902b28c94624a661da0347b29cc68f48fa513d347150b5a53d&o=
528,Travel Neth Mountain Bungalow Kandy,,9.8,9.8,,,,na,,nan,https://cf.bstatic.com/xdata/images/hotel/square600/628583854.webp?k=11f07bf75b452fbb979616ff5874e63d64e37ae49b2eec77b39cc573175d6619&o=
529,Araliya Holiday Bungalow,,6.4,6.4,7.291038,80.625894,,na,,nan,https://cf.bstatic.com/xdata/images/hotel/square600/483438987.webp?k=aa5ebcf30788e07bcaf2c2d251b43a931d1e0409d3d8b9a3bf5858bbc58222cb&o=
530,Water Front Hotel - Kandy,"Located within 2.5 miles of Kandy Museum and 2.5 miles of Sri Dalada Maligawa, Water Front Hotel - Kandy provides rooms with air conditioning and a private bathroom in Kandy.",,,7.293121,80.635036,Kandy,na,,nan,https://cf.bstatic.com/xdata/images/hotel/square600/637389719.webp?k=23d21e1c71af1c92439bbfea8b56ffb9f800bf28be9b15c52f9363940609187d&o=
531,IRIS Kandy,,8.5,8.5,7.298078,80.636485,,na,,nan,https://cf.bstatic.com/xdata/images/hotel/square600/646184191.webp?k=1875614e5a9d4a918b011a45b21f65b43837db0304b20aacad60bc1d478ae687&o=
532,The Views Kandy - 360 Mountain View,,9.2,9.2,,,,na,,nan,https://cf.bstatic.com/xdata/images/hotel/square600/486476016.webp?k=3dcb53656ed991a327356999a5e9655c642646595b3cb38c9f7996ff8decc71c&o=
533,Warmy Treat Hotel,,7.9,7.9,,,,na,,nan,https://cf.bstatic.com/xdata/images/hotel/square600/523292535.webp?k=36a58cc7924d424efe140154396b4bf814935553fd035c5e779686dad3fe01ad&o=
534,Lanthana Villa Kandy,"Providing a garden, Lanthana Villa Kandy provides accommodations in Kandy. This property offers access to a terrace, free private parking, and free Wifi.",,,7.293121,80.635036,Kandy,na,,nan,https://cf.bstatic.com/xdata/images/hotel/square600/848452156.webp?k=b4694208c3cb6264b99e2eae77e0175b279d26bee2c3bdfe3915fdaa4d7a5bfc&o=
535,Amaara Sky Hotel Kandy,,8.3,8.3,7.292236,80.627375,,na,,nan,https://cf.bstatic.com/xdata/images/hotel/square600/21841970.webp?k=4b37053742193207be29f1478c3ec6e7920fb3aef685021b697edccb25118416&o=
536,The SkyDeck Kandy,,9.4,9.4,,,,na,,nan,https://cf.bstatic.com/xdata/images/hotel/square600/327495453.webp?k=28ac9849950aa93ead2615d4fc9c0353ba076195c8556cc27ef4916c24c53ede&o=
537,Kandy City Inn,,7.8,7.8,,,,na,,nan,https://cf.bstatic.com/xdata/images/hotel/square600/815466085.webp?k=f9045e8465736eb247f087024ada65ae743cd11746df6b6f072f67b8ba7a023c&o=
538,Lady Gordons Homestay,,9.2,9.2,7.301753,80.636836,,na,,nan,https://cf.bstatic.com/xdata/images/hotel/square600/538686972.webp?k=69fdf61b538ba5593ae05a671cf27fb8c706268a67504d078a3dbb772c084cf0&o=
539,Hiranya Mountain View Hostel Kandy,,10.0,10.0,7.308168,80.642723,,na,,nan,https://cf.bstatic.com/xdata/images/hotel/square600/147588873.webp?k=1f0b4b1271dc7193a024a3d64223e03f55f365bd4f4f30bb5f75c50547e6e36f&o=
540,Evergreen,,9.6,9.6,6.962708,80.765136,,na,,nan,https://cf.bstatic.com/xdata/images/hotel/square600/184551865.webp?k=e7b5335ef73e58403f0b0d74f9faf55a65e8b494a4db199001e8e0f85c2329f5&o=
541,Kandy View Stay,,9.8,9.8,,,,na,,nan,https://cf.bstatic.com/xdata/images/hotel/square600/726873012.webp?k=166a222493c6c9d6af7a001882acc50e2fc46aa7c198f6925c2ec85537ee8f05&o=
542,Villa 107,,8.9,8.9,6.013152,80.770412,,na,,nan,https://cf.bstatic.com/xdata/images/hotel/square600/532578923.webp?k=0cde2ed33ac742a6732a1d787b5bf32910727a9eb0ca7e1aab994a5e8e9349fd&o=
543,Kandy Inn Madugalle’s family guest house,,8.9,8.9,,,,na,,nan,https://cf.bstatic.com/xdata/images/hotel/square600/208594454.webp?k=e990c3d9bced8b89f597871c850752a0ec5e86393154de40967330add67664b7&o=
544,Amigos one bed room jungle view apartment,"Just a 16-minute walk from Kandy Train Station and 1.2 miles from Bogambara Stadium, Amigos one bed room jungle view apartment features accommodations in Kandy with a garden.",,,,,,na,,nan,https://cf.bstatic.com/xdata/images/hotel/square600/659049296.webp?k=173d699cb7244166ed1d6c3ef813af2b01767d842c39065dcb4d526a491dc678&o=
545,Reiss Villa Kandy,"Providing a garden, Reiss Villa Kandy features accommodations in Kandy. This bed and breakfast provides air-conditioned accommodations with a terrace and free Wifi.",,,7.293121,80.635036,Kandy,na,,nan,https://cf.bstatic.com/xdata/images/hotel/square600/755725595.webp?k=4684a3a2f393f210ee48160fd84d505a6da1842397aad6c2c0d3a31471daec17&o=
546,Satyodaya Educational Training Centre,,8.8,8.8,7.293253,80.629408,,na,,nan,https://cf.bstatic.com/xdata/images/hotel/square600/80595073.webp?k=eca1178f828cc41365f17525512cdeb0af32bd49ca1f7d8734483366a8daefd9&o=
547,Selyna Sky Terrace,,9.8,9.8,,,,na,,nan,https://cf.bstatic.com/xdata/images/hotel/square600/131330553.webp?k=67f2f891331146c1b22dc8f0ed810d03f20320ff6b28fa8d1bfb42e28cac7e62&o=
548,"No 51, Menik Home Rest",,8.9,8.9,,,,na,,nan,https://cf.bstatic.com/xdata/images/hotel/square600/153379408.webp?k=e625a76eba31c1e179dcab6a785ea689f5fd3270fb256fe8841950deb0e3b094&o=
549,Mount Airy Aniwatta,,7.9,7.9,,,,na,,nan,https://cf.bstatic.com/xdata/images/hotel/square600/662548878.webp?k=f71efc91ece03387037a5c091f3848264c585fd279d0a24a85c73489ac90a0b3&o=
550,Glenview hotel & homestay,,8.1,8.1,,,,na,,nan,https://cf.bstatic.com/xdata/images/hotel/square600/762633391.webp?k=702f1d92c9f8770b8b99873f546c16520865b5782cc128fc275400d8f8460355&o=
551,Chariot Square,,9.2,9.2,,,,na,,nan,https://cf.bstatic.com/xdata/images/hotel/square600/553378518.webp?k=854202df70075a5be5ad645a21dcc9c5b71a57fad4b7f68134aa7f92b4831b0a&o=
552,The Buena Vista Kandy,,9.1,9.1,7.290685,80.627261,,na,,nan,https://cf.bstatic.com/xdata/images/hotel/square600/123535216.webp?k=dbd4cd2aac165cf259766128f21d09a3d38e1ca30f0f6ff06cef1ad080459969&o=
553,Oak Ray Regency,,6.6,6.6,,,,na,,nan,https://cf.bstatic.com/xdata/images/hotel/square600/838962780.webp?k=adcdfab25ac35b8208f5a75cefde54113f7f11f7c2efe0c522b71364e0fdbcf8&o=
554,Vendol Sky Resort,,6.0,6.0,,,,na,,nan,https://cf.bstatic.com/xdata/images/hotel/square600/187035725.webp?k=c2ed40ec8f0c80eec8d3139e874bbb36fc49a29189a6e550f88fc7db68d29f10&o=
555,Peradeniya Rest House,,7.6,7.6,7.267961,80.597898,,na,,nan,https://cf.bstatic.com/xdata/images/hotel/square600/34141882.webp?k=6618d7b35834ca677cfaaec88132fe2e0164deb959e4cd707480cfd5b4b9f0bb&o=
556,The Kandy City Townhouse,"The Kandy City Townhouse offers accommodations in Kandy, 2 miles from Kandy City Center Shopping Mall and 2.3 miles from Kandy Museum. Guests staying at this vacation home have access to a balcony.",,,7.293121,80.635036,Kandy,na,,nan,https://cf.bstatic.com/xdata/images/hotel/square600/826124963.webp?k=e2c9215fa93df5d388cf441daca88d0d4516c0b1b3529ccffa5e519df6a68242&o=
557,Kings Grove,,9.2,9.2,,,,na,,nan,https://cf.bstatic.com/xdata/images/hotel/square600/759867932.webp?k=21b205509e08b4b8c100d4118c4f5aa2fd09e7ea6140cfb45b0e25d770cbd5f7&o=
558,Bohemian Vibe,,8.4,8.4,,,,na,,nan,https://cf.bstatic.com/xdata/images/hotel/square600/667677889.webp?k=e15880c0b194b24772e3615033b8f6133f191309c3550e64c06ebeecedeb3401&o=
559,Pepper Trails Riverstone,,9.5,9.5,,,,na,,nan,https://cf.bstatic.com/xdata/images/hotel/square600/762980235.webp?k=41a1bcbe375474f77acdec45722ba04007774d7cfb749a33d13455fa438e913b&o=
560,Tranquil Cabana - Kandy,,8.8,8.8,,,,na,,nan,https://cf.bstatic.com/xdata/images/hotel/square600/733921792.webp?k=ca0e745a7968574e2da3af0fb4182324ef2b6c4f10dc2b4676fff784ab13cd41&o=
561,The Tranquil Cabana - kandy,"Conveniently set in Rattanadeniya, The Tranquil Cabana - kandy provides air-conditioned rooms with free private parking and room service.",,,6.958266,81.276344,Rattanadeniya,na,,nan,https://cf.bstatic.com/xdata/images/hotel/square600/723924146.webp?k=c1a1c5b19992f0b6b00175fc8eb27e0ee00a6c8697bca0b2643fc8036f912106&o=
562,Kandy view resort,,8.2,8.2,,,,na,,nan,https://cf.bstatic.com/xdata/images/hotel/square600/346362627.webp?k=eaf300d8da8ccae24af2eda7a6680d823321dfd5ef1dd9d0dedc4ae4444acd1f&o=
563,256 Townhouse Rest,,8.2,8.2,7.299419,80.636831,,na,,nan,https://cf.bstatic.com/xdata/images/hotel/square600/73178150.webp?k=d0ae166248a28bfee26868c6da1cbe88fce0cc286e824472f95b838ce6927cd4&o=
564,Innovick Residence,,9.3,9.3,,,,na,,nan,https://cf.bstatic.com/xdata/images/hotel/square600/284769847.webp?k=80525e233548fece0918772ab7f63ec62de54bc4d658ab712551b3f617b1234f&o=
565,Golden Shower Inn,,8.4,8.4,,,,na,,nan,https://cf.bstatic.com/xdata/images/hotel/square600/679265444.webp?k=67671a026e490163965f1235f0d3bf5b9f0e9b3e2190da463fa15a9ce1fddcec&o=
566,Square Peg,,9.3,9.3,7.292905,80.630424,,na,,nan,https://cf.bstatic.com/xdata/images/hotel/square600/318930916.webp?k=3697543b01bd1aa91d08df24090c0cfddd4fb851aec88885a1a85522950ec6ae&o=
567,Yarra BUNKZ Kandy,,6.9,6.9,,,,na,,nan,https://cf.bstatic.com/xdata/images/hotel/square600/585303630.webp?k=3774e7280600a4d333770bff045fdb64e05dcc0c227efa2df3579ea8bd79d9c6&o=
568,Peradeniya Inn,,8.2,8.2,,,,na,,nan,https://cf.bstatic.com/xdata/images/hotel/square600/845964642.webp?k=d093bf30c1c130d2d1a65c5142f6eeb17b65aeff0a1350fe0e4a2e07f5998a10&o=
569,pearl of kandy,,8.4,8.4,,,,na,,nan,https://cf.bstatic.com/xdata/images/hotel/square600/667200757.webp?k=b2c45a6e930a579c5b6eb5ef12d1a8eb1e2a6495eec46bb9c550d18dbf4820ab&o=
570,Forest Edge Villa,,9.4,9.4,,,,na,,nan,https://cf.bstatic.com/xdata/images/hotel/square600/726343517.webp?k=ccc69b7aa6ff6c1d14f7a16728fc059347303c082831671782629218d5fec130&o=
571,Pearl of Kandy,,8.8,8.8,,,,na,,nan,https://cf.bstatic.com/xdata/images/hotel/square600/650535780.webp?k=1655dc25352b1a6e89f2975e79c9625f8362dd8628d066771c2076e69fa2999b&o=
572,Double room,"Double room offers accommodations in Kandy, 2.9 miles from Kandy Museum and 2.9 miles from Sri Dalada Maligawa. This property offers access to a balcony, free private parking, and free Wifi.",,,7.293121,80.635036,Kandy,na,,nan,https://cf.bstatic.com/xdata/images/hotel/square600/629541788.webp?k=3de37b788184d9356d18aad50f3a2e04d8702d01fa1e75c58c61cb86d8e98d5b&o=
573,Kandy Siebel Bungalow,,9.4,9.4,,,,na,,nan,https://cf.bstatic.com/xdata/images/hotel/square600/556258658.webp?k=6ebf179822ead7d70de8848d879e2cdf1e597c42c8b38477b63f4523c21423b3&o=
574,Kandy Breeze City Hotel,,8.2,8.2,,,,na,,nan,https://cf.bstatic.com/xdata/images/hotel/square600/626202948.webp?k=1f06000295010261ef7180f2602be6b2442f9ffefc54a00c2e2fa041d878f971&o=
575,Kandy Breeze City Apartments,,8.8,8.8,,,,na,,nan,https://cf.bstatic.com/xdata/images/hotel/square600/641829878.webp?k=f2d804c26e6f9dcf602d0cdef6891a5f133e1ebbd5bebd7e4d668849d98f51b6&o=
576,Resident View Homestay,,10.0,10.0,,,,na,,nan,https://cf.bstatic.com/xdata/images/hotel/square600/233567804.webp?k=c53a07149a4884b0df1d3e7820f8b90101dce3e76a48a9899e6a4e3798c11c8d&o=
577,Pearl House,,8.6,8.6,8.616517,81.215858,,na,,nan,https://cf.bstatic.com/xdata/images/hotel/square600/32431062.webp?k=1ba8710943a7d2df52dd5c700fffed82e05601433b49d7b303bec6b53476590b&o=
578,Dream Inn,,9.6,9.6,,,,na,,nan,https://cf.bstatic.com/xdata/images/hotel/square600/745197938.webp?k=8e9fdcead767c0860cbf58bec6416ce5fcd4a23c8aae7fa61e064358452872eb&o=
579,Candea Kandy,,8.2,8.2,,,,na,,nan,https://cf.bstatic.com/xdata/images/hotel/square600/732570006.webp?k=0dd5974b69971129663c1714a589a84c81a3953f311673384d2e25b705eb0509&o=
580,Candea Cocoon Kandy,,9.5,9.5,,,,na,,nan,https://cf.bstatic.com/xdata/images/hotel/square600/732568565.webp?k=44c8955efb5f65cabd196d12d5133d6d9d051c1899bab60c436d1ef6ee4a3e55&o=
581,Journey City Home Kandy,,7.5,7.5,,,,na,,nan,https://cf.bstatic.com/xdata/images/hotel/square600/631564016.webp?k=14743075786809d8154c430469f900acf3c286b127cbef2acb09eb22e0a93a44&o=
582,Bed Station 210,,7.1,7.1,,,,na,,nan,https://cf.bstatic.com/xdata/images/hotel/square600/489326517.webp?k=fdfd43564aa241a06ba498f8410a9c2bbafa465f9b313f2d02e997c31e55fd33&o=
583,Raj Residencies,,9.3,9.3,,,,na,,nan,https://cf.bstatic.com/xdata/images/hotel/square600/712191554.webp?k=b42a76dcfd554aeb9f3cb6cb4c2dcd43d96b8f4d005e847a9abf4e08fa1a460a&o=
584,Smile Hub Kandy -Youth Hostel-,,9.4,9.4,,,,na,,nan,https://cf.bstatic.com/xdata/images/hotel/square600/485582918.webp?k=82d4bf401bf5be833c1b1a50c6121d196113de36d25a40ed2017e25a8822c904&o=
585,Ivory Crest,,9.7,9.7,7.301176,80.639521,,na,,nan,https://cf.bstatic.com/xdata/images/hotel/square600/796765191.webp?k=35a6c3d9e40283575418f09cbd81b6cea1605df38bfe006a0ca1b0f18fdf9568&o=
586,Eco Vibe Resort,,9.7,9.7,,,,na,,nan,https://cf.bstatic.com/xdata/images/hotel/square600/590888453.webp?k=6fa1a42e867c37b31aef1ca62ff60b5a39d6f20ed71e4fb96a2cb2119fdb6a54&o=
587,Marvel Hills Kandy,,9.0,9.0,,,,na,,nan,https://cf.bstatic.com/xdata/images/hotel/square600/213337389.webp?k=cdf5dbe5617d5ab85c2ea3899188471dcce21739820a1d2b58de05deae947cd9&o=
588,Kandy Anu Homestay,,9.7,9.7,,,,na,,nan,https://cf.bstatic.com/xdata/images/hotel/square600/587750289.webp?k=d9a58115523286d79d082e161d0de0bc2bb37286360c859637ae7e751370e5ad&o=
589,My City Hotel,,8.9,8.9,7.290561,80.62951,,na,,nan,https://cf.bstatic.com/xdata/images/hotel/square600/522250267.webp?k=cb094dc03e4476ea2f54eead9a11aaf4ab7eed121fa5b5a62c9c415b3a29bb81&o=
590,Urban Kandy City Hotel,,9.3,9.3,,,,na,,nan,https://cf.bstatic.com/xdata/images/hotel/square600/815400118.webp?k=7e1427639c1d1257c6a89ca6585cd03592fa79581c3f9373dddb6b8fe91dabf1&o=
591,Atelier,,7.8,7.8,6.899153,79.85559,,na,,nan,https://cf.bstatic.com/xdata/images/hotel/square600/160569941.webp?k=4d22ac41b5a87f5fb97d912127bd9a13705816dad74710f86d1a403b834170b9&o=
592,View Paddy Field Home Stay,"View Paddy Field Home Stay offers accommodations in Kandy, a 16-minute walk from Kandy Museum and 3.1 miles from Ceylon Tea Museum. This homestay provides free private parking and free Wifi.",,,7.293121,80.635036,Kandy,na,,nan,https://cf.bstatic.com/xdata/images/hotel/square600/845072721.webp?k=a3d5b92f8fbaa6c4ec0932a8f4289f20836ac8a9c0e53bbc950e08f26d6dc295&o=
593,Yak City Apartments,,7.4,7.4,,,,na,,nan,https://cf.bstatic.com/xdata/images/hotel/square600/509142021.webp?k=c506cb9d12f7dcf0eba59d94cec4f9298feea2ea959fcbf4e84deb7a331876ab&o=
594,Orbit88 Hotel by AMR,,8.7,8.7,,,,na,,nan,https://cf.bstatic.com/xdata/images/hotel/square600/806504352.webp?k=2a6fc1fde7f6f26bce090f4b3deaa548a8b4e71d985f976ce40f1370034cd4f2&o=
595,The Golden Residence,,9.5,9.5,,,,na,,nan,https://cf.bstatic.com/xdata/images/hotel/square600/246676484.webp?k=c0530fc8f671a81ebf95ae2ca86130ed8dc1ef6567d8cd5e4503330b53796e84&o=
596,Misty Hills Villa Kadugannawa,,8.0,8.0,,,,na,,nan,https://cf.bstatic.com/xdata/images/hotel/square600/437796942.webp?k=717d3b1d244475893e52f39fccc16a8c9dbcfbb98e8f2d9bc1d81a579f55d029&o=
597,Blissful Ridge Bungalow Kandy,"Featuring mountain views, Blissful Ridge Bungalow Kandy in Kandy provides accommodations and a garden. This guest house offers free private parking and a shared kitchen.",,,,,,na,,nan,https://cf.bstatic.com/xdata/images/hotel/square600/811674894.webp?k=1fa28c476cc0e40b1a06c74390d09eb4d584dc6d5d9461375c5ef7ed09efed73&o=
598,Sevana City Hotel,,8.2,8.2,7.292004,80.631572,,na,,nan,https://cf.bstatic.com/xdata/images/hotel/square600/162908224.webp?k=b36f8730b47923ff35e36069bed053cb78934fc7510cee929fff52ff71d8e9a6&o=
599,Hilltop Haven,,5.5,5.5,,,,na,,nan,https://cf.bstatic.com/xdata/images/hotel/square600/724293812.webp?k=333bbf1c22e117507bf5ab17d7e29cee5e310c1eccdaf63aa302704318d922d6&o=
600,Villa Seshé - Central Stay Kandy,,7.5,7.5,,,,na,,nan,https://cf.bstatic.com/xdata/images/hotel/square600/734112918.webp?k=520b9b21fd848b187e9519f6330cf8282e46e06a2498dd7ddcc43db9749f6dd4&o=
601,The Nook,,9.4,9.4,6.117381,80.12086,,na,,nan,https://cf.bstatic.com/xdata/images/hotel/square600/705573469.webp?k=4bd2b3b30d3245a47e32b7d33e0f5a4b404382ff75df69e0c4a95f4cc51d5018&o=
602,Ceyloni City Hotel,,7.9,7.9,,,,na,,nan,https://cf.bstatic.com/xdata/images/hotel/square600/165729397.webp?k=6afa5616d0534dbc9a758c4feb325d4a0ccb29c9bb58926dd203fabf15c7c3e1&o=
603,White Rose Hostel,,8.9,8.9,,,,na,,nan,https://cf.bstatic.com/xdata/images/hotel/square600/153439840.webp?k=11805f0225b1ab22e11cbe58efb519da0f371a3f5c1616cc802338c4de377f98&o=
604,Heritage Kandy City Bungalow,,9.4,9.4,,,,na,,nan,https://cf.bstatic.com/xdata/images/hotel/square600/773666296.webp?k=61cd19831646993d60f4ea3a8ee1956d462353f0509d0521dc526dd0a95c5b0b&o=
605,Villa 92 City Stay,,7.8,7.8,,,,na,,nan,https://cf.bstatic.com/xdata/images/hotel/square600/490872900.webp?k=b65f9ba69c9fa928e60caff3f7d3f0b30d7c6ceed46a38afd5122f4e6e94da8f&o=
606,Royal Kandyan Hotel,,8.1,8.1,7.277474,80.616077,,na,,nan,https://cf.bstatic.com/xdata/images/hotel/square600/704999957.webp?k=271aa148eddc91959e80d3f250f7f0052f5838096d3ec722379fcd222dfdbc12&o=
607,The Royal Mall,,6.1,6.1,,,,na,,nan,https://cf.bstatic.com/xdata/images/hotel/square600/269564042.webp?k=342c561c7ffe1b6b1d4e69fbcacd60250862abf291ecbffaf4c47d4eee974817&o=
608,Villa Bianca,,10.0,10.0,,,,na,,nan,https://cf.bstatic.com/xdata/images/hotel/square600/637972514.webp?k=e3148ff979a1b4edf20263b73b50daa22fb1f0dc9c91ef76c8b87e6a73e81dd9&o=
609,Hidden Haven,"Hidden Haven is located in Kandy, just a 13-minute walk from Kandy Museum and 3.3 miles from Ceylon Tea Museum. This homestay offers accommodations with a balcony and free Wifi.",,,7.293121,80.635036,Kandy,na,,nan,https://cf.bstatic.com/xdata/images/hotel/square600/747931097.webp?k=318cba37bf6bcdd1f0c823d6fb364978c1f7a0165c994c3a01461f9c889202db&o=
610,Candy Home,,8.5,8.5,,,,na,,nan,https://cf.bstatic.com/xdata/images/hotel/square600/240473072.webp?k=8d7c753fc284a1275fe5c2952cf6f4103d0ff7d2b4214946004c096a1c579d57&o=
611,kandy City Ruis,"Kandy City Ruis features spa facilities and wellness packages, as well as air-conditioned accommodations in Kandy, a 11-minute walk from Kandy Train Station.",,,7.293121,80.635036,Kandy,na,,nan,https://cf.bstatic.com/xdata/images/hotel/square600/842151141.webp?k=41678179fca3d4fb553f56445c80a2a15425a66fa6be5197016ab1f5bdd6df22&o=
612,Rose Gold Kandy,Rose Gold Kandy is an apartment featuring rooms with free Wifi and air conditioning in the center of Kandy. Private parking is available on site at this recently renovated property.,,,,,,na,,nan,https://cf.bstatic.com/xdata/images/hotel/square600/719236073.webp?k=7dd8a46844cc3633dbcf0be23b776e9c003b6987b1a73a9d1b66f98ad5337bf2&o=
613,Oak Ray City Hotel,,8.0,8.0,,,,na,,nan,https://cf.bstatic.com/xdata/images/hotel/square600/851480284.webp?k=62acbca986ca4f5e7093887290e2f8664188df62542b60eed08a54810313c806&o=
614,Black And White Kandy Hostel And Rooms,"Featuring a shared lounge, a terrace as well as a restaurant, Black And White Kandy Hostel And Rooms is located in the center of Siyambalapitiya, a 9-minute walk from Kandy Train Station.",,,,,,na,,nan,https://cf.bstatic.com/xdata/images/hotel/square600/801098380.webp?k=046cc9b2af22c4d7b45bd891cee01e7ce07ea6f18a446a0d28496d378ff040b5&o=
615,Orchard Home,,8.4,8.4,,,,na,,nan,https://cf.bstatic.com/xdata/images/hotel/square600/482169470.webp?k=27dcad0bf6ad0fc828c8400dde57773e3e023cd270fc05232055a7f9fd787238&o=
616,City Nest Inn,,7.7,7.7,,,,na,,nan,https://cf.bstatic.com/xdata/images/hotel/square600/587994011.webp?k=6b3afef3267124b5ace281efceaf0d41bb3c9d96d5db3dfcd2ad89a78d2f4af5&o=
617,Aththanayaka walawwa,"Aththanayaka walawwa is located in Polgolla, just 3.7 miles from Kandy Museum and 3.8 miles from Sri Dalada Maligawa. This property offers access to a balcony and free private parking.",,,7.32795,80.646728,Polgolla,na,,nan,https://cf.bstatic.com/xdata/images/hotel/square600/818245641.webp?k=f0403c5228cb6525f353a35ab6ac14b0279e9d384bf5f95d799dd3070e2af2f6&o=
618,Quick Stop Inn,,7.8,7.8,,,,na,,nan,https://cf.bstatic.com/xdata/images/hotel/square600/554145675.webp?k=5e71c28133084fee5cffd1d3fee0a061cf66f538c6b8a18574318079ce7e1547&o=
619,Glory Nest Apartment,"Glory Nest Apartment offers accommodations in Kandy, 2.3 miles from Bogambara Stadium and 2.4 miles from Kandy City Center Shopping Mall.",,,7.293121,80.635036,Kandy,na,,nan,https://cf.bstatic.com/xdata/images/hotel/square600/180283317.webp?k=7add753f95cf531f91363917657dd2a2e003260eac519b88063d49aeaf62acc8&o=
620,Serene Villa,,9.6,9.6,7.307118,80.637912,,na,,nan,https://cf.bstatic.com/xdata/images/hotel/square600/495559568.webp?k=362b26b681bce548828c5f104a0e944bcff9ef2da27276a575529cdfe1c0114c&o=
621,Ravi Villa Kandy,,2.0,2.0,,,,na,,nan,https://cf.bstatic.com/xdata/images/hotel/square600/727916354.webp?k=598cb4cdf60fbd415615d7c9bf1eeed2d29a172f13891324b1a61755ac68c6e1&o=
622,Dumbara Peak Residence,,8.1,8.1,7.294836,80.635969,,na,,nan,https://cf.bstatic.com/xdata/images/hotel/square600/81970863.webp?k=c844a307a870aa2c39650bba8199b811ac040048c8a7ec2118692b7c6a7ac697&o=
623,Teirack Rosis Wish,,7.8,7.8,,,,na,,nan,https://cf.bstatic.com/xdata/images/hotel/square600/655362817.webp?k=16ffb9023367e70d86c445e93dd06030c2f04bf0ccc8d733f9fe6fc4765d4795&o=
624,Tranquil Quarter,,10.0,10.0,,,,na,,nan,https://cf.bstatic.com/xdata/images/hotel/square600/401767988.webp?k=aa6e1151f5011d89f68f4cd140a67011be14623a6ff088d3cfd41094c6813aa0&o=
625,Lulu s dream cafe,"Lulu s dream cafe is located in Welata, just 1.2 miles from Kandy Train Station and 1.5 miles from Bogambara Stadium. This property offers access to a balcony and free private parking.",,,,,Welata,na,,nan,https://cf.bstatic.com/xdata/images/hotel/square600/820802782.webp?k=d198c5cbe59d3fe43943f3f345a619c79dbb9934c215925790cede69d22cc6f9&o=
626,Residence Shenaya,"Located in Kandy, 1.6 miles from Kandy Royal Botanic Gardens, Residence Shenaya provides accommodations with a terrace, free private parking, a restaurant and a bar.",,,7.293121,80.635036,Kandy,na,,nan,https://cf.bstatic.com/xdata/images/hotel/square600/363607086.webp?k=0d17b452ef0dbe98ccb69d0013510a6e3871f68d3c75386acc5c0d3b3cc36ff0&o=
627,Kandy City Mission,,8.0,8.0,,,,na,,nan,https://cf.bstatic.com/xdata/images/hotel/square600/763412850.webp?k=d6b5cdda3a90ebcc94bea9c29c65f58ff2794e0f53245808b86bbc9c59850816&o=
628,Glory Homestay,,9.0,9.0,,,,na,,nan,https://cf.bstatic.com/xdata/images/hotel/square600/110329734.webp?k=0e59882b6b7743fde551980e6e5c3de0ae8c023ba1b3df9f3624a153e49447fe&o=
629,Kandy Paradise Resort & Spa,,4.8,4.8,,,,na,,nan,https://cf.bstatic.com/xdata/images/hotel/square600/679480660.webp?k=3afff2271016f382240a3477c9aa02f14024ebf8af7c468006d706106f5489d2&o=
630,View City Point,,6.3,6.3,,,,na,,nan,https://cf.bstatic.com/xdata/images/hotel/square600/239638818.webp?k=f4d8070e92f6920a9263459b07bf14aeebeacb8faa080e27f7a60e662a75a8fc&o=
631,Urban Alley Kandy,,6.9,6.9,,,,na,,nan,https://cf.bstatic.com/xdata/images/hotel/square600/670408697.webp?k=362affc2c50b19b9490adfcc5836287c752e22658abcc20b38852eea51cf293e&o=
632,Star village hostel bunk,"Star village hostel bunk is located in Kandy, 2.8 miles from Kandy Museum and 2.8 miles from Sri Dalada Maligawa.",,,7.293121,80.635036,Kandy,na,,nan,https://cf.bstatic.com/xdata/images/hotel/square600/669512880.webp?k=df9e8fceee3ee48d6bfe5b1b49aba8cd2a4b6d655aaf6b33ba7cc6d5b4e0c3e9&o=
633,Kandy City Hotel by Earl's,,7.1,7.1,,,,na,,nan,https://cf.bstatic.com/xdata/images/hotel/square600/213931482.webp?k=8f9d04c364dc144651b1888246bc70e31548dbe4227c4a74ea528d4aab4dd9f1&o=
634,Sion Villa,,9.4,9.4,,,,na,,nan,https://cf.bstatic.com/xdata/images/hotel/square600/838510872.webp?k=347d891ed602146df1dc2a372fbb9c9aa97977f25e81be4e3afd9ee3327e93fc&o=
635,Summerfield,,9.8,9.8,7.319887,80.65807,,na,,nan,https://cf.bstatic.com/xdata/images/hotel/square600/649520152.webp?k=683c773c531e5b6e6f704b623828820f29ab965a922f45cec99ab11c19482dd0&o=
636,Palm Garden Home Stay,,7.9,7.9,,,,na,,nan,https://cf.bstatic.com/xdata/images/hotel/square600/20564720.webp?k=42f134d73c001a2c2589afe53490e52a5b4e6ce42e4628396ad5ed93d047155b&o=
637,Royal Bar & Hotel,,8.1,8.1,7.295208,80.637505,,na,,nan,https://cf.bstatic.com/xdata/images/hotel/square600/30135145.webp?k=1bf53a10350d8a5c911883d9578548c9f9ea06c0f9debbd86de0cfb88b22110a&o=
638,JAS Suites,"JAS Suites is located in Kandy, just 1.4 miles from Kandy Train Station and 1.8 miles from Bogambara Stadium. This property offers access to a balcony, free private parking, and free Wifi.",,,7.293121,80.635036,Kandy,na,,nan,https://cf.bstatic.com/xdata/images/hotel/square600/615918901.webp?k=349c8bdabb98f85c32e69644d7546e771e43633b18bafc0e7a64be26b745c087&o=
639,Charlton Kandy City Rest,,6.0,6.0,,,,na,,nan,https://cf.bstatic.com/xdata/images/hotel/square600/340153913.webp?k=d630a237e36af79f5cc4cc359a222e24f63de75ea104d898a60dede888b1dc97&o=
640,Highland Terrace,"Highland Terrace is located in Kandy, just 1.5 miles from Kandy Royal Botanic Gardens and 2.4 miles from Kandy Train Station. This property offers access to a terrace and free private parking.",,,7.293121,80.635036,Kandy,na,,nan,https://cf.bstatic.com/xdata/images/hotel/square600/778692462.webp?k=e7a1b64d92369bb3c134f4fd39856520b3cee94b2b33e01b8cf816a5b422a1d2&o=
641,Mount View Inn,,8.0,8.0,7.285468,80.628494,,na,,nan,https://cf.bstatic.com/xdata/images/hotel/square600/155907535.webp?k=6f08490c40bc2ace02f377fa8a1c5a53ebd97a3d285f9646df906e2a5ab42db0&o=
642,Thomasz Lodge - Entire Property up to 20 Adults,"Featuring a garden, Thomasz Lodge - Entire Property up to 20 Adults offers accommodations in Kandy. This property offers access to a balcony, darts, free private parking, and free Wifi.",,,7.293121,80.635036,Kandy,na,,nan,https://cf.bstatic.com/xdata/images/hotel/square600/813502967.webp?k=5b8fe96ecb62cf0fede3752cc80f2ee382efa871deda31c9870678837022f9f3&o=
643,Adler Sky Apartments,"Adler Sky Apartments enjoys a location in Kandy, 2.8 miles from Kandy Royal Botanic Gardens and 2.8 miles from Sri Dalada Maligawa.",,,7.293121,80.635036,Kandy,na,,nan,https://cf.bstatic.com/xdata/images/hotel/square600/823412844.webp?k=0ecdda34d3d2926bec472f9c50fc0f2d025c81a54b3e59cc6f920756ab120bea&o=
644,Cafe Aroma Inn,,7.7,7.7,7.294464,80.637293,,na,,nan,https://cf.bstatic.com/xdata/images/hotel/square600/491578850.webp?k=e9dbd993cb7843261f7b7a22ab9f9baf8b76833dfbc0b1c000b35b15167e4cac&o=
645,Ayaana Boutique Hotel,,9.4,9.4,,,,na,,nan,https://cf.bstatic.com/xdata/images/hotel/square600/81379087.webp?k=74663e17c82f159842924f564f05e1fa698a9108ddad410867b2a0546059448f&o=
646,The Writer's Cottage,"The Writer's Cottage enjoys a location in Kandy, 2.7 miles from Bogambara Stadium and 2.9 miles from Kandy City Center Shopping Mall.",,,7.293121,80.635036,Kandy,na,,nan,https://cf.bstatic.com/xdata/images/hotel/square600/840931431.webp?k=14f150f869a36affb22189c507d9d25b01c5dad51aeeafedb96cb23d7b5302b2&o=
647,travel and have fun with travel boy,"A 4-minute walk from Kandy Train Station in the center of Kandy, travel and have fun with travel boy offers accommodations with free Wifi and access to a garden, sauna, and hot tub.",,,,,,na,,nan,https://cf.bstatic.com/xdata/images/hotel/square600/836677477.webp?k=9128c666b0e58743178be3bd679fae202ea59bd23758ac5a53bca2bd81d1982c&o=
648,Test1,"Ideally set in the center of Kandy, Test1 has free WiFi throughout the property, a garden and free private parking for guests who drive.",,,,,,na,,nan,https://cf.bstatic.com/xdata/images/hotel/square600/841472398.webp?k=e847a119a85acf28b6bf915c2fec2c7276a31f62f74571d11e4533870bcef1fe&o=
649,BlessNest Homestay Kandy,,9.8,9.8,,,,na,,nan,https://cf.bstatic.com/xdata/images/hotel/square600/804771586.webp?k=08c0a9eca25ec07887e971dd39b332b5dd95b9b69ddac630fc4722403906ff42&o=
650,Paradise Inn,,7.3,7.3,8.743667,80.493859,,na,,nan,https://cf.bstatic.com/xdata/images/hotel/square600/434168543.webp?k=a396c03465727a144afdc3c47fd36a33238d7c7edc90785f736b72035f68f94d&o=
651,Luna Leaf,,9.6,9.6,,,,na,,nan,https://cf.bstatic.com/xdata/images/hotel/square600/801986865.webp?k=2292eea265a87dc0c211bb5878a7975d6665a0ce5581e3ef1122e92dc1deba6b&o=
652,Homestay Garden Rest Kandy,,8.8,8.8,,,,na,,nan,https://cf.bstatic.com/xdata/images/hotel/square600/201624437.webp?k=8d2f4592bc86e355f8fcb8b16cbda72ca05f711fd42f2fb32fde1683bd1b24de&o=
653,Simpson's Forest - Luxury Boutique Resort & Spa - Kandy,,9.3,9.3,,,,na,,nan,https://cf.bstatic.com/xdata/images/hotel/square600/603536541.webp?k=272ae293171c5dff535a80599b4b2a14e33c252543332a9da1b3d82b94f41ff6&o=
654,Hotel Casamara,,7.8,7.8,7.293516,80.637445,,na,,nan,https://cf.bstatic.com/xdata/images/hotel/square600/722144538.webp?k=fb3b075d09caa78a6725702868ac81adf22e8059a4f11303791d4e090ff7f27a&o=
655,Well on Kandy,"Well set in the City Centre district of Kandy, Well on Kandy is located a 9-minute walk from Bogambara Stadium, 0.9 miles from Kandy City Center Shopping Mall and 1.2 miles from Sri Dalada Maligawa.",,,,,,na,,nan,https://cf.bstatic.com/xdata/images/hotel/square600/764676890.webp?k=eaf130c78d5deb55480ae9f3980f773392600d203a4f86ab5f904e8f72165621&o=
656,Hanthana Mount View,,8.3,8.3,,,,na,,nan,https://cf.bstatic.com/xdata/images/hotel/square600/163869353.webp?k=72e2337278f44a2edaecfafe389db7bf097cb6730aabcc8d3caf867007067fb4&o=
657,Kandy Railway Inn,,7.9,7.9,,,,na,,nan,https://cf.bstatic.com/xdata/images/hotel/square600/605068519.webp?k=ae5ab58b15b0875992514c0ef406403663ff7eee13df693a344e668f8f913cf3&o=
658,Princess Villa Kandy Rail Station,,8.9,8.9,,,,na,,nan,https://cf.bstatic.com/xdata/images/hotel/square600/826033339.webp?k=0e36e3e31f7d804fc9da9da2982b62d78f7ba0e8dc9b3b70bb9812f1b9c9c070&o=
659,Green view Kandy,,7.8,7.8,7.316102,80.689114,,na,,nan,https://cf.bstatic.com/xdata/images/hotel/square600/599999051.webp?k=b010713c257a8e659a9d663626233ff0a6900e5a917d9501256e2f9e0b6251c2&o=
660,Kandy Tree Tops,,9.5,9.5,,,,na,,nan,https://cf.bstatic.com/xdata/images/hotel/square600/469563840.webp?k=036f55eef4b0865fc535bcc2e988c004b8451011ef7fbafdac8d62e427ef8055&o=
661,City View Hostel,,7.6,7.6,7.293396,80.637281,,na,,nan,https://cf.bstatic.com/xdata/images/hotel/square600/408321634.webp?k=a35e001a6800030af0934e9ea9909682381b52585d257e7f99e6aaaef21b620b&o=
662,Kandyan Fo Rest,,9.3,9.3,,,,na,,nan,https://cf.bstatic.com/xdata/images/hotel/square600/369237862.webp?k=19f1c4d4a3a923890731f6f5ff86663a6273d5ebc567fc1b32d665f969e7dd41&o=
663,Kandy City Village,,9.4,9.4,,,,na,,nan,https://cf.bstatic.com/xdata/images/hotel/square600/405901642.webp?k=0d4bca5a619e9ae574c548c4dc2766365a52b51390eba081ef61e574953bd702&o=
664,Varsity Villa,,7.9,7.9,,,,na,,nan,https://cf.bstatic.com/xdata/images/hotel/square600/588309227.webp?k=2c450736592bf9aab564135889ff65523ef22d30b8671f8562157d13a9fb2f44&o=
665,Ku'Vana Hostel Kandy,,9.5,9.5,,,,na,,nan,https://cf.bstatic.com/xdata/images/hotel/square600/746400814.webp?k=21c5f17dccf92616d9e2d788581dc5ecff2693cd7edd3d519f86d4ca896bfb3e&o=
666,Genuine Resort Kandy,,9.9,9.9,,,,na,,nan,https://cf.bstatic.com/xdata/images/hotel/square600/663365159.webp?k=c7ecd2564a10731382fa936f2fe698a539e20907f49f7441613add5be6e25970&o=
667,"Ku,Vana Hostel Kandy","Located in Kandy, 1.1 miles from Kandy Train Station, Ku, Vana Hostel Kandy has accommodations with a garden, free private parking and a shared lounge.",,,7.293121,80.635036,Kandy,na,,nan,https://cf.bstatic.com/xdata/images/hotel/square600/735802925.webp?k=39cc66c43fb47720ad5e95275f43f8071f9f40488a8d33907d8cd839688a0dc2&o=
668,Kandy City Mirror Hostel,,10.0,10.0,,,,na,,nan,https://cf.bstatic.com/xdata/images/hotel/square600/804247245.webp?k=6fe31ff491011ccfad30d170dd05ac863458d8ea01532f29db90c2663bc94ec8&o=
669,La Belle Homestay,,8.9,8.9,,,,na,,nan,https://cf.bstatic.com/xdata/images/hotel/square600/633261574.webp?k=b98d0dc20c743bea6cff2eacc138f56ac9fda6d4c62b2ce3448d133508bd6491&o=
670,Giripura Resort - Kandy,,7.0,7.0,,,,na,,nan,https://cf.bstatic.com/xdata/images/hotel/square600/815022319.webp?k=832383ade19909789e63ddcd5b7dc05b16aa63acd594c0cefc8046c028674641&o=
671,TIKI TAKA,,9.2,9.2,,,,na,,nan,https://cf.bstatic.com/xdata/images/hotel/square600/528499526.webp?k=5238b705bd49698b3b666fa7840758c4c946ab8022d813b4b6db81c6e5e0c581&o=
672,The Kandy Home & City mirror Hostel,,9.2,9.2,,,,na,,nan,https://cf.bstatic.com/xdata/images/hotel/square600/704697678.webp?k=23b99f600152fde747b63cf5b4e4cc479b7da235fb51636f65e3e40589f87aba&o=
673,Sun Set Forest Villa,,8.0,8.0,,,,na,,nan,https://cf.bstatic.com/xdata/images/hotel/square600/344077957.webp?k=a1712c9ee9deda93f0b6efb299ed50c2b206e9b2fd84aedd1ad6c7631cf7d42e&o=
674,Lion Guest House,,8.5,8.5,7.949333,80.750422,,na,,nan,https://cf.bstatic.com/xdata/images/hotel/square600/608063770.webp?k=dfbfb6de3eee902d930ecbf8ec0cdf29c19cabbad7eb3cfbf16b463684b3877b&o=
675,The Radh Hotel,,8.8,8.8,7.294337,80.638664,,na,,nan,https://cf.bstatic.com/xdata/images/hotel/square600/160376877.webp?k=01547559de488f58b02366762cf732c21d417a48d5c5e4bb2e7005bacd08618b&o=
676,Kandyan Sweet Villa,,7.7,7.7,,,,na,,nan,https://cf.bstatic.com/xdata/images/hotel/square600/91319855.webp?k=18db60edeeffbe9f8d5eea24e8727e97a806ba9c4bbed0a524af83b5ae1ccd65&o=
677,緑豊かな森のホームステイgreen forest homestay,,6.0,6.0,,,,na,,nan,https://cf.bstatic.com/xdata/images/hotel/square600/829291906.webp?k=4d9ecda7c1fc1299b3a343f422c67134f4b4cd4433e3e41c88e1ab01bfc041ac&o=
678,Green rock homestay,,7.6,7.6,,,,na,,nan,https://cf.bstatic.com/xdata/images/hotel/square600/828799623.webp?k=9c22b1ad5e1614d71d3bef7922d09cd8cefa8bc1b48d95ce7b75d8cd10542e47&o=
679,Green Garden Homestay,,7.0,7.0,7.945724,80.76112,,na,,nan,https://cf.bstatic.com/xdata/images/hotel/square600/829308141.webp?k=97d6e80d0c7473fab1ba02c6b11e099b339b7485b5d9adbcf739af4888e0376b&o=
680,ようこそ youkoso,,7.9,7.9,,,,na,,nan,https://cf.bstatic.com/xdata/images/hotel/square600/840188072.webp?k=74f61ad3eebc4dbf20ddabfd8e25794da54f1ced6971b946789c35a909d7bb31&o=
681,民宿中的自然風光nature in honesty,,1.5,1.5,,,,na,,nan,https://cf.bstatic.com/xdata/images/hotel/square600/829294638.webp?k=767cc8298ac8c25b0e595f768bf3b6ad1540aee405d1787dc78847b78b5752b2&o=
682,Hillside Retreat,,9.2,9.2,,,,na,,nan,https://cf.bstatic.com/xdata/images/hotel/square600/818679557.webp?k=cb7eae1e1388cfca6b9d255f45a10c27d59d2e66fc24d2df3eb3c69cb62406ff&o=
683,Swiss Garden - 3BHK Guest House,"Swiss Garden - 3BHK Guest House is located in Madawala, just 4.7 miles from Kandy City Center Shopping Mall and 4.8 miles from Kandy Museum.",,,7.32858,80.673508,Madawala,na,,nan,https://cf.bstatic.com/xdata/images/hotel/square600/741356289.webp?k=e5bd4dc25290715b6cf3c32c499f7e8bd5bbc88b8e63e0a925cdce46e77084db&o=
684,Kandyan Holiday Center,,7.6,7.6,,,,na,,nan,https://cf.bstatic.com/xdata/images/hotel/square600/679866426.webp?k=46f5560ccd311cf18fdf39b58d5a165494746f02ed677d0d49efc3af602ecf30&o=
685,Heritage Boutique by Seven Angels,,8.5,8.5,,,,na,,nan,https://cf.bstatic.com/xdata/images/hotel/square600/353190083.webp?k=ae8883cad9fabea0801d2b3ae5552b8b72fdb6329d6910839e227fedd1e70b01&o=
686,Hillstream Home Stay,"Hillstream Home Stay is located in Kandy, just 1.5 miles from Kandy Train Station and 1.9 miles from Bogambara Stadium. This property offers access to a terrace, free private parking, and free Wifi.",,,7.293121,80.635036,Kandy,na,,nan,https://cf.bstatic.com/xdata/images/hotel/square600/714768911.webp?k=5f56251f4aef3ef798bac85adb619ec6e5e4cd0494ebed4363289ed6a4a9a7dc&o=
687,Karuna Kandy View Homestay,"Karuna Kandy View Homestay enjoys a location in Kandy, 2.9 miles from Kandy Royal Botanic Gardens and 3 miles from Kandy Museum. Guests staying at this homestay have access to a balcony.",,,7.293121,80.635036,Kandy,na,,nan,https://cf.bstatic.com/xdata/images/hotel/square600/673721659.webp?k=37e63d2dcc62741483ec10b00f5c19aa07df9ddf712f19349719523485d9686f&o=
688,Villa Lady Hill,,6.7,6.7,,,,na,,nan,https://cf.bstatic.com/xdata/images/hotel/square600/802686669.webp?k=092861e8e668db50024325c865ce4008fb8c84969bf52dbd5c1095267b2eca7f&o=
689,Dr Hostel - Villa 27,"Located in Kandy, 1.5 miles from Kandy Royal Botanic Gardens, Dr Hostel - Villa 27 provides accommodations with a garden, free private parking and a shared lounge.",,,7.293121,80.635036,Kandy,na,,nan,https://cf.bstatic.com/xdata/images/hotel/square600/824664125.webp?k=211c13fccf90afed83baecc309b5796ad7943fc5bb351cd85b769a9f38fd9e27&o=
690,Heavenly Horizon Villa,"Heavenly Horizon Villa offers accommodations in Kandy, 1.5 miles from Kandy Train Station and 1.9 miles from Bogambara Stadium. This property offers access to a terrace and free private parking.",,,7.293121,80.635036,Kandy,na,,nan,https://cf.bstatic.com/xdata/images/hotel/square600/698024090.webp?k=308a8dbccfe1c28dc5a44ed68966a3e8d7358a61f153c3715b4597801f09fbc2&o=
691,Kandyan Feel Free Homestay,,5.2,5.2,,,,na,,nan,https://cf.bstatic.com/xdata/images/hotel/square600/321390738.webp?k=80bb2c13a45da9cbd62a2d31571c594dd21482ae723cdc9ecae6ec22f53dcd18&o=
692,Tephanie's Home,"Tephanie's Home is located in Kandy, just a 19-minute walk from Kandy Train Station and 1.1 miles from Bogambara Stadium. This homestay features free private parking, bicycle parking, and free Wifi.",,,7.293121,80.635036,Kandy,na,,nan,https://cf.bstatic.com/xdata/images/hotel/square600/724075348.webp?k=087bfdff7239bf696ea8818df188208a1d547306687b35ba7325ac573e4d5481&o=
693,Villa Nature Breeze kandy,"Villa Nature Breeze kandy offers air-conditioned rooms in Kandy. With free private parking, the property is 1.5 miles from Kandy Royal Botanic Gardens and 2.5 miles from Kandy Train Station.",,,7.293121,80.635036,Kandy,na,,nan,https://cf.bstatic.com/xdata/images/hotel/square600/828155689.webp?k=c893cfd3ad12c223a798182aa183ba90d5cd652b71158d0d9e72d747f1a0cd4d&o=
694,Basilico Homestay,,8.5,8.5,,,,na,,nan,https://cf.bstatic.com/xdata/images/hotel/square600/310167244.webp?k=63f048f17ed11ab140e474f8efbe6dfb7bd6e7d338896dc2b26c4aa8ade4d76f&o=
695,Lion Resort Kandy,"Lion Resort Kandy enjoys a location in Kandy, 2.9 miles from Bogambara Stadium and 3.1 miles from Kandy City Center Shopping Mall.",,,7.293121,80.635036,Kandy,na,,nan,https://cf.bstatic.com/xdata/images/hotel/square600/630819182.webp?k=605a810a085fe8b995a0c16660193e8efa18f53025b80b8470b92151613951d7&o=
696,H S Home Stay,,9.0,9.0,,,,na,,nan,https://cf.bstatic.com/xdata/images/hotel/square600/726915468.webp?k=9c86110aebcfd1271d195ef7733d54a2ff64f5c20968c796379cb9a8b5f8022c&o=
697,Bernard Homestay,,9.7,9.7,,,,na,,nan,https://cf.bstatic.com/xdata/images/hotel/square600/641214950.webp?k=f22f756e312c3d87e696b523ae3f495eaafed5ac31e42ecbeef17ab3915d5c67&o=
698,Olde Empire Hotel,,7.3,7.3,,,,na,,nan,https://cf.bstatic.com/xdata/images/hotel/square600/752997496.webp?k=f0adc0a05f4b8eb4a07c31178a242393715b8c8bf453d7aafa726378cbcb6689&o=
699,Niro Homestay,,10.0,10.0,,,,na,,nan,https://cf.bstatic.com/xdata/images/hotel/square600/637669310.webp?k=adb45162c87623a9d7e1b460895168677f391c24585ad3f654550eff9e7daa2d&o=
700,Nature Breeze Boutique Villa,,9.7,9.7,,,,na,,nan,https://cf.bstatic.com/xdata/images/hotel/square600/815063633.webp?k=16d7967f580454f485ffc30a2e72103e3adbca970186f8f26992fe38110cc6a7&o=
701,Queen's Hotel Kandy - 160 Years of Heritage,,8.2,8.2,,,,na,,nan,https://cf.bstatic.com/xdata/images/hotel/square600/693521831.webp?k=d68bfaa622855d993f37381bef357ccc96fd077e2fc23f5d0bf20be796a9fde6&o=
702,Kandy Nivahana Heights Homestay,,9.5,9.5,,,,na,,nan,https://cf.bstatic.com/xdata/images/hotel/square600/825907668.webp?k=54eccc791412e72c9a157b32c70d32179a1afe263e5b2298e0587322b62c1bfe&o=
703,Kandy Green view guest house,"Kandy Green view guest house offers accommodations in Kandy, 2 miles from Kandy Royal Botanic Gardens and 2.1 miles from Kandy Train Station.",,,7.293121,80.635036,Kandy,na,,nan,https://cf.bstatic.com/xdata/images/hotel/square600/649115676.webp?k=628b2d1e459b516e908749fab16ed997cced9fc9eb106de9a25b4e79a44ddea0&o=
704,20A2 Kandy,,8.5,8.5,7.293121,80.635036,,na,,nan,https://cf.bstatic.com/xdata/images/hotel/square600/632120929.webp?k=dcd6558b1eb6e2c51fd6dfd61383a77aa55231a35b8e25cd33340de0f3b4ed8f&o=
705,Sky View Kandy,"Sky View Kandy offers accommodations in Kandy, 1.2 miles from Kandy Royal Botanic Gardens and 3.1 miles from Kandy Train Station.",,,7.293121,80.635036,Kandy,na,,nan,https://cf.bstatic.com/xdata/images/hotel/square600/773260024.webp?k=919b833ca7cb696bdf80f365a88131d344bbd3f09bc8fcda60247cc7b2de6e8d&o=
706,Villa WG15,"Offering a garden, Villa WG15 offers accommodations in Narandanda. This property offers access to a terrace, free private parking, and free Wifi.",,,6.013152,80.770412,Narandanda,na,,nan,https://cf.bstatic.com/xdata/images/hotel/square600/732910675.webp?k=e53e2feac90591d05129f0618a017598571f8cd06b80b92ffa05c20f34b4f624&o=
707,Coffee Lovers Homestay,,8.5,8.5,,,,na,,nan,https://cf.bstatic.com/xdata/images/hotel/square600/837429499.webp?k=c523350e995d469154a43439bdcfca47596bb17a534d454ad94efd824dbe8ae3&o=
708,The Villa Angeline,"The Villa Angeline offers accommodations in Kandy, 2.9 miles from Bogambara Stadium and 3 miles from Kandy City Center Shopping Mall.",,,7.293121,80.635036,Kandy,na,,nan,https://cf.bstatic.com/xdata/images/hotel/square600/688915329.webp?k=a5aefa032dbed3c3bb8e0d63cb097c2e3852dd6531750c482bb7f9b7a1854e6a&o=
709,BLK villa-Don's Place - Bliss Lavish Kandy,,8.0,8.0,,,,na,,nan,https://cf.bstatic.com/xdata/images/hotel/square600/767868408.webp?k=2a8f8311c62c0df995bb0977696c20cc643625c05cc000ea381a09a57a0441ec&o=
710,Hasthi homestay,,8.0,8.0,,,,na,,nan,https://cf.bstatic.com/xdata/images/hotel/square600/588404048.webp?k=c8f66c9783888e267f22de100b5b04f116870fe8f27668618d26ea9481ff54b4&o=
711,AnS Villas and Apartments,"AnS Villas and Apartments is located in Kandy, just 2.2 miles from Ceylon Tea Museum and 2.3 miles from Bogambara Stadium. The apartment features both Wifi and private parking free of charge.",,,7.293121,80.635036,Kandy,na,,nan,https://cf.bstatic.com/xdata/images/hotel/square600/733027342.webp?k=ffc4dbc3aa4a35fca908d6b882a3a17cf36312918332f67743d7a35b43f94c6a&o=
712,AnS Villas,,10.0,10.0,,,,na,,nan,https://cf.bstatic.com/xdata/images/hotel/square600/718279853.webp?k=d4d94e83f4c25de307869c64098800b477cf11453cb167d57de568d8bdfa3383&o=
713,Sevmeth Villa,"Featuring garden views, Sevmeth Villa in Kandy offers accommodations and a garden. This property offers access to a balcony, free private parking, and free Wifi.",,,,,,na,,nan,https://cf.bstatic.com/xdata/images/hotel/square600/841387171.webp?k=2433a14c9246fc8d8f7b70c384a2fa243474a1d97203885ed0bd3115c341b53f&o=
714,Sadhara River View Lodge,,9.1,9.1,,,,na,,nan,https://cf.bstatic.com/xdata/images/hotel/square600/396433410.webp?k=f49636eaa2b978eab740004e447297dd6148b0fac995b320dc9d0623ad7267d5&o=
715,Riverside Suites,,9.7,9.7,,,,na,,nan,https://cf.bstatic.com/xdata/images/hotel/square600/155288803.webp?k=9651ce50e207552b95b1be80491e6a4587dedbb1382204c2e278b1b102451bb3&o=
716,Hanthana Heights,,8.0,8.0,,,,na,,nan,https://cf.bstatic.com/xdata/images/hotel/square600/794762687.webp?k=eb22c7b596f8d85a708bb6a74aeae8bf7f1f3b252f9fa001578f13de515669ec&o=
717,Feel Home,,9.7,9.7,7.273981,80.620382,,na,,nan,https://cf.bstatic.com/xdata/images/hotel/square600/416187502.webp?k=62dfe5ae5de6e15d262988220746b8025b3b787deb3b225e855c95af7d716c29&o=
718,Kandyan White Holiday Homes,,9.1,9.1,,,,na,,nan,https://cf.bstatic.com/xdata/images/hotel/square600/69671062.webp?k=e34ab750d89f6bd27bfaded5c620386d43a311163d7bd6892fa4ae5a7d709240&o=
719,Roo Lanka Homestay,,9.4,9.4,,,,na,,nan,https://cf.bstatic.com/xdata/images/hotel/square600/700714632.webp?k=181ac52d9c07609e001ebf899e2d1d6cc7b8886298b973bcc5e85c8e544bea0e&o=
720,Kandy River Garden,,8.6,8.6,,,,na,,nan,https://cf.bstatic.com/xdata/images/hotel/square600/383387626.webp?k=85a5f6d0ed9c1a3441861f28e570f6815852c092a5b2bfa8ce94b528810638c2&o=
721,Lotus Lake Residence,,8.7,8.7,,,,na,,nan,https://cf.bstatic.com/xdata/images/hotel/square600/340163239.webp?k=951aa510db468ff7e2bbe397dc03c69b7a0bb81ee8323dafa9000a0afe7574ce&o=
722,Lakewood Residence,,7.8,7.8,7.28939,80.637566,,na,,nan,https://cf.bstatic.com/xdata/images/hotel/square600/134853914.webp?k=a6b95c16c072c54dc1903da0a986c514d75bb2db0ade3fc91af657d299f8ff4e&o=
723,Jaya Tomodachi,,9.6,9.6,,,,na,,nan,https://cf.bstatic.com/xdata/images/hotel/square600/168589477.webp?k=58bac5f831aae8e6bcae5c0ac3175b21448fe7b3c4a50a24aca94735633ed531&o=
724,Devon Rest,,8.7,8.7,7.290209,80.638482,,na,,nan,https://cf.bstatic.com/xdata/images/hotel/square600/532997867.webp?k=dab93a32475cc516b29df4a99a4413fe589aaaee52b945683a17e37c1b90d132&o=
725,The Lodge - Kandy,,8.5,8.5,,,,na,,nan,https://cf.bstatic.com/xdata/images/hotel/square600/699445228.webp?k=d07df87a23d9e2af3819b9f5099e802efb12513c1e5230f082632a0c0355184a&o=
726,Bliss vila,"Bliss vila offers accommodations in Kandy, 3.1 miles from Bogambara Stadium and 3.2 miles from Kandy Train Station.",,,7.293121,80.635036,Kandy,na,,nan,https://cf.bstatic.com/xdata/images/hotel/square600/641867771.webp?k=c4f2a26f34da01f54f6dc2dba0e0ab1e98eb8dd7097978848805f0a04a0583ef&o=
727,"Royal Retreat ,Kandy",,8.3,8.3,,,,na,,nan,https://cf.bstatic.com/xdata/images/hotel/square600/480125186.webp?k=2bdaa206e9e5e75abd675c1c1d2ea1ce35df36d0596383179d651306305e4192&o=
728,Riverside Lounge Kandy,,9.2,9.2,,,,na,,nan,https://cf.bstatic.com/xdata/images/hotel/square600/775296734.webp?k=ab140a6bd940f057b78d86d8ab8903c63bc486da0a3741a2e65d4e23e1757953&o=
729,Y&Y Residence,,9.6,9.6,,,,na,,nan,https://cf.bstatic.com/xdata/images/hotel/square600/331978606.webp?k=5f1b5762e307a82abfe99b27330ff6c153433e7604f2bf768077f2598bc6fa25&o=
730,Lilly Rooms,,8.2,8.2,,,,na,,nan,https://cf.bstatic.com/xdata/images/hotel/square600/589171218.webp?k=89ef7f8bff55ed8b2013ad060309dd942f78e4a610746f416a4fe38961c9f277&o=
731,The Summit Kandy,,9.2,9.2,7.279256,80.627035,,na,,nan,https://cf.bstatic.com/xdata/images/hotel/square600/334777154.webp?k=355ad41d7c016296230382056a622a198975ba868b0b2356f8c7a2977f54c873&o=
732,Staykandy,,8.0,8.0,,,,na,,nan,https://cf.bstatic.com/xdata/images/hotel/square600/116921082.webp?k=51853657bea550e90ab9e3f1c1cabebf383aea23e44efef0c785ffe9b89028bc&o=
733,W Residence Kandy,,6.7,6.7,,,,na,,nan,https://cf.bstatic.com/xdata/images/hotel/square600/167846913.webp?k=efe8962ad929ca19558655de44bf117e00eedf9f7e637e4560717dcb491373fc&o=
734,"SWP Eco Lodge, Kandy",,9.2,9.2,,,,na,,nan,https://cf.bstatic.com/xdata/images/hotel/square600/169498833.webp?k=f714511b9a5b8962812d909e8c1ea6ceafe9e38c32800f078ea58d8983b7b80b&o=
735,Lawan One Kandy,,9.7,9.7,7.276638,80.624107,,na,,nan,https://cf.bstatic.com/xdata/images/hotel/square600/805243415.webp?k=39df4e97a5c4dfaf43724a3cf2579a147b6dda6ea50a80554e57b9868907509c&o=
736,"The Trees, Kandy",,8.7,8.7,,,,na,,nan,https://cf.bstatic.com/xdata/images/hotel/square600/517329597.webp?k=68dfacd16500981c0236c95b52f57970150b76454f9ea0aba63f9b2636851e05&o=
737,Sura Homestay Kandy,,8.5,8.5,,,,na,,nan,https://cf.bstatic.com/xdata/images/hotel/square600/232174459.webp?k=92d72e75b67ad29eaf38af00a5bc6658c1cc975f9cd0cc8a34d53ec98babf169&o=
738,Amanzi Residence,,8.6,8.6,,,,na,,nan,https://cf.bstatic.com/xdata/images/hotel/square600/501760424.webp?k=b6a3f8a699e0ab6f76052121a9c4be38f9c122791e4130450a009b9b2c6f0b8f&o=
739,T51 Hanthane,"T51 Hanthane offers accommodations in Kandy, 2.1 miles from Ceylon Tea Museum and 2.2 miles from Kandy Train Station. This property offers access to a balcony, free private parking, and free Wifi.",,,7.293121,80.635036,Kandy,na,,nan,https://cf.bstatic.com/xdata/images/hotel/square600/668725867.webp?k=c13600883dcec57e7e7febf3584f3b546ef26cf297f5c7245942ea4305e9cf19&o=
740,Leena Kandy,,9.7,9.7,,,,na,,nan,https://cf.bstatic.com/xdata/images/hotel/square600/653490460.webp?k=d529462aa6f567dd7656e3364caef77e75d7c1a64c428ef8e420ecd33030adf3&o=
741,Hill Paradise Hanthana,,8.8,8.8,,,,na,,nan,https://cf.bstatic.com/xdata/images/hotel/square600/553470336.webp?k=77455e2f3a15dc0bd92165a2606a4ac50a472a5a7a1dab22cb2b1cef4bea077a&o=
742,"The Cloud Hanthana, Kandy",,8.8,8.8,,,,na,,nan,https://cf.bstatic.com/xdata/images/hotel/square600/749260891.webp?k=d82f7a470085ef649c1db1244b69549c36c5658c640b14e0f216d0fec016a6f8&o=
743,Insa Guest House Kandy,,9.5,9.5,,,,na,,nan,https://cf.bstatic.com/xdata/images/hotel/square600/576323832.webp?k=af6b6a127e74d2d9522ea2c037a3f08c7a3f291e12625cfaf4bb0792dade7f25&o=
744,The Heavens Villa Kandy,,8.2,8.2,,,,na,,nan,https://cf.bstatic.com/xdata/images/hotel/square600/328439588.webp?k=2a01dfa64e18e5c1a8f2e149d7e8ad5547b6fe7b4b7840905a9dd48e6ca7e97b&o=
745,Lalanga Homestay,,9.5,9.5,,,,na,,nan,https://cf.bstatic.com/xdata/images/hotel/square600/118329039.webp?k=ba927da1aa5ab388057b6f9d2c72ec1ab5aea8e57d1920722f21c34066628861&o=
746,VinSri Villa,,9.7,9.7,,,,na,,nan,https://cf.bstatic.com/xdata/images/hotel/square600/653748288.webp?k=b099ea1c84e2df54e8b36387eb1e1be6b50cd21b8d53234322d4031132a998dd&o=
747,Riverview Kandy,,9.6,9.6,7.304685,80.6507,,na,,nan,https://cf.bstatic.com/xdata/images/hotel/square600/599036023.webp?k=213f052384eb461d40a54a0f302a2578117e5805270ade715d42380f33764f3b&o=
748,Jayawimana,,9.4,9.4,,,,na,,nan,https://cf.bstatic.com/xdata/images/hotel/square600/224061767.webp?k=a27a630fb1cc24c2e05436660aa7a10f52ac80748c8c85cee443d8808338da95&o=
749,King's Court Kandy,,10.0,10.0,,,,na,,nan,https://cf.bstatic.com/xdata/images/hotel/square600/716561628.webp?k=ed178326e29e50cb4e58f0800e2d1457b0c1293d70b3d3fdf80bc0581c73264c&o=
750,Misty Hills Villa - Kandy,,8.6,8.6,,,,na,,nan,https://cf.bstatic.com/xdata/images/hotel/square600/716270177.webp?k=555adbd5448efc482b871752804debb5e179a0fb4f123ec9b907c04b2639e088&o=
751,Riverview Glass Room,"Providing a garden, Riverview Glass Room provides accommodations in Sirimalwatta. This property offers access to a balcony, free private parking, and free Wifi.",,,7.303122,80.658847,Sirimalwatta,na,,nan,https://cf.bstatic.com/xdata/images/hotel/square600/599248676.webp?k=9d2439851dde6ac613b14e0c33cc5ec8f6974d164f29bde83567c3bd248cbfc5&o=
752,Grand Willow Kandy,Grand Willow Kandy offers air-conditioned rooms in Kandy. This property offers access to a terrace and free private parking. The accommodation provides full-day security and room service for guests.,,,7.293121,80.635036,Kandy,na,,nan,https://cf.bstatic.com/xdata/images/hotel/square600/836905350.webp?k=2b9c7e612b3c10140c0d5cb5c22ea30a0ffe0aad646128ea5cbcca9a1f8b3959&o=
753,Grand Infinite Home Stay,,9.6,9.6,,,,na,,nan,https://cf.bstatic.com/xdata/images/hotel/square600/722229841.webp?k=4600b221f842d53913320066b82a2ad1fba5b8549200f23775a92bc253827314&o=
754,J Village Inn,"J Village Inn features rooms with free Wifi in the center of Kandy. With free private parking, the property is a 16-minute walk from Kandy Train Station and one mile from Bogambara Stadium.",,,,,,na,,nan,https://cf.bstatic.com/xdata/images/hotel/square600/757225625.webp?k=1bd1e8402847d95830874aebe1ebf7f45f07fa4fc19733c4feecedf06e461fec&o=
755,Mount Vista Homestay Kandy,,10.0,10.0,,,,na,,nan,https://cf.bstatic.com/xdata/images/hotel/square600/827146970.webp?k=84ac56d999153d4224522a9bbe0f1b92db55d808f5989b692e551599e6db7083&o=
756,Jaga's Hill homestay,,9.2,9.2,,,,na,,nan,https://cf.bstatic.com/xdata/images/hotel/square600/216089462.webp?k=ad3f3daabd06bab421e19df2feb739f44c052f49e4836d9143fa6c5b894bc03d&o=
757,J hostel kandy,,8.3,8.3,,,,na,,nan,https://cf.bstatic.com/xdata/images/hotel/square600/212040017.webp?k=fd5af1a9ec37ebc12c8a16ef3b3161af4a31703492660d844cb61f97c57ecc0c&o=
758,Tenshin Residance.,,8.1,8.1,,,,na,,nan,https://cf.bstatic.com/xdata/images/hotel/square600/520235619.webp?k=f7b397a46dde1835c7d4fa71d9040b1b17d78e791519c330c430223fc702948c&o=
759,Windy Hanthana,,9.5,9.5,,,,na,,nan,https://cf.bstatic.com/xdata/images/hotel/square600/502783824.webp?k=e11b223fd3cd81132077385ed8927847b0590bfe1f4dfd9af33b061245ac6226&o=
760,Sky Edge Homestay,,9.7,9.7,,,,na,,nan,https://cf.bstatic.com/xdata/images/hotel/square600/349303835.webp?k=6715cc30e142287731ce76aa67d9af865704bd209c0c8c74aa810dea12c685e6&o=
761,Mo Green,,9.7,9.7,,,,na,,nan,https://cf.bstatic.com/xdata/images/hotel/square600/728236991.webp?k=c458b82247b7a019243d7ba1af3e198a9c7c14e5eb6524cd8cadd4b4df3652ee&o=
762,ACH RIVER RESORT,,6.8,6.8,,,,na,,nan,https://cf.bstatic.com/xdata/images/hotel/square600/417760868.webp?k=f47ad144dba9e8a01891cc0df368bb83ccdcb15e4eb87c3626e8d51f40c9f93f&o=
763,Home stay kandy,,10.0,10.0,7.276593,80.636416,,na,,nan,https://cf.bstatic.com/xdata/images/hotel/square600/632539705.webp?k=a5f433e0c4506f2fc7db43edbc3a4860f0876bdc75d4ca63e18c4cd1040da6a8&o=
764,Crown hills kandy,,9.3,9.3,,,,na,,nan,https://cf.bstatic.com/xdata/images/hotel/square600/468931134.webp?k=d3ad45c7b26996946886af262bbe8438a318591ea4ba0ec966a1a544a3219c18&o=
765,The Ten Stay,,8.7,8.7,,,,na,,nan,https://cf.bstatic.com/xdata/images/hotel/square600/622992588.webp?k=eb789f78d9aa31a3bac4a0ef8931cd15718208d0e44da711b8f0c16d3f9e9396&o=
766,Oak Ray Heritage Hotel,,8.1,8.1,,,,na,,nan,https://cf.bstatic.com/xdata/images/hotel/square600/619736567.webp?k=f379663d264fd0de608f15bb1bb612934e5fa25ee0cdb39b63e20cb98cf60170&o=
767,Castle Hill Bungalow by Seven Angels,,8.9,8.9,,,,na,,nan,https://cf.bstatic.com/xdata/images/hotel/square600/514689605.webp?k=2e75f37e9c9f047d799547c9b99c48226e10e498b5c9cf89c62056e6cbd35857&o=
768,Kandy Supreme Hotel,,7.7,7.7,7.288912,80.639003,,na,,nan,https://cf.bstatic.com/xdata/images/hotel/square600/51928766.webp?k=c3760f9ccf3cad0472033025264e5577e0082608dd52bf6e6f4ef66f131d3504&o=
769,The Glen Kandy,,8.9,8.9,,,,na,,nan,https://cf.bstatic.com/xdata/images/hotel/square600/481745444.webp?k=beebdd62e6552c3896d88022f1d73b8b7b98538b86df322e1aa079d0fbeb232b&o=
770,Heaven Seven Kandy,,7.7,7.7,,,,na,,nan,https://cf.bstatic.com/xdata/images/hotel/square600/72511702.webp?k=7fb80caa4cbfb2034922d7cbc43e5bfd48532de744e1bca840661f734b0a072a&o=
771,Kandy Dilruk Homestay,,8.4,8.4,7.286044,80.637088,,na,,nan,https://cf.bstatic.com/xdata/images/hotel/square600/539254528.webp?k=1fddb7a716ad9081834a20dfa04febf0aa4a7150fec9a42c35f620cdcf3d030d&o=
772,Hotel Kandyan View ''Free pickup from Kandy city'',,8.4,8.4,,,,na,,nan,https://cf.bstatic.com/xdata/images/hotel/square600/497490151.webp?k=f1a0189fbcc46f4e266fe85fb728f9ce700f9d5bc17bf06ba5a192d7080d8d51&o=
773,Paradise Residence Hanthana,,6.0,6.0,,,,na,,nan,https://cf.bstatic.com/xdata/images/hotel/square600/491566183.webp?k=eadb1823e1d7d816ba2c15ab2c143f4030a825c6befb27c8f8d395aa1d0a056f&o=
774,Lake Classical Guest House,,8.7,8.7,7.290165,80.640152,,na,,nan,https://cf.bstatic.com/xdata/images/hotel/square600/644214659.webp?k=c32a3fd7ba88ac1ec1dcb5694a4cdea59554e51660558deabb7c3ab41d122e97&o=
775,Ranaya Residence Kandy,,8.8,8.8,,,,na,,nan,https://cf.bstatic.com/xdata/images/hotel/square600/691429456.webp?k=c6662133fc016a1196f7ee970d9254101150d43ee50317c00d8e457d8ce68b3e&o=
776,Ceyloni Lake Residency,,7.0,7.0,7.289029,80.638868,,na,,nan,https://cf.bstatic.com/xdata/images/hotel/square600/665223210.webp?k=dbae8439675121ef4ff26adaceb68f7895b4ee6be96d504353e91ba7cdd33bf9&o=
777,The Hills By First Team,,8.5,8.5,,,,na,,nan,https://cf.bstatic.com/xdata/images/hotel/square600/699505455.webp?k=fb7e2d213f47c4fd9b2d9f0e95b3de02aed4f155e1b392c61e07802c3fc54f2f&o=
778,ruwanara royal majestry,,8.3,8.3,,,,na,,nan,https://cf.bstatic.com/xdata/images/hotel/square600/592335852.webp?k=520c92cbd966e121d21e4f639dfe8a52b2716266758fecb2e2ffc2f5bdc38786&o=
779,Sesatha lake Kandy,,8.3,8.3,,,,na,,nan,https://cf.bstatic.com/xdata/images/hotel/square600/511692871.webp?k=5e711ae18912a4c5433bef3fb402602629535b2da868a145cc57344e2c3b96f5&o=
780,The Cottage Kandy,,9.0,9.0,7.323744,80.730867,,na,,nan,https://cf.bstatic.com/xdata/images/hotel/square600/743072870.webp?k=4687eee344402e4bf468fb056ed9cb2ac55ad5c72c3fa348d38d061fd37786ab&o=
781,Mount Palace,,8.0,8.0,,,,na,,nan,https://cf.bstatic.com/xdata/images/hotel/square600/794729657.webp?k=fb9f6b76e990ed9e59fa81731a5390c78d10baa8c1d6560d3259070b923dec3c&o=
782,Shani Residence Kandy,,8.9,8.9,7.288161,80.637293,,na,,nan,https://cf.bstatic.com/xdata/images/hotel/square600/240583088.webp?k=7e1539eaca32576706931941b8f2139390c0059477a68e7927599bae088ead80&o=
783,Jily Stay,,8.5,8.5,,,,na,,nan,https://cf.bstatic.com/xdata/images/hotel/square600/676279073.webp?k=db4ebf11416cd5bd418eee06d80e5db2e2ffefc1cb074e25cb0e64cc46293be0&o=
784,La Villa Lune Kandy,,5.7,5.7,,,,na,,nan,https://cf.bstatic.com/xdata/images/hotel/square600/537210111.webp?k=44dc721f0d24adc2abf287a8e853d9ce04a82b923a2aa2289e4db5e05b6e28e7&o=
785,Janali Homestay,,8.5,8.5,,,,na,,nan,https://cf.bstatic.com/xdata/images/hotel/square600/605911396.webp?k=d5cbbbaed20e27712c2588a3071a60b47f3739ac89681ac123316e51580aefe9&o=
786,Ceylon Breeze,,8.9,8.9,,,,na,,nan,https://cf.bstatic.com/xdata/images/hotel/square600/437778707.webp?k=37125b66db79febef28c98fe04c897b74f17b7fb67eb6b2d819c8f45dfc1a402&o=
787,Earthbound Residence,,9.3,9.3,,,,na,,nan,https://cf.bstatic.com/xdata/images/hotel/square600/799137233.webp?k=7bd3c1ca322212d37e5985e5b94da499846dbbf0036e57216b0304efb7674e61&o=
788,The Kandy Look Homestay,,9.9,9.9,,,,na,,nan,https://cf.bstatic.com/xdata/images/hotel/square600/773715037.webp?k=54e9cec29c9eaf311d1c51c2e77c10796b9a45d5ef183e210447e815be7e30dd&o=
789,Green Royal Villa,,9.0,9.0,,,,na,,nan,https://cf.bstatic.com/xdata/images/hotel/square600/847672709.webp?k=3c98c9ac4b040f04797dc3c09889abdb98c0d2fc67f4b13da344389d2e3f5ba7&o=
790,Kandy City View MPM Guest Room - 3B3,"Kandy City View MPM Guest Room - 3B3 is located in Kandy, just 2 miles from Ceylon Tea Museum and 2.9 miles from Kandy Museum. With city views, this accommodation features a balcony.",,,7.293121,80.635036,Kandy,na,,nan,https://cf.bstatic.com/xdata/images/hotel/square600/650518353.webp?k=3d952435d061d6ad98fd4bd84d9125785a7ad41839ce20c6c972dc3eac5dc47f&o=
791,Kandy Panoramic MPM Deluxe suit Airconditioned-4A2,"Kandy Panoramic MPM Deluxe suit Airconditioned-4A2 is located in Kandy, just 2 miles from Ceylon Tea Museum and 2.9 miles from Kandy Museum.",,,7.293121,80.635036,Kandy,na,,nan,https://cf.bstatic.com/xdata/images/hotel/square600/650919123.webp?k=1ca568d238f556beecbfd9868b73a2596acfd1a7d7a17b1acd6d47f8b853a8fc&o=
792,S V homestay,,9.6,9.6,,,,na,,nan,https://cf.bstatic.com/xdata/images/hotel/square600/787834369.webp?k=ea2a1834cd5df701da4d3d2698f2b73db00fa4a9783110127dcdc4af8f4b7500&o=
793,Serene Kandy Getaway with City Views,"Serene Kandy Getaway with City Views offers accommodations in the center of Kandy, a 15-minute walk from Bogambara Stadium and 0.8 miles from Kandy Train Station.",,,,,,na,,nan,https://cf.bstatic.com/xdata/images/hotel/square600/650128065.webp?k=add60cc45740d8c769bb95a2e85005e7cf441e3a6aa3faf42a89de6671b5931b&o=
794,Cinnamon Crest Resort & Ayurveda Spa,,10.0,10.0,,,,na,,nan,https://cf.bstatic.com/xdata/images/hotel/square600/748390483.webp?k=0aeca114eb3901499eb173cd676aed2cbef65c5413e7d4eafc9adcd447e57c02&o=
795,Golden King Residence,,8.5,8.5,,,,na,,nan,https://cf.bstatic.com/xdata/images/hotel/square600/820946886.webp?k=65b5b165036fe9ecdc8e9a2725e4c0b5a239f1a1af2b0fb14bf59e46b7852151&o=
796,OneView Chalet,,9.0,9.0,,,,na,,nan,https://cf.bstatic.com/xdata/images/hotel/square600/551168869.webp?k=161d288584aaa2639e48d013f83be65cff9be8f20aff1c06529339bf53766668&o=
797,Grand Resort,,8.9,8.9,8.35146,80.445211,,na,,nan,https://cf.bstatic.com/xdata/images/hotel/square600/123426023.webp?k=a6c5b64f1b56196969403022656961fbd1c00cffbf7709cb78b70a3753cf4f6d&o=
798,Ceylon 360,"Ideally set in the center of Kandy, Ceylon 360 has air-conditioned rooms with free WiFi, free private parking and room service.",,,6.950894,79.858327,,na,,nan,https://cf.bstatic.com/xdata/images/hotel/square600/847271931.webp?k=86ce3348471632314b45141b196ebf935f16ed7f5ff660b330d61ff1641454f6&o=
799,Rivorich Residence Kandy,,8.9,8.9,,,,na,,nan,https://cf.bstatic.com/xdata/images/hotel/square600/586193614.webp?k=630db66af61c311fffb82ea6bd4c12985acec8f0c9d590b1f7da036c998df1e5&o=
800,Kandy Richmond Hill Hotel,"Kandy Richmond Hill Hotel features air-conditioned accommodations in Kandy. With free private parking, the property is 2 miles from Kandy Train Station and 2.3 miles from Bogambara Stadium.",,,7.293121,80.635036,Kandy,na,,nan,https://cf.bstatic.com/xdata/images/hotel/square600/779667732.webp?k=4aeef13b227bc906323765de6a18cceb132bef3b956fd2fd8557c9bed0cff5d9&o=
801,Kandy City View MPM Guest Room - 2B4,"Kandy City View MPM Guest Room - 2B4 is located in Kandy, just 2 miles from Ceylon Tea Museum and 2.9 miles from Kandy Museum. Featuring city views, this guest house also features free Wifi.",,,7.293121,80.635036,Kandy,na,,nan,https://cf.bstatic.com/xdata/images/hotel/square600/650199486.webp?k=5caf71fc34947047fd449b5eb34b9caaadb27ab2fe5b3beb7c9d844f1ff68941&o=
802,Kandy City View MPM Guest Room - 3B2,,8.0,8.0,,,,na,,nan,https://cf.bstatic.com/xdata/images/hotel/square600/650516001.webp?k=1030c629d566516aaff33e7a173e013e4017de79ef899b4cb8658b0cb39decdf&o=
803,Kandy City View MPM Guest Room - 1A2,"Kandy City View MPM Guest Room - 1A2 provides accommodations in the center of Kandy, a 13-minute walk from Bogambara Stadium and 0.8 miles from Kandy Train Station.",,,,,,na,,nan,https://cf.bstatic.com/xdata/images/hotel/square600/669224211.webp?k=b3cd335ff673422965c8e65ab983074a6a5169a0002cf71b2457ba0b641e9eb0&o=
804,Kandy City View MPM Guest Room - 3A1,"Kandy City View MPM Guest Room - 3A1 offers accommodations in Kandy, 2 miles from Ceylon Tea Museum and 2.9 miles from Kandy Museum. With city views, this accommodation offers a balcony.",,,7.293121,80.635036,Kandy,na,,nan,https://cf.bstatic.com/xdata/images/hotel/square600/650792904.webp?k=e965de5168fc4ec64ed6ec4513b909b0329621589be51a140e0674748041d8fc&o=
805,Kandy City View MPM Guest Room 3A2,"Kandy City View MPM Guest Room 3A2 is located in Kandy, just 2 miles from Ceylon Tea Museum and 2.9 miles from Kandy Museum. This guest house provides accommodations with a balcony and free Wifi.",,,7.293121,80.635036,Kandy,na,,nan,https://cf.bstatic.com/xdata/images/hotel/square600/650506169.webp?k=57d139cad2a1c8cebcbd961cb54255ccd2ea4a6da0ed4b9036fad622428e338e&o=
806,Kandy City View MPM Guest Room - 2B2,"Kandy City View MPM Guest Room - 2B2 is located in Kandy, just 2 miles from Ceylon Tea Museum and 2.9 miles from Kandy Museum. This guest house offers accommodations with a balcony and free Wifi.",,,7.293121,80.635036,Kandy,na,,nan,https://cf.bstatic.com/xdata/images/hotel/square600/650180505.webp?k=c38fdf41a9aea8301a68248b21a53da70884e452d828be98d45d0df2273ace1c&o=
807,Kandy City View MPM Guest Room - 3B1,"Kandy City View MPM Guest Room - 3B1 is located in Kandy, just 2 miles from Ceylon Tea Museum and 2.9 miles from Kandy Museum. With city views, this accommodation provides a balcony.",,,7.293121,80.635036,Kandy,na,,nan,https://cf.bstatic.com/xdata/images/hotel/square600/650512549.webp?k=bd451904669a0ae8283162f3e6f2d7d35ed89bb8127b733971c0d6725e9addfe&o=
808,Kandy City View MPM Guest Room - 1A3,"Kandy City View MPM Guest Room - 1A3 is located in Kandy, just 2 miles from Ceylon Tea Museum and 2.9 miles from Kandy Museum.",,,7.293121,80.635036,Kandy,na,,nan,https://cf.bstatic.com/xdata/images/hotel/square600/650127976.webp?k=d837344fd583c8a99d77257e77175f1d4854bdeff84cd6bc7dda3172d7437896&o=
809,Kandy Panoramic MPM Deluxe suit Airconditioned-4A3,"Kandy Panoramic MPM Deluxe suit Airconditioned-4A3 is located in Kandy, just 2 miles from Ceylon Tea Museum and 2.9 miles from Kandy Museum.",,,7.293121,80.635036,Kandy,na,,nan,https://cf.bstatic.com/xdata/images/hotel/square600/650924534.webp?k=4ea108e2ac2888a717f07ed7d69ee1ecb3bc20bf7ac7b70e91bd2bf5d928bc64&o=
810,Kandy Panoramic MPM Deluxe balcony suit-Aircon4B2,"Kandy Panoramic MPM Deluxe balcony suit-Aircon4B2 is located in Kandy, just 2 miles from Ceylon Tea Museum and 2.9 miles from Kandy Museum.",,,7.293121,80.635036,Kandy,na,,nan,https://cf.bstatic.com/xdata/images/hotel/square600/650927530.webp?k=cc8cedc476a95002c21143975d27a859f5fd7bbf56bf80071bd1321c167b2cbf&o=
811,Kandy Panoramic MPM Deluxe suit Air-conditioned - 4A1,"Kandy Panoramic MPM Deluxe suit Air-conditioned - 4A1 offers accommodations in Kandy, 2 miles from Ceylon Tea Museum and 2.9 miles from Kandy Museum.",,,7.293121,80.635036,Kandy,na,,nan,https://cf.bstatic.com/xdata/images/hotel/square600/650915312.webp?k=b535386dfa1bf2e87ea452359073d2545d8a89d0d35f18b40c13f1c9ce789c78&o=
812,Kandy Panoramic MPM Deluxe suit Airconditioned-4B1,"Kandy Panoramic MPM Deluxe suit Airconditioned-4B1 is located in Kandy, just 2 miles from Ceylon Tea Museum and 2.9 miles from Kandy Museum.",,,7.293121,80.635036,Kandy,na,,nan,https://cf.bstatic.com/xdata/images/hotel/square600/650926083.webp?k=c5c3b2011e1462dbdf7dc85ce10ac1c42ffeea775dc602888049e145a732b98a&o=
813,Kandy Panoramic MPM Deluxe balcony suit-Aircon-4B3,"Kandy Panoramic MPM Deluxe balcony suit-Aircon-4B3 is located in Kandy, just 2 miles from Ceylon Tea Museum and 2.9 miles from Kandy Museum.",,,7.293121,80.635036,Kandy,na,,nan,https://cf.bstatic.com/xdata/images/hotel/square600/650929182.webp?k=9a07247352cf76b7e4456bb21aac80fcb6c93b00a8f05803f76ecfefbfd543ec&o=
814,Kandy City View MPM Guest Room - 2B1,"Kandy City View MPM Guest Room - 2B1 is located in Kandy, just 2 miles from Ceylon Tea Museum and 2.9 miles from Kandy Museum. Guests staying at this guest house have access to free Wifi and a...",,,7.293121,80.635036,Kandy,na,,nan,https://cf.bstatic.com/xdata/images/hotel/square600/650173826.webp?k=2c7d555068a3a61f84aeca8233d38db0528e60cc61e9c6f129ab1a01efc3df0b&o=
815,The Lake Round Guest House,,8.7,8.7,,,,na,,nan,https://cf.bstatic.com/xdata/images/hotel/square600/787901850.webp?k=b722a4b6fc435ec305662689bc1b0ba04d735c5e27bca31b9db061b8ba81b3c0&o=
816,BrickHouse Kandy,,10.0,10.0,,,,na,,nan,https://cf.bstatic.com/xdata/images/hotel/square600/768663573.webp?k=06983c39d3789cb649cd12adf8da527b8f1e0a6bce258796f5d17cda1aa1ee05&o=
817,Kandy City View MPM Guest Room - 2B3,"Kandy City View MPM Guest Room - 2B3 offers accommodations in Kandy, 2 miles from Ceylon Tea Museum and 2.9 miles from Kandy Museum.",,,7.293121,80.635036,Kandy,na,,nan,https://cf.bstatic.com/xdata/images/hotel/square600/650195640.webp?k=04d407e02d360932edb9cb75b8f07653cbfe0dd7cd0297ee326f02f986885e4d&o=
818,Kandy Food Lovers Home Stay by AGS,,9.3,9.3,,,,na,,nan,https://cf.bstatic.com/xdata/images/hotel/square600/621208369.webp?k=6cab6e9d2d767d4caefae47fe0599cc3a25f64c8ec684e03f18fc951a39bff5b&o=
819,360 Lake View Hotel,,6.2,6.2,,,,na,,nan,https://cf.bstatic.com/xdata/images/hotel/square600/516675672.webp?k=1521052c2320427fd3a19edb36341659e592186fbd4b0e39e030b0abd748ea91&o=
820,Kandy City View MPM Guest Room - 2A1,"Kandy City View MPM Guest Room - 2A1 is located in Kandy, just 2 miles from Ceylon Tea Museum and 2.9 miles from Kandy Museum. This guest house offers accommodations with a balcony and free Wifi.",,,7.293121,80.635036,Kandy,na,,nan,https://cf.bstatic.com/xdata/images/hotel/square600/650165159.webp?k=bf0faf9d3583c878349dba59da0537277ebf3f3d349cfc5ba273b500997329c9&o=
821,Jungle Paradise Hostel,,8.9,8.9,,,,na,,nan,https://cf.bstatic.com/xdata/images/hotel/square600/820247692.webp?k=16e34bf348b93f83558bfc2d17316fe9d1533af3c10fdbf3633ce1247c11e988&o=
822,kandy hill villa,,8.6,8.6,,,,na,,nan,https://cf.bstatic.com/xdata/images/hotel/square600/579627943.webp?k=97d784ec2c11085776e50225d2d9980876164eac8f04641a3563cd2988928b58&o=
823,Kandy City View MPM Guest Room - 2A2,"Kandy City View MPM Guest Room - 2A2 offers accommodations in Kandy, 2 miles from Ceylon Tea Museum and 2.9 miles from Kandy Museum.",,,7.293121,80.635036,Kandy,na,,nan,https://cf.bstatic.com/xdata/images/hotel/square600/650169325.webp?k=b62891e0f11d10cf09d2c2852ae9964e28266e702d93a15be809ddf1e3546158&o=
824,88th Hanthana,,9.1,9.1,,,,na,,nan,https://cf.bstatic.com/xdata/images/hotel/square600/556571495.webp?k=6587f1282d43794ccdc7015041193567f0f1265b25cb7bf1de2296d0eef98727&o=
825,Jaye's Homestay,,9.3,9.3,,,,na,,nan,https://cf.bstatic.com/xdata/images/hotel/square600/149414097.webp?k=1ae6519ca3a8d248963e1abbc3ff95ee90ad147b81232c0880382b0733cd8d22&o=
826,Kelum Homestay,,8.7,8.7,,,,na,,nan,https://cf.bstatic.com/xdata/images/hotel/square600/630438631.webp?k=e7b2f0d8297509f18c2630c645e8e0ab0a80af0e47138f9b3a6c28503111e308&o=
827,Lavender Hills Home Stay,"Featuring a garden, Lavender Hills Home Stay features accommodations in Kandy. This property offers access to a terrace and free private parking. Outdoor seating is also available at the homestay.",,,7.293121,80.635036,Kandy,na,,nan,https://cf.bstatic.com/xdata/images/hotel/square600/650270812.webp?k=d5a279116b2362ed7f248960b2550e95c29dbd986c5cd4e5211807d2b409545c&o=
828,Hewune Uptown Stay,,9.1,9.1,,,,na,,nan,https://cf.bstatic.com/xdata/images/hotel/square600/171990085.webp?k=405d170374003446a8acc991fcac6c3c4d1bea3f8dd3c200932bfc3647e03262&o=
829,Kings Hantana,,9.3,9.3,,,,na,,nan,https://cf.bstatic.com/xdata/images/hotel/square600/517950785.webp?k=0b4e237a04f57f4527136fb6d2c7f687aede490fe6ac0f057559115f8e9777e9&o=
830,Wilson Bungalow Kandy,"Wilson Bungalow Kandy is located in Kandy, just 2.3 miles from Ceylon Tea Museum and 2.3 miles from Kandy Train Station. This apartment offers air-conditioned accommodations with a balcony.",,,7.293121,80.635036,Kandy,na,,nan,https://cf.bstatic.com/xdata/images/hotel/square600/343224415.webp?k=d2fcaa9cbe2f48727541f13acfbc364f3d16b3ad1831ccf6a0bdae331aa95349&o=
831,Upali's Place,,8.8,8.8,6.912668,79.865071,,na,,nan,https://cf.bstatic.com/xdata/images/hotel/square600/617781950.webp?k=4efbc415c9408309fd96be8efddfcddf2ac724e06d52932341acefa5d49e1eeb&o=
832,Windsor Crest,,10.0,10.0,,,,na,,nan,https://cf.bstatic.com/xdata/images/hotel/square600/825313449.webp?k=cb4a774825f15b858fb7e633b67741ddc3171dbda109e1729be2aa375c3f3b3d&o=
833,Sky Heaven Hotel,,8.4,8.4,,,,na,,nan,https://cf.bstatic.com/xdata/images/hotel/square600/469761653.webp?k=366db1c62992af3466aba1846aabc677ab41578a7977f63872666ad9aa63b989&o=
834,Sun Dove Suite,,9.5,9.5,,,,na,,nan,https://cf.bstatic.com/xdata/images/hotel/square600/514954959.webp?k=da505f3142ff8bd006a3f540acd7880fa09260b613f2ccb6a64ed70246512a11&o=
835,Windsor,,10.0,10.0,6.970783,80.770003,,na,,nan,https://cf.bstatic.com/xdata/images/hotel/square600/818989480.webp?k=cbde946714c858daf0d660ceea9efbfc376a685cb4b388297d7e2785f3f893a4&o=
836,360 Viewpoint by Queens Mount,,7.6,7.6,,,,na,,nan,https://cf.bstatic.com/xdata/images/hotel/square600/738327256.webp?k=bb0206a2969b7c5cf7943198af201154029cabbbc48bf94d0c84e5cae45fa58c&o=
837,Easy Stay,,9.2,9.2,5.961338,80.402689,,na,,nan,https://cf.bstatic.com/xdata/images/hotel/square600/575257405.webp?k=59cb1abe5bc3edc6c11f5671b14c4af3530b517fb36a6ab3e3f1b1bd2bcf1916&o=
838,Sky Blue Cabin,,9.5,9.5,,,,na,,nan,https://cf.bstatic.com/xdata/images/hotel/square600/817946340.webp?k=ff81be484ea7109c855aad8b69e6f46f75b3fb4a46f75c53664cc5a865003321&o=
839,Fairview Residence,,8.7,8.7,,,,na,,nan,https://cf.bstatic.com/xdata/images/hotel/square600/157703093.webp?k=c7b7301ce66aa1c4c62a8acc999981c2c65d92ea0381722129389dc0ab1fbd15&o=
840,Fairview Residence Sky,,9.5,9.5,,,,na,,nan,https://cf.bstatic.com/xdata/images/hotel/square600/774486477.webp?k=1dee27c000dc8a0ff0011e249b89efb16b9ee0fd3fa38de8ab5c6532c9030553&o=
841,Kandy krush Hotel,,1.0,1.0,7.285982,80.636218,,na,,nan,https://cf.bstatic.com/xdata/images/hotel/square600/803230697.webp?k=aacdeb9df4cefc76a9a7c25955963afd266d75250f71c824e9bc741190c8e908&o=
842,Fox Kandy by Fox Resorts - Luxury in the Mist,,8.9,8.9,,,,na,,nan,https://cf.bstatic.com/xdata/images/hotel/square600/242699724.webp?k=cf0c98eeb0c18bb7ac4f8687626087395024afd2e400b78d7fad3188d639a9f7&o=
843,The CatHouse,"Just a 19-minute walk from Sri Dalada Maligawa and 400 yards from Kandy View Point, The CatHouse features accommodations in Kandy, with a garden.",,,7.293121,80.635036,Kandy,na,,nan,https://cf.bstatic.com/xdata/images/hotel/square600/714970729.webp?k=b5a190fadcca7b68f76b0a2c7b0747e06cfcc2b7046be344df4f4d0d80f72350&o=
844,Villa Omaru Mountain Views Kandy Hanthana,"Offering a garden, Villa Omaru Mountain Views Kandy Hanthana offers accommodations in Kandy. This property offers access to a terrace, free private parking, and free Wifi.",,,7.293121,80.635036,Kandy,na,,nan,https://cf.bstatic.com/xdata/images/hotel/square600/755424698.webp?k=949e6e12677075987a9c53ec9605e925d30c8304b44434f9caf183fc3f1a6479&o=
845,Resort Beam,,9.2,9.2,7.284027,80.635893,,na,,nan,https://cf.bstatic.com/xdata/images/hotel/square600/496476797.webp?k=a6106b8b4274063c255e3ea02bd2faaa3d6fa1f4e4f6d998fe17ec533759371b&o=
846,Cloud Nest Hanthana,"Offering a garden, Cloud Nest Hanthana offers accommodations in Kandy. This property offers access to a balcony, free private parking, and free Wifi.",,,7.293121,80.635036,Kandy,na,,nan,https://cf.bstatic.com/xdata/images/hotel/square600/782405016.webp?k=042af4d4696b8ce7f6507f5d93145ff04e7849139d65158d4bc8dfb29cb77e08&o=
847,Zuni`s Home Stay,,9.5,9.5,,,,na,,nan,https://cf.bstatic.com/xdata/images/hotel/square600/823872039.webp?k=9aa8c7faf30d80d46f072958caf5a0e2793f4e5473e42eaeaf377956a229b224&o=
848,Kandy Alpine Breeze,,9.2,9.2,,,,na,,nan,https://cf.bstatic.com/xdata/images/hotel/square600/843469850.webp?k=15d07adee68b1e4140b70183bd68546ff16449c68dd36f098b9da99e162e99a3&o=
849,Miyura Holiday Bungalow,,6.5,6.5,,,,na,,nan,https://cf.bstatic.com/xdata/images/hotel/square600/99520657.webp?k=34931e09509811ff4fc842d9a193173efab0a13ba639ca9539de6bd7265390a5&o=
850,Kandy Spice Villa,,7.0,7.0,,,,na,,nan,https://cf.bstatic.com/xdata/images/hotel/square600/206156186.webp?k=95f074b27e9b110625eef6e56687004af48a9a02a314ddc3624fb011b039b77a&o=
851,Shrine Inn,,8.9,8.9,7.293977,80.646143,,na,,nan,https://cf.bstatic.com/xdata/images/hotel/square600/80654011.webp?k=c790517c8cea50ee5b0eeb2d91fac7039472c05956559aa5c03ca1431f1bc0bb&o=
852,Namadi heights Bungalow,,10.0,10.0,7.282628,80.63552,,na,,nan,https://cf.bstatic.com/xdata/images/hotel/square600/646431286.webp?k=589bfef8fcaeb3fcddd191b11e0f30fe023b5d49eb7c123de593ef3b22aa6642&o=
853,Beehive mountain resident,,5.0,5.0,,,,na,,nan,https://cf.bstatic.com/xdata/images/hotel/square600/783242662.webp?k=1e066cc6ef0d9d763b27f4c28decb4157a4b0db0fdc15a27213ff20eceb3502c&o=
854,Ceylon Gem Treasure Vila,,8.5,8.5,,,,na,,nan,https://cf.bstatic.com/xdata/images/hotel/square600/755686779.webp?k=edc77984883a0b78e729910e543188664e433a5d29cff539bac36ec066de0989&o=
855,beehive villa,"Offering a garden, beehive villa offers accommodations in Kandy. The air-conditioned accommodation is 2.4 miles from Kandy Royal Botanic Gardens, and guests can benefit from on-site private parking...",,,7.293121,80.635036,Kandy,na,,nan,https://cf.bstatic.com/xdata/images/hotel/square600/783247589.webp?k=8531db2b172da01b95db146528c6476b250d1c98266cf2be4cb588cf7df61b90&o=
856,Kandy Jungle Border,,9.3,9.3,,,,na,,nan,https://cf.bstatic.com/xdata/images/hotel/square600/795675238.webp?k=75ec78fcbe8e8eb351fa34a853b2d166f3776a4ff07495011da1e5b77f0afcec&o=
857,Bird Nest - Hanthana,,6.3,6.3,,,,na,,nan,https://cf.bstatic.com/xdata/images/hotel/square600/496575877.webp?k=633d7ce0d532532b376b2b175e9539f27f40821ead1ffd664987a5d013831242&o=
858,Shiro in Kandy,,7.9,7.9,,,,na,,nan,https://cf.bstatic.com/xdata/images/hotel/square600/724477388.webp?k=aa4c2e00e77f5039e4d2c070d9aaba8f160a817eb88b984b0c5bd5da36738837&o=
859,Villa Avora Ridge,"Providing mountain views, Villa Avora Ridge in Kandy provides accommodations and a garden. This property offers access to a terrace, free private parking, and free Wifi.",,,,,,na,,nan,https://cf.bstatic.com/xdata/images/hotel/square600/827124999.webp?k=1de32179c01507bb0e9244fc5d61b20bf60de339f180f02eb6c38732e6981d8c&o=
860,Green Woods Guest,,8.3,8.3,,,,na,,nan,https://cf.bstatic.com/xdata/images/hotel/square600/655732743.webp?k=403ddc2895603e5f7f026d61da6cf40a01e6d19c564fb53853992191d34df8a0&o=
861,Villa 14,"Offering a garden, Villa 14 provides accommodations in Kandy. This property offers access to a terrace, free private parking, and free Wifi.",,,6.888322,79.918741,Kandy,na,,nan,https://cf.bstatic.com/xdata/images/hotel/square600/735273096.webp?k=ca1701880e17cbf5a7a27459791dae9547d91876e1ea327d9e25fe287b0dd6cc&o=
862,Green City View Kandy,,8.0,8.0,,,,na,,nan,https://cf.bstatic.com/xdata/images/hotel/square600/812481135.webp?k=c783e7f953421c3dd9ba1c4872aeaeed4e79d921f406ab976c0a508bd4b4952b&o=
863,Cozy Homestay Kandy,,9.1,9.1,,,,na,,nan,https://cf.bstatic.com/xdata/images/hotel/square600/427407143.webp?k=c3874bc93151f62b9760d3e161e5b3139bb149392ccc60acccb21a3e04f9cb33&o=
864,Wimalee resort,"1.1 miles from Kandy Royal Botanic Gardens in Kandy, Wimalee resort provides accommodations with access to a hot tub. This property offers access to a balcony and free private parking.",,,7.293121,80.635036,Kandy,na,,nan,https://cf.bstatic.com/xdata/images/hotel/square600/723361691.webp?k=aa667b665feb6dccd0c015317402cb15485982d706b21eb325a3d3ffffbc2e12&o=
865,Kandy Home Stay,"Kandy Home Stay is located in Kandy, just 1.7 miles from Kandy Museum and 1.7 miles from Sri Dalada Maligawa. This property offers access to a terrace and free private parking.",,,7.300801,80.62222,Kandy,na,,nan,https://cf.bstatic.com/xdata/images/hotel/square600/732343330.webp?k=97ce5b99cf8db690cec3be9d3e1d64cc51a69ad64a27b7214d1ac6ce3e3263b7&o=
866,Sunny Hill Residence,"Sunny Hill Residence features rooms with free Wifi in the center of Kandy. With free private parking, the property is 1.1 miles from Bogambara Stadium and 1.3 miles from Kandy Train Station.",,,,,,na,,nan,https://cf.bstatic.com/xdata/images/hotel/square600/841045738.webp?k=fd91680174d751bdd3c308ed1563e7dafb662601bc0818d432867fe56ea9fccd&o=
867,Skyloft Kandy,,8.5,8.5,7.272999,80.624891,,na,,nan,https://cf.bstatic.com/xdata/images/hotel/square600/650519320.webp?k=f00344d162a152d465fb649fde0256ebcc7cc994176eda2f428b15eed2945c3c&o=
868,Dilshan place,"Dilshan place is located in Kandy, just 1.3 miles from Kandy Train Station and 3.6 miles from Ceylon Tea Museum. This property offers access to a terrace, free private parking, and free Wifi.",,,7.28636,80.638469,Kandy,na,,nan,https://cf.bstatic.com/xdata/images/hotel/square600/783375945.webp?k=4d3e502b0ff633eba39bffe2a8d33876e98f83ce78f40233e0f58d49f37104b1&o=
869,Skyloft Hostel,,7.6,7.6,,,,na,,nan,https://cf.bstatic.com/xdata/images/hotel/square600/416604367.webp?k=b11a92472f912dee6070e2305928dc2d95cd947bc3fe21687fb3d46a52601947&o=
870,Hanthana Breeze Bungalow,"Located in Kandy, 1.8 miles from Ceylon Tea Museum, Hanthana Breeze Bungalow provides accommodations with a garden, free private parking and a terrace.",,,7.293121,80.635036,Kandy,na,,nan,https://cf.bstatic.com/xdata/images/hotel/square600/831474061.webp?k=9d880b56bb183f95275f77d3617426644991c7c7c72a17fe3174ccf43212cf7f&o=
871,Raja174 Homestay,,7.6,7.6,,,,na,,nan,https://cf.bstatic.com/xdata/images/hotel/square600/827476570.webp?k=f71d0658847ed04bbb33fbc464a47a0e46a3b767a7be0b0fa86e7c2a96eeaaf9&o=
872,Hotel See Kandy,,8.2,8.2,,,,na,,nan,https://cf.bstatic.com/xdata/images/hotel/square600/161521947.webp?k=b25ac9b6003f0e28bdc5ae9bcb434fdd253d4732f68e23f6fcc78d5c5d6e4421&o=
873,Idyllic Vista,,10.0,10.0,7.273418,80.624907,,na,,nan,https://cf.bstatic.com/xdata/images/hotel/square600/122954480.webp?k=854054c377875b4f2c17b957b98ed12b5488fe2bf686d141f467b31182bde600&o=
874,Mcleod-Inn,,8.9,8.9,7.287246,80.642782,,na,,nan,https://cf.bstatic.com/xdata/images/hotel/square600/187922090.webp?k=5a16d7ed9061fc8992b969d3efda4ecab5a8219e5c9b0300e67f42dc0606864b&o=
875,Beauty Hills,,9.3,9.3,,,,na,,nan,https://cf.bstatic.com/xdata/images/hotel/square600/188713161.webp?k=6b7d4d483410ee6f50ba028d65fc98894b9bc3912efe44de47bb8fd1140163c8&o=
876,Nature Walk Resort,,8.4,8.4,7.29298,80.646531,,na,,nan,https://cf.bstatic.com/xdata/images/hotel/square600/469266440.webp?k=4c4bf050e46fd62f128b64993f927c91c2512d6319b6c395896c72f297bfeffb&o=
877,Kandy Horizon Homestay,,9.0,9.0,,,,na,,nan,https://cf.bstatic.com/xdata/images/hotel/square600/645611795.webp?k=9aafa60e7ff15c94b44e1334a53ed903c5b934dae132355e41471373ac83c78c&o=
878,Hanthana House,,9.1,9.1,7.247046,80.615017,,na,,nan,https://cf.bstatic.com/xdata/images/hotel/square600/282344380.webp?k=4b2418b12742f85bb03b2d86ba18b7f6288ae19da1f90bf368e7e8fd20890f3c&o=
879,Hill View Hanthana Homestay,,9.4,9.4,,,,na,,nan,https://cf.bstatic.com/xdata/images/hotel/square600/664982916.webp?k=70a31c670c71c2b19e0e3264e149ed8537445a76de757a3643ac90f2c75972e9&o=
880,Namaya Nature,,8.9,8.9,,,,na,,nan,https://cf.bstatic.com/xdata/images/hotel/square600/578821938.webp?k=18ce4d3656e0170219433fec92b31cf32f307f212ef90e8595801870e661483b&o=
881,The Bridge House Kandy,"Offering mountain views, The Bridge House Kandy in Kandy offers accommodations, a garden, a terrace, and a shared lounge. This property offers access to a balcony, free private parking, and free Wifi....",,,,,,na,,nan,https://cf.bstatic.com/xdata/images/hotel/square600/756932249.webp?k=ffd78c3c20b5f75f259fba9603873f23dec42443145f80a10875366cd17cb4b9&o=
882,The Change Hotel,,9.0,9.0,7.262821,80.616853,,na,,nan,https://cf.bstatic.com/xdata/images/hotel/square600/814566808.webp?k=1dd673f8bd939792890275d3010e08de7579fa01f161e14c5645e718a531f7e8&o=
883,Janora Hills,,8.4,8.4,,,,na,,nan,https://cf.bstatic.com/xdata/images/hotel/square600/216533344.webp?k=7960ba0e6068b12725ecba92050d5c4be29d274f12e8b5e387cf083b3f48a4c3&o=
884,Cheerful One Bedroom Apartment,"Cheerful One Bedroom Apartment is a recently renovated condo hotel in the center of Kandy, 1.4 miles from Kandy Museum and 1.4 miles from Sri Dalada Maligawa.",,,,,,na,,nan,https://cf.bstatic.com/xdata/images/hotel/square600/608410176.webp?k=a90c01e26379a3db01238041225cad7adb2a005ec5676d66619241c5718afb2d&o=
885,Green Bird Villas,,9.4,9.4,,,,na,,nan,https://cf.bstatic.com/xdata/images/hotel/square600/538824015.webp?k=b14f0efc00d81c8413510105d1c56e94d932cff01e5b369ac870c7fed8e6c696&o=
886,Chaminrich Villa and Homestay,,9.0,9.0,,,,na,,nan,https://cf.bstatic.com/xdata/images/hotel/square600/648846982.webp?k=9c11214dafaaae12cbdebb8b14f8408962dd2169c960ed06636f6dc7e0e1a21a&o=
887,Mino Villa Kandy,"Mino Villa Kandy enjoys a location in Kandy, 1.7 miles from Kandy Museum and 1.7 miles from Sri Dalada Maligawa.",,,7.293121,80.635036,Kandy,na,,nan,https://cf.bstatic.com/xdata/images/hotel/square600/851209984.webp?k=c7158fbcda734ecc4916c39262478252eba650437ad2554243b4256b3b2edca7&o=
888,Mirror Lake Residence,,6.4,6.4,,,,na,,nan,https://cf.bstatic.com/xdata/images/hotel/square600/444311408.webp?k=b30aa5b26a56d949cbdfa8c1dacac829a4a91a41d3064ecd3168ecc8cfa68d0b&o=
889,KANDY Holiday Residence,,6.5,6.5,,,,na,,nan,https://cf.bstatic.com/xdata/images/hotel/square600/88147869.webp?k=933c85520340862736ab4680fec25802aae4d055a8f55515202a24971e5b7377&o=
890,Kandy Twin Villa,"A 18-minute walk from Kandy Museum in the center of Kandy, Kandy Twin Villa provides accommodations with access to a garden.",,,,,,na,,nan,https://cf.bstatic.com/xdata/images/hotel/square600/717060174.webp?k=53eb8f71f27f9436d28f096ee4f0f77016be9a244794f925a29a80dcbd386206&o=
891,Star View Kandy,,10.0,10.0,,,,na,,nan,https://cf.bstatic.com/xdata/images/hotel/square600/684845372.webp?k=718cf508d648c6d93a25d61f941caf99deb497f599fa979de4b0b677cb5c75ff&o=
892,Sarvodaya Samma Vaasa Residence,,7.8,7.8,,,,na,,nan,https://cf.bstatic.com/xdata/images/hotel/square600/170750955.webp?k=45c8b03707ba46f368d8034685378548354c9d3258b98f5c4650e30228c1abec&o=
893,Golden Sky Hotel & Wellness,,8.8,8.8,,,,na,,nan,https://cf.bstatic.com/xdata/images/hotel/square600/854961147.webp?k=d1964ac7e82535004d00fa827c1e125fab26dd421bd0c22b470661308a300400&o=
894,The Spring Brook Hanthana,"Providing a garden, The Spring Brook Hanthana provides accommodations in Kandy. With free private parking, the property is 1.8 miles from Ceylon Tea Museum and 1.9 miles from Bogambara Stadium.",,,7.293121,80.635036,Kandy,na,,nan,https://cf.bstatic.com/xdata/images/hotel/square600/696685673.webp?k=b6e23806da7b4e96879e795b6ef99792088d17598cc24f418e0161a4b1f0d752&o=
895,Medhani,,8.6,8.6,,,,na,,nan,https://cf.bstatic.com/xdata/images/hotel/square600/785178168.webp?k=dfab80824c54db3c52e2ecccf32202ffb6023ea3497c504e399c462695d9dd8d&o=
896,Coffee Bungalow Kandy,"In a prime location in the center of Kandy, Coffee Bungalow Kandy provides air-conditioned rooms, an outdoor swimming pool, free WiFi and a garden.",,,,,,na,,nan,https://cf.bstatic.com/xdata/images/hotel/square600/783085340.webp?k=31f60745d8c133d2494eced0423f32b4e1c0892dbe9d8e00f22a649f77ef10f0&o=
897,Blue Ridge Homestay,,9.6,9.6,,,,na,,nan,https://cf.bstatic.com/xdata/images/hotel/square600/408088319.webp?k=fc465ce12ca66e777fd805f5f16276257bc04c6017b3160df0f74c04aa81dc74&o=
898,Lake Avenue Hotel Kandy,,8.5,8.5,,,,na,,nan,https://cf.bstatic.com/xdata/images/hotel/square600/776496350.webp?k=02a6b9dbb955e973abd57aa1201868b9cd2dbb658a36fe25ed8a44cfeaa17132&o=
899,Ceylon Shine,,9.7,9.7,,,,na,,nan,https://cf.bstatic.com/xdata/images/hotel/square600/642578790.webp?k=2e3fbda06e2d8497ded12b3ab61fb13e6c0975982cf2139408adeb6e949c72a8&o=
900,Hotel Halona,,9.3,9.3,,,,na,,nan,https://cf.bstatic.com/xdata/images/hotel/square600/724269142.webp?k=75854cb8a21341bfa44a4780ca574c93f484a0e63f19175a69592986452e9e1a&o=
901,Kandy Waters,,8.0,8.0,7.287855,80.642178,,na,,nan,https://cf.bstatic.com/xdata/images/hotel/square600/156329340.webp?k=bf01cca3dfbb365f357b597585c026d396fe95e33673023d1cde5c3c1624e890&o=
902,Pacifier Residence,"Located in Kandy, within 3.1 miles of Kandy Museum and 3.1 miles of Sri Dalada Maligawa, Pacifier Residence has accommodations with a shared lounge as well as free private parking for guests who...",,,7.293121,80.635036,Kandy,na,,nan,https://cf.bstatic.com/xdata/images/hotel/square600/721612763.webp?k=8053e1ce279799159fac6aaa9b5e89f9e0fc0c783ac2c94429ee3ccbfd56ab6b&o=
903,36 Bed & Breakfast,,9.2,9.2,,,,na,,nan,https://cf.bstatic.com/xdata/images/hotel/square600/156323076.webp?k=4e187061e11d6f58cb3f0a87a9f578a4d0a850fb3c45c9cc1ef190bf112eee6f&o=
904,Space Garden Kandy,Space Garden Kandy in Kandy provides accommodations with a garden and a terrace. The guest house features both Wifi and private parking free of charge.,,,,,,na,,nan,https://cf.bstatic.com/xdata/images/hotel/square600/769793229.webp?k=d511efa89ed3ab5f35f5e2d811cf6f85d0db1808f42014e01ec77a262d32b8ae&o=
905,Expeditor Kandy,,8.7,8.7,7.287651,80.642588,,na,,nan,https://cf.bstatic.com/xdata/images/hotel/square600/249287125.webp?k=ec533a3f0fd42dbe4190190e8938b6d419a2947d105def203de8bbe6844afdf8&o=
906,Rivora Heights,,8.5,8.5,,,,na,,nan,https://cf.bstatic.com/xdata/images/hotel/square600/439676495.webp?k=43505066b2e6dd21c76be103cf22b3c82fcffe1a66b2a0f5c62bcd2219a64b93&o=
907,Sharon Inn,,6.0,6.0,7.287166,80.642261,,na,,nan,https://cf.bstatic.com/xdata/images/hotel/square600/532466671.webp?k=dca22962ac280bd95392d33123a371d6c082595ff91845e0d7440726614106db&o=
908,Veraima Kandy,,9.1,9.1,,,,na,,nan,https://cf.bstatic.com/xdata/images/hotel/square600/333033343.webp?k=01b1535b2ebf766379f97f4290253a4033505b7d01411f1e483f7237844bd8cd&o=
909,MALWATHTHA MOUNT VILLA KANDY,,6.8,6.8,,,,na,,nan,https://cf.bstatic.com/xdata/images/hotel/square600/636125989.webp?k=1de0b02f52673fdd7a2b4754d266d2bcee75d86dc34757cb2fe81863c9c8ad74&o=
910,"Freedom Lodge, Kandy",,8.8,8.8,7.288249,80.642311,,na,,nan,https://cf.bstatic.com/xdata/images/hotel/square600/319834739.webp?k=a0b60ba067b029def733433869d106d6679abfd5fc03bb77f9a214cbe77c4ddd&o=
911,Cloud Nest Hanthana,"Offering a garden, Cloud Nest Hanthana provides accommodations in Kandy. With mountain views, this accommodation offers a balcony.",,,7.293121,80.635036,Kandy,na,,nan,https://cf.bstatic.com/xdata/images/hotel/square600/783091343.webp?k=8a5e5b753157adff51b199d7dff010bfef7e4309cf681fbfd2793adcbeacee9e&o=
912,Charming 3-Bedroom Apartment with Garden in Kandy,"Providing a garden, Charming 3-Bedroom Apartment with Garden in Kandy provides accommodations in Kandy. Guests staying at this apartment have access to a terrace.",,,7.293121,80.635036,Kandy,na,,nan,https://cf.bstatic.com/xdata/images/hotel/square600/814750724.webp?k=75ba3d339934687d3d3e3b09c4bbb23f77b2d3cf6ebbcba2c9635d7bdc5d725a&o=
913,Serene Villa 38,,8.8,8.8,,,,na,,nan,https://cf.bstatic.com/xdata/images/hotel/square600/486772562.webp?k=6b862a00ecdb283f74922f1841bb41196b81f3f55d76eda3fdc44dc95e27520a&o=
914,Hotel Mango Garden,,7.7,7.7,,,,na,,nan,https://cf.bstatic.com/xdata/images/hotel/square600/214894931.webp?k=e74ffd89b5d853a668178c263f0051bdd3447e780bd3f127ac6b3f08dd4f0c5e&o=
915,Hotel Cassendra,,8.3,8.3,7.286834,80.640944,,na,,nan,https://cf.bstatic.com/xdata/images/hotel/square600/495072910.webp?k=87e4d7c61632d32a08da82f88b011be1b6d69afb1b47b9a9ac4ba99f8f4fce79&o=
916,Lewella House Kandy a Tranquil Villa,,9.5,9.5,,,,na,,nan,https://cf.bstatic.com/xdata/images/hotel/square600/717250407.webp?k=67c9e39519651b92906705ab0d462433102088b41b880e428871be64001be1c3&o=
917,Evergreen tourist inn,"Located in Hiyarapitiya, 4.7 miles from Kandy Royal Botanic Gardens, Evergreen tourist inn has accommodations with a garden, free private parking and a shared lounge.",,,,,Hiyarapitiya,na,,nan,https://cf.bstatic.com/xdata/images/hotel/square600/833284059.webp?k=7e00c88c280a76baacd855f7a3fec0032df990546e967ad3a3e61b1b84d1f73a&o=
918,Aurora White Bungalow Kandy,,10.0,10.0,,,,na,,nan,https://cf.bstatic.com/xdata/images/hotel/square600/732624552.webp?k=0f1d0a09f324d86ab486483fdb3aaa35840827906ee3b789e6b765f981490f8c&o=
919,King Of Kandy,,8.6,8.6,7.287952,80.643369,,na,,nan,https://cf.bstatic.com/xdata/images/hotel/square600/140693685.webp?k=6bb1cace4b02e31888233102b0c447e6fe03da9bf2680f9174aeb5eedf676bba&o=
920,Inside Out Nature Villa,,9.3,9.3,7.302257,80.655069,,na,,nan,https://cf.bstatic.com/xdata/images/hotel/square600/692229158.webp?k=6457e4ba879d4f21ee29724d7ed77b823e39a6c55e852df5e656dbebaf0b439a&o=
921,Grand Kandy Villa,,8.7,8.7,,,,na,,nan,https://cf.bstatic.com/xdata/images/hotel/square600/623375992.webp?k=bc02375062fdd59e0207988d07bd466f813d5a8d6efeb0c39c5066b90000af36&o=
922,Vendol Lake Resort - Kandy,,8.0,8.0,7.28795,80.642645,,na,,nan,https://cf.bstatic.com/xdata/images/hotel/square600/599230056.webp?k=76652e8bfd72249bfedfa3be73456092caca8373399c1318dc505d1a6720c373&o=
923,Radisson Hotel Kandy,,8.5,8.5,7.288306,80.642763,,na,,nan,https://cf.bstatic.com/xdata/images/hotel/square600/45591343.webp?k=8e674dfae032c18c99f81fa490d59563eff74ce2a6e1de8b4db91b592d869e1b&o=
924,Hotel Suisse Kandy - Since 1890,,8.3,8.3,,,,na,,nan,https://cf.bstatic.com/xdata/images/hotel/square600/701829228.webp?k=2e374f33876cf942aa4707607a132ca3de1727f579ad1fc8f863aad748a866d6&o=
925,Anna Asia Villa,,9.7,9.7,,,,na,,nan,https://cf.bstatic.com/xdata/images/hotel/square600/664693474.webp?k=790b1497598008f09eeb5bfe6040ab810480065bc635c9b2a085e5470031a47b&o=
926,Sobasee Holiday Bungalow,,8.6,8.6,,,,na,,nan,https://cf.bstatic.com/xdata/images/hotel/square600/418439380.webp?k=271afe28d701a6d0b1c4e1e721100bbf50453b7f625cd12852ea8930fd9f9dbb&o=
927,Dreamscape home stay,,9.3,9.3,,,,na,,nan,https://cf.bstatic.com/xdata/images/hotel/square600/428097390.webp?k=646e92b8f0c8b645520f487574362027370277baf47e402a317a737a2f9de0f0&o=
928,"12 B Lewella Road, Kandy.",,8.5,8.5,7.301043,80.653592,,na,,nan,https://cf.bstatic.com/xdata/images/hotel/square600/198292369.webp?k=80aec06d02fcccc749406a65b3ffdd61226f4bbbb2a9a7cb47b6ff4e692b2f52&o=
929,Kandy City View,,8.7,8.7,,,,na,,nan,https://cf.bstatic.com/xdata/images/hotel/square600/428133022.webp?k=9e36324669d102a8b406418b1102bb3f069c88d605c6bc3a4a5a7727a85ff480&o=
930,Kandy IVY Banks Holiday Resort,,8.1,8.1,,,,na,,nan,https://cf.bstatic.com/xdata/images/hotel/square600/285050767.webp?k=b3dc183fb01fa923aafdb1d5a135fb554993a75b0055826e3d7661e2eb0b29fe&o=
931,Udawatta Kele (UK) Forest Lodge,,8.6,8.6,,,,na,,nan,https://cf.bstatic.com/xdata/images/hotel/square600/123572636.webp?k=68bdca5c6c03334c71dc73613a0e43ac6f407aa917c4d3c3532cbf4c80034f31&o=
932,Kandy Nest Stay Home,,9.0,9.0,,,,na,,nan,https://cf.bstatic.com/xdata/images/hotel/square600/712247593.webp?k=a7460b95ffd1362522a8dcb669e0d22edb37e50ab3b9c0db5a41cc5da388a7d8&o=
933,Sobasee Deluxe Bungalow,,8.8,8.8,,,,na,,nan,https://cf.bstatic.com/xdata/images/hotel/square600/544438794.webp?k=af85251952304e158b58c29037462fcdb34d3269c2b19aad8b2816b0283e582a&o=
934,"12 B 1/1, Lewella Rd, Kandy",,8.7,8.7,,,,na,,nan,https://cf.bstatic.com/xdata/images/hotel/square600/261915822.webp?k=2b1975a3503827ed7ad5dc419e249a2b16fc97d829586d63518946d01308656f&o=
935,Highest View,,8.7,8.7,7.289404,80.642328,,na,,nan,https://cf.bstatic.com/xdata/images/hotel/square600/145296980.webp?k=8214063eb0b6aa013e2fde7648ecbdfc3814ebc595f445659215cb3a9f36efb0&o=
936,Serene Kandy,,8.6,8.6,7.284796,80.644218,,na,,nan,https://cf.bstatic.com/xdata/images/hotel/square600/821348465.webp?k=e8b491ccd3e09ff631ca13c8272f1ef2e9b374fcdc10711144cf38f79c5bd1a4&o=
937,High View Homestay,,9.3,9.3,,,,na,,nan,https://cf.bstatic.com/xdata/images/hotel/square600/160446041.webp?k=e3acaa5b10a4d029835d1fda428e06601f903939118c8f480cfb7530c3388489&o=
938,Amanda Hills,,8.6,8.6,7.286973,80.641922,,na,,nan,https://cf.bstatic.com/xdata/images/hotel/square600/77139366.webp?k=f0c06fec6000143d3b370795a7107bb00659b5e3daad7f134e2cda65ccd610de&o=
939,Hanthana Jungle View Holiday Home,,9.1,9.1,7.281091,80.635754,,na,,nan,https://cf.bstatic.com/xdata/images/hotel/square600/66528570.webp?k=c6d575fee32341c6cac7e85ac5ad43bc8d19865b81f2515c3f1178cfd336730f&o=
940,Heaven R,"Heaven R offers accommodations in Kandy, 1.9 miles from Ceylon Tea Museum and 2.6 miles from Kandy Train Station. This property offers access to a terrace and free private parking.",,,7.293121,80.635036,Kandy,na,,nan,https://cf.bstatic.com/xdata/images/hotel/square600/836299585.webp?k=ff72b93d4bab72e8bed8ac117fc665b452fc2f9fa63d23b1da002a58c9a54075&o=
941,Nilupul Villa - Homestay,,10.0,10.0,,,,na,,nan,https://cf.bstatic.com/xdata/images/hotel/square600/797665217.webp?k=5bf708fea4bed6c95739774057f66173e8a3acab7e163e2387ea334dddf999ae&o=
942,Kandy Villa,"Featuring a garden as well as a terrace, Kandy Villa is located in Kandy, within 1.9 miles of Ceylon Tea Museum and 2.6 miles of Kandy Train Station.",,,7.288382,80.661453,Kandy,na,,nan,https://cf.bstatic.com/xdata/images/hotel/square600/789037310.webp?k=9a18323c42f5cb486ddc76abeca48ff1b6890978323ef48d17f5865916d1d7a5&o=
943,Kandy IVY Banks Lake View Resort,,8.5,8.5,,,,na,,nan,https://cf.bstatic.com/xdata/images/hotel/square600/759990077.webp?k=ab2a6f320e7145d6b932554eab18106ff1d4f0e6dfed7ca09c65ed736a609728&o=
944,Kings Ridge Kandy,,8.2,8.2,7.286769,80.64173,,na,,nan,https://cf.bstatic.com/xdata/images/hotel/square600/840870473.webp?k=1cda309d65cfd491e43b98f25b235592441a491ea1843f46510491d07de80a6d&o=
945,"The Chocolate Factory House, Kandy- exclusive private apartment",,9.7,9.7,,,,na,,nan,https://cf.bstatic.com/xdata/images/hotel/square600/632422949.webp?k=f1d270c185210ac9f5a1ea45868d8733f26860a9f0a75a99b35127f2882ccbc3&o=
946,McCarthy Guesthouse,,5.2,5.2,,,,na,,nan,https://cf.bstatic.com/xdata/images/hotel/square600/38759853.webp?k=56f1d8b9e1cef00019f3886ef17c2dccc170ff1e762d13a42688caab7f09f1a4&o=
947,Serenique Greens,,10.0,10.0,,,,na,,nan,https://cf.bstatic.com/xdata/images/hotel/square600/769880061.webp?k=5f81c6c51eec4fae660d9b9addcb2b9cc29c40c8de94c071d1e51355d50254a4&o=
948,Taku Home Stay,,8.8,8.8,,,,na,,nan,https://cf.bstatic.com/xdata/images/hotel/square600/654839230.webp?k=6cb789f78e479ee20a6a37bac9808edb354c4863551f3f6f01979d6756d44aab&o=
949,Amandara Hills Kandy,,9.1,9.1,,,,na,,nan,https://cf.bstatic.com/xdata/images/hotel/square600/542727909.webp?k=c81716116236ac9e2e2a5a710a676e1ec1ed2e1874fcaa60facad5d0adafd59c&o=
950,Gallery City Hotel,,7.1,7.1,,,,na,,nan,https://cf.bstatic.com/xdata/images/hotel/square600/585641794.webp?k=fece66d0c30c76f24f7b6906fc38418328be089cbf162012e6ba06776ed28e03&o=
951,Liyenski Croft,"Providing a garden, Liyenski Croft provides accommodations in Kandy. This property offers access to a terrace and free private parking.",,,7.293121,80.635036,Kandy,na,,nan,https://cf.bstatic.com/xdata/images/hotel/square600/651449044.webp?k=e89a19b46f11b1486f283488df862b46f7e34e33054957379b15cdeba8d2cc98&o=
952,Eye Catch Kandy,,9.1,9.1,,,,na,,nan,https://cf.bstatic.com/xdata/images/hotel/square600/542263038.webp?k=7aebf0e6b52b20d652b554565b2b1e62d988a8f8fabf8edb3ae81a5e45b51953&o=
953,Vishwa Retreat Hotel,,8.8,8.8,,,,na,,nan,https://cf.bstatic.com/xdata/images/hotel/square600/645266195.webp?k=3911cf3bd0480433f37a0618d831fef803f7f2d2531c9e3041108623045daa7a&o=
954,"Athulya Villas, Kandy",,8.8,8.8,,,,na,,nan,https://cf.bstatic.com/xdata/images/hotel/square600/581177815.webp?k=0ec2915b99ffab7fbd6acd139b76c3380194be2e9b4fb35f26074c685a7d220d&o=
955,Tropical lake shade villa,,8.5,8.5,,,,na,,nan,https://cf.bstatic.com/xdata/images/hotel/square600/825922646.webp?k=0d7b4cec41f9bf496bfcfb633a8dee3c3a59e680105855c9ce4098b6cb8956b7&o=
956,Fortuna Heritage Home,,8.2,8.2,7.288599,80.643694,,na,,nan,https://cf.bstatic.com/xdata/images/hotel/square600/688979346.webp?k=a84ebe224d5ad7fdca67b35a2ef35ae04feaaf63f0e0b47fee3423ba6743f3fe&o=
957,Thilanka Hotel,,8.3,8.3,7.292644,80.649787,,na,,nan,https://cf.bstatic.com/xdata/images/hotel/square600/367362934.webp?k=ef05f0acc635faa5429aba390217932fbe0105c0fa804e7449dff40099ce8bd5&o=
958,Sepalika Homestay,,9.7,9.7,,,,na,,nan,https://cf.bstatic.com/xdata/images/hotel/square600/633697857.webp?k=926b258eee8b47b09862c964fb3594ce61ea4d0e1da6bff9248018b54b498278&o=
959,NO 10 Kandy by Kepler & Earth,,9.0,9.0,,,,na,,nan,https://cf.bstatic.com/xdata/images/hotel/square600/808968651.webp?k=5d5559c5155584bff5094455af3c53b65ce2f2150d8131e5552fbf06e05b07d4&o=
960,Hotel Travellers Nest Kandy,,7.4,7.4,7.292295,80.647491,,na,,nan,https://cf.bstatic.com/xdata/images/hotel/square600/638668329.webp?k=b33e24ec9f20c9fb9b66c9594c40947f0789cc170d64a281583562d0ef9fa90e&o=
961,Sizzle Sports Club,,5.6,5.6,,,,na,,nan,https://cf.bstatic.com/xdata/images/hotel/square600/584955995.webp?k=a7d3ee882488ff4299636165b98b62ed5570b4a30793160cd86c7763789af3d2&o=
962,Hotel Sunray,,6.4,6.4,6.03076,80.798938,,na,,nan,https://cf.bstatic.com/xdata/images/hotel/square600/153697774.webp?k=e460f125b4a649da276f27c3a4e4ca3fc2b97ad67cabcf1bc5038205b8fa0d9a&o=
963,Chathu Holiday Home,,9.8,9.8,,,,na,,nan,https://cf.bstatic.com/xdata/images/hotel/square600/338284298.webp?k=0d9ffb0677e1498047b4513b0561e4ac827d979269411bf94063319216439886&o=
964,Hotel Sunray,,5.2,5.2,6.03076,80.798938,,na,,nan,https://cf.bstatic.com/xdata/images/hotel/square600/627613474.webp?k=2afff66661c09ee0de80fa90335b7129b3a764e191dd71e6f46826723c0f04d4&o=
965,Chandi Mahal HomeStay,,9.3,9.3,,,,na,,nan,https://cf.bstatic.com/xdata/images/hotel/square600/693405049.webp?k=977e206a070896e05c0027fff7bf47da76a0ff584cc013590a371b04cd276107&o=
966,Sonora,,9.1,9.1,,,,na,,nan,https://cf.bstatic.com/xdata/images/hotel/square600/805677612.webp?k=fdaae0423627fd14167c300bacf25a328de8da11f3dac6a76cbbd63143afe0c9&o=
967,Mimosa Apartment,,5.0,5.0,,,,na,,nan,https://cf.bstatic.com/xdata/images/hotel/square600/825534908.webp?k=4ce7614319327d376d80fb19941364db5a3ea79cbf131a0e2bc1dfb62bde7ae3&o=
968,Kurumbunkz Kandy,,8.7,8.7,,,,na,,nan,https://cf.bstatic.com/xdata/images/hotel/square600/492177220.webp?k=eaa3ced3081158363a61d4e7332f0446823dbc61395594a1746b3226da2e3299&o=
969,Cozy Corner,,8.6,8.6,,,,na,,nan,https://cf.bstatic.com/xdata/images/hotel/square600/692105146.webp?k=97b16fe2739283ffafbba1b431d771c7c5115219c0bcdc0cf831bf4ac97a2d7c&o=
970,Kandy Mount Breeze,,10.0,10.0,,,,na,,nan,https://cf.bstatic.com/xdata/images/hotel/square600/664228048.webp?k=9d5f1c01ae17b624228c84f53b45cf745e0223b0ba005d41929613d1e572ffcf&o=
971,Oak Ray Sky Terrace,,10.0,10.0,,,,na,,nan,https://cf.bstatic.com/xdata/images/hotel/square600/813345002.webp?k=d3bdc609659eda76a9d6211d4cb988b5ecb6b26192a741802fa577a23f5fd46f&o=
972,Hello Kandy Homestay,,9.2,9.2,,,,na,,nan,https://cf.bstatic.com/xdata/images/hotel/square600/571586824.webp?k=29684b649552c995625a4e65d9100d15eec192b0452372cc9d61857d391d44f0&o=
973,Hotel Ameliya,,7.8,7.8,,,,na,,nan,https://cf.bstatic.com/xdata/images/hotel/square600/825823024.webp?k=0b768d90e08507b43e01c479c340bd1e56d8573c6265039b134169b0440c4e2e&o=
974,Kandy home,,9.6,9.6,7.297865,80.653901,,na,,nan,https://cf.bstatic.com/xdata/images/hotel/square600/606892974.webp?k=9099bfeec217b2eb327a7a20f0226b69833271e7ab5e7c35d86b5ade279e4481&o=
975,Urban Garden Vacation Rental,,9.2,9.2,,,,na,,nan,https://cf.bstatic.com/xdata/images/hotel/square600/616283760.webp?k=eab196fa7b20ab91dd1d3fb03943257b673aa98a6fd27ad47cbd5dbf50fe0459&o=
976,Suisse View Residence Kandy,,7.7,7.7,,,,na,,nan,https://cf.bstatic.com/xdata/images/hotel/square600/819493433.webp?k=fc2c1d4b5fdfc2cccd975d2ad73b5a6f79f0c6c9fa8b4bf8083c7fbf3d993a26&o=
977,Sky Garden Kandy,,8.6,8.6,7.820052,80.658741,,na,,nan,https://cf.bstatic.com/xdata/images/hotel/square600/738818008.webp?k=a53b43d30d8d770a79c440f82c608f29f32d803ba1dcbbbe8a410a114a189525&o=
978,Umandawa Jeewaka Asapuwa,,2.0,2.0,,,,na,,nan,https://cf.bstatic.com/xdata/images/hotel/square600/699530913.webp?k=5db74e7f513dd194f42b74842dc77543d4f6cd8fdfbbf0ea1e845b07f2d93bf3&o=
979,Hills Kandy Apartment,,10.0,10.0,,,,na,,nan,https://cf.bstatic.com/xdata/images/hotel/square600/583494248.webp?k=610252a56fae10d821bea1fe591093c65e202f3a888e47bb317b5c624280605f&o=
980,Lavender Hills Home Stay,,6.4,6.4,,,,na,,nan,https://cf.bstatic.com/xdata/images/hotel/square600/52855291.webp?k=6167d4831a59ab326c57582f7e096ce55a3fd4790b492ab4e00a675506a2d255&o=
981,Misty Hues,"Misty Hues offers accommodations in Kandy, 2.2 miles from Kandy Train Station and 4.5 miles from Ceylon Tea Museum. This property offers access to a balcony, free private parking, and free Wifi.",,,7.293121,80.635036,Kandy,na,,nan,https://cf.bstatic.com/xdata/images/hotel/square600/836330586.webp?k=753ec40a724ce5175b6ddb04f04f111669f656ec7f4afc8863f51989d1ffd286&o=
982,Mount Randholee Resorts & Spa,,8.8,8.8,,,,na,,nan,https://cf.bstatic.com/xdata/images/hotel/square600/634212278.webp?k=eb8834c1f9ea66df46513f29618c1febbd1c87cbdadf31d050eb8b09622bd3eb&o=
983,Ru Boutique,,8.9,8.9,,,,na,,nan,https://cf.bstatic.com/xdata/images/hotel/square600/345159010.webp?k=ba93b2c51a163c9c7e62354e207fe1aafa7fb4264602f7438b0df040b6e49103&o=
984,Linwood Bungalow,,6.9,6.9,7.254457,80.604482,,na,,nan,https://cf.bstatic.com/xdata/images/hotel/square600/53993595.webp?k=2fe22e54ed3de33e112ba300d00cdbb165951b1be14fb0b97e61032edcea7d4c&o=
985,Lodge in 611,,7.2,7.2,,,,na,,nan,https://cf.bstatic.com/xdata/images/hotel/square600/242288135.webp?k=7e60f50f289992238f2452055b9cdf9721dc8d28c3be460c5d408fa9025cc3cf&o=
986,Ostello del Bigallo,"Located in Kandy, 1.4 miles from Kandy Royal Botanic Gardens, Ostello del Bigallo provides accommodations with a garden, free private parking and a shared lounge.",,,7.293121,80.635036,Kandy,na,,nan,https://cf.bstatic.com/xdata/images/hotel/square600/822474029.webp?k=91c35e794763645176e5919de9bcfd52b8a2e8d695889504d131d21513f8bf7e&o=
987,Crystal Lake Resort,,8.9,8.9,,,,na,,nan,https://cf.bstatic.com/xdata/images/hotel/square600/379845744.webp?k=6afcd09f93a38551e561a3a129ceb21923a22197cabc293d991cc750891a21ab&o=
988,Sizzlers Hub,,6.2,6.2,,,,na,,nan,https://cf.bstatic.com/xdata/images/hotel/square600/647979162.webp?k=d26e42e76748f23bf8fcf388d3545d3cd2af477bd35fe1bcb2109480fff439cd&o=
989,Hostel Avion Kandy,,7.9,7.9,,,,na,,nan,https://cf.bstatic.com/xdata/images/hotel/square600/655819697.webp?k=207470ff68b6670242e8dc15150088ca7704e5d5bb648a890c2ef4f7d1f9f836&o=
990,Heritage Hideaway,,8.8,8.8,,,,na,,nan,https://cf.bstatic.com/xdata/images/hotel/square600/728879027.webp?k=6c697f0ab75f30c1795b151c95dd39ed52867b63fb7e2b0c8e4dc94c13937ba0&o=
991,Madura Rest,,7.0,7.0,,,,na,,nan,https://cf.bstatic.com/xdata/images/hotel/square600/553599565.webp?k=8084d714da8d2f9513f085483750d1c2f133117cc0b3d68ee2785abd36690fe1&o=
992,Viyana Boutique Hotel,,8.3,8.3,7.289775,80.64611,,na,,nan,https://cf.bstatic.com/xdata/images/hotel/square600/203708817.webp?k=064324997e734de696b059d5adf85bbe248d9698d75f0f4eba1b52e3a3868f99&o=
993,Randira Villa - Kandy,"Randira Villa - Kandy, a property with a garden and a terrace, is located in Kandy, 2.2 miles from Sri Dalada Maligawa, 4 miles from Bogambara Stadium, as well as 4.1 miles from Kandy City Center...",,,7.293121,80.635036,Kandy,na,,nan,https://cf.bstatic.com/xdata/images/hotel/square600/669447342.webp?k=ff2741742a3745ca0f1d3b01e7fd452f2aaae369460b8d6ad7abe7d1eb9a7310&o=
994,Queens mount,,8.1,8.1,,,,na,,nan,https://cf.bstatic.com/xdata/images/hotel/square600/665886878.webp?k=52166a4cc1589f42dad1e5c63d3a61149ae383639f1aa2aa5d76f1743a288947&o=
995,Vendol Maliga Edge,,5.5,5.5,7.292692,80.648665,,na,,nan,https://cf.bstatic.com/xdata/images/hotel/square600/210236833.webp?k=62b04a342f049072c4afc9e363d3a57f9b2025c8949b47a7eba08839bf8e1819&o=
996,Villa Shady Nook,,8.5,8.5,,,,na,,nan,https://cf.bstatic.com/xdata/images/hotel/square600/672853863.webp?k=b7393e3cf2673ef405a6d10169f9adace6e218b9eb0f0bd51db5e3a174281b03&o=
997,Windy Villa,,8.6,8.6,6.041011,80.201568,,na,,nan,https://cf.bstatic.com/xdata/images/hotel/square600/328574039.webp?k=38777e838effbf3537b755ca92e0f454f0da9c923c2da0ff4d0dde9d11e0967f&o=
998,Paddy View Garden Resort,,9.4,9.4,,,,na,,nan,https://cf.bstatic.com/xdata/images/hotel/square600/601825185.webp?k=8911c0dc4484475e19a386d430a2cb5eecb95e5a8a8a5ef2e8010273e55d5809&o=
999,Blinkbonnie Kandy,,8.9,8.9,7.286208,80.643438,,na,,nan,https://cf.bstatic.com/xdata/images/hotel/square600/479303602.webp?k=274a85bfd9c7a2df1c99e3a415050fa76b9118623d86e96e1140ac2cf19d16d7&o=
1000,Bungalow 36,,9.0,9.0,6.768243,80.878339,,na,,nan,https://cf.bstatic.com/xdata/images/hotel/square600/818413221.webp?k=da5e05751b26ccb08f15375f359773c977bbdf2db5242af351bd6a9ff3ff4680&o=
