Hotel,Latitude,Longitude
Coconut Escapes,7.486727,80.4679871
Lakeside Base Camp,7.4390115,80.4894274
Ahas Pokuna Holiday Resort,7.5027696,80.4378723
Singha Holiday Bungalow,7.5110254,80.4561568
Deduru Oya Cinnamon Gardens,7.504587,80.4337818
Deduru Cabana Nature Resort,7.5182208,80.4674456
Xotic Resort,7.4147852,80.4840059
Thehideout kurunegala,7.4386801,80.4008407
Anchorage Apartment,61.2175758,-149.8996785
The Epitome Hotel,7.5075509,80.4044872
The Hideaway,39.0875902,-76.7116898
Sewana Cottage,7.4631534,80.3834281
Pahan Villa,7.4010836,80.5014124
Lake Entrance,,
Dnhw,,
Lotus Cool Hotel,7.5441113,80.459907
The Far Pavilion by Edwards Collection - Pinnawala,7.3014952,80.3867417
Surathura homestay,7.4923016,80.376511
Polaris- Kurunegala,7.4817695,80.3608876
Mapa Group Rest House,7.5502296,80.4496549
Kandyan Reach Hotel,7.4789167,80.3722986
Coco Villa Farm Stay B&B- Only For Foreign Bookings,,
Coco Forest Villa - Kurunegala,7.4817695,80.3608876
KITH and KIN,39.9791956,-75.185469
Apartment Ninety-Nine,7.4959808,80.3703842
Janara Two,7.4873981,80.3648052
Grand Colonial Viveka,7.4956838,80.3632987
Lake Round Luxury House,7.4996925,80.3611221
Metro Stay,7.4832134,80.3587494
Cottage 23,7.4831798,80.3553711
Hotel Blue Sky,7.4830238,80.3531127
JHome,,
Mangala Lodge,22.6635165,88.4237801
Tiny Villa Homestay - Only For Foreign Bookings,,
RK care green homestay - Only For Foreign Bookings,34.0226212,-118.2569255
Ancoombra Tea Estate Bungalow,7.438004,80.563866
Premium Cottages B&B,7.4927208,80.3434752
"Royal Lion Hotel - Kandy Road, Galagadara",7.3717016,80.5262969
V Resorts The Village,7.3715301,80.5271301
The Dimora Residence,7.4855653,80.3387171
Saragama Apartment,13.0363378,77.7018139
kurunegala deco apartement,7.5072188,80.3429108
The Los t paradise - Rambukewela,7.407428,80.5641297
Induwara Arana,7.43748,80.3375321
The Flame Tree Estate & Hotel,7.3682527,80.5260289
Silver Hill Ecovillage,7.5239017,80.5661592
Saragama Holiday Resort,7.5116349,80.339259
Rambukkana Vacation Hideaway,7.3416643,80.4067917
The Forest villa,17.7633568,73.2663621
Hotel Surasa,7.489181,80.3227629
Pinna Flower Homestay Cabana,7.331419,80.4119442
ACRE By Ress,7.3567192,80.5493818
Coco forest camping,13.2016202,-59.5647982
Villa Labugolla,7.3223138,80.4366162
Green Acres Leisure Resort & Spa,7.3202777,80.4396361
Rivendell Twisted Tree,7.5856302,80.3759674
"Jetwing Wahawa Walauwa, A Luxury Reserve",7.3375643,80.3835561
Elephant vale,7.2811799,80.3840876
Coffee Cabanas,7.4386145,80.6040374
Elephant Lovers Inn,7.3275924,80.3998041
GG hotel Kandy,7.2905715,80.6337262
Ayurveda Colonial Mansion,7.3230386,80.4008014
Hilltop Retreat Matale,7.5106252,80.6041627
Man Mountain Villa,7.5069553,80.6052006
Ranketha Hideout Resorts,7.5354125,80.3179531
Relax Home,,
Pearl's Homestay Matale,7.4701881,80.6134014
DDC Sweet home,,
Avastar Hotel & Restaurant,7.3238613,80.3910237
The Pinnacle Life,7.4667266,80.6141619
The Pinnacle Life,7.4667266,80.6141619
Hotel & Restaurant Chingari Pinnawala,7.3117765,80.380348
Walawwa Matale,7.4381374,80.6140492
White House Family Stay,7.53583,80.3125382
Aarunya Nature Resort - Kandy,7.4084455,80.6191906
Galagoda Mansion,7.2102732,80.7422285
Irene's Home,7.4773649,80.6197964
Redbana village,7.93555,79.7918487
The Euro Lounge,7.3153278,80.392282
Clover Grange Home Stay,7.4742435,80.6216206
Galagoda Walawwa,7.334168,80.3573914
Lekham Walauwa,7.4912307,80.6203181
The Grand Mountain Hotel,7.4556788,80.6280986
Power Zone Guest House,,
Kakulanda Resort,7.4529609,80.2891723
Delma Mount View Hotel Kandy,7.3377855,80.5658069
Pinnawala Grand Villa,7.3142729,80.3838043
"King Elephant, Homestay Pinnawala",7.3126233,80.3829063
HA Homes,31.1216004,-97.7270519
Aluvihare Residence,7.4975346,80.6243663
Ama Residence,7.5031167,80.6223991
Elephant Trio Hotel,7.6295289,80.4970976
"Home Stay in Aluwiharaya, Matale",7.4977256,80.6217839
Sir Johns Bungalow,7.5406218,80.7349508
Hotel Spring View,7.5059733,80.621994
Mahaweli Holiday Bunglow,7.5135739,80.622005
NK Hotel and Restaurant,26.7201653,93.9678115
A&B Events Guest,,
White House Holiday Resort,6.7202528,80.39768
Ceylon Elegance Villa,7.6026443,80.351553
Lakeside Retreat Eco Luxury Villa with Private Pool in Kurunegala,7.6449118,80.5076752
Riverston view hostel,,
"Nawagamuwa Estate Villa, Pinnawela Rambukkana",7.3065108,80.3899188
Estancia Holiday Bungalow,7.4524698,80.6326278
Amore Resorts,7.3254592,80.5614366
Modern 5BR BathTub MoviRoom RoofTop Cook NatureViews Ella Kandy Train,7.3148603,80.5506744
Paradise Itzu,7.314821,80.5505888
Meeyan Ella Rest,7.289152,80.470317
Lucky Home Stay,7.427896,80.631546
Villa Milla Walauwa,7.5329929,80.6221292
Coco Eco Lodge,7.6253749,80.5331228
Mangi's Tranquil Bangalows,7.2591032,80.4113121
Villa Pinnawala,7.3152836,80.3922361
Peacock Village Pinnawala - Offer Alert! Elephant Welfare Program,7.3029824,80.3819357
Cafe Pinnalanda,7.3009959,80.3863184
The Love Home Stay - Pinnawala,7.2960902,80.3993378
Cafe Pinnalanda Rooms,7.3009959,80.3863184
Wooden Eco Cottage,,
Suwani Pinnawala Homestay,7.3008295,80.3857723
Sky Bliss By Mahaweli,7.3280384,80.5731777
Rock Garden Villa Pinnawala,7.2956117,80.396638
Green Land Guest House,7.3006313,80.3855253
Elepath Lodge Pinnawala,7.3005914,80.3851882
Hotel Pinnalanda - NEW DEAL! Exclusive Offers on Pickups Available!,7.3006797,80.384147
Hotel Elephant Park - NEW DEAL! Exclusive Offers on Pickups Available!,7.3004205,80.3845401
Hotel Elephant Bay,7.2999768,80.3853509
Pinnawala Elephant Front View Hotel,7.2988785,80.3888042
Ma-Oya Retreat,7.3019232,80.381462
The Secret Place Hotel & Resort,,
Green Villa Matale,7.5232562,80.6299594
Hotel Dilshani,7.3001358,80.3783403
Tepraas Matale,7.9877171,80.7225579
Heaven Palace,13.9151494,75.5789001
Knuckles View Hotel,7.5397695,80.62616
Udugama Walawwa,7.5398798,80.6261596
Sith Meadow View Bungalow,7.5377383,80.6271438
Kobbekaduwa Bungalow,7.3126463,80.5602737
Hillcrest Bungalow,52.9810143,-1.1388971
Alfred Colonial Bungalow & Spice Garden,7.3134198,80.5627975
Elephant Heritage Pinnawala by Moon Isle,7.3014952,80.3867417
Me-Family,13.8232725,100.5384175
Tree of Life Nature Resort,7.3196751,80.5769704
Diyagal Villa,7.2888985,80.3878534
river edge bungalow,7.4347933,80.646366
The Inn At Matale,7.5475811,80.628803
Manor House-Kandy,7.3265808,80.5944723
Mount Frenion Manor by Seven Angels Kandy,7.2905715,80.6337262
Wooden Eco Cottage,,
Calm Villa Kandy,7.3518205,80.6111535
Roo hills Reverston View Holiday Home,,
Paradise Forest Garden,7.5466499,80.6334913
My Car Wagon R,,
Hotel Green Fall Kandyan,7.3523806,80.6145293
Kandy Walawuwa Home Stay,7.2905715,80.6337262
"Lumiere Villa, Kandy",7.2905715,80.6337262
B&B Nugawela,7.3280288,80.5874804
Natural flavour home stay,,
Zee's Garden,7.4856074,80.6557601
Strathisla Tea Estate Bungalow,7.4437611,80.6610061
AnandaHomestay,6.0338787,80.8008254
Maple House Kandy Sri Lanka,7.3166974,80.5877019
Elegant Stays Villa,7.3488294,80.6160009
Evergreen Hideout by Tequila Holidays,7.27497,80.513443
Chathu Green Heaven,7.3354319,80.6082502
Hill Top Villa Kandy,7.3432642,80.6185428
The Paddy Breeze Villa,7.3128636,80.3267929
Heliconia Ledge,7.2651394,80.4269097
Rocksana Fortress Yoga & Retreat,7.26548,80.4268417
Rolling Hills Retreat,42.3949242,-90.3005066
Rock House Villa,37.4400482,25.3292561
Aura Hilltop Matale,7.467304,80.6579503
JayS Place Matale,7.5817506,80.6261897
Hanthana View Homestay,7.3035264,80.573021
Luck Uyana Cabana Pinnawala,7.2734375,80.3840625
Clodagh Manor House by Seven Angels,7.5266991,80.6542269
Family-friendly Private Villa with Mountain Views near Kandy,7.3230686,80.6067429
Daffodil Home,,
Aarya hotel,43.0891241,-78.9857221
Calmira Boutique Stay,,
Twin Villa 22,7.3239103,80.6091385
Jungle Village Homestay,7.2676975,80.3943785
Mimosha holiday inn,,
Niketh Villa Kandy,7.3272183,80.6137859
Hotel Grand Resto,7.3312035,80.6332933
Kingston Sri lanka,7.3359905,80.6213989
The Kandyan Manor by Bhathiya & Suzy,,
Gagana Vila,7.315934,80.604528
Gagana Villa,7.315934,80.604528
Kandyan Grey,7.3263068,80.6157227
sb villa 'free pickup from kandy,7.2905715,80.6337262
Shalom breaze,7.285408,80.5685044
Ranthilaka Villas,7.3026635,80.5930921
SUPER SUN HOMESTAY,7.3294863,80.6213304
Nelinsa Wellness Resort & Spa,7.455823,80.6803935
Akshi Hostel,,
D&D Holyday Homes,7.2819772,80.5649407
Birds Park Polgahawela,7.3837194,80.2596435
The Manor House Kegalle,7.258205,80.4060968
The Blackberry Retreat Kandy,7.2995855,80.5920395
Seven Kandy Homestay,7.3257799,80.6195373
aka Spice House,7.2873861,80.5754058
Upcountry Hotel,7.253675,80.4884273
De Mansion Hotels,7.3251405,80.6199401
Eco Villa - Kegalle,7.2553139,80.4156104
The Springfields Kandy Previously Madara Residence Kandy,7.2905715,80.6337262
Rockydale Home Stay,7.32765,80.6221278
The KANDY DOWNTOWN Green House,7.3221798,80.619278
The KANDY DOWNTOWN Maroon House,7.3221035,80.619255
The kandy downtown,7.3220932,80.6192351
Avanee Hotel,7.2505131,80.4826308
Sampath Grand Hotel,,
Alagalla Terrace,7.2578259,80.5194626
Roseviana,,
Enara Luxury Stay,7.3163696,80.6169107
Heliconia Ledge,7.2651394,80.4269097
Lion Shade Tourist Bungalow - Sri Lanka Tourism Development Authority Licenced,7.873054,80.771797
Kandy Comforts,7.327769,80.626504
Kaba Saradiel Cabin,7.2492857,80.4201508
Kandy Fair view,7.3099198,80.6126785
Colonial Residence Kandy Boutique Bungalow,7.3257399,80.6272431
Lilies holiday inn,7.2873602,80.5860825
Mahoya,38.2175711,-1.0568178
Laavulu,7.3105917,80.6144265
GODDESS Kandy,7.2650481,80.54962
Eagle's Nest by Muthu,7.2456298,80.4361877
Plantation Retreat,7.38238,80.6614431
The Kandy Havens,7.3283038,80.6320186
Ridee Kandy,7.3215406,80.6264491
The Kingdom Gate Hotel,7.3181797,80.6238268
Evening Star Guest Inn,7.3157844,80.6219764
Queens Residence Homestay,7.3241031,80.6295073
RMC Cabana,7.2575326,80.3777237
The Bliss Hostel Kandy,7.3368787,80.6382394
Foreign Home Stay,7.3161998,80.6229325
New Arverne Villa Kandy,7.3091417,80.6254263
Cottage 2010,7.3842895,80.6649172
BELLWOOD HOUSE,56.3917326,-3.4164723
Mahaweli Reach Hotel,7.3252173,80.6312102
Royal Avenue Kandy,7.3285454,80.6342011
Sadamadala Guest House Kandy,7.31914,80.6262665
Ayubowan Holiday Home,7.2673107,80.5598136
The Cloud Resort,7.2477701,80.5165672
The Fortress Balumgala,7.2499097,80.5160398
Dynasty Residencies Kandy,7.3187953,80.6264426
Clove Villa,7.3248244,80.631734
Kandy Home stay - Haloluwa,7.2995496,80.6078663
Kandy Heritage Edge,7.3328499,80.6381836
Green Leaves Garden - Pinnawala,7.2422099,80.4439316
Ayubowan Eco Lodge,7.2670298,80.5606994
Hotel Ganthera Kandy,7.3187055,80.6274305
68 Homestay Kandy,7.3247394,80.6328022
V.S.MAHA REST HOME,7.3247199,80.6328507
KANDY Vista,7.3345893,80.6397687
Residence Balanagala View Kandy,7.3315516,80.6417097
Bunkalow,7.3148969,80.6256093
Ela Addara Village Resort,7.2782486,80.5837828
Tenora Apartment,7.3145099,80.6260223
Villa Mistora,7.2856903,80.5896116
Hotel Yelona,7.2537385,80.3772268
Dazzling Villa,7.3265319,80.6363875
Emerald Grove Signature Family Villa- Near Kandy City with Exclusive Mobile Deals,7.2817002,80.6533127
The Selene city hotel,,
Margossa Residence Kandy - Two Bedroom Design Villa,7.3041439,80.6255874
"Jal,Min Homestay",7.3135816,80.6256882
The Jesmine Homestay,7.2957229,80.6079139
K's Cove,7.3180499,80.6305465
Wattarantanne homestay,7.31213,80.6253891
kingdom gate hotel,8.3444486,80.4088347
The Villa Rochelle Kandy,7.3149503,80.6278328
Kudaoya Bungalow by Lalan Leisure,7.5619483,80.6929453
Mountain Villa Kandy,7.2954904,80.6090859
Pawra wood inn,7.2947703,80.6085402
Kandy downtown villa Monza,7.2977949,80.6123581
Rare Lodge,7.3155298,80.6298218
Laa Villa Kandy,7.3101502,80.6250305
Greenbell villa,6.1366558,80.10923
Boscage Homestay,10.1372746,76.7538725
Ceylon Holiday Homes,7.3226296,80.6365423
Kandyan Lounge,7.2677684,80.572039
Ashburnham Estate-98 Acre Tea Estate with Private Waterfalls,7.4295201,80.6841583
Surveyor's Residence Bungalow,7.3080629,80.6240464
Hideaway Homestay kandy,7.295897,80.611491
Serendipitya Homestay,29.6056873,-82.4386859
Hill Country Villa,7.2935622,80.6092826
Asoria Luxe Resort,7.2505933,80.3768189
Kandy Wellington Apartment,7.3234845,80.638237
Juliyanvilla,7.2573608,80.5476747
Heavens Acres Lodge - Two Bed Room Cabana - Agarloom,,
Heaven's Acres Lodge - Private one Bedroom Cabana,7.6029476,80.6415012
Kandy Dream Villa & Hostel,7.3137037,80.6338388
Hotel Sara,42.6699004,21.1647427
Kandy Hub Guest House,7.3085541,80.6257742
A Home Away B&B,,
Sundil,23.341475,85.8547014
Cozy Cove Kandy,7.3176815,80.6339953
Little House Kandy,7.3219173,80.6496616
Yellow Rose Hotel,7.3216858,80.6377074
The Mist Residence - Kandy,7.2905715,80.6337262
Aura Residence-Kandy,7.3028641,80.6209317
Cinnamon Citadel Kandy,7.305723,80.6239951
Kandy Rainbow Villa,7.3127327,80.6306839
The Cube,,
Waters Spring,7.3255904,80.6412574
Kandy Moon Hills Hotel,7.3062389,80.6263929
Littlehouse,37.4974212,15.0813894
Thotupola Residence,7.2907411,80.6085487
Rugby House Kandy,7.3160072,80.63371
Kandy Luxe Villa,7.3277459,80.6440661
Villa Begonia,1.3873701,103.8605471
Hill Crest Mansion,37.8259708,-79.8292764
The Tenthola,7.309804,80.629171
Serenity Valley - Tourist Bungalow,7.3039967,80.6239103
GT Homes Peradeniya,7.2741084,80.5877096
Kandy Villa 119,7.3087563,80.6288576
Kandy Inn by Moon hills,7.2905715,80.6337262
"Stone House, Kandy",7.3151056,80.6349446
Kandy Myst by Cinnamon,7.3145972,80.6312434
Alex Home Stay,,
NALY's Lodge,7.2883262,80.6077347
Green View Holiday Resort,7.3160592,80.6890289
Six Villa,27.3948414,85.0280502
Samindra Villa,7.303021,80.624461
Kandiana 6A,7.3209157,80.6401901
Dreams Hotel,51.5385031,0.0792302
Taru Villas Kandy,7.3124541,80.6337499
Alpha bungalow,7.306635,80.628363
Dream Villa and Hostel Kandy,7.3137037,80.6338388
Easy guest apartment,,
ALTURA Kandy By Ceylon Vistas,7.300946,80.6228569
Kandyan Gate Homestay,7.3147731,80.6358643
Kandy Lotus Chalet,7.3002682,80.622609
Mi casa,,
Queens Lodge,-31.5871562,28.788393
Nivahana Homestay,7.28445,80.6050034
Regent Heights,1.3521791,103.7567012
Hostel 337,,
Hotel Avalong by Malwatta,7.2878736,80.6094927
Kandy Mountain Cottage,7.3108693,80.6312805
The Elephant Stables,7.3150611,80.6349636
Shalom Residence Kandy,7.3050427,80.6284027
Birds Hill Villa,49.975037,-97.006162
Seetha Homestay Kandy,7.2697574,80.6184227
Orchid Villa Kandy,7.2879975,80.6100758
Residence 212,7.2965663,80.6195847
Fairland Bungalow,7.2737611,80.5872291
KANTA Residence Villa,7.3145275,80.6367264
Riverline Resort Kandy,7.2984202,80.6216216
Relax Comfort House,7.2901602,80.6127701
Cottage Fifty One,,
Mount Pillar Homestay,7.3055192,80.6288396
Kandy Hill Escape,7.3039717,80.6275837
Tiverton Homestay,7.2686035,80.5840821
Hanthana view,7.2615926,80.5731588
No63 Amy's,7.3052336,80.6291509
WonderStay Holiday Bungalow - Kandy,7.299947,80.6225237
Red Chillies Nature Inn,,
The Green Lodge Kandy,7.2866268,80.6096955
Swarga Villa,7.3048038,80.6289749
Mixon Villa Kandy,7.2652362,80.5805012
Villa Rosa,37.5865584,14.1737829
Malee Homestay,7.9641099,80.9785766
Villa Mount Melody,7.2974235,80.6227965
Muduna Walawwa Resort,7.2910023,80.6160158
Secret Heaven Kandy,7.2974973,80.623101
Heaven Breeze Kandy,7.3037912,80.6310215
Mystique Hideout,7.3039631,80.6297003
Green Scape by Akmeemana,6.0836306,80.2962385
Casa Selvita,10.5585804,-85.6911754
Capricorn Bliss Villa,7.3161414,80.6407526
Cielo Residence,7.3029469,80.6292487
Serene Reach Villa,7.2884998,80.6142807
SERENE HOME,45.5163536,-122.4273758
HILL TOP VIEW POINT HOMESTAY & RESORT,7.2707301,80.5913773
DELIGHT REICH HOTEL,7.2709852,80.5915974
AnotherWorld Kandy,7.3114502,80.6372324
Ameeila Villa,,
Riverdale Ridge Holiday Apartments,7.2873918,80.6131345
Gangula Villa,7.286903,80.612622
Kandy summerhill bungalow,7.2905715,80.6337262
Hill Tips Tea Bangalow,-28.686843,153.5226753
Gardenia,,
Laksha Hills,7.3184865,80.643465
Blue Haven Hotel,11.1719366,-60.7244102
Kandy Green HillTop Hotel,7.2701204,80.5911584
Mount Haven,-5.8576756,144.2326149
URBAN Lodge,41.7677934,-72.6747938
Hasthi Boutique,7.3019914,80.6293951
Nine Gems villa,7.3161779,80.6416885
Unique Villa,35.0542984,34.01297
The Peppermint,34.0771589,-118.3809607
Edgar Mansion Kandy,7.3198661,80.644967
Sherene's Homestay,,
Avenue 38,-2.0750001,-79.9267801
Ceylon Ayu Resort Kandy,7.2848374,80.6116302
Susi Homestay,-7.8474469,112.5305404
New Brookside Nature Resort,7.3751502,80.677803
Riverston Water Front Villa,7.5223323,80.6887518
Jim's Farm Villas,7.6213553,80.6199238
URBAN Lodge,41.7677934,-72.6747938
Riverston Du Eco Cottage,7.5224342,80.6888067
Red Star Kandy Home Stay,7.2823,80.6091995
Earl's Regent Hotel,7.2831615,80.6100986
Highgarden Hideaway Bungalow - Peradeniya,7.2698653,80.593833
Mountview Homestay Kandy,7.3110199,80.6387329
Kaya Residence Kandy,7.3025735,80.631065
New Toropi Homestay,7.2460499,80.5487671
Hebron Gardens House,7.2681398,80.5905914
SaRu Apartments Kandy - 2 Bedroom for 6,7.2905715,80.6337262
DK Lodge,21.4997733,86.921461
Hotel Gangaaddara,7.2746753,80.6067609
Ajanthas' Homestay,7.2955155,80.6253218
Tree Breeze Inn,7.29534,80.62431
Lavendish Hills Kandy,7.3050599,80.6354415
"BPR - Asgiriya ,Kandy",7.2984218,80.6326274
Galkaduwa360 Villa,7.3102995,80.638793
Kings Pavilion Luxury Hotel,7.2938941,80.6234259
Layathraa Kandy,7.2862043,80.6148037
Sky View Grand,7.2993096,80.6288195
The Haven Kandy,7.3087669,80.637619
Whispering Trees,32.6476391,-117.0648046
St Bridget's Country Bungalow,7.3024794,80.6270574
View Point by Pubudu,7.3103714,80.639032
Bunty's Tea House,51.6970614,-0.0347759
The Mango,,
Araliya Home Stay,7.2798199,80.6075897
Lake house,,
StayLOG Peradeniya,7.2686648,80.5925674
Galaxy City Hotel,7.3058461,80.6354937
SKYRAH REACH,7.2688974,80.5927435
Eden Kandy,7.2983297,80.6283393
The Grand Walawwa,7.2515717,80.3476394
Cliveland Residence,7.2923728,80.6228256
Hotel Blue Mount View Kandy,7.2848463,80.6146308
No 06 Veediya Bandara Lane Bahirawakanda,7.2946963,80.6253265
Everdew Kandy,7.2878129,80.6190631
Kandy Eco Retreat,7.28688,80.6168823
Kandy Villa,7.2829309,80.6123963
Golden Villa Kandy,7.2854006,80.6153354
Kandy Green Villa,7.3269617,80.6520627
Traders stay kandy,7.2905715,80.6337262
The Kandyan Legends,7.2857298,80.6160124
Grand Holidays Kandy,7.2764931,80.6062751
The Comfort,,
Heavens Door Guest Inn,7.3045912,80.6354266
Gracian Villa,7.293142,80.6232883
Kandy VILLA,7.2829309,80.6123963
Travel Inn Deluxe Anniewatta,7.2877151,80.6193239
G7 Retreat,7.2920298,80.6231918
Rock Edge Residence,7.2776571,80.6064647
Remli Villa,7.2852945,80.6155303
Kandy Living Homestay,7.3144498,80.6444015
Rivora Residence,7.3153852,80.6451158
Sweet Cinnamon Kandy,7.2859353,80.6169723
Everdew Kandy Rooms,7.2878129,80.6190631
Kandyan Hideout,7.3068609,80.6380344
Oak Wood Residency Kandy,7.2835458,80.6142818
Bloom Hill Kandy,7.2799576,80.6100199
Kandy River Lodge,7.2767598,80.6061997
Windy Ridge Kandy,7.2962466,80.6280059
Town Hill,,
Kandy Citylights Residence,7.2957749,80.6277773
Clove Garden Kandy,7.2861543,80.6176645
Sunset Ridge,43.828231,-79.619508
Anniwatta Residence,7.2919328,80.6240556
Salika,22.2943304,88.3688527
Blue Pillars Kandy,7.2992297,80.631151
Kandy City Oasis Hotel,7.295742,80.6282528
Misty Clouds Homestay,7.2988074,80.6309874
Witherspoon Lodge,7.2828397,80.614151
Tea Heritage,7.2376013,80.5336762
Riverston Nature Villa,7.501645,80.6960704
"Grand Holidays, Kandy",7.2764301,80.6063232
"No 44,Anniewatte Road",7.2906997,80.6231354
Arambhaya Boutique Hotel,7.2883845,80.6204955
Peak Lodge,4.9267932,-1.7838402
Sanatha Suwaya,7.2776009,80.6081009
Villa Sanseya Kandy,7.2648497,80.5903702
The Next Door,36.1574327,-86.8071497
Rosyth Estate House,7.2766849,80.3529708
Aquahills,35.6722268,139.8932536
Aurora Kandy,7.3079566,80.6402743
Barefoot Inn Kandy,7.2937154,80.6265713
Sakura Hill,-7.6641512,111.1852116
Regal river resort,7.27572,80.6065131
Swiss Residence Kandy,7.2965279,80.6297218
Hill House Kandy,7.29209,80.6253128
Skylight Villa,5.97539,80.6632233
Grand Castellea Resort,7.3676418,80.6786216
Cloud Nine,,
Fly Infinity - Home Stay Kandy,7.2899837,80.6231498
Banana Bunks Kandy,7.2939383,80.6264964
Shades of Hills,7.3078151,80.6404724
Villa Serene,42.1295916,-76.8158267
Hunas Falls,7.403265388,80.68817152
View360,55.6078928,12.9805231
Squirrel's Nest,42.9912032,-89.3077383
River View Home Kandy Srilanka,7.2905715,80.6337262
47 Alfred House - Free Pickup from Kandy City,7.3074807,80.6406038
Odeon Homestay,7.3029067,80.6365377
The Bird's Nest - Kandy,7.2861819,80.6193587
Carls' Corner,32.088674,-97.0485614
Kandy The Tourmaline,7.2917321,80.6254504
"Banda Casa, Kandy",7.2817001,80.6145325
Long Villa,10.6156977,104.1787445
Kandy Villa 119,7.3087563,80.6288576
Bungalows by CPC,,
The Grand Kandyan,7.3027672,80.6367887
Sembuwatta Lake Polo Bungalow,7.4308434,80.697676
Jack Tree Lodge,7.281076,80.6139415
The Heritage Inn,38.9309405,-74.9172464
Hansons Homestay,7.3032677,80.6370793
Villa Forest View - No: 50/17,7.3082719,80.6399765
Siri Villa Kandy,7.3269146,80.6563293
Moonbeam Kandy,7.2847244,80.6184773
ANILAD Kandy,7.2802252,80.6133312
Deen Villa Kandy,7.2954453,80.6300403
Tea Heights and Spa,7.2375607,80.5325102
Chill Atelier Boutique Homestay & Leisure Lounge,,
Nature Lovers' Hostel,7.2619994,80.588351
Waterfront Hotel Kandy,7.3136315,80.6465836
Stellar Bunks,7.2636433,80.5911561
Hotel Topaz,-1.2826695,36.8229344
Stellar Inn,7.2635395,80.5911796
Holiday Stay Inn,12.2775914,76.6048583
Amigos one bed room apartment,7.2841301,80.6178512
The Castle by Don Louis,7.2854676,80.619797
Sky rise mount hotel,7.2869929,80.6216284
Travel Neth Mountain Bungalow Kandy,7.2783394,80.6112489
Araliya Holiday Bungalow,7.2911394,80.625905
Water Front Hotel - Kandy,7.3136315,80.6465836
IRIS Kandy,7.2932378,80.6283146
The Views Kandy - 360 Mountain View,7.2905715,80.6337262
Warmy Treat Hotel,7.244405,80.5562324
Lanthana Villa Kandy,7.2839503,80.617705
Amaara Sky Hotel Kandy,7.2922386,80.6273216
The SkyDeck Kandy,7.2867174,80.6214678
Kandy City Inn,7.3009814,80.6361511
Lady Gordons Homestay,7.3018399,80.6369324
Hiranya Mountain View Hostel Kandy,7.3082085,80.6426278
Evergreen,,
Kandy View Stay,7.2954796,80.6313138
Villa 107,7.2832219,80.6182178
Kandy Inn Madugalle’s family guest house,7.2584531,80.8834367
Amigos one bed room jungle view apartment,7.2874846,80.6230545
Reiss Villa Kandy,7.2905715,80.6337262
Satyodaya Educational Training Centre,7.2932008,80.6294035
Selyna Sky Terrace,7.2904247,80.6269406
"No 51, Menik Home Rest",50.2148317,15.5293297
Mount Airy Aniwatta,7.2923041,80.6284098
Glenview hotel & homestay,7.27597,80.6102565
Chariot Square,7.284479,80.6203551
The Buena Vista Kandy,7.2908272,80.6269454
Oak Ray Regency,7.274131,80.6076762
Vendol Sky Resort,7.2938943,80.629092
Peradeniya Rest House,7.2679808,80.597891
The Kandy City Townhouse,7.3083048,80.6439896
Kings Grove,-33.9331254,151.0994257
Bohemian Vibe,7.3118101,80.6472455
Pepper Trails Riverstone,7.5234594,80.6950765
Tranquil Cabana - Kandy,7.2899399,80.6270676
The Tranquil Cabana - kandy,7.2899399,80.6270676
Kandy view resort,7.2946297,80.6303628
256 Townhouse Rest,7.2993603,80.6367794
Innovick Residence,7.3111008,80.6469811
Golden Shower Inn,7.3112005,80.6471116
Square Peg,26.4590335,-80.1200891
Yarra BUNKZ Kandy,7.2616431,80.5918095
Peradeniya Inn,7.2607573,80.5910459
pearl of kandy,7.293128,80.6308688
Forest Edge Villa,51.6194992,0.0419
Pearl of Kandy,7.293128,80.6308688
Double room,,
Kandy Siebel Bungalow,7.2819954,80.6194563
Kandy Breeze City Hotel,7.2800408,80.6172835
Kandy Breeze City Apartments,7.2905715,80.6337262
Resident View Homestay,7.3096572,80.6465419
Pearl House,42.1559574,-72.4903303
Dream Inn,36.9618583,-122.0250944
Candea Kandy,7.2934918,80.6358878
Candea Cocoon Kandy,7.2905715,80.6337262
Journey City Home Kandy,7.2890552,80.6276271
Bed Station 210,7.2985323,80.6370593
Raj Residencies,19.4147556,72.8262251
Smile Hub Kandy -Youth Hostel-,7.2806478,80.61858
Ivory Crest,7.301185,80.6395465
Eco Vibe Resort,7.5083508,80.6994683
Marvel Hills Kandy,7.2880794,80.6268302
Kandy Anu Homestay,7.2758197,80.6128726
My City Hotel,59.4353261,24.7458905
Urban Kandy City Hotel,7.2968362,80.6359008
Atelier,,
View Paddy Field Home Stay,7.2905989,80.6336768
Yak City Apartments,7.2966084,80.6358261
Orbit88 Hotel by AMR,7.2798129,80.6179028
The Golden Residence,7.2551251,80.329838
Misty Hills Villa Kadugannawa,7.2317304,80.531868
Blissful Ridge Bungalow Kandy,7.3087994,80.6471385
Sevana City Hotel,7.291951,80.631642
Hilltop Haven,43.5377552,-88.0302042
Villa Seshé - Central Stay Kandy,7.2977882,80.6373673
The Nook,,
Ceyloni City Hotel,7.2970736,80.6367392
White Rose Hostel,7.2907274,80.630672
Heritage Kandy City Bungalow,7.2990009,80.6386995
Villa 92 City Stay,,
Royal Kandyan Hotel,7.2774176,80.6159188
The Royal Mall,,
Villa Bianca,-26.1348573,28.196477
Hidden Haven,45.3418993,-93.2476909
Candy Home,55.6011314,9.321372
kandy City Ruis,7.2844125,80.6245026
Rose Gold Kandy,7.3051069,80.6446108
Oak Ray City Hotel,7.2878202,80.6285108
Black And White Kandy Hostel And Rooms,7.2905715,80.6337262
Orchard Home,,
City Nest Inn,7.2874616,80.6281084
Aththanayaka walawwa,7.3204036,80.6571198
Quick Stop Inn,7.2867688,80.6275016
Glory Nest Apartment,7.27319,80.6118927
Serene Villa,5.5293498,100.4964142
Ravi Villa Kandy,7.3174324,80.6552887
Dumbara Peak Residence,7.2948452,80.6359417
Teirack Rosis Wish,7.2726302,80.6115265
Tranquil Quarter,7.3068412,80.647027
Lulu s dream cafe,7.2797461,80.6202011
Residence Shenaya,7.2688463,80.6068896
Kandy City Mission,7.2961138,80.6375589
Glory Homestay,-7.8175545,110.3686413
Kandy Paradise Resort & Spa,7.2699943,80.6082441
View City Point,7.2939987,80.6432476
Urban Alley Kandy,7.2935616,80.6353159
Star village hostel bunk,,
Kandy City Hotel by Earl's,7.2938832,80.6358185
Sion Villa,7.2740977,80.6143193
Summerfield,29.0075675,-82.0205527
Palm Garden Home Stay,9.5030022,76.3446983
Royal Bar & Hotel,7.2951933,80.6375774
JAS Suites,7.2769599,80.6181488
Charlton Kandy City Rest,7.2905715,80.6337262
Highland Terrace,1.3587319,103.879739
Mount View Inn,7.2855687,80.6283015
Thomasz Lodge - Entire Property up to 20 Adults,7.315566,80.6554489
Adler Sky Apartments,,
Cafe Aroma Inn,7.2944355,80.6372705
Ayaana Boutique Hotel,7.3237695,80.6613878
The Writer's Cottage,51.2261963,1.4007724
travel and have fun with travel boy,,
Test1,,
BlessNest Homestay Kandy,7.2857584,80.6288603
Paradise Inn,46.7866928,-121.7337491
Luna Leaf,35.0586841,-106.5875305
Homestay Garden Rest Kandy,7.2832298,80.6265564
Simpson's Forest - Luxury Boutique Resort & Spa - Kandy,7.374554,80.678616
Hotel Casamara,7.2935149,80.6372217
Well on Kandy,7.2905715,80.6337262
Hanthana Mount View,7.2572635,80.5929682
Kandy Railway Inn,7.2891651,80.63301
Princess Villa Kandy Rail Station,7.2891677,80.6330106
Green view Kandy,7.2776405,80.6224543
Kandy Tree Tops,7.2801491,80.6234368
City View Hostel,41.2935641,69.2595185
Kandyan Fo Rest,7.2773812,80.6209236
Kandy City Village,7.2905715,80.6337262
Varsity Villa,-26.699188,27.087893
Ku'Vana Hostel Kandy,7.2795238,80.6229694
Genuine Resort Kandy,7.2905715,80.6337262
"Ku,Vana Hostel Kandy",7.2795238,80.6229694
Kandy City Mirror Hostel,7.2905715,80.6337262
La Belle Homestay,7.285415,80.6294414
Giripura Resort - Kandy,7.2833583,80.6305293
TIKI TAKA,,
The Kandy Home & City mirror Hostel,7.2819242,80.6255623
Sun Set Forest Villa,7.3041715,80.6478159
Lion Guest House,-0.5036861,117.1531528
The Radh Hotel,7.2943255,80.6386528
Kandyan Sweet Villa,7.2886179,80.6331525
緑豊かな森のホームステイgreen forest homestay,23.6764602,121.442482
Green rock homestay,,
Green Garden Homestay,10.0525303,105.7565308
ようこそ youkoso,,
民宿中的自然風光nature in honesty,,
Hillside Retreat,35.9758491,-84.1859055
Swiss Garden - 3BHK Guest House,7.3273287,80.6655121
Kandyan Holiday Center,7.284561,80.6291703
Heritage Boutique by Seven Angels,7.2945231,80.639217
Hillstream Home Stay,,
Karuna Kandy View Homestay,7.2811856,80.6290631
Villa Lady Hill,7.2685772,80.6104933
Dr Hostel - Villa 27,7.2675275,80.6091577
Heavenly Horizon Villa,7.2760773,80.6198054
Kandyan Feel Free Homestay,7.2847643,80.629563
Tephanie's Home,7.280576,80.6256366
Villa Nature Breeze kandy,7.2677815,80.6099614
Basilico Homestay,7.2441144,80.3414993
Lion Resort Kandy,7.2679301,80.6099472
H S Home Stay,,
Bernard Homestay,7.30865,80.6520309
Olde Empire Hotel,7.2936264,80.6387901
Niro Homestay,7.3088833,80.6523211
Nature Breeze Boutique Villa,7.2677545,80.610107
Queen's Hotel Kandy - 160 Years of Heritage,7.2932328,80.6383765
Kandy Nivahana Heights Homestay,7.284283,80.6294966
Kandy Green view guest house,,
20A2 Kandy,7.2842288,80.6298446
Sky View Kandy,7.2993096,80.6288195
Villa WG15,,
Coffee Lovers Homestay,,
The Villa Angeline,7.2672328,80.6110504
BLK villa-Don's Place - Bliss Lavish Kandy,7.2522339,80.5904648
Hasthi homestay,5.9651099,102.1491525
AnS Villas and Apartments,7.2799253,80.6266403
AnS Villas,7.2799241,80.6266575
Sevmeth Villa,7.2674286,80.6117794
Sadhara River View Lodge,7.3043098,80.6507035
Riverside Suites,32.2836302,-110.9454795
Hanthana Heights,7.283738,80.631284
Feel Home,,
Kandyan White Holiday Homes,7.2863908,80.6344287
Roo Lanka Homestay,7.3055332,80.6520282
Kandy River Garden,7.3053653,80.6518865
Lotus Lake Residence,7.290024,80.6379618
Lakewood Residence,7.2899457,80.6380354
Jaya Tomodachi,7.2738956,80.6208403
Devon Rest,7.2902653,80.6384572
The Lodge - Kandy,7.3009502,80.6482111
Bliss vila,7.2989998,80.6508408
"Royal Retreat ,Kandy",7.3008137,80.6482627
Riverside Lounge Kandy,7.2905715,80.6337262
Y&Y Residence,,
Lilly Rooms,27.2094936,33.8445098
The Summit Kandy,7.2792253,80.6270063
Staykandy,7.28861,80.6371613
W Residence Kandy,7.2778958,80.6257285
"SWP Eco Lodge, Kandy",7.2901519,80.6384155
Lawan One Kandy,7.2767456,80.6247214
"The Trees, Kandy",7.2895275,80.6383773
Sura Homestay Kandy,7.2671213,80.6129442
Amanzi Residence,7.3046602,80.6520359
T51 Hanthane,7.278099,80.6263122
Leena Kandy,7.2905715,80.6337262
Hill Paradise Hanthana,7.2791204,80.6276622
"The Cloud Hanthana, Kandy",7.2781729,80.6261273
Insa Guest House Kandy,7.2905715,80.6337262
The Heavens Villa Kandy,7.276304,80.6245828
Lalanga Homestay,7.3050493,80.6523816
VinSri Villa,7.4581429,80.202896
Riverview Kandy,7.3042336,80.6521268
Jayawimana,7.301228,80.6495147
King's Court Kandy,7.2725886,80.6204539
Misty Hills Villa - Kandy,7.2761892,80.6246623
Riverview Glass Room,7.3042498,80.6521301
Grand Willow Kandy,7.2905715,80.6337262
Grand Infinite Home Stay,7.287366,80.6377317
J Village Inn,44.9480386,-72.439081
Mount Vista Homestay Kandy,7.2964015,80.6491605
Jaga's Hill homestay,7.2863302,80.6357574
J hostel kandy,7.2862752,80.6357948
Tenshin Residance.,7.2870402,80.6477814
Windy Hanthana,7.2783395,80.6272523
Sky Edge Homestay,7.2664139,80.6130848
Mo Green,7.2783399,80.6272507
ACH RIVER RESORT,7.5185311,80.6866802
Home stay kandy,7.2843131,80.6284998
Crown hills kandy,7.2768693,80.6258301
The Ten Stay,7.28794,80.6370621
Oak Ray Heritage Hotel,7.2885814,80.6391508
Castle Hill Bungalow by Seven Angels,7.288765,80.6383794
Kandy Supreme Hotel,7.2889223,80.6389237
The Glen Kandy,7.2892601,80.6390453
Heaven Seven Kandy,7.2893904,80.6388894
Kandy Dilruk Homestay,7.2863271,80.6370008
Hotel Kandyan View ''Free pickup from Kandy city'',7.275903,80.625061
Paradise Residence Hanthana,7.2778644,80.6275628
Lake Classical Guest House,7.2900781,80.6401245
Ranaya Residence Kandy,7.3007035,80.6497149
Ceyloni Lake Residency,7.2889442,80.6389186
The Hills By First Team,7.2988249,80.6483383
ruwanara royal majestry,7.4096942,80.2057845
Sesatha lake Kandy,7.2892271,80.6390985
The Cottage Kandy,7.19787,80.6212153
Mount Palace,51.4210847,-0.0674402
Shani Residence Kandy,7.2874109,80.6371882
Jily Stay,7.2841144,80.6344548
La Villa Lune Kandy,7.2735406,80.6227137
Janali Homestay,7.2858175,80.636095
Ceylon Breeze,51.759149,-0.012113
Earthbound Residence,7.2620547,80.6083989
The Kandy Look Homestay,7.2870498,80.6374969
Green Royal Villa,7.2823839,80.6366806
Kandy City View MPM Guest Room - 3B3,7.2846961,80.6352234
Kandy Panoramic MPM Deluxe suit Airconditioned-4A2,7.2846999,80.6352234
S V homestay,13.647101,79.445682
Serene Kandy Getaway with City Views,7.2843098,80.6348877
Cinnamon Crest Resort & Ayurveda Spa,,
Golden King Residence,7.2838333,80.6344511
OneView Chalet,7.2841173,80.6347428
Grand Resort,41.2372684,-80.7175395
Ceylon 360,,
Rivorich Residence Kandy,7.3030875,80.6530916
Kandy Richmond Hill Hotel,7.2905715,80.6337262
Kandy City View MPM Guest Room - 2B4,7.2905715,80.6337262
Kandy City View MPM Guest Room - 3B2,7.2845002,80.6352691
Kandy City View MPM Guest Room - 1A2,7.2845002,80.6352691
Kandy City View MPM Guest Room - 3A1,7.2844968,80.6352691
Kandy City View MPM Guest Room 3A2,7.2844968,80.6352691
Kandy City View MPM Guest Room - 2B2,7.2844968,80.6352691
Kandy City View MPM Guest Room - 3B1,7.2845002,80.6352691
Kandy City View MPM Guest Room - 1A3,7.2905715,80.6337262
Kandy Panoramic MPM Deluxe suit Airconditioned-4A3,7.2845002,80.6352691
Kandy Panoramic MPM Deluxe balcony suit-Aircon4B2,7.2905715,80.6337262
Kandy Panoramic MPM Deluxe suit Air-conditioned - 4A1,7.2845002,80.6352691
Kandy Panoramic MPM Deluxe suit Airconditioned-4B1,7.2845002,80.6352691
Kandy Panoramic MPM Deluxe balcony suit-Aircon-4B3,7.2844968,80.6352691
Kandy City View MPM Guest Room - 2B1,7.2843051,80.6351013
The Lake Round Guest House,7.2898769,80.6406935
BrickHouse Kandy,7.2878734,80.6387634
Kandy City View MPM Guest Room - 2B3,7.2842798,80.6351165
Kandy Food Lovers Home Stay by AGS,7.2905715,80.6337262
360 Lake View Hotel,7.288189,80.63899
Kandy City View MPM Guest Room - 2A1,7.2905715,80.6337262
Jungle Paradise Hostel,,
kandy hill villa,7.2732826,80.6233181
Kandy City View MPM Guest Room - 2A2,7.2843099,80.6352387
88th Hanthana,7.2755231,80.6257093
Jaye's Homestay,7.2858508,80.6369666
Kelum Homestay,7.2859747,80.6369509
Lavender Hills Home Stay,,
Hewune Uptown Stay,7.287957,80.6389554
Kings Hantana,7.2776819,80.62819
Wilson Bungalow Kandy,7.2729979,80.6229295
Upali's Place,7.2881799,80.6392975
Windsor Crest,41.4753256,-74.0480979
Sky Heaven Hotel,7.2875899,80.6389571
Sun Dove Suite,7.2876618,80.6387469
Windsor,51.4803421,-0.6157137
360 Viewpoint by Queens Mount,7.2874291,80.6388029
Easy Stay,42.4764888,-83.0275571
Sky Blue Cabin,7.3363776,80.6767524
Fairview Residence,5.3367053,100.2649058
Fairview Residence Sky,,
Kandy krush Hotel,,
Fox Kandy by Fox Resorts - Luxury in the Mist,7.2752652,80.6260757
The CatHouse,,
Villa Omaru Mountain Views Kandy Hanthana,7.276813,80.6280823
Resort Beam,7.2839414,80.635841
Cloud Nest Hanthana,7.2682108,80.6202207
Zuni`s Home Stay,7.2833199,80.6351319
Kandy Alpine Breeze,7.2766604,80.6278246
Miyura Holiday Bungalow,7.2917473,80.6469712
Kandy Spice Villa,7.3165421,80.6615275
Shrine Inn,7.2939941,80.6462284
Namadi heights Bungalow,7.2827004,80.6354726
Beehive mountain resident,50.065,-114.6633333
Ceylon Gem Treasure Vila,7.873054,80.771797
beehive villa,34.2466797,-111.2999197
Kandy Jungle Border,7.2944074,80.6459291
Bird Nest - Hanthana,7.2824474,80.6346235
Shiro in Kandy,7.2755393,80.6271165
Villa Avora Ridge,7.28758,80.6399002
Green Woods Guest,7.2939701,80.6459808
Villa 14,30.0194418,31.0110957
Green City View Kandy,7.2875658,80.6399942
Cozy Homestay Kandy,7.2860773,80.637041
Wimalee resort,7.2589941,80.6063919
Kandy Home Stay,7.3030401,80.6540375
Sunny Hill Residence,42.2842712,18.8684006
Skyloft Kandy,7.2734502,80.6250478
Dilshan place,7.6901299,80.1745048
Skyloft Hostel,30.2864951,-97.7436397
Hanthana Breeze Bungalow,7.27794,80.6301755
Raja174 Homestay,7.2985502,80.6504288
Hotel See Kandy,7.2880629,80.6407149
Idyllic Vista,7.2731964,80.6250128
Mcleod-Inn,7.2870247,80.6425033
Beauty Hills,50.0643042,8.4807703
Nature Walk Resort,7.293047,80.6464963
Kandy Horizon Homestay,7.29844,80.6504821
Hanthana House,7.2751003,80.6272507
Hill View Hanthana Homestay,7.2816431,80.6344146
Namaya Nature,7.281901,80.6347351
The Bridge House Kandy,7.2905715,80.6337262
The Change Hotel,7.2654786,80.6162283
Janora Hills,7.288343,80.6419106
Cheerful One Bedroom Apartment,30.6326905,76.8235932
Green Bird Villas,7.2868385,80.6400147
Chaminrich Villa and Homestay,7.2567217,80.6037973
Mino Villa Kandy,7.3026006,80.6543946
Mirror Lake Residence,7.2895499,80.6427384
KANDY Holiday Residence,7.2959599,80.6489486
Kandy Twin Villa,7.2964015,80.6491623
Star View Kandy,7.2964015,80.6491623
Sarvodaya Samma Vaasa Residence,7.2910961,80.6442288
Golden Sky Hotel & Wellness,7.2816548,80.634742
The Spring Brook Hanthana,7.2767569,80.6296758
Medhani,,
Coffee Bungalow Kandy,7.2851972,80.6449321
Blue Ridge Homestay,10.2124465,77.4873199
Lake Avenue Hotel Kandy,7.290978,80.6443325
Ceylon Shine,5.9733304,80.3621071
Hotel Halona,7.298278,80.651105
Kandy Waters,7.2879468,80.6418825
Pacifier Residence,,
36 Bed & Breakfast,7.2877856,80.6411244
Space Garden Kandy,7.2683739,80.6206962
Expeditor Kandy,7.2876427,80.6425184
Rivora Heights,7.2874442,80.6412996
Sharon Inn,7.2872307,80.6420901
Veraima Kandy,7.3023061,80.6542316
MALWATHTHA MOUNT VILLA KANDY,7.2881986,80.6420948
"Freedom Lodge, Kandy",7.2883361,80.6422925
Cloud Nest Hanthana,7.2682108,80.6202207
Charming 3-Bedroom Apartment with Garden in Kandy,7.2804299,80.6342773
Serene Villa 38,7.2872403,80.6411917
Hotel Mango Garden,7.2882655,80.6424368
Hotel Cassendra,7.286764,80.6409115
Lewella House Kandy a Tranquil Villa,7.2985077,80.6518936
Evergreen tourist inn,7.2351884,80.5694497
Aurora White Bungalow Kandy,7.2905715,80.6337262
King Of Kandy,7.2881394,80.6432732
Inside Out Nature Villa,7.3021447,80.6550955
Grand Kandy Villa,7.3020706,80.6550098
Vendol Lake Resort - Kandy,7.2880254,80.6426508
Radisson Hotel Kandy,7.2883061,80.6427859
Hotel Suisse Kandy - Since 1890,7.2888326,80.6432161
Anna Asia Villa,7.2886614,80.6436158
Sobasee Holiday Bungalow,7.2929902,80.6474368
Dreamscape home stay,7.2964802,80.650383
"12 B Lewella Road, Kandy.",7.2940778,80.6494489
Kandy City View,7.2875814,80.6422326
Kandy IVY Banks Holiday Resort,7.2874413,80.6420217
Udawatta Kele (UK) Forest Lodge,7.2915829,80.6468415
Kandy Nest Stay Home,7.2960658,80.6501618
Sobasee Deluxe Bungalow,7.2929678,80.647377
"12 B 1/1, Lewella Rd, Kandy",7.2964763,80.6503476
Highest View,,
Serene Kandy,7.2865323,80.6413372
High View Homestay,7.2637579,80.6158276
Amanda Hills,39.6001009,-77.0533153
Hanthana Jungle View Holiday Home,7.2811944,80.6357898
Heaven R,,
Nilupul Villa - Homestay,6.2510389,80.0453192
Kandy Villa,7.2829309,80.6123963
Kandy IVY Banks Lake View Resort,7.287472,80.6423842
Kings Ridge Kandy,7.2869076,80.6417083
"The Chocolate Factory House, Kandy- exclusive private apartment",7.267018,80.6201114
McCarthy Guesthouse,61.4330711,-142.9250345
Serenique Greens,7.2467403,80.5912171
Taku Home Stay,7.2390299,80.577713
Amandara Hills Kandy,7.264779,80.6152378
Gallery City Hotel,7.2861917,80.6413331
Liyenski Croft,7.2667189,80.6198932
Eye Catch Kandy,7.2630567,80.6152336
Vishwa Retreat Hotel,,
"Athulya Villas, Kandy",7.2259321,80.5473985
Tropical lake shade villa,6.0146094,80.2850952
Fortuna Heritage Home,7.2883252,80.6438374
Thilanka Hotel,7.2912101,80.6461791
Sepalika Homestay,7.2978501,80.6523896
NO 10 Kandy by Kepler & Earth,7.2954146,80.650326
Hotel Travellers Nest Kandy,7.2924128,80.6477526
Sizzle Sports Club,7.2926411,80.6480073
Hotel Sunray,7.2926426,80.648009
Chathu Holiday Home,7.2462401,80.5911484
Hotel Sunray,7.2926426,80.648009
Chandi Mahal HomeStay,7.29522,80.6502753
Sonora,29.2972247,-110.3308814
Mimosa Apartment,38.0310288,-0.65449
Kurumbunkz Kandy,7.2914731,80.6470131
Cozy Corner,42.1158333,-87.8594444
Kandy Mount Breeze,7.2905715,80.6337262
Oak Ray Sky Terrace,7.2869858,80.6427091
Hello Kandy Homestay,7.2801715,80.6358435
Hotel Ameliya,7.2926436,80.6485737
Kandy home,7.283802,80.6335449
Urban Garden Vacation Rental,7.29216,80.6477127
Suisse View Residence Kandy,7.2876476,80.6434551
Sky Garden Kandy,7.2925903,80.6481171
Umandawa Jeewaka Asapuwa,7.7175645,80.5027855
Hills Kandy Apartment,7.2677202,80.6219482
Lavender Hills Home Stay,,
Misty Hues,7.2905279,80.6463623
Mount Randholee Resorts & Spa,7.2627449,80.6166764
Ru Boutique,7.2887445,80.6447147
Linwood Bungalow,7.2537724,80.6035741
Lodge in 611,7.2920626,80.6496575
Ostello del Bigallo,43.7385681,11.3498392
Crystal Lake Resort,44.6387501,-86.0875777
Sizzlers Hub,7.2926543,80.6478551
Hostel Avion Kandy,7.2941879,80.6500642
Heritage Hideaway,43.807588,-92.020368
Madura Rest,7.2914764,80.6478371
Viyana Boutique Hotel,7.2897139,80.6461858
Randira Villa - Kandy,7.3055524,80.6598124
Queens mount,7.2923091,80.6484561
Vendol Maliga Edge,7.2922738,80.6487096
Villa Shady Nook,7.28971,80.6461868
Windy Villa,7.2783397,80.6349553
Paddy View Garden Resort,7.4229227,80.2003697
Blinkbonnie Kandy,7.2862933,80.6433784
Bungalow 36,50.5172882,9.8136902
Evergreen Cottage,47.9021019,-91.864178
Noble Nova Ella,,
Green Nature Paradise Ella,6.8762472,81.0615991
Shine Haven Ella,6.8829855,81.0488865
Serene Space Ella,6.87083,81.0526199
Roo Heaven Villas,6.7733441,80.9628808
Sun Top Grand,6.8755705,81.0484035
Hill Glow Stay Ella,6.8818542,81.0414551
Ella Hillcrest Heaven-Free Pickup from Ella,6.8829665,81.0542984
Ella Secret Paradise,6.8778323,81.0446374
Green Forest Cabanas - Ella,6.8829264,81.0464752
Berghaus Bungalow,6.9013262,81.0548279
Liora Cottage Ella,6.8829384,81.0473801
Mistara Ella,6.883556,81.0435941
Mount shadows,6.8693499,81.0413513
Divine View Homestay,30.4374286,78.0800113
Winwood Ella,6.8722626,81.0465815
Ella Mount Heaven,6.8570314,81.0585776
Ella Grand Cabin,29.7434324,-95.537825
Snuggle Cottage,52.1633186,-4.4078498
View arch wood cabin,6.8769002,81.0628204
Duet Ella,,
Lavendra Paradise,6.8702011,81.0465225
Nine Skies,6.9008097,81.0651979
The black stone,,
Ohiya Our Time Kabana,6.8208299,80.8477326
Bethel Ella,6.8690096,81.0446771
Nine Arch Wood Cabin,6.8738856,81.0612463
Ella moon rock,6.8727798,81.0519407
Humble Ella,6.8734581,81.0521995
Talanta Ella,6.8712084,81.0448684
Ambiente Guest House,-28.435606,21.2609291
Third Eye Ella,6.873194,81.0462627
Ella Brown House,6.8834357,81.0429373
V@Ella guesthouse,6.8695798,81.04393
Forest Edge Villa,51.6194992,0.0419
Rivinu Holiday Resort,6.8818096,81.0448337
Natural Mountain Cottage ella,6.8677256,81.0460702
Tin Tin Lodge,6.870893,81.0555075
Ella Willow Cottage,6.8782401,81.0390625
Two Rock Vista,6.8703431,81.0518895
Achivers Cabana Ella,6.8705137,81.0486648
Tea Forest Lodge,6.8758614,81.0663543
Pepper Garden Resort,6.8781118,81.0445465
Eminence ella,6.8730574,81.046614
The Cloud Heaven Ella,6.8672787,81.0482201
Nature Green Hotels On Rock Home Ella,6.8731332,81.0491074
Thumb Up Family Rest,6.7654178,80.9528556
Ceylon Elegant,6.8838751,81.0495962
SEENBEST Ella,6.8829596,81.0423587
59B Rest Inn Ella,6.8726206,81.0483633
Vantage hills Haputale,6.7673102,80.9592202
Eco Village,41.7525101,43.5526696
Cliff Edge Villa,6.8772758,81.050692
Rustic Cottage,-35.5820656,138.5748291
Shiimmer - Ella,6.8801404,81.0570139
Royal Vantage,6.8731792,81.0454627
Mountain nest,35.6162682,-82.320319
The Dream Homestay,12.7657982,75.9066259
ELLA ECO ARCH Lodge,,
Dilshan Cottage,6.8731886,81.0536191
Ella Mount Relax Cottage,6.8702898,81.0524292
Blooming Rose Ella,6.8697889,81.0421635
98 Acres Resort & Spa,6.871147,81.062417
Samiru Guest Inn Ella,6.8764401,81.0492172
Samadhi Nature Resort,7.344131,80.7332229
Idyll Cottage Ella,6.8729891,81.0440528
Secret Mountain Paradise,6.8814475,81.0399842
"Pine Cone Cottages, Ella",6.877708,81.050548
Wood Heart,57.5316547,25.4117432
Eden View Ella - Tour options in the area,6.8731332,81.0491074
MK Guest House,-25.6901037,31.7872602
Misty Mount Resort,6.8792031,81.0454369
Cozy Homestay Waterfall Road Ella,6.8680501,81.0437317
Nine Arch Homestay,6.8738577,81.0614634
Rock Grand View,6.8688049,81.0429021
New Blue Home,,
Golden View Guest Ella,6.8706197,81.0398307
Zion View Ella Green Retreat,6.872149,81.047092
Idyll Homestay Ella,6.8681242,81.0443212
Ella Panorama Villa,6.8796829,81.0579895
AMARASINGHE GUEST HOUSE,6.7653399,80.9518585
Ella Ceylonka,6.8736748,81.053809
Su Casa Ella,6.8717958,81.0454683
The bawa guest Inn,6.7657027,80.9517818
Legacy Inn Ella,6.8718853,81.0534234
Wild Resort Ella,6.8793297,81.0405314
EKHO Ella - A Divine View of Ella Gap,6.8731332,81.0491074
The Mist Holiday Bungalow,6.7671093,80.95641
Clouds Holiday Bungalow,6.7647106,80.9499374
The Blue View Ella,6.8763176,81.0496481
Ella green stay,6.8769826,81.049558
Ella Soul Resort,6.8739712,81.0501732
The Nest by Amarasinghe's,6.7655363,80.9513875
Herbage Natural Ella,6.8632659,81.054397
The Cubes Ella,6.8838181,81.0432643
Ella Country House,6.8706226,81.0480464
Rawana Mountain View Homestay,6.8676701,81.0465698
Nature Rock Ella,6.8696875,81.0418125
The Scenario Ella,6.8835851,81.0424298
Green Leaf 360,,
Eco Diamond Palace,6.8719872,81.0438811
Zentara Hills resort,6.7671299,80.9599304
Felicity Inn,12.957333,77.6431499
New Ella Nature View,6.8694724,81.0415874
Ella Walkers Nest,6.8767822,81.0496761
Paraiso Guest House,6.8697601,81.043226
Hilltop Guest House,-33.8833333,18.6055556
Avenra Cottage,6.8720353,81.0564296
Nethuli Inn Ella,6.883667,81.0438322
Silanway Holiday Inn,6.7687595,80.9609798
Erene Inn,6.8759418,81.0484068
3Arch Eco Cottage Ella,6.8824762,81.0489286
Nine Arch Jungle Inn,6.8755681,81.060714
Inspira ella,6.8717767,81.0540204
Two Summit View Ella,6.8710795,81.0534504
Auraya Ella,6.8716423,81.0565771
Ella Forest Eco View,6.8723408,81.0536729
Rich Grove Inn,6.8760702,81.048388
Bliss In Viya,6.8675799,81.0429916
Haputale Super View,6.7671724,80.9572639
The Residence Ella,6.8727599,81.0529175
Onrock Boutique Hotel,6.872251,81.0479281
Ella HIDE VIEW,6.8697112,81.0417588
White House Ella,,
Monaara Leisure - Ella,6.8838736,81.0442063
The Pinnacle Ella Boutique Hotel and Spa,6.8712068,81.046022
Tip Top Boutique hotel,,
Amaya View Guest Inn,6.7674246,80.9601625
Jasmine Garden Inn,30.1833783,-82.6896578
Lakshmis Hotel Ella,6.873372,81.046841
Hidden Slope Cottage,6.8766999,81.0448227
The Canapy Nest Ella,6.8742633,81.0508083
Ella Summer Leisure,6.8789524,81.0454915
Ella Woodland 3 Arch Cottage,6.8831401,81.0474396
90 Degrees Ella,6.8735219,81.0473094
Pearl View Guesthouse,6.8711901,81.0401077
Rock side inn - Ella,6.8706188,81.0507325
Ella Alpine Resort,6.868879,81.0440909
Villa Eden Paradise,6.8764648,81.0492355
Misty Elegance - Ella.,6.877034,81.0501499
Ella Okreech Cottages,6.8728516,81.048535
Hostal Tree House,6.8734298,81.045662
Ella Sunrise,6.8679684,81.0438382
why not guest house ella,,
Little Cottage,,
Ella Wild Grass Inn,,
Ella Flower Garden Resort,6.87091,81.056477
Ravana Heights,6.8709663,81.048546
Nine Arch Gap,6.8740584,81.0611131
Viewfront Ella,6.8716535,81.0478359
Summer Villa,37.0782432,-8.2858191
Oak Ray La Ella Breeze,6.8731186,81.0490229
NAT City Ella,6.8733992,81.0523449
Mountjoy Ella,6.8716227,81.0479661
Seven Heaven,,
Hidden Gem Inn,6.8708664,81.0532679
Once in Ella,6.8711826,81.0506341
Rose Villa Ella,6.8737612,81.0541195
Mountain Inn - ELLA,6.8731332,81.0491074
Namara Green Ella,6.882252,81.0448496
Ella Camelot,6.8630999,81.0543332
Mount Breeze Ella,6.8712316,81.0533214
Farah Guest Inn,6.7657294,80.9516661
Daffodil Resort Haputale,6.7673894,80.9604668
Ranuchanu Rockview Inn Ella,6.8700628,81.04893
Gaga Bees Ella,6.8777099,81.0510406
Ella Green Cottages,6.8722356,81.0465426
HIDE ELLA Hotel & Resort,6.8722185,81.046657
MUM Jungle Inn,6.8726492,81.0460205
Eyeful Ella,6.8738512,81.0533064
Green cottage Ella,6.8722356,81.0465426
ABC Guest Inn & Restaurant,6.767912,80.958644
Meyon Ella,6.8735915,81.0469061
Kai Kazee Ella,6.8694403,81.0480008
Elarc Ella,6.8760543,81.0634207
Ella Mansion,6.883524,81.0426622
Ella Mount Villa,6.8817458,81.0413687
"Ever After - Ella, Sri Lanka",6.8740053,81.0531953
Ella Lucky Panoramic,6.8687139,81.0465919
Grand Glorious,6.762599,80.9528388
City Vibe Ella,6.8731332,81.0491074
Blissful Haven,29.2239304,-81.0317611
Ella Rock Heaven,6.8708199,81.0497606
Icy Falls - Ohiya,6.8190197,80.8451919
The Cabin Ella,6.8762598,81.0614929
88th - ELLA,6.8727735,81.0524283
BBQ HUB Ella,6.8723576,81.0518004
Turn View Resort Ella,6.8817839,81.0462729
Emerald Mirror Guest Ella,6.8731293,81.0469784
Happy Laugh Ella,6.8797312,81.0660519
Crystal Spring Luxury Hotel,6.8677347,81.0407698
The kiwi,52.3718931,4.8738594
Sa Rest Inn,6.7633777,80.9529204
Lakshan View Resort,6.7683631,80.9585564
Soorya Inn Ella,6.8721509,81.0487038
Hotel Ella`s Edge,6.8702233,81.0471136
The Ceylan Crest Hotel Ella,6.8731332,81.0491074
Onestar Ella,6.8704163,81.0425082
The Tea View Guest Ella,6.8768902,81.0465317
Ella Tiny house,6.8735805,81.0470123
Tree Cool Resort,6.8754825,81.0464157
Heart of Ella,6.8701029,81.0405782
Holiday Homes Guest Inn - Ella,6.8729496,81.053421
The Rock Face,6.8735889,81.0487098
Ella Rawana Den Hotel,6.8748938,81.0501063
Tina Nature villa,6.874619,81.0609156
Anjana guest house,6.76794,80.9613495
Hotel City Grand Ella,6.8747991,81.048372
Alta Vista,45.387003,-75.657225
Dinaro Guest,6.8771808,81.0501684
Olympus Plaza Hotel,6.7661599,80.9522337
Bel View Guest House,6.7664699,80.9548721
Heavens Gate Ella,6.8728191,81.0517302
49 Ella,6.8830242,81.0434093
Ella Tunnel Corner Inn,6.8743536,81.0460157
The Peak Ella,6.8711848,81.0478611
The golden canopy,6.8707684,81.0519814
Ceylon House By Sunrise,6.873288,81.052829
Rowinrich Cottages,6.8776029,81.0500038
Oak Ray Ella Gap Hotel,6.8729238,81.0495452
City Heaven Ella,6.8747327,81.0481968
Rawana View Ella,6.8694978,81.0453671
Mandara Mount Hotel,6.8705765,81.0490076
Newburgh Ella - The Tea Factory Resort,6.873652,81.0662055
Ella Forest Paradise Hotel,6.8742573,81.0515134
Misty Bliss,39.5043908,-79.298317
Green Garden Bungalow,6.7690101,80.9567794
Belmount Ella,6.870733,81.0531129
Mount Crest - Ella,6.8731332,81.0491074
Awinco Haputale,6.7743265,80.9631329
Horton Mountain,34.5770371,-87.317243
Ohiya View Resort,6.819026,80.8451976
Ella j villa,6.8754286,81.0466767
O2 Ella,6.8727002,81.0502678
3 Arch Resort Ella,6.883936,81.0482645
New happy love by silkfive,6.8796037,81.0659634
Green View Ella,6.8723601,81.0485899
Empyrean Ella,6.8714316,81.0398094
Ella 360,6.873302,81.04918
Grand View Guest House,12.7673154,74.8696298
Hotel Mississipi Ella,6.8697123,81.0482796
Grand Cliff Ella,6.8694568,81.0500388
Spice Ella,6.8733397,81.048818
Highcliffe Guest House,50.7408861,-1.7024219
Little Heaven,39.0417794,-75.4565872
Royal Grand Guest Inn Ella,6.8734669,81.0537594
Chill Wood Ella,6.8600625,81.0382888
Hotel Budget 1st,,
Gotrika Valley Gesst,,
Happy Rest House Ella,6.8800141,81.0480173
Lavee Villa Ella,6.8755737,81.0636061
Flower Resort Ella,6.8675566,81.0463802
Okan Rock Residence,,
Ella Breathing Space,6.8670698,81.0439351
Ella viewpoint sunnyview,6.8590524,81.0499926
Munro Haputhale,6.7665412,80.9513354
Sisila villa ella,6.981942,80.76186
Riverside Bliss Cottage,6.8991569,81.0602022
Cloud Nest Cabana,6.8208923,80.8463135
Dream Arch,35.2764538,136.8343854
Ella Tour Paradise,6.8728654,81.053654
Mount View Villa,18.7346824,73.3760504
Mount Breeze,6.8404855,79.8632312
Grand Hyatt,22.2814073,114.1721379
The Misty Heaven,32.6864795,-97.3714252
Diduli Hotel,6.8596065,81.0979292
Ella Ostella Hostel,6.8704675,81.0404756
Seenbest Eco Ella,6.8829596,81.0423587
The Bunker Ella,6.8727502,81.0460047
Uga Ghiri - Ella - All Inlusive,6.8746495,81.0658302
oasis,,
Slon Ella,,
Cloud nine Ella,6.8816919,81.0473862
Bridge Front Inn Ella,6.8779514,81.0603959
Annex kavi,6.8743444,81.0506897
Why Not Guset House Ella,6.8731332,81.0491074
Camellia Guest Inn,6.8772036,81.0498641
Ella Ninestars Lodge,6.8776964,81.0691105
Radiance Ella Urban Camping,6.8736543,81.0471356
Ceylon tea resort Ella,6.8842453,81.0466047
Wonder Tree Lodge,6.8716101,81.0514984
Ella Dream Mountain,6.8826875,81.0430625
Hidden Highest EllA,6.871747,81.0536118
Ishara Guest Inn Ella,6.876263,81.048797
Ella nature nest villa,6.8731332,81.0491074
Green view Guest Inn Ella,6.8723601,81.0485899
Tea Heaven Retreat,6.8757467,81.0402679
Best View Guest Inn Ella,6.8731332,81.0491074
New grand mud ella,6.8731332,81.0491074
Sherwood 109,6.7678699,80.9588089
The C - luxury home in Ella town,,
New Grand Matt Ella,6.8824501,81.0427094
Waves Rock ella,6.8731332,81.0491074
Ella Dreams net,37.891722,-122.2996569
Quiet Nest Inn,6.8765917,81.0667704
FORET Ella Home,,
Funky CoCo Bar,37.512696,127.0491249
Elephant Ella,,
Riverside Bliss Cottage,6.8991569,81.0602022
Ella Bungalow,6.8308374,81.076409
Ellariverline,,
Great escape ella,43.3507845,-73.6959822
Ella Little Heaven guest,6.8731332,81.0491074
Abance Villa,6.8731332,81.0491104
Isha Unity Cottage,6.826667,80.5241064
Water Side Cabin,6.8264799,80.5239105
Azenya Nuwara Eliya,6.9776579,80.7598223
The Walden Nuwara Eliya,6.9658051,80.7731552
The Bellwood Manor,6.9612321,80.766841
The Edgware Cabana,6.9671698,80.7730637
Water Side Residence,6.8265361,80.5239024
Vegetable Garden House,6.8261929,80.5248823
THE EDGWARE,6.9671366,80.7730175
Hotel mango tree nearest Adam's peak,6.8242601,80.5194367
Paradise Cottage,,
Green Gregory Villa Nuwara Eliya,6.9505037,80.7785676
Shan Hotel,9.1775734,76.5289683
Tea Plant Nuwara Eliya,6.9555468,80.7853698
La Grande Villa,6.9706867,80.7719125
The Westbury Palace,6.9664826,80.7710487
Hugging Clouds,6.8263507,80.523502
Mountain Breeze Chill Apartment,6.9759998,80.769661
AWHILE CASA,6.9758243,80.7697372
Royal Cocoon - Nuwara Eliya,6.968444,80.7704437
sun mount adams peak,6.826083,80.5231247
Mount Mary Inn,6.972454,80.77094
Premier Villa,11.8960695,121.9201202
Carnation Rest,6.9631634,80.7658336
Queens Ark,6.8270773,80.5258483
Gregory Hills,-34.0279397,150.7751289
Himawari Hills,6.9506089,80.7765849
The Grand Hotel - Heritage Grand,6.9682783,80.7650225
Ferncliff Bungalow,6.9713069,80.7695385
Villa de Roshe,6.9644898,80.762787
R21 Nuwara Eliya,6.9656875,80.7634375
The Chapter,,
Andora Nuwara Eliya,6.966661,80.773113
Serendipity Lake Artistic Bungalow by Heidis Home,6.9518199,80.7854004
Skylight Apartment,6.9664903,80.7648849
Galway Heights Hotel,6.9651007,80.7810613
Seasons Villa - Nuwara Eliya,6.9662775,80.7735502
City Lavish,6.97615,80.7644272
Blue sky Guest House And Restaurant,6.8270273,80.5248164
House of Leisure,6.9557659,80.7737882
Nildiya holiday resort Sripada Adam's Peak,6.809643,80.4993882
King Fern Cottage,6.9792792,80.7625591
Nuwara eliya Luxury Apartment,6.96628,80.763237
Princess Bungalows,6.9700139,80.7712403
Lassana Villa,6.9629949,80.7635077
Villa Cassandra,15.1645963,120.5398903
Vibe way (Hostel & Market farm),6.9673551,80.7623109
W15 Glenfall Nuwara Eliya,6.9660954,80.7624105
The Golden Legacy Hotel,6.9652928,80.7646098
Slightly Chilled,7.2908667,80.6456732
Medalin Lake Gregory,6.9572142,80.7734048
Serenus Boutique Villa,6.952234,80.7816692
Jetwing St Andrew's,6.9796301,80.7638717
Astoria Cottage,6.977767,80.7672625
Winter Rest Villa,6.9710898,80.7695618
Green View Guest Inn,6.8263766,80.5230492
Oviya Guest Nuwara Eliya,6.9674582,80.7625088
Queenswood Cottage,6.964637,80.7666699
C I Residence,6.9535393,80.775112
Alben Castle Glenfall,6.9662466,80.7627494
The Lynden Grove,6.9659691,80.7664427
Amaraai lake edge,6.9629116,80.7739916
Vista Apartment Mariners Cabin,6.9661698,80.7629776
Mount View 44 in lake View Residencies,6.9608202,80.7821579
The Peak Residence,5.4492115,100.2977369
Selwood Cottage,6.9799474,80.7601098
Queens Lake Cabin,6.9557056,80.7855589
Wathsala Inn,6.8270513,80.5266262
Terrabella - Nuwara Eliya,6.9542726,80.7760483
Windsor Residence,25.0950942,55.3828341
Divine Luxury Apartments,6.9534983,80.787056
Manel Villa.,6.4121388,79.9998048
Nuwara Eliya Hills Rest,6.970096,80.770429
Breeze Holiday Casa,6.9760661,80.7698142
Spencer Holiday Apartments/Seagull complex,6.9761071,80.7697601
Breeze Holiday Apartment,6.9758921,80.7696915
Highland Stonehouse Luxury Boutique Hotel,6.9628859,80.7625783
Araliya Green City - Your Gateway to Everything in Nuwara Eliya,6.967472,80.7668397
London Eye Hotel Nuwaraeliya,6.9547065,80.7877072
Mountain Villa Adam's Peak,6.8250624,80.5202283
The Trevene Hotel,6.9702697,80.7696622
The Rock Hotel,36.13209,-5.3502075
Adams Peak Inn,6.8258067,80.5231036
Rose Palace,29.6820523,-98.677733
The Lake Frost,6.9520998,80.7809983
Jetwing Broomfield Bungalow,6.9647899,80.7723264
The Ramp,,
Adams peak Grand,6.8268912,80.5249378
The Planter's Legacy By Fairway,6.9535702,80.7786638
Kadalla Cottage,6.9521522,80.7812682
Mirage Kings Cottage,6.9638953,80.7811977
Baron Luxury Boutique,6.9527932,80.7818314
White House Riverside Retreat,6.8264399,80.525383
Galaxy Grand Hotel,6.953654,80.7829723
88th Nuwara Eliya,6.9606886,80.7692959
Emirates Luxury Apartments (Glen Fall Residencies),6.9664371,80.7633085
Yara Nuwara Eliya,6.9731907,80.7665796
The Teak by Lakbima,6.9662476,80.763176
Cloud Nine Retreat,35.3379975,-83.4358673
Delphin Hotel,36.8554815,30.8720962
Panoramic Holiday Apartment / Seagull Complex | Nuwara Eliya,6.9760213,80.7695618
High Garden Hotel,6.9637208,80.7650619
Queens Mount Glen Heights,6.9654118,80.7624946
Cocoon Hills,6.9656486,80.7647213
Ripon Grand Hill By EHI,6.9642806,80.7662198
Pedro Resort & Bungalow Nuwara Eliya,6.9766201,80.771829
Hotel Bonavista,6.9542467,80.7745208
Lake Breeze,44.1196152,-88.6559065
Moon Plains Luxury Apartments,6.9542552,80.7885104
Araliya Green Hills - Where Historic Charm Mingles with Natural Beauty,6.9671096,80.7646179
Grand Bungalow Nuwara Eliya by Seven Angels,6.9681702,80.7638015
Country Club Nuwara Eliya,6.9540848,80.7763154
City And Hills View Apartment,6.9759884,80.7695847
Lakeville Residence,3.2087134,101.6689777
Medalin Harmony Heaven,6.9570961,80.7731516
Shinic Holiday Inn,6.9664024,80.7632439
Zion White House,6.9505221,80.7764413
Delhousie Hotel,7.0930502,79.8883072
Panorama Green View Hotel Nuwara Eliya,6.9697107,80.7693544
Oak Ray Summer Hill Breeze,6.9627668,80.7618406
Ovi Court City Apartments Nuwara Eliya,6.9633698,80.7623673
Cottage 42,6.9731485,80.7691789
Sky Heaven Nuwaraeliya,6.9646008,80.763412
Paradise Entrance,6.8256926,80.522487
The Urban Hideout,1.4050527,103.8196189
Growing Beyond apartment,6.9549699,80.7875671
Little England Bungalow,6.9783839,80.7651517
Palazzo Lake Gregory,6.9570421,80.7853534
Unique Cottages,55.5823382,-2.6729712
Daffodil's Hotel,6.9627708,80.76514
Mariners Cabin Apartment,6.9663907,80.7632221
Adams Peak Inn,6.8258067,80.5231036
Lilys Nuwaraeliya,6.9501911,80.776745
Top Rich Hotel Nuwara Eliya,6.9528066,80.7781508
Medalin Harmony,6.9570961,80.7731516
Grace,,
Hotel Glendower,6.967453,80.7663466
Oak Ray Golf Green,,
The Hill Club,6.9701041,80.7634176
Glenfall Guest,,
Thilina Hotel,6.9636547,80.7718128
Kildare Cottage,-29.3238295,30.0379572
King Castle Lake Front By Laksam,6.9538968,80.7820248
Blue Moon Hotel,40.718643,-73.9898486
Sapu's Mountain breeze Nuwara Eliya,6.9439194,80.7950741
Shangri-La,27.8425399,99.74317
Forest Edge Holiday Inn,6.9716169,80.7688716
Hazel Town House,28.6816807,77.0372202
Windsor Hotel,-31.9730902,115.8525923
Huddle,,
The Hill Cliff Bunglow,51.0329351,-114.0735082
Nuwara Eliya Golf Club,6.971737,80.7657307
Nive Inn,6.9645862,80.7623166
Araliya Red - Budget friendly Hotel- Where you find stunning 360 panoramic view of Nuwara Eliya,6.9626409,80.7642629
Lake Infinity Luxury Condos,6.9544092,80.7886761
Maha Royal Hotel,6.9522851,80.7851399
Siumi Rest,6.8259026,80.522758
MANUDI Glenfallsedge Rest,6.965458,80.7622662
The Queensburry City Hotel,6.9768492,80.7659493
White Elephant Hotel,6.8269892,80.5264169
Eco Creations Nuwaraeliya,6.9522454,80.7809653
The Grand Royal Luxury Apartment,6.9665499,80.7628402
Big Mountain Havelock Cottage,6.9622511,80.7835972
Forest View Rest Nuwaraeliya,6.9759275,80.7728758
Manuka Hillwood Hotel,6.963139,80.7622451
Elegant Holiday Home,6.9524025,80.7772578
Niwasa House Nuwaraeliya,6.9765886,80.7638409
Lanka Guest,7.873054,80.771797
White City Villa,6.9543759,80.7756744
Moonstone Apartment Nuwaraeliya,6.9546799,80.7885208
Glenfalls Rest,6.9656967,80.7618931
Minu's Cabana Nuwara Eliya,6.9550769,80.7756307
Eden Hill Hotel,6.9576848,80.7730049
Pure Land Villa,6.8256798,80.5226975
Lady Horton Bungalow,6.95406,80.776914
Hill Paradise Nuwaraeliya,6.9547659,80.7759858
Inroma Holiday Resort,6.968978,80.772255
NAT CITY Hotel,6.9633976,80.7657254
The Lakeside Stay,36.4910393,-93.7842484
Kings Valley Nuwara Eliya,6.9709167,80.7768086
New Vacation Villa,,
Minds Homestay,6.9514399,80.7754135
Lake View by IJ - With direct View of Lake Gregory and Mountains,6.9550099,80.7749023
LILAC Cottage,,
"Villa Red Brick, Nuwara Eliya",6.9509558,80.7774504
Jaithra Inn,6.970613,80.769208
Ashley Resorts - Nuwara Eliya,6.9648927,80.7612069
MGM Daisy Resorts,51.1198074,20.355994
Panthera Fort Nuwara Eliya,6.9643066,80.7637052
Maples Holiday Resort,6.9514609,80.7854117
Hill Rise Luxury Villa & Stables by Edwards Collection - Nuwara Eliya,6.957128,80.775467
Callisto,,
Golden Lion Luxury Residency,6.9543571,80.7885895
Siriseth Gregory Lake Inn is not just a stay it is a boutique lakefwront experience in the heart of Nuwara Eliya,6.9517519,80.7856362
Bluewing Apartments Nuwaraeliya,6.9606886,80.7692959
Peak View Cottage,11.4270648,76.8422758
Mountain Breeze Cool Apartment,6.9759397,80.769638
Bluefield cottage,6.9637144,80.7656856
Galaxy Holiday Inn,6.9550594,80.7749342
Ru Hotel & Villa,6.9539923,80.7762443
Royal Palace Heritage,6.951831,80.775508
Hotel Three Seven,,
Misty Inn Luxury Apartment,6.9664201,80.7635498
Glenfalls Residencies,6.9657502,80.7619171
Siloneeds homes,6.9509095,80.7873086
Titanium Hills,6.9760661,80.7698142
Shiny cot,6.9517727,80.7889482
Grand adamspeak hotel & restaurant,,
Creek View Hotel and Car Rental,,
Bonavista view inn,6.9538804,80.7745671
The Rosedale Grand Resort Nuwara Eliya,6.9499798,80.7784729
Merito Grand Hotel,6.9555639,80.7766005
Olive Grand Guest House Nuwara Eliya,6.9674702,80.7626724
Medalin Harmony Nest,6.9570961,80.7731516
Mountain Breeze Apartment,33.6912117,72.8290711
Highland View,42.9370105,-87.9762132
Glenfall Serenity Stay,6.9664025,80.7632446
Misty Mount Apartment,6.9649801,80.7735138
"The Sixth, Nuwara Eliya",6.9779434,80.7600632
New Pensive Villa,6.9528991,80.7758134
Villa 01,43.3391617,16.973144
Carlton,-37.8007555,144.9669992
Wanderlust Gregory,6.9528968,80.7853834
Coolborn Apartment,6.9754057,80.7699508
Nethuka Villa Nuwaraeliya,6.9606886,80.7692959
Homewood Luxury Apartment,6.9664898,80.7632217
Gregory Lake Inn,6.952229,80.777326
Villa Nive,6.9634538,80.7623367
Pavis guest inn,6.824522,80.5292664
R R I Luxury Homestay,6.9760688,80.7698191
"Grand Trillium Villa Lake View & Garden Retreat Family Friendly Stay, a modern and peaceful escape in the beautiful surroundings of Nuwara Eliya",6.953731,80.7770157
Sampath Blue Heaven Inn Nuwara Eliya,6.9606886,80.7692959
Panoramic Holiday Apartment - Luxury Studio | Nuwara Eliya,6.975939,80.769688
Kings Villa Nuwara Eliya,6.9562714,80.7736727
"Sky Breeze Nuwara Eliya, Sri Lanka",6.9717498,80.7567826
Gregory River View,6.9523902,80.7779465
Lunuwarana Hillside Apartment,6.9664025,80.7632446
Gregory Lake Inn Resort,6.9573064,80.7738541
"33,gemunupura,magastota",6.9514299,80.7824631
Aryans cabana,6.9541898,80.7873001
Lavender Resort & WòÓd Cabin,,
Galaxy Holiday Inn,6.9550594,80.7749342
SUMMER BLISS HOTELS,6.9579961,80.7730164
Green Garden Hotel & Restaurant,50.0716003,14.4302957
Dinu Villa,6.0422214,80.197786
Galaxy Holiday Inn,6.9550594,80.7749342
Country Cottage,43.0832172,-78.8229193
Celadon Villa,17.9127007,-62.8103981
Sampath Hotel Nuwara Eliya,6.9690593,80.7714384
Craigbank Nuwaraeliya,6.9807827,80.7635444
Rose Dale Nuwara Eliya,6.9502502,80.7782669
Lake View Paradise - Nuwara Eliya,6.9542551,80.7885132
Sundaras Sigiriya Jungles Resort,7.8494931,80.6532401
The Classic Crown Sigiriya,7.9605391,80.7472798
Serenity house in Dambulla,7.8496844,80.6518994
The Mirror Wall Sigiriya,7.9570015,80.7432116
Simoya Nature Park,7.8582319,80.643637
Green Earth Resort,7.8496298,80.6536102
"Mamisa Café, Home stay",,
TANTOR RESORT Hotel and spa Habarana,8.0449697,80.7424303
Sigiriya Moonlight Home,7.9488214,80.7498715
Mashi's Villa,12.9789882,7.9470278
Thal Sewana,7.9638416,80.7587389
Lion Wood Treehouse,7.9628347,80.7469029
Villa ONE66,7.8515003,80.6545455
Sigiri sandaru Home stay,7.9463732,80.7326783
Ritz Villa Habarana,8.0434055,80.7493033
il Frangipane,7.9490668,80.7497417
Taru Villas Maia - Habarana,8.042807,80.743865
Sigiriya King's Resort,7.9690965,80.7546411
Paddy Field View Lodge Sigiriya,7.958011,80.7442457
Roo Mansala Boutique Villas,7.9670432,80.7543481
Royal Garden,22.2984848,114.1776012
Jungle Crown Cabin,7.9619588,80.7456863
Kalum home,7.0169903,79.9955374
Sigiri Arana Sigiriya,7.9430368,80.7258508
Sigiri Jungle Villa,7.9517698,80.7460175
Jm Resort,14.1784665,121.1814067
Amuna Villa,8.0442311,80.7501141
Hornbill Forest Habarana,8.0327167,80.749746
Private Pool Sun Shade Resort & Spa,8.0436114,80.7394329
Vihangi Guesthouse,7.8530514,80.6551118
Thathsara Holiday Inn,7.9531692,80.7451412
Sundaras Infinity Jungle Resort & Spa,7.8577299,80.6519928
Sigiri Saman Home Stay,7.9499337,80.7550406
The Other Corner Habarana,8.0428867,80.7426127
SA Village,29.5751099,88.6095
New Summer Set Inn,7.8523466,80.6550119
Pidurangala View Home Stay,7.964446,80.7587174
Pidurangala View Treehouse,7.9660001,80.7674637
Sundown Lake Hotel & Spa,8.0409087,80.7515139
Perfect Hideout,33.9423294,-118.1086883
Lion King Jungle Cabanas,7.9553799,80.7450577
Habarana Tree House Ambasewana Resort,8.0436315,80.7393293
Pride Rock Villa & Tree House,7.9421667,80.7646389
Ruk Sewana Villa Tree House,7.9541794,80.7445488
98 Home Lodge Dambulla,7.8519883,80.6551484
Woodsy Villa,7.9529425,80.7456004
Sigiri Close-up View Guest,7.9644738,80.7552311
Gabaa Resort & Spa - Habarana,8.0335303,80.7551875
Sigiri Rock Side Home Stay,7.949438,80.754962
Golden stars hotel Dambulla,7.857369,80.6572765
Sigiri Dilu Villa,7.9640811,80.7472345
Freedom Home Stay,7.9495401,80.7496185
Mom's Homestay,2.51937,101.8217316
Dambulla Sun Vsh Holiday,7.8621502,80.6504975
Heaven Habarana,8.0330109,80.7534836
Hungry Lion Sigiriya,7.9496706,80.7484233
Pidurangala Villas,7.9652545,80.767351
KBC Hotel & Guest House,,
Family Nest,,
Iwamisou,7.9543834,80.7460991
Sigiri Lion Lodge,7.9494248,80.7504118
Sigiriya Rock Gate Resort,7.9623295,80.746221
Sigiri White Queen's Lodge,7.949996,80.735697
Habarana Tree House - Ivory cottage,8.0408373,80.7432597
Sath Rest,8.0339787,80.7503958
Greenwood Hotel Sigiriya,7.9480145,80.7618097
Tourist Holiday Inn,7.8470542,80.6518317
Cinnamon Lodge Habarana,8.0353404,80.7492294
Sundaras Family Suites,7.8502498,80.6517182
EKHO Sigiriya - 700 meters to Sigiriya Rock,7.9570327,80.760257
Sigiriya Dream Inn,7.9412421,80.7250914
Sigiriya Melrose Villas,7.9455635,80.7615772
Elephant Trio Sigiriya,7.9690576,80.7670021
Tiara Elephant Lodge,8.0659163,80.7443215
Green Hut Nature Resort,7.9603564,80.7440261
Dambulla Shan Inn,7.848863,80.6533556
Back of Beyond - Pidurangala,7.969625,80.7635498
Sevonrich Holiday Resort,7.8480172,80.6517978
Lavendish Country Resort,7.8558636,80.6604885
Maapagala Resort Sigiriya,7.9499039,80.7552394
Sigiri Forest View,7.9680213,80.7679492
Lovely lodge & Hostel,,
Habarana Village by Cinnamon,8.036845,80.7498683
Sundaras Infinity Jungle Resort,7.8492599,80.6531601
Sinhagiri Villa,7.9602532,80.744401
Horizon Resort & Hostel Sigiriya,7.9476013,80.7605801
Hotel Sigiriya,7.9500937,80.7630675
Sigiriya Paradise Inn,7.9489333,80.7516575
Dambulla Tourist Resort,7.8632243,80.6515864
Yonara Green Rest,8.0336753,80.752104
Sigiriya Rock Gate Tree House,7.9619398,80.7463379
Tiny Homestay,31.093214,77.1721878
Victory Villa Sigiriya,7.9553839,80.7437144
Smashing Inn,7.8487487,80.6511807
Danara Homestay,7.9548456,80.744372
Zensigiri Ayurveda Wellness Homestay,,
Choona Lodge 'view of sigiriya & pidurangala with sunrise',7.9624901,80.7454987
Sigiri Rainbow Lodge,7.9497155,80.7499377
Fresco Water Villa,7.9457366,80.7354858
Sunshine Resort & Spa Sigiriya,7.9510381,80.7526712
The Thick Forest,7.9628918,80.7665443
Sigiriya Village,7.9455635,80.7615772
Kalana Homestay,7.9511432,80.7538446
Lakmini Lodge Restaurant & Bar,7.9492536,80.7515231
The Nilmini Lodge,7.9516802,80.7537765
Green Grass Homestay,7.951291,80.7537118
Gangula Eco lodge,7.9512301,80.7536468
Sigiri Choona Lodge 'unique sunrise viewpoint',7.9621926,80.7459196
Gimanhala Hotel,7.8799076,80.6502592
Wooden Cabana Sigiriya,7.9623016,80.7456934
Rankendiya Resort - Habarana,8.0339624,80.7527739
The Banda's Eco Villa,,
Palmyra Nature Resort Sigiriya,7.954708,80.7445297
Mind Body and Soul,30.4111868,-87.2048761
Anusha Resort Hotel,7.8514966,80.6544813
Hotel sunflower,6.4155428,81.3424106
Sigiriya Kingdom Resort,7.8524478,80.6587086
Hotel Sigiriya Kele,7.9516682,80.7467474
River Retreat Sigiriya,7.9508275,80.7535421
Sigiri Lanka Resort,7.9397063,80.7310283
Near The Canal Homstay,7.9499026,80.7541402
Heritage Rangiri Villa,7.8518131,80.6545035
Flower Garden Eco Village,7.9530963,80.7435455
Heritage Dambulla By Ceylon Hotels Corporation,7.8601127,80.6524727
Lotus Inn Tourist Resort,7.8485399,80.6538467
Shan Villa Dambulla,7.8515391,80.6552734
OKI Nature Resort,7.8524104,80.6572946
Niwasa Habarana,8.0309675,80.7471927
Rock View Homestay,8.517361,77.054375
Pearl Guest House,-25.8072942,28.4829404
Elephant Path by Alpine Resorts,8.0229334,80.7535197
Dream Haven,-24.181179,29.0008392
Sunshine Resort LTD,7.9514999,80.756012
Home Stay by 98,,
Sigiri Yahana,,
Sigiri Dream Homestay & Wellness,7.9505114,80.7513992
Peek & Pick Villa,38.0559536,23.8045697
Tranquil Guest,,
Habarana Inn,8.0347229,80.7521065
Iwaree Guest house,7.85431,80.6530838
Sigiriya Traveler's Nest,7.9486906,80.7512293
Flight search villa &Sea Food Restaurant,-6.2866469,107.0348103
Peek & Pick Garden resort,38.0559536,23.8045697
Urumaya Resort & Eco Farm,7.8495666,80.6550956
Sigiriya Eco Villa,7.9512802,80.7519074
Cultraverse Dambulla,7.858535,80.6610329
Seraphia Lodge Habarana,8.0414696,80.7518463
Heritage Habarana Hotel,8.0401186,80.7551498
Habarana Tree House Area,8.0343167,80.7520489
Sigiriya Mirror wall Guest house,7.9455635,80.7615772
Flight search villa and sea food restaurant,8.0402336,80.7535171
Seraphia Lodge Habarana,8.0414696,80.7518463
Karu' place Sigiriya,7.9525171,80.7449952
Coconut Villa Homestay,10.030432,77.0389949
Peaceful Nature Homestay,6.4091079,80.8094709
Cassia Udawalawe,6.4197545,80.8415785
Brilliant Stay Udawalawe,6.4184828,80.823938
Amba Kola Udawalawa,6.4185828,80.894817
hornbill river cottage udawalwa,6.3997855,80.8265248
Vibe paradise cottage,,
Cottage Paramount,33.8894598,-118.1597911
Elephant lodge,-33.9766731,25.4589253
The Ivory,1.2872892,103.8480636
Elephant Cabana Udawalawe,6.4086878,80.8097116
Italiyano Safari Cottage,,
Dhanaya Safari Home,6.41146,80.8261337
Dew Safari Cottage,6.4182901,80.8091965
Rustic Cottages Udawalawe,6.4236764,80.811048
River Inn Safari Cottage,6.4101701,80.7960663
Chika's Place River View Udawalawa,6.4053301,80.7992854
The Glenrock Wellness Nature Resort,6.7378178,80.7518955
Royal Elephant Resort Udawalawe,6.4220697,80.7755808
Batu's Safari lodge Udawalawe,6.4159899,80.8233337
Nature's Cottages - Belihuloya,6.7291476,80.7720304
AMA HomeStay,27.2614999,92.4196473
Green Paradise Cottage Udawalawa,6.4071922,80.811381
Leel’s Safari Cottage,6.4196116,80.8421132
EverGreen Resort Udawalawe,6.4190235,80.8180245
Owls Nest,43.1820086,-77.1385886
Serene Retreat Udawalawa,6.417447,80.809362
Nature House,29.3979682,30.4954109
Jml villa foresta,6.5024971,80.4150968
suncity privacy cottages,6.4215873,80.8231393
Eco Friendly Lodge,,
Elephant paradise Safari lodge,6.404026,80.809137
Freedom Safari Lodge,6.4096043,80.7942958
Pinnacle Safari Resort,6.4139199,80.8236237
Diamond Resorts,,
Owl's Nest Chalet,35.705875,-83.5495942
Bright Sun Safari,6.4198724,80.8087483
Forest Edge Safari Villa,6.4167907,80.8018736
Banana Shade Cottage,6.409017,80.8108334
Cinnamon River Edge,6.409091,80.79261
Estate Bungalow,6.7166853,80.2137201
Green View Safari Resort,6.419064,80.8134033
Mango Tree House,6.4089592,80.8130382
Residence Inn,,
Clay House,44.9088889,-89.5966667
Yonan River Face Safari Resort,6.4165502,80.8331604
Silent River Cottage,6.4085534,80.8112277
Vishmee Holiday Inn,6.3291185,80.8567826
Wild Heaven Udawalawe,6.4132074,80.8116125
Eagle Safari Family Bungalow,28.4990677,77.0852662
Atha Safari Resort,6.4058756,80.8121849
Cozy House,37.0977173,-8.6729508
Wild Safari Clay House,6.4096087,80.822291
EMERALD HAVEN SAFARI Cottages,6.4154801,80.7990799
Buddika Safari & Resort,6.435645,80.890547
Ele Ants,,
Nature Glow Cottage,6.4191599,80.8398819
Baby Elephant Green House,6.4224395,80.816979
Nidahase Nawathena Cottage,6.6610137,80.6888267
Avian Garden Udawalawe,6.4179822,80.8209228
Mansala Safari House,6.4143042,80.7946203
splendid lake view safari lodge,6.4167837,80.8327675
Freedom Safari villa,6.2877349,81.2554802
Leesa Villa Safari Resort,6.4177275,80.8195264
Peacock Villa Resort,7.6793674,80.0632506
EdenHaven Cottage,6.4169481,80.8198431
Brooklyne Jungle Nest,6.3994704,80.8279418
The Backyard Balangoda,6.7228331,80.6776745
Diamond Walawa Safari Resort,6.4125119,80.8309808
Bliss Inn,18.6988952,73.4436196
Jungle Paradise,6.4247251,80.8560387
"Blue Sapphire Safari Lodge, Udawalawe",6.41261,80.810463
Wild Lake Side,6.4206403,80.8544911
Jungle View River Camping,6.432734,80.8053987
Induwara Safari Resort,6.4125352,80.831756
Silent Bungalow,6.41576,80.8246003
Max Safari Villa,6.4220337,80.8217999
The Elephant Next-Door,,
Imperial Resort,17.9678659,79.6330328
Terrace Cinnamon View,6.635272,80.5570114
Hotel Gayan's,6.4346063,80.8909689
Mango Safari Camping Udawalawe,6.4279095,80.8583967
Lotus Udawalawe,6.4184828,80.823938
Walawe Palm Villa,6.4164346,80.8320546
Chill House safari resort,6.4198714,80.8417391
"Tappers' Village Nature Resort & Retreat Centre, Kiriella",6.7449232,80.248248
The Elite,-6.2875588,106.7952351
Monkey Jungle Cottage,6.4164092,80.7985519
Grand Toscana,,
Butterfly Homestead Hotel,6.4439085,80.8695162
La Casa Safari Paradise,,
Green Park and Eco Tree House,6.4215698,80.8109436
Vimanra Udawalawa,6.3853217,80.814251
Summerland Residence,6.4221673,80.8204194
Kalawathi Retreat Inn,6.6952976,80.4044792
Thought Blooming,6.4175504,80.8407203
Ivory Safari Lodge,-18.6150082,27.0536637
Eco Lodge Udawalawe,6.4184828,80.823938
Forest Dew Udawalawa,6.4325093,80.8129041
Canal Side Safari Resort,6.4078609,80.8301477
Jungle Edge Cottage,6.4438961,80.8699553
Elephant Side Safari Bungalow,6.4242201,80.8124619
Wild River Side,,
udawalawa safari resort,6.4160399,80.8326187
Ceylon Safari Cottage,6.4386092,80.8844899
Lizard Safari Lodge,6.4185285,80.8226943
Sheran Safari House,6.4172301,80.8234405
Nature World Udawalawe,6.4259928,80.8115747
The Anex,43.6698329,-79.407585
Ali Weta Safari Resort,6.4266652,80.8996672
Summer Ridge - Homestay,6.6854083,80.4057992
Jungle Lodge,32.7336731,-16.7908725
Star Guest,6.6436143,80.7037483
Coconut Tree House,23.7339631,86.4123101
Dinesh Safari Homestay,6.4136402,80.7923137
Nil Bawana Nature Resort,6.4270856,80.8486924
Pelican Lake safari resort,-16.5419088,28.7080935
Hasthi Safari Cottage,6.4119,80.7974395
Gileemale Walawwa & Estate,6.7412901,80.4406814
Hantara Udawalawa,6.4251761,80.8530789
White House Udawalawe,6.4160159,80.8462989
Landa Holiday House,6.7086845,80.7620038
Ibis,,
Sunrise Udawalawe Resort,6.4195904,80.9299764
Tara Waterfall,6.4567392,80.5822028
Nature World Jungle Paradise,6.4266801,80.8115082
Sri pa Resort,6.785556,80.437725
The Pearl Safari Resort,,
Hotel Herb Garden,6.4326728,80.8125205
Doola River Edge,6.4281413,80.8506894
World's End Base Eco-Village,6.7351201,80.7596221
Palabaddala Tea and Eco Lodge,6.7825679,80.4536121
Seeing Green Udawalawa,6.4240783,80.84979
The Jungle Pearl Hotel,6.4211132,80.8464464
Maka Safari Village Resort,27.9241998,34.3189145
Belihuloya Bloom Fort Villa,6.7201434,80.788681
Citrine Belihuloya,6.7184,80.7740936
Walawe Park View Hotel,6.4738774,80.8986184
Kavi Guest Belihuloya,6.7342354,80.8246082
Dhalaya Resort Udawalawe,6.4274417,80.8153249
Maika Safari Lodge,6.4151902,80.7993316
The Mammoth udawalawe,6.4334247,80.8119647
Roam Wings Safari Hotel,6.4141998,80.8313522
Senaya Homestay,6.7287941,80.8121272
Gaya Family Resort,24.7913957,85.0002336
Eagle Wings Holiday,6.7285071,80.7719643
The Aliya Safari Villa,,
Yoma Wild Hotel,,
Peacock Riverside Eco Lodge,6.4160199,80.8462982
Grand Silver Ray,6.6570941,80.4881714
Lily Safari Resort Udawalwa,6.4202293,80.8355102
Diora Hotel,6.6805622,80.403796
Eliyanth Udawalawe,6.4165034,80.8448562
Treehouse Chalets - A Curated Experience of Unique Waterfall Treks and Scenic Hikes,6.7295457,80.824089
Mount Seven Holiday Inn,6.7361892,80.7568086
Olivi Palace,6.4211111,80.8165766
Belihuloya Hideout Villa,6.7184321,80.7655077
Kale Cottage Belihuloya,6.6981495,80.7605948
Kottawatta River Bank Resort,6.406421,80.7977502
Ele Camp Udawalawe,6.4266795,80.8563213
Waraka - Udawalawe by Thema Collection,6.4070004,80.8303722
Terico resort,6.7210965,80.7665169
Cottage Home Belihuloya,6.7184548,80.7813456
Elite Safari Resort,6.4095002,80.7953415
Walawa Reach hotel,6.4437305,80.8755515
Lake Forest Cabana,,
Centauria Wild Resort,6.4373451,80.8593891
Hotel Grand Amanee,6.6703709,80.3915224
Wildlife Safari House,6.4128274,80.7954093
Sanctuary Resort,33.5224782,-111.9595147
Ivory Safari House,,
Illukawela Walauwa,6.340957,80.856979
Kottawatta Village,6.4063889,80.8011111
Tikla safari lodge,6.4169872,80.8018837
Kalu's Hideaway Udawalawe,6.4160134,80.8462911
Nice View Safari villa,6.4102101,80.7946319
Elephant Orphanage Edge Hotel,6.4282798,80.814949
Kethumathee Hotel & Banquet,6.7103957,80.38115
jungle safari home stay,,
Royal Reach Udawalawe,6.3759393,80.8208312
Athgira River Camping - Udawalawe,6.4073406,80.8152043
Elephant Rest Udawalawa,6.4190664,80.8945923
Peacock Riverside,6.4195273,80.8411373
Sunglow Safari Resort,6.4281602,80.8149795
Sandalwood Cottage,6.3984166,80.8050103
Birds Paradise Inn,6.4289617,80.853564
Kurunduketiya Private Rainforest Resort,6.5495621,80.3219716
Hotel Athgira,6.4263641,80.8158156
Centauria Lake Resort,6.3200723,80.8561143
Grand Udawalawe Safari Resort,6.419811,80.806288
Traget safari home stay,6.4207201,80.8117295
ground eco lodge,6.7200299,80.7815399
Windy Hills Glamping,6.69767,80.788498
Laya Leisure Resort & Spa,6.5827814,80.2342325
Siyambala Resort - Udawalawa,6.4240656,80.8522876
Elephant Trail,41.8067173,-72.8236391
Nil Diya Mankada Safari Lodge,6.417941,80.8404471
Tsuru Villa,6.2661959,80.8189064
Rathna Gems Halt,6.6872997,80.400786
Discovery resort,6.6804424,80.4183159
Greenwood Udawalawa Safari Resort,6.4399445,80.8084071
Le riya udawalawa safari villa,6.4101701,80.7947922
Peacock's Paradise Safari Hostel,,
Lotus Safari Bungalow,23.7325899,81.0446248
The river face safari resort,6.43153,80.8061905
Sennya Resorts,6.6997305,80.7811686
Green Village Safari Resort,6.4032428,80.8050978
Chamaya Holiday Inn,6.6627292,80.6908238
Centauria City Hotel,6.3303824,80.8570679
Pavana Resort,6.3303982,80.8591604
River Garden Resort,6.7137923,80.7700729
Volunteer Ceylon,6.6869202,80.4140625
A B C Hotel,15.1660024,120.5816362
Hotel 4u Udawalawe,6.42066,80.8120194
Meridian Holiday Resort,6.6886597,80.4019006
The Royal Peak Resort,6.7238362,80.3869737
Lake Side Safari Bungalow,-33.3093952,26.5284328
Boulder Garden,35.9998316,-78.9022398
Queens Resort Udawalawa,6.4114199,80.8223801
Travellers Halt,,
Family Bricks Bungalow,6.7323699,80.3839035
Share Safari Family Bungalow,,
Great Victoria Palace,6.7588014,80.3830478
Sinharaja Tea Garden Hotel,6.458734,80.5842998
Ratnapura Adventure Hub & Local Stay,6.7055742,80.3847345
Greenwood Bungalow Kalawana,6.5654109,80.3341335
Green Savannah,-1.1022103,37.0141603
Safari lodge,28.303585,-81.6021805
Misty Nature Resort,6.6747409,80.440199
Dhanu Safari Cottage,6.4213905,80.8107223
The Orchard Villa,43.1625404,-79.3495865
Kings Holiday Resort,-3.3391987,40.0244485
Leopard Home Stay,,
Green heaven safari resort Udawalawa,6.4130706,80.8202893
River side resort,19.2704828,72.9164093
Eco Stay Lodge Safari Udawalawa,6.4137403,80.7926139
Safari Garden Rest Udawalawa,6.4099898,80.796257
"Drivers' , Guides' & Family Rooms",,
Green Garniya Hotel,6.7386828,80.8267052
freedom safari home stay,,
Super family villa,,
Zimmer & Safari Udawalawa,6.4439101,80.8695298
Udawalawa safari home stay,6.4184828,80.823938
Grand Freedom Udawalawe,6.4184828,80.823938
wild rest cottage udawalawa,6.4126611,80.7980945
Chill House Udawalawa,6.4197001,80.841919
Dream Cabins udawalawe,6.4184828,80.823938
Summit resort,43.596201,-71.455584
Salmanel Resort Ayagama - Rathnapura,6.6396617,80.3100516
Drivers & Guides Room,6.41295,80.8202591
River Side Cottage,11.5282498,76.2486725
Mastodon River Edge,40.9328047,-74.0331028
Niwana Resort,6.7592411,80.2627258
Wild Safari River Cottage udawalawe,6.4319603,80.8060594
Ravan Safari Rest Inn,,
New Jayani Guest Inn,6.4766875,80.6088125
Winter Palace Lakeside,59.9403958,30.3137962
Ran Diya Villa Udawalawa,6.4184581,80.840507
TOP Resort Samanalawaththa,6.671701,80.6295234
Walawa Valley Rest Inn,,
Sunray Hotel Ratnapura,6.6720712,80.3933978
wild elephant Safari Cottage,,
Mango Breeze Udawalawe,6.4213482,80.8123253
SINHARAJA GUEST INN Rakwana,6.4038082,80.6840155
Forest Heaven Eco Resort,6.7428441,80.7519287
Superson wild safari inn,,
Mini Jungle Canopy Bungalow -Udawalawe,6.4119625,80.7848565
Windy Rich Bungalow Belihuloya,6.72539,80.7642212
Wild safari canel resort,6.4184731,80.8239083
Glamour Homestay - Udawalawe,6.4189116,80.8067159
New WELELIYA Family Resort Embilipitiya,6.3278327,80.8391189
Zafara Resort,6.4002444,80.8016048
Enjoy River Cottage,6.4085587,80.8114452
Elephant Paradise Udawalawe,6.4232402,80.8110885
Elephant Reach Udawalawe,6.4184828,80.823938
River way,51.2509978,-0.5737561
Discovery resort rathnapura,6.6804424,80.4183159
Blue Bird Udawalawe,6.4226823,80.8502281
Tuskers edge homestay,6.4279878,80.8139391
Tusker's edge homestay,6.4279878,80.8139391
White Ancient Villa,,
Stone Carving Resort Udawalawa,6.4154517,80.8339049
Sugarcane View Cottage,6.4434166,80.8792877
Hathbabma Ella villa,6.6285701,80.3602906
Blue Rock Retreat,6.743793,80.8331705
The elephant house,55.9475928,-3.1917871
Silent Bungalow River Side,6.3990102,80.8272476
Residence Safari Udawalawa,6.4161401,80.8062668
Mango Tree Villa,7.8112755,98.3894063
Walawa cottage udawalawe,6.4151803,80.8284474
Araliya Lake Camp Resort,6.3875089,80.9687868
Emma safari udawalawa,6.4184828,80.823938
Almond Breeze Cottage,6.4078933,80.8139409
Serendib House - Sinharaja,6.4340872,80.4011005
The Best Safari Resort,6.4190402,80.8075867
Eden Udawalawe,6.4184828,80.823938
ADLi,,
Lake View Cabana,6.0324897,80.7974086
Star Rain Tour Inn,6.6664632,80.4378448
Brook View Belihuloya Hotel,6.7186801,80.7726029
Walwa palm villa,-35.9639457,147.7355248
Bricks Bungalow,38.7028808,-91.4403153
Hotel Elysian,23.0441447,72.5896583
Mimi's Cottage,36.1777077,-81.6546249
Jungle Resort Home Stay,,
Belpeak Cottage,6.720505,80.7685107
Walawe Natural Vibe Safari Lodge,6.4177699,80.8400803
River Forest Camp,6.39849,80.8265762
Wild Queens Udawalawe,6.40902,80.8091431
Nisha's Hideaway,6.4158001,80.8009568
Eco Home Stay and Safari,6.4261599,80.8161392
Eco Transit Udawalawe,6.4125011,80.8275593
SUNRISE SAFARI HOUSE,6.4176602,80.7950134
"King's Horse Villa, Kuruwita",6.8385849,80.3774664
Blue Moon Safari Resort,,
Belihuloya Escape and Cafe,6.7188657,80.7746766
Tea Estate Villa,6.7974902,80.8564682
Eco Star,,
Eagle Wings Holiday Resort,6.7285071,80.7719643
ADLi,,
Udawalawa Rest House,6.4184828,80.823938
Value Max Resort Udawalawe,6.4169697,80.821579
Right Canal Resort,35.1188847,136.8784095
Primrose Family Resort,6.4104145,80.7943652
Serene Home Stay,13.0736974,77.6700318
Cinnamon Grove,43.5077269,-79.669102
Queens Udawalawa,6.4184828,80.823938
Sparrow House and Safari Resort,6.4111312,80.8068328
Rose Cabin Guest House,6.6795702,80.415039
Lime House,29.5118857,-98.3526372
Grandfreedom Udawalawe,6.4229498,80.8127899
Sunrise Safari House & villa,,
gramatic dream cottage,,
Pinipasara Safari Lodge,6.4288387,80.9991318
WildSky HomeStay,,
HOSTEL -In Frant of the National park-,6.4409361,80.8622694
Dramatic Green Cottage,34.1602035,-118.51025
Wild Rest Cottage,6.4126611,80.7980945
Amba Kola Family Retreat,6.4122,80.8971786
Gramatic Cottage Udawalawe,6.41855,80.8405685
Sihilro Regency Udawalawa,6.4256699,80.9008254
Geoffrey Bawa's Home Number 11,6.9013901,79.8577728
IGN Residence Colombo,6.9004752,79.8522198
VAUX Park Street Hotel - A collection of 8 luxury lofts,6.9160047,79.8585663
Maniumpathy Hotel,6.9128167,79.8756167
Jetwing Ratnam Residence,6.9055932,79.876599
Platinum 1,-33.8365606,151.0514567
De Saram House by Geoffrey Bawa,6.9167177,79.8708664
Seilan,42.8209524,-8.8848745
Taprobane House,6.8961726,79.8542541
Cinnamon Life at City of Dreams,6.9249681,79.8489118
"ITC Ratnadipa, a Luxury Collection Hotel, Colombo",6.924988,79.8454882
Jetwing Colombo Seven,6.9163937,79.8702153
Zylan Colombo,6.9139802,79.8740116
Colombo Villa,6.9076642,79.8597086
The Dutch Burgher Union - DBU Colombo 4,6.8970468,79.8590854
Alankara Retreats Colombo 07,6.7784491,79.8992702
Granny's House,,
Paradise Road Tintagel Colombo,6.9149978,79.8699473
Shangri-La Colombo,6.9285354,79.8444362
Hilton Colombo Hotel,6.9325497,79.8447402
MaRadha Colombo,6.8957599,79.8526725
The Den 23,6.9226501,79.8659605
Courtyard by Marriott Colombo,6.9174992,79.8557153
Galle Face Hotel,6.920578,79.846069
Colombo Court Hotel & Spa,6.897765,79.856454
Lavonca Boutique Hotel,6.913735,79.8544636
Serendipity,,
Cinnamon Grand Colombo,6.9177646,79.8484397
Nuwa Sri Lanka at City of Dreams,7.873054,80.771797
City Stay By Sunrise,6.9158117,79.8569914
Heritage Villa colombo7,6.9090791,79.8666566
"Taj Samudra, Colombo",6.9225774,79.8468317
Cinnamon Lakeside,6.9291704,79.8492962
Marine Bay Colombo,6.897226,79.8522726
Mandarina Colombo,6.9000439,79.8536536
Hotel Nippon Colombo,6.9239319,79.8522872
Rockwell Colombo,6.9158382,79.8751835
Palmyrah Residencies,6.8970812,79.852673
Trillium Boutique City Hotel,6.8958408,79.8694042
City Hotel Colombo 02,6.92123,79.8543142
Ramada Colombo,6.9213169,79.8475985
Artisan Villa,15.2956743,73.9219132
"WISH RESIDENCE SeaSide, Near Durdans & Vasan eye care Hospital, Colombo 3",6.9010701,79.8521729
City Beds Colombo,6.9322293,79.8463385
Victory colombo,6.8972326,79.8743967
Fairfield Villa Colombo,6.9158035,79.8798523
Pearl City Hotel,6.8957553,79.8553637
Trillium Boutique Express Hotel - Ward Place,6.9148509,79.876934
Ocean Edge Suites & Hotel Colombo,6.8985327,79.8522062
Pearl Grand By Rathna,6.8961931,79.8554037
Beehive Inn Bambalapitiya,6.886473,79.8562826
Sri Suryas Hotels,6.942792,79.854631
Solace More Hotel - Borella 2,6.915541,79.8844494
Barans place,6.9120478,79.8747787
"Trizen Skyline apartment, Colombo",6.9195357,79.8582881
Park Street Suites - Colombo,6.9153251,79.8587643
Kohomba Gaha Residencies Colombo 07,6.9056603,79.8760347
The Deane Residence Double Room,,
Colombo Green Heaven,6.9080882,79.8845597
Dilithy Paradise,8.6099806,81.2158743
Trinco Beachfront Villas AJS,8.566588,81.238906
Jungle View Inn,8.6470076,81.1831725
Nilaveli Royal Paradise,8.6764456,81.1981607
"New! Mangalam house, Private plunge pool near beach",23.0506136,72.533476
Pearl Diamond Resort,8.6159027,81.2177775
Alass Ga For Pets Lovers,8.6134004,81.215683
Amanta Beach,8.7418178,81.161688
Aathi Resort,8.6326597,81.2059928
Akshaya Villa Trincomalee,8.5850084,81.2216209
Calm Guest,8.5872573,81.2246982
J Rest in,,
Blu Marine Nilaveli,8.6893836,81.1900689
Nesan’s villa,8.6248503,81.2080536
Day holiday villa,8.6143825,81.2145442
Nilaveli Bay Villa by Ceylon Spaces,8.6664353,81.2114868
Avila Nilaveli Beach,8.6723657,81.205188
TJ JANSE guest inn,8.6142504,81.2146225
Sampalthivu Beach Villa,8.6415642,81.2133262
Regina Beach Bungalow,8.6385058,81.2218685
Cha Cha Guest,8.5833528,81.2101682
Breeze Guest House,53.4495826,-2.9839147
UK Lounge Resort,8.635402,81.2234805
Blue Wings Beach Hotel,,
Clara's Beach Inn,8.5628197,81.2420687
Sunbreeze Guest House,8.6129846,81.2156052
US Cabanas,8.667015,81.204567
RKM Hotel Uppuveli,8.6033001,81.2181931
Preni Guest,8.6132471,81.2152796
C Beyond Nilaveli,8.7329599,81.1735555
Coastal Heaven Villa,6.3646998,80.0133285
Pearl Bungalow Trincomalee,8.6166361,81.2157296
Ravana Vintage Villa,8.6863125,81.1899375
Nongu Home,8.6137835,81.2157832
JEYs Place,8.6896357,81.1892228
Capital Trincomalee,8.6134264,81.2177992
Akash Premium Hotel,8.6933056,81.1920278
Hilton Cottage,8.614731,81.2169023
TRINCO VISTARA GUEST House APARTMENT,,
Trikon Villaa,8.6130269,81.2163614
Adaar,11.340472,40.390488
Uppuveli Beach by DSK,8.6038054,81.2167803
Amaranthe Bay Resort & Spa,8.6183861,81.2154727
The Coastal Hotel,8.6801442,81.1997581
Trinco Diyash Beach Hotel,8.5945508,81.2232374
The White House,38.8976763,-77.0365298
Dila Beach Resort,8.6115277,81.2168682
Nilaveli Beach Resort - Level 1 Certified,8.7199991,81.1803812
Pleasant Park Holiday Inn,8.5986856,81.219112
Nature Beach Huts,8.6535687,81.2227922
Bella Nilaveli Beach,8.671403,81.2066679
Hotel Jay R,8.611229,81.2157669
Gokanna Pearl Guest & Hostels,8.6132184,81.2172068
Lobster Inn,40.8956219,-72.4698459
Trinco Town Family Guest House,8.5796898,81.2257314
Nachchi Beach Sweet Stay,,
Hotel Tobiko,8.596878,81.2222527
Pearl Oceanic Resort - Trincomalee,8.6362051,81.2235528
Moon Isle Beach Bungalow,8.6858001,81.198318
Vibushan Guest House,8.6906694,81.1899844
108 Palms Beach Resort,8.6343782,81.2239238
Golden Beach Hotel & Restaurant,37.0090075,25.2351387
Cool Banyan Cabana,8.6136467,81.2161918
Ubay Guest House,8.6128464,81.216857
Villa Nilaveli Cabana,8.6691398,81.2095413
Cardamon Hotel Nilaveli,8.6841535,81.1991882
Oceanic White House,8.6912674,81.1920044
Edwin Villa,8.580057,81.2260282
sky blue Villa,30.4648762,-9.2060222
Laxsume Guest House Nilaveli,8.691933,81.1898138
Uga Jungle Beach - Trincomalee,8.7711668,81.1362304
Radiance Hotel,26.2064817,78.1918165
Aara Holiday Home,8.61271,81.2153778
SNP Star Guest House,8.6142518,81.2171187
Trinco Blu by Cinnamon,8.6178505,81.2175392
High Park Hotel,8.6764425,81.2039785
Bluewater Beach Resort,8.7504152,76.6945573
Elena Garden Resort and Restaurant,8.610301,81.2171703
Janas Blue Water Corner,8.5629302,81.2421617
Trinco Lagoon,8.5788325,81.2194485
White Villa Hotel,17.739366,83.307637
Annai Resort,8.080399,77.5432675
Surya Lagoon Village,8.6933899,81.1835709
N Joy Inn,8.5677431,81.2384994
Nilaveli Boutique Hotel,8.6950588,81.1902174
Silaa Cabana,8.6128506,81.2167489
Blackthorn Hotel,8.5760251,81.2294082
NN Beach Resort Nilaveli,8.6717001,81.2069355
Theevanni Resort,8.6148373,81.2165163
Liyonaa Beach Hotel,8.5971914,81.2224422
Beach life long beach resort,8.6065821,81.2185764
French Garden Regish Beachfront Hotel,8.6108728,81.2187492
T-Nova Guest House,8.577929,81.2289594
Havana Club Resort,8.6165599,81.2167968
Backpackers GuestHouse Trincomalee,8.5800446,81.2255284
Ocean Bloom Villa,8.5970269,81.2225707
Aa Inn,3.1700531,113.0428193
ITALIAN GUEST,,
The Tottam Beach Hotel - Trincomalee,8.6378457,81.2215932
Amila Guest,8.5945451,81.2158443
French garden Pragash Beach Hotel,8.6106597,81.219103
Villa Vianna,8.6752481,81.2041015
Bon Voyaage Tourist Inn,8.5777588,81.2330604
So-J Beach Villa,8.6115887,81.2172541
Sea Zone Hotel Nilaveli,8.693811,81.1913187
Natraj Guest House,8.6133801,81.217817
Anandas Beach Resort,8.6169364,81.2181979
Elvis Beach Resort,8.5969815,81.2223571
Akki's Hostel,8.6128781,81.2178998
Trinco Chill Zone Hostel,8.6167932,81.2164422
Anukama Resort,8.6692136,81.2063677
Surf reef beach,8.6073204,81.2180169
NR Villa Nilaveli,8.6915479,81.1876628
Golden Beach Cottages,8.6157444,81.2184732
Sajee Residence Trincomalee,8.5846746,81.2219547
Nilaveli Beach Hotel,8.7060623,81.1885604
Anantamaa Hotel,8.6150035,81.2177124
Trintrip Residence,8.5803452,81.2310104
Dutch Villa - Trincomalee,8.5681381,81.2386703
Bon Voyaage Villa,8.5764346,81.2331957
Nethu beach villa,,
Sunstar Nilaveli,8.6897138,81.1895637
Paris Garden Resort,8.6159698,81.2176899
Black Forest Beach Resort,8.7407988,81.1632661
Blue Diamond Resort,8.5948031,81.2229082
KPN Trinco Holiday Resort,8.6117183,81.2117485
The Reef Resort,8.6761933,81.2024205
Mithra Paradise Beach Hotel,8.675946,81.2036328
Holiday Villa,34.2428792,-83.9024021
Luna Beach Hotel,8.6929931,81.1927813
Catamaran6 Guest Inn,8.5801515,81.2285405
Blue Sand Beach Resort,8.6115391,81.2183652
Trinco Star Cabana,8.616112,81.2156704
Trinco Beach by DSK,8.5677606,81.2386331
Reheboth Hotel,38.7161206,-75.0849775
Crescent Sea Resort,8.6922321,81.1935882
La Maison de Trinco,8.5666266,81.2388573
BEACH LIFE UPPUVELI,8.6068443,81.2185356
Beach Front Villa Nilaveli,8.6758499,81.2031326
Palmera Eco Resorts Nilaveli,8.6961669,81.1817398
Hotel Coral Bay,8.6799212,81.2017745
Dyke Rest,8.5656829,81.2393899
Parallel villa,8.5982503,81.2183746
Dutch Bay Beach Cottages,8.566784,81.238746
Ypsylon Resort Ostküste,8.7295018,81.1701121
Blue Beach Hotel Trinco,8.5970363,81.2222671
Hotel Sea Shadow,8.6102412,81.2166147
Taprobane Resort,5.9666667,80.4166667
MRD Beach Hotel,8.6115816,81.2172459
NMK Trinco Holiday Inn,8.6272602,81.1866684
CEYLON VILLA NILAVELI,8.6754849,81.1964821
Nilaveli Sheen Coast,8.6753837,81.2043428
DA GREA NATURAL BEACH HOTEL,8.6530043,81.2215725
Cocolagoon eco Resort Nilaveli,8.688567,81.1858998
Blue Ocean Hotel,-8.492479,119.877179
Alffa Guest Inn,8.6131719,81.216264
Pigeon Island Beach Resort and Spa,8.712216,81.1836029
Dark waves villa,8.6795961,81.1987245
Ceylon Beach haven Uppuveli,8.6070595,81.2193023
Villa Hotel,-6.6860199,106.9579315
J7 Villaj Resort,8.6173038,81.2158737
SSS HOTEL,4.7477418,101.1176892
ROLEX GUEST HOUSE,8.6143464,81.2173835
Trinco Relax Hut,8.6120253,81.2161351
Oceanfront Condominium - Nilaveli,8.6830778,81.1994436
Hotel Sun Blue,8.6109965,81.2150819
Mallika Resort,8.5669424,81.2337024
Hotel Angel Inn Beach,8.6072866,81.2192682
Nilaveli Ayurveda Center,8.7089996,81.1768418
JKAB Beach Resort,8.5960864,81.2225973
Elegant Green Beach Resort,,
PKV Trinco Villas,8.5918461,81.2079211
WoodyCrest,40.8131165,-77.9025026
Trinco Hybrid Comfort Inn,8.5644012,81.2374079
Thirumalai Park,8.6888514,81.1866923
Trinco Caritas Guest Villa,8.5693494,81.238001
Happy Beach hotel nilaveli,8.6806479,81.2005975
Under Water Safaris and Resort,8.6134362,81.217923
Athena Guest House,51.7450796,-1.2294997
Dot sea beach cabana uppuveli,8.6015618,81.2195241
Kanapathiy Rest House,8.5881882,81.210579
Trinco Beach Resort,8.5979523,81.2217657
Sai Seashell Rest Inn Nilaveli,8.6927578,81.1921701
Ceylon Antheia Beach Resort,8.6682607,81.2103323
Nilaveli Hybrid Holiday Hotel,8.6840625,81.1915625
Sea Way Hotel,8.6946067,81.1929275
Surfing Beach Nilaveli,8.666425,81.2126906
TPK Trinco Holiday Inn,8.5961207,81.2187177
Seaside Resort,39.2955208,22.9058609
JKAB Park Hotel,8.5939893,81.2167535
New Shan Guest,,
Trinco Rest House,8.5706437,81.2370096
Secret Escape Nilaveli Ayurveda Hotel & Spa,8.7045345,81.1873072
Green Villa,44.8874452,-123.1826237
Trinco Waves,8.6033588,81.2201399
Hotel Alas Garden,8.6152053,81.2160909
TrincoBeCoolGuest & Hostel,8.615307,81.2158989
Sunshine Hotel,40.7226333,-73.9927984
Sea View Beach Hotel,8.6923424,81.1951822
Dreamscape Resort,14.1792012,121.1861978
Bellamoon Resort,8.6170217,81.2121843
PAS Villa,8.6121863,81.2158025
Trinco Salom Rooms & Restaurant,8.6128194,81.215196
Yash ViLLA,19.0293352,73.2531134
Risha villa,13.0175279,77.5904403
TBRS By Platinum Hotels,8.5980212,81.2215411
Guru Guest House,15.5808057,73.7381786
Ocean waves,,
Casa Moon Uppuveli Rooms Apartment & Hostel,8.6153841,81.2159194
Euro Asian Rooms & Restaurant,8.5866443,81.2069682
Diving Nest,8.5621542,81.2417448
Sayura Guest House,8.5973301,81.2214889
Vino lanka,7.873054,80.771797
Dot's bey beach cabanas,8.6064701,81.2187119
"Villa with Private Pool, 12 mins walk to Beach",,
RooLi Harbour Inn-Trincomalee,8.5765336,81.2249321
Rain bird guest,8.5666605,81.2386576
Raam Villa uppuveli,8.5972185,81.2201566
Aqua Dream Adventures Resort,,
Sunrise Beach Villa,27.8074608,-97.0764618
Ceylon Seaway Villa,8.6132005,81.2153943
AJ guest house,28.71259,77.29023
Holiday home for daily rent,,
K Seven Guest Inn,,
Sas Tower Hotel,,
Blue Moon Rest Inn,,
NRT Beach Hotel,35.770178,140.3843215
Vibration Nilaveli,8.6923621,81.18661
Reem Villa,32.1696012,35.8519453
T P Villas,8.686293,81.1894852
Sunrise Beach Villa Nilaveli,8.6711158,81.2064166
Trinco Ashvi Family Guest,8.5874644,81.2249374
Gowsalya Guest House - Nilaveli Trincomalee,8.6918055,81.1848559
Tiki Villa Nilaveli,8.6754931,81.2046846
Sajee Residence Nilaveli,8.6801205,81.1938019
Blue Harbour Inn,8.5737204,81.2209021
K7 Cabana,,
LM Guest House,11.9316727,79.8161753
Shara Guest House,13.0655983,80.2743644
Dream House Trincomalee,8.5843101,81.2166468
Birds Nest,,
trincomalee villa,8.6421423,81.1968079
Subra Luxury Rooms,8.6002197,81.2207743
Mehila Beach Paradise,8.5655845,81.2395233
D & D Beach Resort,13.7842006,120.6492922
Trinco Salli Beach Resort,8.6341845,81.2239238
Wings Hotel & Hostel,8.6177342,81.2166821
Kamaleshwari Villa-Trincomalee,8.5777198,81.2297575
BigJ Villas - Nilaveli,8.7056385,81.1866068
Aadhira Guest House,,
Shans Villa,13.7083979,100.6122839
Holiday home for daily rent,,
Siva Villas,9.937992,78.1475459
86-villa trincomalee,8.6019115,81.2188721
Rain bird guest,8.5666605,81.2386576
Rain bird guest,8.5666605,81.2386576
Trinco Green Inn Uppuveli,8.6033201,81.2173823
Aaraa beach house,8.5963726,81.2222977
Trinco Shalom Guest & Restaurant,,
Kanapathiy Rest House,8.5881882,81.210579
Lahi Beach Villa,8.6107865,81.2174928
Green House Holiday Villa,8.6174135,81.2166445
NM Rest House,,
The Ocean Villa,25.4656067,56.3660622
86 Villa Trincomalee,8.601748,81.218753
Ocean Villa,30.1790894,-85.8112024
Motel Apple Five,8.5928402,81.2167664
Lilac Inn,43.7981949,-73.0831451
PaviXan,,
Bienvenido Cozy Madiha,5.9373125,80.5168125
Diamond Retreat,5.9491901,80.4526062
Villa A & A Hikkaduwa,6.1160675,80.1195736
TS2W See More Beach Treehouse,5.9376593,80.5059662
Golden Beach Guest House and Restaurant,6.1225413,80.1120398
River Beach View,6.1047309,80.1263182
Pranaya Villa,5.9645095,80.7120667
Orkid villa,3.177898,101.6448604
Amanda Beach Villas,6.003216,80.258005
Moringa Mirissa,5.9469093,80.4617427
Ishq Talpe,5.9986642,80.2744482
Selenya Talpe - Boutique Villa,5.9985624,80.2746443
Luxury Living Villas,5.9380697,80.5137333
KK Beach,0.254379,32.6371062
Ceylon Epic Villa,6.4169402,80.0074463
Top Secret Beach Hotel,5.9395224,80.5684888
Villa Sukka,6.0531401,80.8615112
Sea View Apartment in Colombo -Dehiwala,6.8505274,79.8634272
Ranna Beach House,6.0638265,80.8946898
Penthouse Galle,6.0562601,80.178917
Villa Saffron Hikkaduwa,6.1221531,80.1133176
Muthu Nila villas- Mirissa,5.9646931,80.4871266
Liyonaa Beach Hotel,8.5971914,81.2224422
Vanina Villas,5.939464,80.568156
Hotel Shanelo,7.2411045,79.8424811
Avin Beach Villa,5.9990716,80.2710336
Kadella Eco Villa,6.0495835,80.7549286
Heavenly Hideaway,35.7939492,-83.5212326
Tropictide Weligama,5.9737109,80.4293545
Hotel Nilwala,6.440196,79.9934171
Ocean Life Talalla,5.9482298,80.6275863
Bay Vista,-33.8114388,151.0044689
Sandy Shores,-38.4005699,144.8103638
Ruvee Villa,5.9643221,80.405794
Ocean Breeze Sea View Luxury Apartments,,
Uppuveli Beach by DSK,8.6038054,81.2167803
Hanguk Lanka Lagoon Villa,6.0476454,80.8243355
"Villa Silversands, Negombo",7.264126,79.851911
Paradise Sunrise Villa,6.3167015,80.0301605
Dreamsea Sri Lanka,5.9715901,80.3650818
Inpan's beach resort Batticaloa,7.7491681,81.698549
Kahaii Surf hotel,5.9845262,80.3529961
Melheim Beach Kalpitiya,8.0024595,79.7247772
Namal Guest House,5.9575033,80.4178884
BNB RESIDENCIES MOUNT LAVINIA 2,6.8352179,79.8645783
Randy's Seaview Studio,7.2383399,79.8416824
Ananya Beach Resort,6.0637096,80.8881449
Sun N Sea Hotel,6.0073353,80.2521436
KOMOREBI Weligama,5.9609375,80.4196875
Ayana Beach,7.1017356,79.8451447
location weligama,5.9737109,80.4293545
Akash Premium Hotel,8.6933056,81.1920278
Dinuli Home Stay,6.3163892,80.0299528
ABR Ahangama Beach Resort,5.9726926,80.3621266
Danish Crown Hotel,6.2314426,80.053083
Sea Rock Villa,6.3826049,80.0094701
Mutu villa,5.9667201,80.6977081
Another World,,
Kalukanda House,5.9609862,80.4109416
Kurulu Garden Hotel,6.3014517,80.0435219
Culture Resort,5.9371457,80.5278015
Janas Blue Water Corner,8.5629302,81.2421617
The Dammi Place -Mirissa,5.94192,80.4720814
Sea Bay Inn Tangalle,6.0203363,80.7914506
Arabella on Boossa,6.0644511,80.1727612
Kirala Villa,6.00104,80.2632217
BLUE WHALES HOTEL,6.1265818,80.1074683
Villa Atulya at Ocean's edge,5.9378671,80.4742889
The Max Wadiya,6.2203995,80.0570351
Nil Ralla,5.9968166,80.2820208
Villa 102,50.11981,8.65826
MaSa Beach Front Apartment Uswetakeiyawa B12,7.0352593,79.860344
Ceylon Sliders,5.968017,80.4237732
Villa Tamarind - Tangalle,6.045239,80.8211441
Nikara Beach Villas Arugambay,6.857452,81.8321379
Lucky Monkey Inn and Restaurant,5.9712043,80.4258426
Mzion Hotel Weligama,5.9731915,80.4312926
"Reef Bungalow Private Villa, 6 bedrooms",7.0775399,79.8499221
Villa Amor by the Beach,6.189537,80.0652016
Glossy Lake View,6.1928143,81.2595139
Frangipani Beach Villa,6.0306525,80.7988929
The Beach House by Reveal,5.9404226,80.4917086
THE ONE Villa,18.7527595,99.0000914
Sana Studio,-6.2471068,106.8050458
Ganesh Garden Beach Cabanas,6.040401,80.8142495
Kixi Beach,6.0131202,80.2497101
Villa Gady,6.0355525,80.2517138
2 Bedroom AC Apartment in Panadura,6.7028164,79.9122492
"Sandy Shores, Beachfront, Nilaveli",8.6834297,81.1993714
Goyambokka Guesthouse,6.0094261,80.7792282
Oruwa Boutique Villa,6.8501646,81.819273
The Nest - Near Hiriketiya Beach,5.9623577,80.706811
Rehan Sunset Villa,7.2206279,79.8394066
Nivartana Villa and Purana Ayurveda Center,,
VILLA AAA WELIGAMA,5.9773731,80.4255998
Hotelito Sri Lanka,7.873054,80.771797
Coco Garden Villas 3,6.1312099,80.1038284
Villa Diyathra,6.0289046,80.7965245
Serendipity,,
Glow Accommadation,6.0335798,80.800911
Capital Trincomalee,8.6134264,81.2177992
Kashu Stay,,
A-ONE Residency,11.3289664,75.987381
Petit Paradis Hiriketiya,5.9654906,80.7054046
Sielen Diva,5.9987243,80.2706193
Villa Agrico and Surf Guest,5.965242,80.393985
Blue Sky Villa Ahangama,5.9748502,80.3615417
Bungalow By The Beach,6.0762123,80.9321634
Mount Lodge Boutique Hotel,6.833511,79.86447
Nisala Villas,5.9395916,80.5016337
Harding Boutique Hotel,5.9729287,80.3610993
White Lion Paradise Dikwella,5.9604948,80.683172
"Susha Hostel Private 1BR, Shared Bathroom, Living Area, Wi-Fi & Free Laundry",,
Avendra Holiday Inn Weligama,5.9765798,80.4364325
calm house dickwella,5.9649724,80.6871064
Bokka Almeida,6.1301483,80.106764
Villa Nature Heaven,6.0272353,80.2561717
Coastal Cocoon Studio - Negombo,7.2383452,79.8416824
Khomba Beach House,8.0540991,79.7086563
Villa Beach Heaven,35.1591568,32.5425949
Mama's Palace Hiriketiya,5.9694623,80.7070586
Marina Luxe Appartment,6.8505358,79.8627014
Marakolliya Beach Resort,6.0404614,80.8144577
Golden Pearl Private Villa Tangalle,6.0302954,80.7968611
Royal Sea Wind,5.9369233,80.527569
Saffron Robes Living,6.1363432,80.1010847
The Pearl Villa Ahangama,5.9827583,80.3510464
Swiss kiss beach resort,8.6116146,81.2173761
Serenity Villa,-33.954904,18.3804586
Kan villa,13.30932,79.379291
Infinity of Sri Lanka,6.5246875,79.9769375
Pearl Oceanic Resort - Trincomalee,8.6362051,81.2235528
The Duchess Hotel,13.7387026,100.5431206
Easy Living,,
Negombo Ocean Breeze Luxury Studio by Serendib Vacation,7.2383537,79.8417608
"Finest Retreat Tangalle - Cozy Villa & Pool, Beach Nearby",6.0217984,80.7827714
Tropical Villa - Weligama,5.9727074,80.4267304
Taru Villas 906 - Hikkaduwa,6.1182494,80.1168996
Ocean Divine Villa,6.0751004,80.9258346
Anura's Elephant,6.4491058,79.9845464
Sausiri Villa,6.1266437,80.1143799
Igabara Hobbit House,6.0541239,80.857336
KVA Talalla Beach Villa,5.9478502,80.6275101
Princess Rose Luxury Apartments,6.0036931,80.2620239
Weligama Bay Marriott Resort & Spa,5.9730503,80.4394055
Three Elements,39.988385,-75.1353956
Angel Beach Unawatuna,6.003407,80.257743
Arcade Beach Hotel,6.3878934,80.0079121
Sandaru villa,5.9635801,80.4197921
Clara's Beach Inn,8.5628197,81.2420687
The Alpha Monkey hotel & Tree house,6.0393742,80.8122546
LeisureO Hotel and Spa Negombo,7.2055208,79.8512562
The Green House Mawella,,
C Beyond Nilaveli,8.7329599,81.1735555
Mawakada Bay Residences,6.1329944,80.1008883
CJ's House at Mawella,,
Villa Wanderlust,6.1152501,80.1289978
Nisala Arana Boutique Hotel,6.42863,80.020111
Pixie Haven Lodge Hiriketiya,5.9649549,80.6989288
Sriya Family Villa Weligama,5.9703519,80.4232802
Apartment no17,6.0352825,80.2131733
Dien Dee Stays,6.1233978,80.1132671
White Pearl Villa,18.6278309,72.8931188
Negombo Morawala Beach Villa,7.2008923,79.8184073
Ocean Front View Luxury Seascape by Andrew Marian IT Company,,
Ocean Breeze Studio Apartment by Seahorse Negombo,7.2384519,79.8417664
Aaradhya Madu Ganga,6.26121,80.0604706
De Perla Resort,6.9066859,81.842116
Sky Bloom Ahangama,5.9685344,80.3722512
Sunset Villa,,
"Luxury penthouse , Nilaveli, Srilanka",8.681902,81.2001801
Lantern Boutique Hotel by Reveal,5.9397439,80.4892666
Bamboo Bay,45.0806525,-93.1323305
Arachchi Villa Tangalle,6.0124707,80.7738648
Villa Lucky Star,6.0065344,80.7797037
Gatch Villa,6.001839,80.2618848
Negombo Beach - The Breeze by Roshi,7.238332,79.8417759
"Villa bodhi Ahangama, Home stay",5.9728002,80.3709793
RKO Villa27 - Unawatuna,5.994124,80.3041458
RV Regency 19 Hotel,,
Pandanus Beach Resort & Spa,6.3797342,80.0098175
Lotus Surf House,5.9652192,80.3922802
Harohi Hotel and Residence,7.2444949,79.8463811
Arana Weligama,5.9727802,80.4338836
Nilaveli Beach Resort - Level 1 Certified,8.7199991,81.1803812
Simply Peace,5.9920232,80.7414743
JH Villa,5.9980931,80.2934041
Nethu Villa Dodanduwa,6.0995969,80.1299744
Olinda Galle,6.0399602,80.2039772
Lagoon Birds - Tangalle,6.0474375,80.8081875
Nilwala Gate wetland Stay,5.974606,80.5192957
Lucky Elephant Hotel,13.7691633,100.6479074
Avera Hills Villas Unawatuna,6.0118799,80.2605286
Le Cabanon,43.7599687,7.4633758
Would Villa Mirissa,5.9412989,80.4797516
The Quale Villa,6.0278878,80.2657089
Yathi'S Surf rest,5.9788637,80.3520265
The Find Hotel,5.9759277,80.3539853
OLA Tangalle,6.0291981,80.7979043
Hikka Beach Flat,6.1408901,80.0994034
"Peaceful Apartment unit at TRI-ZEN,Union Place",6.9193334,79.8586655
The Wasa Heaven,5.9692873,80.7106273
Yolanda Villa Negombo,7.2458233,79.8444418
Josan Villa with a Glorious Beach and Sea View,5.9933905,80.3087557
Babar Point,6.90121,81.842519
Hotel Southern Blue Sapphire,6.3882831,80.0112507
Heimathafen Hikka,6.1404228,80.0995665
Hotel Indigo,,
Surf Front,,
Esprit Bentota,6.4210739,79.9972409
Deer House Hiriketiya,5.9746604,80.7207871
MaSa Beach Front harbour view penthouse D12,14.0691719,-60.9528771
Delight Villa,6.0366134,80.7928848
Canggu Surf Hotel - Arugam Bay,6.8472186,81.8305144
Tropical Point Inn,,
Aqua Sea Beach -Villa,6.1254201,80.1114578
Whispering House,6.00854,80.7794106
Teya Beach Hotel,5.9798706,80.3463891
Gypsea' Madiha,5.9382617,80.5143518
Merchant House,29.9399834,-90.070667
Florance Nice Hotel Weligama,5.9718653,80.42709
Kirala House - Unawatuna,6.022545,80.2570438
Majestic Villa,6.0645022,80.1763382
50 CHURCH STREET - GALLE FORT,6.0257693,80.2178058
Villa 215,,
E & C Guesthouse,6.4525139,79.9803279
MILLET'S FOOD COMPANY AND COOKING CENTER,7.2641933,79.8471838
Fully Furnished 2 Bedroom Apartment with Sea View,6.8411398,79.8635178
Seagull's Nest,,
Ziba Luxury Villa,6.007793,80.7774465
Vintage 83 Tangalle,6.0158058,80.7858254
Sunset Haven,-25.9649296,28.1414795
Paradise Villa,30.3747368,-86.3561935
Nyne Hotels Rock Villa - Bentota,6.4135444,79.9995629
RIU Villa & Apartment,5.9427323,80.5308547
The Ocean Breeze Villa,6.02249,80.7933703
Ginga House,6.0561891,80.1808224
Coral Nest by Blue Bird,7.2270826,79.8425968
Sea view - Luxury Apartments by Tyronne,7.238335,79.8417157
Nilaveli Bay Villa by Ceylon Spaces,8.6664353,81.2114868
Nico Beach Hotel,6.1109229,80.1242915
Sunny's Garden Hotel,6.1955621,80.0632302
Cielo Hiriketiya,5.9636235,80.707341
Surasa Beach Resort,5.9721559,80.4283031
Kavin Beach Hotel Hikkaduwa,6.1103332,80.1251347
701 Mawella Villa,5.9909392,80.7436317
Midigama Lucky Villa,5.9708238,80.3939511
Villa Sea Breeze,7.1101286,79.8430996
Balance Beach Resort,5.9637241,80.6902308
blue water family hikkaduwa,6.1320057,80.1152573
Eraeliya Villas & Gardens,5.9581638,80.4138777
South Sea Villa,5.9638295,80.3924217
Jetwing Kottukal Beach House,6.8822433,81.8443996
Luxury Beachfront Stay - Sheki Sands,41.1974753,47.1571241
Beach Club Apartments,32.6848048,-114.6303701
Coco Cottage Kite Surfing-Kalpitiya,8.2295281,79.7596142
Hotel Blackstone,6.1480843,81.1269563
Coffee Shade,5.9668533,80.3923661
Chami Villa Bentota,6.42101,79.997757
Nimal`s Homestay,6.1034774,80.1285099
Ocean Breeze Negombo- TidesEnd Luxury Beach Apartments,7.2055208,79.8512562
The Beach Front Apartment - A Beach front in Colombo,6.9270786,79.861243
Mango Villa,5.9409671,80.5119171
Olu Beach Villa,6.2175011,80.057855
Gray house up,5.9664531,80.4525375
Dream Ivory Hiriketiya,5.9687484,80.7029633
BEACH HAVEN NILAVELI,8.6824386,81.2001243
Hidden Negombo By Sana's,7.2307342,79.8411436
"Jetwing Lighthouse, A Luxury Reserve",6.0421658,80.1947705
Garcinia Leaf,6.1331826,80.1237074
Uga Prāva - Tangalle,6.0035641,80.7704179
Secret Gem,,
Tropical Beach House Hikkaduwa,6.1186784,80.1164158
Lucky Bay,-33.7061674,137.0419
Samudra Beach Villa,5.9935076,80.3014673
THE SLOW vegan hotel,5.9424283,80.4647843
Lake View Villa - Tangalle,6.0172801,80.7811814
Ocean Breeze by DOXA,7.2655101,79.8564682
Hemalie Resort Mirissa,6.5694351,79.9662619
VIVAS Residencies Luxury Apartments,6.8688502,79.8672866
Ronaya Surf Waves,5.9627772,80.7037314
Neems paradise,9.8203592,80.2321167
Sakura Surf Lanka Hotel & Restaurant,5.973438,80.4366344
Wind Villa Weligama Bay - Vacation House,5.9716001,80.424787
Alovera inn weligama,5.9757846,80.434899
Bellini Blue Villa,6.0035733,80.2570694
Azuri Bay,13.0109396,80.2541023
Wirges Villa - hikkaduwa,6.1236377,80.1278458
Ubuntu Beach Villas by Reveal,5.940449,80.4905202
Coco Breeze Villa,21.7969114,-72.1665451
Koddu Kalpitiya,8.2588985,79.7644303
Colombo Emperor Residencies,6.9184711,79.8478539
OCEAN BREEZE - WAVES LUXURY CONDO,,
Sandhara Home Stay,6.0085814,80.7765921
Aga Surf View,6.0051916,80.7672479
Sanu Surfing Villa,5.9751656,80.4337467
"Villa Thamburu, Bentota",6.3912924,80.0065013
Riff Hikkaduwa,6.1197553,80.1157308
Eton Villa,34.0214671,74.7736902
The Heritage Hotel Galle Fort,6.0267066,80.2181396
Sayura Beach Hotel,6.000533,80.26274
Interlanka Coast Living,5.9810528,80.3522568
Greenparrot-Villa,33.7636697,-117.8671977
Serein Beach Hotel,6.040193,80.8132934
Ocean Light Mirissa,5.9433057,80.4646331
Villa D40,5.9583974,80.4159927
Fathers Place Hiriketiya,,
The Coastal Hotel,8.6801442,81.1997581
Sagarika Beach Hotel,6.4481196,79.9844213
Villa Happy Nest - Hikkaduwa,6.1180434,80.1181565
Heavens Sky Talpe,6.0009954,80.2781262
The Pleasure Kosgoda,6.3315896,80.0287094
Beach Escape,,
Lakshmi Family Villa,7.2307035,79.8435662
Amal Beach Hotel,6.4111672,80.0002004
Taru Villas The Long House - Bentota,6.4128933,80.0005614
Rhapsody Villa by The Lake,6.1224824,80.132636
Aavy's by Bluesky,6.0008548,80.2656299
LUMI CASA MIRISSA,5.94981,80.4584885
Villa Hideout,5.9591098,80.414032
Paradise Beach House - 3 Bedrooms Apartment in Habaraduwa,5.9981891,80.3090152
Falkennest Villa,6.6814799,79.9227295
Ayubowan Swiss Lanka Bungalow Resort,6.4102959,80.001304
Island House Hiriketiya,6.5459713,80.1135454
Amwaj Blue Cabana Arugambay,6.8264064,81.8269617
Negombo Beach - The Breeze by Glorious Holidays,7.2383327,79.8416672
Sea Breeze Heaven,6.0034664,80.7628682
The Bartizan Galle Fort,6.0256258,80.2160341
Atrium Hiriketiya,5.9639158,80.7074275
Talalla Bay Beach,5.9473377,80.6248182
K T Resort - Ahangama,5.9767007,80.3537169
Beacon By The Bay Villas and Suites by the Clarks,5.9262629,80.5957718
Bosilu Villa,5.9631767,80.4203481
Ritter Kreuz Cabana Resort,6.0535579,80.8569565
SRI LANKAN VILLA,5.977427,80.3628006
Pinnacle Pearl Hiriketiya,5.9640298,80.7070365
Coastal Grove Lodge,6.1404953,80.109241
Sea Breeze Villa Weligama,5.9727884,80.4381342
Villa Khiara & Sumali Hikkaduwa,6.1254902,80.1118393
Blue Moon Villa,11.2530013,75.8220017
Kaas Villas - Entire Two Bedroom Villa With Private Pool & Garden,,
Lanka Beach Boutique Bungalows & Grand Villa,7.873054,80.771797
Ocean Beach House,5.9385023,80.5342331
Unakuruwa silent beach villa,6.005659,80.77177
Kuma's Villa Weligama,5.9600933,80.4894321
Dream Villa - Tangalle,6.0232401,80.7939377
Grand Villa Kalametiya,6.1100192,80.9319305
Ravo Hotel,6.0376154,80.2265717
Dula Guest Home - Tangalle,6.0257883,80.7921295
HIRI Fortress,5.9658472,80.7095436
Blue Peacock Beach House,6.118773,80.1163635
Reefline Villa,5.9609374,80.4197139
Tiny QT Villa,6.0402804,80.2027893
Terra Resort,5.9809591,80.3452715
Bluewater Beach Resort,8.7504152,76.6945573
BRICK VILLA,18.9102078,73.3282624
TM Villa Madiha,5.9383825,80.5136944
Bay Surf Monkey Villa 05 Double Rooms with 05 Pvt Bathrooms With AC & 2 kitchens,5.9783106,80.4423904
High Park Hotel,8.6764425,81.2039785
Pearl Divers Beachfront Apartment,6.0089865,80.2507935
Halcyon Rest,6.1406202,80.1004028
Three Gables Boutique Villa,5.939509,80.4882468
Serene Villa,5.5293498,100.4964142
Villa White Queen Resort & Spa,6.0453695,80.219985
drongo place,-30.7128193,30.4656454
Asa Bay Beach Resort,5.9959207,80.2857015
Darshana Beach Hotel,6.327923,80.0310441
Villa Blu,6.0765634,80.9331398
Beachfront Colombo 03 Bed Apartment,6.900996,79.8548823
R Degrees Boutique Hotel & Spa,6.2430114,80.0484906
Seaview Mountain Villa,5.9457698,80.4632187
Champagne Villa,18.0861804,-77.9642904
Dream Home Holiday Stay,6.1371999,80.1029816
The Six Weligama,5.9609467,80.3999726
Uwon Resort,5.9587569,80.4158078
Vivid Colombo,6.8709923,79.8608232
Villa Nilnara,6.2953569,80.0384039
White Villa Hotel,17.739366,83.307637
Dolphinchilling,8.0419102,79.7122421
Indiana villa Koggala,5.9854584,80.3315048
Villa Tanderra,6.0763513,80.932248
Tangalle Rest House,6.02282,80.799706
"Haus am Meer ""Wilde Ananas""",5.9940704,80.2976547
Indika's Apartment,6.1255698,80.1095886
"Beach House Kalukatiya - Family Villa, Seaview Room, Garden Room, Beach Cabana",5.9573388,80.6610488
Oceanfront condo 3-2-01- Nilaveli,8.6830778,81.1994436
La Playa Beach Club,26.2612456,-81.8242112
Aaryana Lagoon,6.0501193,80.8226465
The Stables Oceanfront Hotel Midigama,5.9625519,80.3955022
SKY Heaven,32.242768,76.332716
Taru Villas Mawella - Tangalle,5.998569,80.747657
ThiThi's Palace Mirissa,5.9391634,80.4865093
Blue Waves Surf House - Beach Hotel,30.5094315,-9.6752239
Stay 7 villa,5.9748001,80.6942596
Stay Ceylon - Weligama,5.9723781,80.4304898
Drop Inn Studios,5.9762096,80.3582706
Prime Wave Residence,6.8397264,79.8637472
Adorable Villa Tangalle,6.0294368,80.7926986
Moon Bay,37.4635519,-122.4285862
IMAGINE Villa Hotel,5.9400846,80.496513
Coast 67 Boutique Hotel,5.9773746,80.3520421
Skyline & bitcoin coffee lodge,6.6274569,79.94211
Sandul Villa,6.4616622,79.9876767
Hotel UK Pasikuda,7.9213735,81.5709091
Endlessblue Resort Kalametiya,6.0751121,80.9258228
Surftunnel Beach Resort,5.9613125,80.3978125
Hidden Garden Tangalle,6.0372081,80.8045733
The Baysura Arugambay,6.8491231,81.8305054
La Playa Villas Hiriketiya,5.9599451,80.7030388
10 BR Apartments - Galle City,6.0369894,80.2132572
WILSON VILLA,43.3108367,-78.8218531
Dutch Canel Retreat Boutique Villa With Free Airport Pickup,7.2521138,79.845807
Charleston's Ahangama,5.9837978,80.3488598
Candella House,5.9993467,80.2698017
"Luxury Penthouse, Beachfront, Nilaveli",8.6820059,81.2002487
Joansa Luxury Beachfront Apartment,7.042136,79.858717
Cinnamon Paradise,5.978934,80.3680191
Ralla Nilaveli,8.6824328,81.2000943
Family Tides Guest,30.3817806,-86.4035797
Elaya Resort Unawatuna,6.0113852,80.2411604
Mosvold Villa,5.9763598,80.35353
Araliya Villa,6.2763972,80.0561294
Sabine Holiday Resort and Restaurant,,
Casa Carmen Hostel,,
Villa Olu,6.0546398,80.179306
Royal Beach Hotel Hikkaduwa,6.1257579,80.1074072
Abi Resort,5.9658304,80.384104
US Cabanas,8.667015,81.204567
Galle Face Hotel,6.920578,79.846069
Zeleny Retreat Home Stay,5.9462499,80.4980392
Moonlight beach,-38.7492678,143.2049164
LaRoy -Mirissa,5.9443417,80.4667198
"3 Bed Private Villa With Pool, 250m To The Beach",5.976573,80.3566285
"Stonewater Beach Villa, Negombo",7.0925109,79.8470804
Harbor Moon,45.0271395,-84.6754306
Shandaru Blue Bentota,6.3909678,80.0067183
Beach Bliss,-34.0110817,24.9296513
BAYU COVE Private Villa,6.0565277,80.8667145
Avila Nilaveli Beach,8.6723657,81.205188
Niketh Villa Komari Arugambay 450m From Light House Surf Point,7.0208601,81.8726771
Brizo Paradiso,5.9379134,80.5219354
"Araliya OceanFront Condos Nilaveli, Trincomalee",8.683735,81.199864
Ocean Breeze Villa,33.7160969,-118.0164388
Villa D8,7.9454794,98.2861557
Khomba Lodge,6.0299638,80.7980783
Lagoon gate Tangalle Resort,6.0528702,80.8445404
Roman Beach Hotel,6.1221426,80.1129907
Ohana Surf Guest House,5.9705546,80.3674617
Luxury apartment in capital twinpeaks colombo,6.9195279,79.8548663
Villa Hikka 08,6.138292,80.0997606
Movi Holiday Apartment,6.4251399,80.0050964
Luminozo Beach Hotel,5.9710807,80.4433873
Ging View Villa,6.040896,80.2019845
Weligama Bay Watsila Resort,5.9674965,80.452769
IBSON Villa - 02 Hikkaduwa with 4 Bedrooms & Salt Water Swimming Pool,6.1580591,80.0918122
Sansun Guesthouse,5.9537459,80.4528268
Paradise Bay,35.9835122,14.3322804
lunar mirissa,5.9405503,80.4838409
Selnara Private Luxury Villa and Ayurveda Spa,6.4506701,79.9870341
Beach heaven villa,5.9401265,80.57238
Home Stay Madiha,5.9401498,80.5119171
Talalla Leisure,5.9471267,80.6310122
Golden Wave,,
Percy Residence,6.0006099,80.2697677
Hotel Ferola,5.935807,80.5211471
Nethra Beach,6.0943701,80.1359946
Inn Sea Horizon Ahungalla,6.3155191,80.0304674
JJ JungleJoy Villa,6.0130801,80.2391968
Mountain Relax Inn,5.9606194,80.4046751
Yehen's Villa Ground floor,6.0216398,80.2459717
Sisikirana Villa (Luxury Villa in Galle),6.017787,80.2498474
Ran Villa,5.9778399,80.3650201
Haven Beach Hiri - Hiriketiya,5.9614667,80.7065292
Rockside Cabanas Hotel,5.999959,80.264909
THE SANCTUARY- Tangalle,6.0637207,80.8985443
Blu Marine Nilaveli,8.6893836,81.1900689
Yala Mila Villa,6.2151006,81.2923302
White parrot beach villa,6.220037,80.0571823
Thilini Guset House,5.9706049,80.3938403
Ocean Breeze Residence- Negombo,7.2652302,79.8565598
Island tropical retreat,6.0008125,80.7473125
The Waves Unawatuna,6.0090255,80.2446848
Walatta House,6.0017848,80.7609176
Bliss Beach,-30.38023,30.6996403
City Beach Apartment,,
Villa Mer Vue,6.2176966,80.0573486
Freedom River House Villa,5.9677801,80.3860779
Seethani Beach Hotel,,
Sidangana House Ahangama,5.9767948,80.3630447
The Teak Ambalangoda,6.2390428,80.0521943
Surf Gangs Arugambay,6.8439357,81.8309554
Mangrove Beach Cabana,6.0429263,80.8241958
"NatureSurf Villas - Private Garden Retreat at Hiriketiya Beach SPA, Surf & Relaxation",5.9626648,80.7009234
Fr Resort,34.7444205,128.0355281
Silver Ferns Flat,6.1407299,80.099678
Ro Rich Villa,7.1208656,79.8409123
Sentido Heritance Negombo,7.2348583,79.8408631
Kumu Beach,6.2554562,80.0390697
Royal Indigo Villa,5.997407,80.279116
