web_scraper_order,web_scraper_start_url,pagination,data,data2,data3,data4,data5,data6,data7,data8,data9,data10,data11,data12,image
"1777053257-1","https://www.booking.com/searchresults.html?label=bristol-XLwodozx2dVe8Ts0XeYuawS752260715469%3Apl%3Ata%3Ap1%3Ap2%3Aac%3Aap%3Aneg%3Afi%3Atikwd-869815001187%3Alp1009919%3Ali%3Adec%3Adm%3Appccp%3DUmFuZG9tSVYkc2RlIyh9YXdX6HrtnYy-Ml68sH-ljtU&aid=311984&dest_id=198&dest_type=country&group_adults=2&req_adults=2&no_rooms=1&broad_search_not_eligible=1&order=score&nflt=ht_id%3D204%3Bht_id%3D213%3Bht_id%3D201%3Bht_id%3D216%3Bht_id%3D222%3Bht_id%3D206%3Btop_destinations%3D6017%3Btop_destinations%3D5509%3Bpopular_nearby_landmarks%3D900074815%3Bpopular_nearby_landmarks%3D900053658%3Bpopular_nearby_landmarks%3D900075026%3Bpopular_nearby_landmarks%3D900059447%3Bpopular_nearby_landmarks%3D900075025%3Bht_id%3D221","","Sundaras Sigiriya Jungles Resort","Scored 10","10","Value for money 10","Located in Dambulla, 12 miles from Sigiriya Rock, Sundaras Sigiriya Jungles Resort provides accommodations with a garden, free private parking, a terrace and a restaurant.","· 6 reviews","Opens in new window","Dambulla","Show prices","Exceptional","Show on map","New to Booking.com","https://cf.bstatic.com/xdata/images/hotel/square600/851046227.webp?k=6fce69e81706a105f0191014c664e33a9d83b1492a2600486c565775983f22ae&o="
"1777053257-2","https://www.booking.com/searchresults.html?label=bristol-XLwodozx2dVe8Ts0XeYuawS752260715469%3Apl%3Ata%3Ap1%3Ap2%3Aac%3Aap%3Aneg%3Afi%3Atikwd-869815001187%3Alp1009919%3Ali%3Adec%3Adm%3Appccp%3DUmFuZG9tSVYkc2RlIyh9YXdX6HrtnYy-Ml68sH-ljtU&aid=311984&dest_id=198&dest_type=country&group_adults=2&req_adults=2&no_rooms=1&broad_search_not_eligible=1&order=score&nflt=ht_id%3D204%3Bht_id%3D213%3Bht_id%3D201%3Bht_id%3D216%3Bht_id%3D222%3Bht_id%3D206%3Btop_destinations%3D6017%3Btop_destinations%3D5509%3Bpopular_nearby_landmarks%3D900074815%3Bpopular_nearby_landmarks%3D900053658%3Bpopular_nearby_landmarks%3D900075026%3Bpopular_nearby_landmarks%3D900059447%3Bpopular_nearby_landmarks%3D900075025%3Bht_id%3D221","","The Classic Crown Sigiriya","Scored 10","10","Value for money 10","Located in Sigiriya, 2.2 miles from Pidurangala Rock, The Classic Crown Sigiriya has accommodations with a garden, free WiFi, room service, and a 24-hour front desk.","· 7 reviews","Opens in new window","Sigiriya","Show prices","Exceptional","Show on map","New to Booking.com","https://cf.bstatic.com/xdata/images/hotel/square600/822162654.webp?k=cef7c7adf59bab3db7fedcf9ca1bd2f714236b49c36fac7a52450caaa18f5909&o="
"1777053257-3","https://www.booking.com/searchresults.html?label=bristol-XLwodozx2dVe8Ts0XeYuawS752260715469%3Apl%3Ata%3Ap1%3Ap2%3Aac%3Aap%3Aneg%3Afi%3Atikwd-869815001187%3Alp1009919%3Ali%3Adec%3Adm%3Appccp%3DUmFuZG9tSVYkc2RlIyh9YXdX6HrtnYy-Ml68sH-ljtU&aid=311984&dest_id=198&dest_type=country&group_adults=2&req_adults=2&no_rooms=1&broad_search_not_eligible=1&order=score&nflt=ht_id%3D204%3Bht_id%3D213%3Bht_id%3D201%3Bht_id%3D216%3Bht_id%3D222%3Bht_id%3D206%3Btop_destinations%3D6017%3Btop_destinations%3D5509%3Bpopular_nearby_landmarks%3D900074815%3Bpopular_nearby_landmarks%3D900053658%3Bpopular_nearby_landmarks%3D900075026%3Bpopular_nearby_landmarks%3D900059447%3Bpopular_nearby_landmarks%3D900075025%3Bht_id%3D221","","Serenity house in Dambulla","Scored 10","10","Value for money 9.9","Serenity house in Dambulla is located in Dambulla, just 12 miles from Sigiriya Rock and 14 miles from Pidurangala Rock. This property offers access to a terrace and free private parking.","· 35 reviews","Opens in new window","Dambulla","Show prices","Exceptional","Show on map","","https://cf.bstatic.com/xdata/images/hotel/square600/590297329.webp?k=d2dd82adae0d0ed0824f5e09167b661f18f2416c54638df685456661850a05cf&o="
"1777053257-4","https://www.booking.com/searchresults.html?label=bristol-XLwodozx2dVe8Ts0XeYuawS752260715469%3Apl%3Ata%3Ap1%3Ap2%3Aac%3Aap%3Aneg%3Afi%3Atikwd-869815001187%3Alp1009919%3Ali%3Adec%3Adm%3Appccp%3DUmFuZG9tSVYkc2RlIyh9YXdX6HrtnYy-Ml68sH-ljtU&aid=311984&dest_id=198&dest_type=country&group_adults=2&req_adults=2&no_rooms=1&broad_search_not_eligible=1&order=score&nflt=ht_id%3D204%3Bht_id%3D213%3Bht_id%3D201%3Bht_id%3D216%3Bht_id%3D222%3Bht_id%3D206%3Btop_destinations%3D6017%3Btop_destinations%3D5509%3Bpopular_nearby_landmarks%3D900074815%3Bpopular_nearby_landmarks%3D900053658%3Bpopular_nearby_landmarks%3D900075026%3Bpopular_nearby_landmarks%3D900059447%3Bpopular_nearby_landmarks%3D900075025%3Bht_id%3D221","","The Mirror Wall Sigiriya","Scored 9.9","9.9","Value for money 9.9","Located in Sigiriya, within 2.4 miles of Sigiriya Rock and 2.5 miles of Pidurangala Rock, The Mirror Wall Sigiriya has accommodations with a terrace as well as free private parking for guests who...","· 40 reviews","Opens in new window","Sigiriya","Show prices","Exceptional","Show on map","","https://cf.bstatic.com/xdata/images/hotel/square600/749902387.webp?k=f9e4e34f4f0280c3f2a138f51bc95130329da22447644e18d4e0e0f5e624469f&o="
"1777053257-5","https://www.booking.com/searchresults.html?label=bristol-XLwodozx2dVe8Ts0XeYuawS752260715469%3Apl%3Ata%3Ap1%3Ap2%3Aac%3Aap%3Aneg%3Afi%3Atikwd-869815001187%3Alp1009919%3Ali%3Adec%3Adm%3Appccp%3DUmFuZG9tSVYkc2RlIyh9YXdX6HrtnYy-Ml68sH-ljtU&aid=311984&dest_id=198&dest_type=country&group_adults=2&req_adults=2&no_rooms=1&broad_search_not_eligible=1&order=score&nflt=ht_id%3D204%3Bht_id%3D213%3Bht_id%3D201%3Bht_id%3D216%3Bht_id%3D222%3Bht_id%3D206%3Btop_destinations%3D6017%3Btop_destinations%3D5509%3Bpopular_nearby_landmarks%3D900074815%3Bpopular_nearby_landmarks%3D900053658%3Bpopular_nearby_landmarks%3D900075026%3Bpopular_nearby_landmarks%3D900059447%3Bpopular_nearby_landmarks%3D900075025%3Bht_id%3D221","","Simoya Nature Park","Scored 9.8","9.8","Value for money 9.8","Offering garden views, Simoya Nature Park in Dambulla provides accommodations and a garden. Both free Wifi and parking on-site are accessible at the guest house free of charge.","· 362 reviews","Opens in new window","Dambulla","Show prices","Exceptional","Show on map","","https://cf.bstatic.com/xdata/images/hotel/square600/327593049.webp?k=0fffed7687f1d09cde351cf866810d918d7a9ddac6a7d0821945b313a06a39c7&o="
"1777053257-6","https://www.booking.com/searchresults.html?label=bristol-XLwodozx2dVe8Ts0XeYuawS752260715469%3Apl%3Ata%3Ap1%3Ap2%3Aac%3Aap%3Aneg%3Afi%3Atikwd-869815001187%3Alp1009919%3Ali%3Adec%3Adm%3Appccp%3DUmFuZG9tSVYkc2RlIyh9YXdX6HrtnYy-Ml68sH-ljtU&aid=311984&dest_id=198&dest_type=country&group_adults=2&req_adults=2&no_rooms=1&broad_search_not_eligible=1&order=score&nflt=ht_id%3D204%3Bht_id%3D213%3Bht_id%3D201%3Bht_id%3D216%3Bht_id%3D222%3Bht_id%3D206%3Btop_destinations%3D6017%3Btop_destinations%3D5509%3Bpopular_nearby_landmarks%3D900074815%3Bpopular_nearby_landmarks%3D900053658%3Bpopular_nearby_landmarks%3D900075026%3Bpopular_nearby_landmarks%3D900059447%3Bpopular_nearby_landmarks%3D900075025%3Bht_id%3D221","","Green Earth Resort","Scored 9.8","9.8","Value for money 10","Located in Dambulla, 12 miles from Sigiriya Rock, Green Earth Resort provides accommodations with a garden, free private parking, a terrace and a restaurant.","· 28 reviews","Opens in new window","Dambulla","Show prices","Exceptional","Show on map","","https://cf.bstatic.com/xdata/images/hotel/square600/728938896.webp?k=5f2d05b29c9a05c0f48557f4f229c8c2874eb038e55e8343430576fecac85056&o="
"1777053257-7","https://www.booking.com/searchresults.html?label=bristol-XLwodozx2dVe8Ts0XeYuawS752260715469%3Apl%3Ata%3Ap1%3Ap2%3Aac%3Aap%3Aneg%3Afi%3Atikwd-869815001187%3Alp1009919%3Ali%3Adec%3Adm%3Appccp%3DUmFuZG9tSVYkc2RlIyh9YXdX6HrtnYy-Ml68sH-ljtU&aid=311984&dest_id=198&dest_type=country&group_adults=2&req_adults=2&no_rooms=1&broad_search_not_eligible=1&order=score&nflt=ht_id%3D204%3Bht_id%3D213%3Bht_id%3D201%3Bht_id%3D216%3Bht_id%3D222%3Bht_id%3D206%3Btop_destinations%3D6017%3Btop_destinations%3D5509%3Bpopular_nearby_landmarks%3D900074815%3Bpopular_nearby_landmarks%3D900053658%3Bpopular_nearby_landmarks%3D900075026%3Bpopular_nearby_landmarks%3D900059447%3Bpopular_nearby_landmarks%3D900075025%3Bht_id%3D221","","Mamisa Café, Home stay","Scored 9.8","9.8","Value for money 9.7","Featuring free Wifi, parking on-site, and an open-air bath, the recently renovated property Mamisa Café, Home stay offers accommodations in Habarana, 7.5 miles from Pidurangala Rock and 8 miles from...","· 96 reviews","Opens in new window","Habarana","Show prices","Exceptional","Show on map","","https://cf.bstatic.com/xdata/images/hotel/square600/705570005.webp?k=824db8765af454cb6c21e3eb95fde613a142dbcffe1bb9de2e94da98854827d8&o="
"1777053257-8","https://www.booking.com/searchresults.html?label=bristol-XLwodozx2dVe8Ts0XeYuawS752260715469%3Apl%3Ata%3Ap1%3Ap2%3Aac%3Aap%3Aneg%3Afi%3Atikwd-869815001187%3Alp1009919%3Ali%3Adec%3Adm%3Appccp%3DUmFuZG9tSVYkc2RlIyh9YXdX6HrtnYy-Ml68sH-ljtU&aid=311984&dest_id=198&dest_type=country&group_adults=2&req_adults=2&no_rooms=1&broad_search_not_eligible=1&order=score&nflt=ht_id%3D204%3Bht_id%3D213%3Bht_id%3D201%3Bht_id%3D216%3Bht_id%3D222%3Bht_id%3D206%3Btop_destinations%3D6017%3Btop_destinations%3D5509%3Bpopular_nearby_landmarks%3D900074815%3Bpopular_nearby_landmarks%3D900053658%3Bpopular_nearby_landmarks%3D900075026%3Bpopular_nearby_landmarks%3D900059447%3Bpopular_nearby_landmarks%3D900075025%3Bht_id%3D221","","TANTOR RESORT Hotel and spa Habarana","Scored 9.7","9.7","Value for money 9.7","Located in Habarana, 8.2 miles from Pidurangala Rock, TANTOR RESORT Hotel and spa Habarana provides accommodations with an outdoor swimming pool, free private parking, a garden and a terrace.","· 138 reviews","Opens in new window","Habarana","Show prices","Exceptional","Show on map","","https://cf.bstatic.com/xdata/images/hotel/square600/693706448.webp?k=d94eec0f934dfc3f998567a3d6c14aa1976cd2cf0e9f846129bd43818f5bb637&o="
"1777053257-9","https://www.booking.com/searchresults.html?label=bristol-XLwodozx2dVe8Ts0XeYuawS752260715469%3Apl%3Ata%3Ap1%3Ap2%3Aac%3Aap%3Aneg%3Afi%3Atikwd-869815001187%3Alp1009919%3Ali%3Adec%3Adm%3Appccp%3DUmFuZG9tSVYkc2RlIyh9YXdX6HrtnYy-Ml68sH-ljtU&aid=311984&dest_id=198&dest_type=country&group_adults=2&req_adults=2&no_rooms=1&broad_search_not_eligible=1&order=score&nflt=ht_id%3D204%3Bht_id%3D213%3Bht_id%3D201%3Bht_id%3D216%3Bht_id%3D222%3Bht_id%3D206%3Btop_destinations%3D6017%3Btop_destinations%3D5509%3Bpopular_nearby_landmarks%3D900074815%3Bpopular_nearby_landmarks%3D900053658%3Bpopular_nearby_landmarks%3D900075026%3Bpopular_nearby_landmarks%3D900059447%3Bpopular_nearby_landmarks%3D900075025%3Bht_id%3D221","","Sigiriya Moonlight Home","Scored 9.7","9.7","Value for money 9.9","Offering garden views, Sigiriya Moonlight Home in Sigiriya features accommodations and a garden. This property offers access to a terrace, free private parking, and free Wifi.","· 147 reviews","Opens in new window","Sigiriya","Show prices","Exceptional","Show on map","","https://cf.bstatic.com/xdata/images/hotel/square600/700031734.webp?k=5aeaf2fce50181f36367098150a3fd254e0a1e953d2dfc7cd31550afbcf63dab&o="
"1777053257-10","https://www.booking.com/searchresults.html?label=bristol-XLwodozx2dVe8Ts0XeYuawS752260715469%3Apl%3Ata%3Ap1%3Ap2%3Aac%3Aap%3Aneg%3Afi%3Atikwd-869815001187%3Alp1009919%3Ali%3Adec%3Adm%3Appccp%3DUmFuZG9tSVYkc2RlIyh9YXdX6HrtnYy-Ml68sH-ljtU&aid=311984&dest_id=198&dest_type=country&group_adults=2&req_adults=2&no_rooms=1&broad_search_not_eligible=1&order=score&nflt=ht_id%3D204%3Bht_id%3D213%3Bht_id%3D201%3Bht_id%3D216%3Bht_id%3D222%3Bht_id%3D206%3Btop_destinations%3D6017%3Btop_destinations%3D5509%3Bpopular_nearby_landmarks%3D900074815%3Bpopular_nearby_landmarks%3D900053658%3Bpopular_nearby_landmarks%3D900075026%3Bpopular_nearby_landmarks%3D900059447%3Bpopular_nearby_landmarks%3D900075025%3Bht_id%3D221","","Mashi's Villa","Scored 9.6","9.6","Value for money 9.8","Mashi's Villa is a recently renovated guest house in Sigiriya near Wildlife Range Office - Sigiriya. This property offers access to a terrace, free private parking, and free Wifi.","· 78 reviews","Opens in new window","Sigiriya","Show prices","Exceptional","Show on map","","https://cf.bstatic.com/xdata/images/hotel/square600/704802206.webp?k=6a1342403984e3b496d73855987d8904ecefacc8da640af4b342ff01a8253c82&o="
"1777053257-11","https://www.booking.com/searchresults.html?label=bristol-XLwodozx2dVe8Ts0XeYuawS752260715469%3Apl%3Ata%3Ap1%3Ap2%3Aac%3Aap%3Aneg%3Afi%3Atikwd-869815001187%3Alp1009919%3Ali%3Adec%3Adm%3Appccp%3DUmFuZG9tSVYkc2RlIyh9YXdX6HrtnYy-Ml68sH-ljtU&aid=311984&dest_id=198&dest_type=country&group_adults=2&req_adults=2&no_rooms=1&broad_search_not_eligible=1&order=score&nflt=ht_id%3D204%3Bht_id%3D213%3Bht_id%3D201%3Bht_id%3D216%3Bht_id%3D222%3Bht_id%3D206%3Btop_destinations%3D6017%3Btop_destinations%3D5509%3Bpopular_nearby_landmarks%3D900074815%3Bpopular_nearby_landmarks%3D900053658%3Bpopular_nearby_landmarks%3D900075026%3Bpopular_nearby_landmarks%3D900059447%3Bpopular_nearby_landmarks%3D900075025%3Bht_id%3D221","","Thal Sewana","Scored 9.6","9.6","Value for money 9.6","Thal Sewana offers pet-friendly accommodations in Sigiriya. Guests can enjoy the on-site restaurant. Free WiFi is offered throughout the property and free private parking is available on site.","· 668 reviews","Opens in new window","Sigiriya","Show prices","Exceptional","Show on map","","https://cf.bstatic.com/xdata/images/hotel/square600/201539490.webp?k=ff831f27a60695fd5ef445780812899b4e39fcfe8ebd03f06089e6cb232ff04f&o="
"1777053257-12","https://www.booking.com/searchresults.html?label=bristol-XLwodozx2dVe8Ts0XeYuawS752260715469%3Apl%3Ata%3Ap1%3Ap2%3Aac%3Aap%3Aneg%3Afi%3Atikwd-869815001187%3Alp1009919%3Ali%3Adec%3Adm%3Appccp%3DUmFuZG9tSVYkc2RlIyh9YXdX6HrtnYy-Ml68sH-ljtU&aid=311984&dest_id=198&dest_type=country&group_adults=2&req_adults=2&no_rooms=1&broad_search_not_eligible=1&order=score&nflt=ht_id%3D204%3Bht_id%3D213%3Bht_id%3D201%3Bht_id%3D216%3Bht_id%3D222%3Bht_id%3D206%3Btop_destinations%3D6017%3Btop_destinations%3D5509%3Bpopular_nearby_landmarks%3D900074815%3Bpopular_nearby_landmarks%3D900053658%3Bpopular_nearby_landmarks%3D900075026%3Bpopular_nearby_landmarks%3D900059447%3Bpopular_nearby_landmarks%3D900075025%3Bht_id%3D221","","Lion Wood Treehouse","Scored 9.6","9.6","Value for money 9.8","Featuring garden views, Lion Wood Treehouse in Talkote offers accommodations and a garden. This property offers access to a balcony and free private parking.","· 112 reviews","Opens in new window","Talkote","Show prices","Exceptional","Show on map","","https://cf.bstatic.com/xdata/images/hotel/square600/769740446.webp?k=c71712ebbd0d07f8c5a2d6eb6d9952d19cd0b4789aab2046a595634b38d94f39&o="
"1777053257-13","https://www.booking.com/searchresults.html?label=bristol-XLwodozx2dVe8Ts0XeYuawS752260715469%3Apl%3Ata%3Ap1%3Ap2%3Aac%3Aap%3Aneg%3Afi%3Atikwd-869815001187%3Alp1009919%3Ali%3Adec%3Adm%3Appccp%3DUmFuZG9tSVYkc2RlIyh9YXdX6HrtnYy-Ml68sH-ljtU&aid=311984&dest_id=198&dest_type=country&group_adults=2&req_adults=2&no_rooms=1&broad_search_not_eligible=1&order=score&nflt=ht_id%3D204%3Bht_id%3D213%3Bht_id%3D201%3Bht_id%3D216%3Bht_id%3D222%3Bht_id%3D206%3Btop_destinations%3D6017%3Btop_destinations%3D5509%3Bpopular_nearby_landmarks%3D900074815%3Bpopular_nearby_landmarks%3D900053658%3Bpopular_nearby_landmarks%3D900075026%3Bpopular_nearby_landmarks%3D900059447%3Bpopular_nearby_landmarks%3D900075025%3Bht_id%3D221","","Villa ONE66","Scored 9.6","9.6","Value for money 9.9","Located in Dambulla, 12 miles from Sigiriya Rock, Villa ONE66 provides accommodations with a garden, free private parking, a terrace and a restaurant.","· 58 reviews","Opens in new window","Dambulla","Show prices","Exceptional","Show on map","","https://cf.bstatic.com/xdata/images/hotel/square600/747269220.webp?k=bb1ffd639eef04325a7d231d13d70722e323b5562dbf3bde95826fd4941167aa&o="
"1777053257-14","https://www.booking.com/searchresults.html?label=bristol-XLwodozx2dVe8Ts0XeYuawS752260715469%3Apl%3Ata%3Ap1%3Ap2%3Aac%3Aap%3Aneg%3Afi%3Atikwd-869815001187%3Alp1009919%3Ali%3Adec%3Adm%3Appccp%3DUmFuZG9tSVYkc2RlIyh9YXdX6HrtnYy-Ml68sH-ljtU&aid=311984&dest_id=198&dest_type=country&group_adults=2&req_adults=2&no_rooms=1&broad_search_not_eligible=1&order=score&nflt=ht_id%3D204%3Bht_id%3D213%3Bht_id%3D201%3Bht_id%3D216%3Bht_id%3D222%3Bht_id%3D206%3Btop_destinations%3D6017%3Btop_destinations%3D5509%3Bpopular_nearby_landmarks%3D900074815%3Bpopular_nearby_landmarks%3D900053658%3Bpopular_nearby_landmarks%3D900075026%3Bpopular_nearby_landmarks%3D900059447%3Bpopular_nearby_landmarks%3D900075025%3Bht_id%3D221","","Sigiri sandaru Home stay","Scored 9.6","9.6","Value for money 9.3","Featuring a garden, Sigiri sandaru Home stay offers accommodations in Sigiriya. This property offers access to a terrace, free private parking, and free Wifi.","· 7 reviews","Opens in new window","Sigiriya","Show prices","Exceptional","Show on map","","https://cf.bstatic.com/xdata/images/hotel/square600/786811829.webp?k=b86b228ed0a3e4354a55f4e48da0d458e53f0ea2dc3afa5daab43b4239998a3b&o="
"1777053257-15","https://www.booking.com/searchresults.html?label=bristol-XLwodozx2dVe8Ts0XeYuawS752260715469%3Apl%3Ata%3Ap1%3Ap2%3Aac%3Aap%3Aneg%3Afi%3Atikwd-869815001187%3Alp1009919%3Ali%3Adec%3Adm%3Appccp%3DUmFuZG9tSVYkc2RlIyh9YXdX6HrtnYy-Ml68sH-ljtU&aid=311984&dest_id=198&dest_type=country&group_adults=2&req_adults=2&no_rooms=1&broad_search_not_eligible=1&order=score&nflt=ht_id%3D204%3Bht_id%3D213%3Bht_id%3D201%3Bht_id%3D216%3Bht_id%3D222%3Bht_id%3D206%3Btop_destinations%3D6017%3Btop_destinations%3D5509%3Bpopular_nearby_landmarks%3D900074815%3Bpopular_nearby_landmarks%3D900053658%3Bpopular_nearby_landmarks%3D900075026%3Bpopular_nearby_landmarks%3D900059447%3Bpopular_nearby_landmarks%3D900075025%3Bht_id%3D221","","Ritz Villa Habarana","Scored 9.6","9.6","Value for money 10","6.6 miles from Pidurangala Rock in Habarana, Ritz Villa Habarana features accommodations with access to wellness packages. This property offers access to a terrace and free private parking.","· 6 reviews","Opens in new window","Habarana","Show prices","Exceptional","Show on map","","https://cf.bstatic.com/xdata/images/hotel/square600/646380180.webp?k=57f863e6c53dc1adda5afbbbcedfc2f8b53e2387b098436f80198f281e1d554f&o="
"1777053257-16","https://www.booking.com/searchresults.html?label=bristol-XLwodozx2dVe8Ts0XeYuawS752260715469%3Apl%3Ata%3Ap1%3Ap2%3Aac%3Aap%3Aneg%3Afi%3Atikwd-869815001187%3Alp1009919%3Ali%3Adec%3Adm%3Appccp%3DUmFuZG9tSVYkc2RlIyh9YXdX6HrtnYy-Ml68sH-ljtU&aid=311984&dest_id=198&dest_type=country&group_adults=2&req_adults=2&no_rooms=1&broad_search_not_eligible=1&order=score&nflt=ht_id%3D204%3Bht_id%3D213%3Bht_id%3D201%3Bht_id%3D216%3Bht_id%3D222%3Bht_id%3D206%3Btop_destinations%3D6017%3Btop_destinations%3D5509%3Bpopular_nearby_landmarks%3D900074815%3Bpopular_nearby_landmarks%3D900053658%3Bpopular_nearby_landmarks%3D900075026%3Bpopular_nearby_landmarks%3D900059447%3Bpopular_nearby_landmarks%3D900075025%3Bht_id%3D221","","il Frangipane","Scored 9.5","9.5","Value for money 9.5","Located in Sigiriya, 1.2 miles from Sigiriya Rock, il Frangipane provides accommodations with an outdoor swimming pool, free private parking, a garden and a terrace.","· 1,602 reviews","Opens in new window","Sigiriya","Show prices","Exceptional","Show on map","","https://cf.bstatic.com/xdata/images/hotel/square600/281508576.webp?k=2e2e9cf17301b425fe5e333870b2ee531113fad39d0fee56aae6d4c341c6738e&o="
"1777053257-17","https://www.booking.com/searchresults.html?label=bristol-XLwodozx2dVe8Ts0XeYuawS752260715469%3Apl%3Ata%3Ap1%3Ap2%3Aac%3Aap%3Aneg%3Afi%3Atikwd-869815001187%3Alp1009919%3Ali%3Adec%3Adm%3Appccp%3DUmFuZG9tSVYkc2RlIyh9YXdX6HrtnYy-Ml68sH-ljtU&aid=311984&dest_id=198&dest_type=country&group_adults=2&req_adults=2&no_rooms=1&broad_search_not_eligible=1&order=score&nflt=ht_id%3D204%3Bht_id%3D213%3Bht_id%3D201%3Bht_id%3D216%3Bht_id%3D222%3Bht_id%3D206%3Btop_destinations%3D6017%3Btop_destinations%3D5509%3Bpopular_nearby_landmarks%3D900074815%3Bpopular_nearby_landmarks%3D900053658%3Bpopular_nearby_landmarks%3D900075026%3Bpopular_nearby_landmarks%3D900059447%3Bpopular_nearby_landmarks%3D900075025%3Bht_id%3D221","","Taru Villas Maia - Habarana","Scored 9.5","9.5","Value for money 9.0","Taru Villas Maia - Habarana features an outdoor swimming pool, garden, a terrace and bar in Habarana. This 5-star resort offers a 24-hour front desk, luggage storage space and free WiFi.","· 143 reviews","Opens in new window","Habarana","Show prices","Exceptional","Show on map","","https://cf.bstatic.com/xdata/images/hotel/square600/399277005.webp?k=219d00e3df7d1eef30892f3497437df36f97b7f2578436381b6f574fc5a55f8d&o="
"1777053257-18","https://www.booking.com/searchresults.html?label=bristol-XLwodozx2dVe8Ts0XeYuawS752260715469%3Apl%3Ata%3Ap1%3Ap2%3Aac%3Aap%3Aneg%3Afi%3Atikwd-869815001187%3Alp1009919%3Ali%3Adec%3Adm%3Appccp%3DUmFuZG9tSVYkc2RlIyh9YXdX6HrtnYy-Ml68sH-ljtU&aid=311984&dest_id=198&dest_type=country&group_adults=2&req_adults=2&no_rooms=1&broad_search_not_eligible=1&order=score&nflt=ht_id%3D204%3Bht_id%3D213%3Bht_id%3D201%3Bht_id%3D216%3Bht_id%3D222%3Bht_id%3D206%3Btop_destinations%3D6017%3Btop_destinations%3D5509%3Bpopular_nearby_landmarks%3D900074815%3Bpopular_nearby_landmarks%3D900053658%3Bpopular_nearby_landmarks%3D900075026%3Bpopular_nearby_landmarks%3D900059447%3Bpopular_nearby_landmarks%3D900075025%3Bht_id%3D221","","Sigiriya King's Resort","Scored 9.5","9.5","Value for money 9.1","Located in Sigiriya, 1.2 miles from Pidurangala Rock, Sigiriya King's Resort provides accommodations with free bikes, free private parking, an outdoor swimming pool and a fitness center.","· 615 reviews","Opens in new window","Sigiriya","Show prices","Exceptional","Show on map","","https://cf.bstatic.com/xdata/images/hotel/square600/182234367.webp?k=58254007cb9f64426050bdd16118f0391a5e31618d4da0d0c52d1aa5519f3838&o="
"1777053257-19","https://www.booking.com/searchresults.html?label=bristol-XLwodozx2dVe8Ts0XeYuawS752260715469%3Apl%3Ata%3Ap1%3Ap2%3Aac%3Aap%3Aneg%3Afi%3Atikwd-869815001187%3Alp1009919%3Ali%3Adec%3Adm%3Appccp%3DUmFuZG9tSVYkc2RlIyh9YXdX6HrtnYy-Ml68sH-ljtU&aid=311984&dest_id=198&dest_type=country&group_adults=2&req_adults=2&no_rooms=1&broad_search_not_eligible=1&order=score&nflt=ht_id%3D204%3Bht_id%3D213%3Bht_id%3D201%3Bht_id%3D216%3Bht_id%3D222%3Bht_id%3D206%3Btop_destinations%3D6017%3Btop_destinations%3D5509%3Bpopular_nearby_landmarks%3D900074815%3Bpopular_nearby_landmarks%3D900053658%3Bpopular_nearby_landmarks%3D900075026%3Bpopular_nearby_landmarks%3D900059447%3Bpopular_nearby_landmarks%3D900075025%3Bht_id%3D221","","Paddy Field View Lodge Sigiriya","Scored 9.5","9.5","Value for money 9.9","Located in Sigiriya, 1.8 miles from Sigiriya Rock, Paddy Field View Lodge Sigiriya provides accommodations with a garden, free WiFi, room service, and a 24-hour front desk.","· 21 reviews","Opens in new window","Sigiriya","Show prices","Exceptional","Show on map","","https://cf.bstatic.com/xdata/images/hotel/square600/799220137.webp?k=0512774b7f333486f9b6869c639b9c494d817fc6c31fd2cd08a1fce2e6104bbf&o="
"1777053257-20","https://www.booking.com/searchresults.html?label=bristol-XLwodozx2dVe8Ts0XeYuawS752260715469%3Apl%3Ata%3Ap1%3Ap2%3Aac%3Aap%3Aneg%3Afi%3Atikwd-869815001187%3Alp1009919%3Ali%3Adec%3Adm%3Appccp%3DUmFuZG9tSVYkc2RlIyh9YXdX6HrtnYy-Ml68sH-ljtU&aid=311984&dest_id=198&dest_type=country&group_adults=2&req_adults=2&no_rooms=1&broad_search_not_eligible=1&order=score&nflt=ht_id%3D204%3Bht_id%3D213%3Bht_id%3D201%3Bht_id%3D216%3Bht_id%3D222%3Bht_id%3D206%3Btop_destinations%3D6017%3Btop_destinations%3D5509%3Bpopular_nearby_landmarks%3D900074815%3Bpopular_nearby_landmarks%3D900053658%3Bpopular_nearby_landmarks%3D900075026%3Bpopular_nearby_landmarks%3D900059447%3Bpopular_nearby_landmarks%3D900075025%3Bht_id%3D221","","Roo Mansala Boutique Villas","Scored 9.5","9.5","Value for money 9.1","Roo Mansala Boutique Villas offers accommodations in Sigiriya, one mile from Pidurangala Rock and 1.8 miles from Sigiriya Rock.","· 488 reviews","Opens in new window","Sigiriya","Show prices","Exceptional","Show on map","","https://cf.bstatic.com/xdata/images/hotel/square600/222197685.webp?k=97a5433fd8dc5527ce180ad73ee77e684715ecc3a7ba892bb3965a09326c0d75&o="
"1777053257-21","https://www.booking.com/searchresults.html?label=bristol-XLwodozx2dVe8Ts0XeYuawS752260715469%3Apl%3Ata%3Ap1%3Ap2%3Aac%3Aap%3Aneg%3Afi%3Atikwd-869815001187%3Alp1009919%3Ali%3Adec%3Adm%3Appccp%3DUmFuZG9tSVYkc2RlIyh9YXdX6HrtnYy-Ml68sH-ljtU&aid=311984&dest_id=198&dest_type=country&group_adults=2&req_adults=2&no_rooms=1&broad_search_not_eligible=1&order=score&nflt=ht_id%3D204%3Bht_id%3D213%3Bht_id%3D201%3Bht_id%3D216%3Bht_id%3D222%3Bht_id%3D206%3Btop_destinations%3D6017%3Btop_destinations%3D5509%3Bpopular_nearby_landmarks%3D900074815%3Bpopular_nearby_landmarks%3D900053658%3Bpopular_nearby_landmarks%3D900075026%3Bpopular_nearby_landmarks%3D900059447%3Bpopular_nearby_landmarks%3D900075025%3Bht_id%3D221","","Royal Garden","Scored 9.5","9.5","Value for money 10","Located in Dambulla, 12 miles from Sigiriya Rock, Royal Garden has accommodations with an outdoor swimming pool, free private parking, a garden and a terrace.","· 6 reviews","Opens in new window","Dambulla","Show prices","Exceptional","Show on map","New to Booking.com","https://cf.bstatic.com/xdata/images/hotel/square600/823089958.webp?k=e2da4be2df1823e98a6daf16830d93a2e725dcd4a2231a6fbb25a48eaf704335&o="
"1777053257-22","https://www.booking.com/searchresults.html?label=bristol-XLwodozx2dVe8Ts0XeYuawS752260715469%3Apl%3Ata%3Ap1%3Ap2%3Aac%3Aap%3Aneg%3Afi%3Atikwd-869815001187%3Alp1009919%3Ali%3Adec%3Adm%3Appccp%3DUmFuZG9tSVYkc2RlIyh9YXdX6HrtnYy-Ml68sH-ljtU&aid=311984&dest_id=198&dest_type=country&group_adults=2&req_adults=2&no_rooms=1&broad_search_not_eligible=1&order=score&nflt=ht_id%3D204%3Bht_id%3D213%3Bht_id%3D201%3Bht_id%3D216%3Bht_id%3D222%3Bht_id%3D206%3Btop_destinations%3D6017%3Btop_destinations%3D5509%3Bpopular_nearby_landmarks%3D900074815%3Bpopular_nearby_landmarks%3D900053658%3Bpopular_nearby_landmarks%3D900075026%3Bpopular_nearby_landmarks%3D900059447%3Bpopular_nearby_landmarks%3D900075025%3Bht_id%3D221","","Jungle Crown Cabin","Scored 9.5","9.5","Value for money 9.6","Located in Sigiriya, within 1.8 miles of Pidurangala Rock and 3 miles of Sigiriya Rock, Jungle Crown Cabin provides accommodations with a terrace as well as free private parking for guests who drive.","· 35 reviews","Opens in new window","Sigiriya","Show prices","Exceptional","Show on map","","https://cf.bstatic.com/xdata/images/hotel/square600/733568376.webp?k=139265392773bb5abbc29ef511d9863f4f05fde4c1e85be6e15b78b8fb99a5cd&o="
"1777053257-23","https://www.booking.com/searchresults.html?label=bristol-XLwodozx2dVe8Ts0XeYuawS752260715469%3Apl%3Ata%3Ap1%3Ap2%3Aac%3Aap%3Aneg%3Afi%3Atikwd-869815001187%3Alp1009919%3Ali%3Adec%3Adm%3Appccp%3DUmFuZG9tSVYkc2RlIyh9YXdX6HrtnYy-Ml68sH-ljtU&aid=311984&dest_id=198&dest_type=country&group_adults=2&req_adults=2&no_rooms=1&broad_search_not_eligible=1&order=score&nflt=ht_id%3D204%3Bht_id%3D213%3Bht_id%3D201%3Bht_id%3D216%3Bht_id%3D222%3Bht_id%3D206%3Btop_destinations%3D6017%3Btop_destinations%3D5509%3Bpopular_nearby_landmarks%3D900074815%3Bpopular_nearby_landmarks%3D900053658%3Bpopular_nearby_landmarks%3D900075026%3Bpopular_nearby_landmarks%3D900059447%3Bpopular_nearby_landmarks%3D900075025%3Bht_id%3D221","","Kalum home","Scored 9.5","9.5","Value for money 9.5","Providing garden views, Kalum home in Sigiriya offers accommodations and a garden. This homestay provides free private parking, full-day security, and free Wifi.","· 50 reviews","Opens in new window","Sigiriya","Show prices","Exceptional","Show on map","","https://cf.bstatic.com/xdata/images/hotel/square600/502403584.webp?k=140095eed955c3b592329717db1f9b84247bd5311989c74dd1d20cb88c20207a&o="
"1777053257-24","https://www.booking.com/searchresults.html?label=bristol-XLwodozx2dVe8Ts0XeYuawS752260715469%3Apl%3Ata%3Ap1%3Ap2%3Aac%3Aap%3Aneg%3Afi%3Atikwd-869815001187%3Alp1009919%3Ali%3Adec%3Adm%3Appccp%3DUmFuZG9tSVYkc2RlIyh9YXdX6HrtnYy-Ml68sH-ljtU&aid=311984&dest_id=198&dest_type=country&group_adults=2&req_adults=2&no_rooms=1&broad_search_not_eligible=1&order=score&nflt=ht_id%3D204%3Bht_id%3D213%3Bht_id%3D201%3Bht_id%3D216%3Bht_id%3D222%3Bht_id%3D206%3Btop_destinations%3D6017%3Btop_destinations%3D5509%3Bpopular_nearby_landmarks%3D900074815%3Bpopular_nearby_landmarks%3D900053658%3Bpopular_nearby_landmarks%3D900075026%3Bpopular_nearby_landmarks%3D900059447%3Bpopular_nearby_landmarks%3D900075025%3Bht_id%3D221","","Sigiri Arana Sigiriya","Scored 9.5","9.5","Value for money 9.5","Providing mountain views, Sigiri Arana Sigiriya in Sigiriya features accommodations and a garden. This property offers access to a terrace, free private parking, and free Wifi.","· 130 reviews","Opens in new window","Sigiriya","Show prices","Exceptional","Show on map","","https://cf.bstatic.com/xdata/images/hotel/square600/789039352.webp?k=444d864a4c5933ae8fba5ebf36f6680edbe1842e7a5047d1ef00853a982add78&o="
"1777053257-25","https://www.booking.com/searchresults.html?label=bristol-XLwodozx2dVe8Ts0XeYuawS752260715469%3Apl%3Ata%3Ap1%3Ap2%3Aac%3Aap%3Aneg%3Afi%3Atikwd-869815001187%3Alp1009919%3Ali%3Adec%3Adm%3Appccp%3DUmFuZG9tSVYkc2RlIyh9YXdX6HrtnYy-Ml68sH-ljtU&aid=311984&dest_id=198&dest_type=country&group_adults=2&req_adults=2&no_rooms=1&broad_search_not_eligible=1&order=score&nflt=ht_id%3D204%3Bht_id%3D213%3Bht_id%3D201%3Bht_id%3D216%3Bht_id%3D222%3Bht_id%3D206%3Btop_destinations%3D6017%3Btop_destinations%3D5509%3Bpopular_nearby_landmarks%3D900074815%3Bpopular_nearby_landmarks%3D900053658%3Bpopular_nearby_landmarks%3D900075026%3Bpopular_nearby_landmarks%3D900059447%3Bpopular_nearby_landmarks%3D900075025%3Bht_id%3D221","","Sigiri Jungle Villa","Scored 9.5","9.5","Value for money 9.7","Located in Sigiriya, 1.4 miles from Sigiriya Rock and 3.3 miles from Pidurangala Rock, Sigiri Jungle Villa provides accommodations with free WiFi, air conditioning, a garden and a terrace.","· 292 reviews","Opens in new window","Sigiriya","Show prices","Exceptional","Show on map","","https://cf.bstatic.com/xdata/images/hotel/square600/346086536.webp?k=4193412383730a4064171da6f62ac4e38424373e68bbaea9c1a646c25917e89e&o="
"1777053257-26","https://www.booking.com/searchresults.html?label=bristol-XLwodozx2dVe8Ts0XeYuawS752260715469%3Apl%3Ata%3Ap1%3Ap2%3Aac%3Aap%3Aneg%3Afi%3Atikwd-869815001187%3Alp1009919%3Ali%3Adec%3Adm%3Appccp%3DUmFuZG9tSVYkc2RlIyh9YXdX6HrtnYy-Ml68sH-ljtU&aid=311984&dest_id=198&dest_type=country&group_adults=2&req_adults=2&no_rooms=1&broad_search_not_eligible=1&order=score&nflt=ht_id%3D204%3Bht_id%3D213%3Bht_id%3D201%3Bht_id%3D216%3Bht_id%3D222%3Bht_id%3D206%3Btop_destinations%3D6017%3Btop_destinations%3D5509%3Bpopular_nearby_landmarks%3D900074815%3Bpopular_nearby_landmarks%3D900053658%3Bpopular_nearby_landmarks%3D900075026%3Bpopular_nearby_landmarks%3D900059447%3Bpopular_nearby_landmarks%3D900075025%3Bht_id%3D221","","Jm Resort","Scored 9.5","9.5","Value for money 9.6","Located in Dambulla, 12 miles from Sigiriya Rock, Jm Resort has accommodations with a garden, free private parking and a terrace.","· 68 reviews","Opens in new window","Dambulla","Show prices","Exceptional","Show on map","","https://cf.bstatic.com/xdata/images/hotel/square600/587201578.webp?k=9b756ee857094550173a7ab837408f9707ea8214d3e2d821833ae93f56c3845d&o="
"1777053257-27","https://www.booking.com/searchresults.html?label=bristol-XLwodozx2dVe8Ts0XeYuawS752260715469%3Apl%3Ata%3Ap1%3Ap2%3Aac%3Aap%3Aneg%3Afi%3Atikwd-869815001187%3Alp1009919%3Ali%3Adec%3Adm%3Appccp%3DUmFuZG9tSVYkc2RlIyh9YXdX6HrtnYy-Ml68sH-ljtU&aid=311984&dest_id=198&dest_type=country&group_adults=2&req_adults=2&no_rooms=1&broad_search_not_eligible=1&order=score&nflt=ht_id%3D204%3Bht_id%3D213%3Bht_id%3D201%3Bht_id%3D216%3Bht_id%3D222%3Bht_id%3D206%3Btop_destinations%3D6017%3Btop_destinations%3D5509%3Bpopular_nearby_landmarks%3D900074815%3Bpopular_nearby_landmarks%3D900053658%3Bpopular_nearby_landmarks%3D900075026%3Bpopular_nearby_landmarks%3D900059447%3Bpopular_nearby_landmarks%3D900075025%3Bht_id%3D221","","Amuna Villa","Scored 9.5","9.5","Value for money 10","Offering garden views, Amuna Villa in Habarana features accommodations, a garden, and a terrace.","· 6 reviews","Opens in new window","Habarana","Show prices","Exceptional","Show on map","","https://cf.bstatic.com/xdata/images/hotel/square600/823040879.webp?k=75cb60b0e05f1a1a7146a8c409b0a9eed75c7d7eb4d462dee1128e365e7291e5&o="
"1777053257-28","https://www.booking.com/searchresults.html?label=bristol-XLwodozx2dVe8Ts0XeYuawS752260715469%3Apl%3Ata%3Ap1%3Ap2%3Aac%3Aap%3Aneg%3Afi%3Atikwd-869815001187%3Alp1009919%3Ali%3Adec%3Adm%3Appccp%3DUmFuZG9tSVYkc2RlIyh9YXdX6HrtnYy-Ml68sH-ljtU&aid=311984&dest_id=198&dest_type=country&group_adults=2&req_adults=2&no_rooms=1&broad_search_not_eligible=1&order=score&nflt=ht_id%3D204%3Bht_id%3D213%3Bht_id%3D201%3Bht_id%3D216%3Bht_id%3D222%3Bht_id%3D206%3Btop_destinations%3D6017%3Btop_destinations%3D5509%3Bpopular_nearby_landmarks%3D900074815%3Bpopular_nearby_landmarks%3D900053658%3Bpopular_nearby_landmarks%3D900075026%3Bpopular_nearby_landmarks%3D900059447%3Bpopular_nearby_landmarks%3D900075025%3Bht_id%3D221","","Hornbill Forest Habarana","Scored 9.4","9.4","Value for money 9.4","Located in Habarana, 6.5 miles from Pidurangala Rock, Hornbill Forest Habarana has accommodations with an outdoor swimming pool, free private parking, a garden and a terrace.","· 92 reviews","Opens in new window","Habarana","Show prices","Wonderful","Show on map","","https://cf.bstatic.com/xdata/images/hotel/square600/560866154.webp?k=3323707e06538d7c0197e822487c84e69ae93a0e74e8fe7e27238a87f1d30fc8&o="
"1777053257-29","https://www.booking.com/searchresults.html?label=bristol-XLwodozx2dVe8Ts0XeYuawS752260715469%3Apl%3Ata%3Ap1%3Ap2%3Aac%3Aap%3Aneg%3Afi%3Atikwd-869815001187%3Alp1009919%3Ali%3Adec%3Adm%3Appccp%3DUmFuZG9tSVYkc2RlIyh9YXdX6HrtnYy-Ml68sH-ljtU&aid=311984&dest_id=198&dest_type=country&group_adults=2&req_adults=2&no_rooms=1&broad_search_not_eligible=1&order=score&nflt=ht_id%3D204%3Bht_id%3D213%3Bht_id%3D201%3Bht_id%3D216%3Bht_id%3D222%3Bht_id%3D206%3Btop_destinations%3D6017%3Btop_destinations%3D5509%3Bpopular_nearby_landmarks%3D900074815%3Bpopular_nearby_landmarks%3D900053658%3Bpopular_nearby_landmarks%3D900075026%3Bpopular_nearby_landmarks%3D900059447%3Bpopular_nearby_landmarks%3D900075025%3Bht_id%3D221","","Private Pool Sun Shade Resort & Spa","Scored 9.4","9.4","Value for money 9.3","Located in Habarana, 8.3 miles from Pidurangala Rock, Private Pool Sun Shade Resort & Spa has accommodations with an outdoor swimming pool, free private parking, a garden and a terrace.","· 49 reviews","Opens in new window","Habarana","Show prices","Wonderful","Show on map","","https://cf.bstatic.com/xdata/images/hotel/square600/727219936.webp?k=cab73661d2e8c5cd14c28da3301137f1910012de506c0f8a2093a5db0f09aea6&o="
"1777053257-30","https://www.booking.com/searchresults.html?label=bristol-XLwodozx2dVe8Ts0XeYuawS752260715469%3Apl%3Ata%3Ap1%3Ap2%3Aac%3Aap%3Aneg%3Afi%3Atikwd-869815001187%3Alp1009919%3Ali%3Adec%3Adm%3Appccp%3DUmFuZG9tSVYkc2RlIyh9YXdX6HrtnYy-Ml68sH-ljtU&aid=311984&dest_id=198&dest_type=country&group_adults=2&req_adults=2&no_rooms=1&broad_search_not_eligible=1&order=score&nflt=ht_id%3D204%3Bht_id%3D213%3Bht_id%3D201%3Bht_id%3D216%3Bht_id%3D222%3Bht_id%3D206%3Btop_destinations%3D6017%3Btop_destinations%3D5509%3Bpopular_nearby_landmarks%3D900074815%3Bpopular_nearby_landmarks%3D900053658%3Bpopular_nearby_landmarks%3D900075026%3Bpopular_nearby_landmarks%3D900059447%3Bpopular_nearby_landmarks%3D900075025%3Bht_id%3D221","","Vihangi Guesthouse","Scored 9.4","9.4","Value for money 9.8","Providing garden views, Vihangi Guesthouse in Dambulla features accommodations, a garden, and a terrace.","· 62 reviews","Opens in new window","Dambulla","Show prices","Wonderful","Show on map","","https://cf.bstatic.com/xdata/images/hotel/square600/171304456.webp?k=13db89dba168373e28b06215f83daf1db57286831be101c54f2ec5bb67784986&o="
"1777053257-31","https://www.booking.com/searchresults.html?label=bristol-XLwodozx2dVe8Ts0XeYuawS752260715469%3Apl%3Ata%3Ap1%3Ap2%3Aac%3Aap%3Aneg%3Afi%3Atikwd-869815001187%3Alp1009919%3Ali%3Adec%3Adm%3Appccp%3DUmFuZG9tSVYkc2RlIyh9YXdX6HrtnYy-Ml68sH-ljtU&aid=311984&dest_id=198&dest_type=country&group_adults=2&req_adults=2&no_rooms=1&broad_search_not_eligible=1&order=score&nflt=ht_id%3D204%3Bht_id%3D213%3Bht_id%3D201%3Bht_id%3D216%3Bht_id%3D222%3Bht_id%3D206%3Btop_destinations%3D6017%3Btop_destinations%3D5509%3Bpopular_nearby_landmarks%3D900074815%3Bpopular_nearby_landmarks%3D900053658%3Bpopular_nearby_landmarks%3D900075026%3Bpopular_nearby_landmarks%3D900059447%3Bpopular_nearby_landmarks%3D900075025%3Bht_id%3D221","","Thathsara Holiday Inn","Scored 9.4","9.4","Value for money 9.7","Just a 4-minute walk from Wildlife Range Office - Sigiriya and 1.1 miles from Sigiriya Museum, Thathsara Holiday Inn features accommodations in Sigiriya, with a shared lounge.","· 158 reviews","Opens in new window","Sigiriya","Show prices","Wonderful","Show on map","","https://cf.bstatic.com/xdata/images/hotel/square600/331266277.webp?k=7c6580279f41e170044013056cab426b9c1e0143fb392ad269d3755ddc615ed9&o="
"1777053257-32","https://www.booking.com/searchresults.html?label=bristol-XLwodozx2dVe8Ts0XeYuawS752260715469%3Apl%3Ata%3Ap1%3Ap2%3Aac%3Aap%3Aneg%3Afi%3Atikwd-869815001187%3Alp1009919%3Ali%3Adec%3Adm%3Appccp%3DUmFuZG9tSVYkc2RlIyh9YXdX6HrtnYy-Ml68sH-ljtU&aid=311984&dest_id=198&dest_type=country&group_adults=2&req_adults=2&no_rooms=1&broad_search_not_eligible=1&order=score&nflt=ht_id%3D204%3Bht_id%3D213%3Bht_id%3D201%3Bht_id%3D216%3Bht_id%3D222%3Bht_id%3D206%3Btop_destinations%3D6017%3Btop_destinations%3D5509%3Bpopular_nearby_landmarks%3D900074815%3Bpopular_nearby_landmarks%3D900053658%3Bpopular_nearby_landmarks%3D900075026%3Bpopular_nearby_landmarks%3D900059447%3Bpopular_nearby_landmarks%3D900075025%3Bht_id%3D221","","Sundaras Infinity Jungle Resort & Spa","Scored 9.3","9.3","Value for money 9.3","Located in Dambulla, 12 miles from Sigiriya Rock, Sundaras Infinity Jungle Resort & Spa provides accommodations with an outdoor swimming pool, free private parking, a garden and a terrace.","· 160 reviews","Opens in new window","Dambulla","Show prices","Wonderful","Show on map","","https://cf.bstatic.com/xdata/images/hotel/square600/850669030.webp?k=f3d5c33e2783a72f0cb504ab517e6ba0e93ded095ff68928e3c9ba5c462c9d49&o="
"1777053257-33","https://www.booking.com/searchresults.html?label=bristol-XLwodozx2dVe8Ts0XeYuawS752260715469%3Apl%3Ata%3Ap1%3Ap2%3Aac%3Aap%3Aneg%3Afi%3Atikwd-869815001187%3Alp1009919%3Ali%3Adec%3Adm%3Appccp%3DUmFuZG9tSVYkc2RlIyh9YXdX6HrtnYy-Ml68sH-ljtU&aid=311984&dest_id=198&dest_type=country&group_adults=2&req_adults=2&no_rooms=1&broad_search_not_eligible=1&order=score&nflt=ht_id%3D204%3Bht_id%3D213%3Bht_id%3D201%3Bht_id%3D216%3Bht_id%3D222%3Bht_id%3D206%3Btop_destinations%3D6017%3Btop_destinations%3D5509%3Bpopular_nearby_landmarks%3D900074815%3Bpopular_nearby_landmarks%3D900053658%3Bpopular_nearby_landmarks%3D900075026%3Bpopular_nearby_landmarks%3D900059447%3Bpopular_nearby_landmarks%3D900075025%3Bht_id%3D221","","Sigiri Saman Home Stay","Scored 9.3","9.3","Value for money 9.6","Sigiri Saman Home Stay offers wellness packages and air-conditioned accommodations in Sigiriya, a 15-minute walk from Sigiriya Rock.","· 1,068 reviews","Opens in new window","Sigiriya","Show prices","Wonderful","Show on map","","https://cf.bstatic.com/xdata/images/hotel/square600/379433865.webp?k=f0a60a8f9828cae30255e4308bf3a7b960d3997fa7025fa5a11c85ef1faaea6f&o="
"1777053257-34","https://www.booking.com/searchresults.html?label=bristol-XLwodozx2dVe8Ts0XeYuawS752260715469%3Apl%3Ata%3Ap1%3Ap2%3Aac%3Aap%3Aneg%3Afi%3Atikwd-869815001187%3Alp1009919%3Ali%3Adec%3Adm%3Appccp%3DUmFuZG9tSVYkc2RlIyh9YXdX6HrtnYy-Ml68sH-ljtU&aid=311984&dest_id=198&dest_type=country&group_adults=2&req_adults=2&no_rooms=1&broad_search_not_eligible=1&order=score&nflt=ht_id%3D204%3Bht_id%3D213%3Bht_id%3D201%3Bht_id%3D216%3Bht_id%3D222%3Bht_id%3D206%3Btop_destinations%3D6017%3Btop_destinations%3D5509%3Bpopular_nearby_landmarks%3D900074815%3Bpopular_nearby_landmarks%3D900053658%3Bpopular_nearby_landmarks%3D900075026%3Bpopular_nearby_landmarks%3D900059447%3Bpopular_nearby_landmarks%3D900075025%3Bht_id%3D221","","The Other Corner Habarana","Scored 9.3","9.3","Value for money 8.8","The Other Corner Habarana has an outdoor swimming pool, garden, a terrace and restaurant in Habarana.","· 23 reviews","Opens in new window","Habarana","Show prices","Wonderful","Show on map","","https://cf.bstatic.com/xdata/images/hotel/square600/641738039.webp?k=4e6879516612d5c156cd0e4b360c97a79797babc3d5672d474abc2e805358860&o="
"1777053257-35","https://www.booking.com/searchresults.html?label=bristol-XLwodozx2dVe8Ts0XeYuawS752260715469%3Apl%3Ata%3Ap1%3Ap2%3Aac%3Aap%3Aneg%3Afi%3Atikwd-869815001187%3Alp1009919%3Ali%3Adec%3Adm%3Appccp%3DUmFuZG9tSVYkc2RlIyh9YXdX6HrtnYy-Ml68sH-ljtU&aid=311984&dest_id=198&dest_type=country&group_adults=2&req_adults=2&no_rooms=1&broad_search_not_eligible=1&order=score&nflt=ht_id%3D204%3Bht_id%3D213%3Bht_id%3D201%3Bht_id%3D216%3Bht_id%3D222%3Bht_id%3D206%3Btop_destinations%3D6017%3Btop_destinations%3D5509%3Bpopular_nearby_landmarks%3D900074815%3Bpopular_nearby_landmarks%3D900053658%3Bpopular_nearby_landmarks%3D900075026%3Bpopular_nearby_landmarks%3D900059447%3Bpopular_nearby_landmarks%3D900075025%3Bht_id%3D221","","SA Village","Scored 9.3","9.3","Value for money 9.6","SA Village offers accommodations in Dambulla, 12 miles from Sigiriya Rock and 13 miles from Pidurangala Rock.","· 315 reviews","Opens in new window","Dambulla","Show prices","Wonderful","Show on map","","https://cf.bstatic.com/xdata/images/hotel/square600/770664239.webp?k=d526123d96467d9559d0b01916280088810854b7a24d94553912aa0e2101421f&o="
"1777053257-36","https://www.booking.com/searchresults.html?label=bristol-XLwodozx2dVe8Ts0XeYuawS752260715469%3Apl%3Ata%3Ap1%3Ap2%3Aac%3Aap%3Aneg%3Afi%3Atikwd-869815001187%3Alp1009919%3Ali%3Adec%3Adm%3Appccp%3DUmFuZG9tSVYkc2RlIyh9YXdX6HrtnYy-Ml68sH-ljtU&aid=311984&dest_id=198&dest_type=country&group_adults=2&req_adults=2&no_rooms=1&broad_search_not_eligible=1&order=score&nflt=ht_id%3D204%3Bht_id%3D213%3Bht_id%3D201%3Bht_id%3D216%3Bht_id%3D222%3Bht_id%3D206%3Btop_destinations%3D6017%3Btop_destinations%3D5509%3Bpopular_nearby_landmarks%3D900074815%3Bpopular_nearby_landmarks%3D900053658%3Bpopular_nearby_landmarks%3D900075026%3Bpopular_nearby_landmarks%3D900059447%3Bpopular_nearby_landmarks%3D900075025%3Bht_id%3D221","","New Summer Set Inn","Scored 9.3","9.3","Value for money 9.9","New Summer Set Inn offers accommodations in Dambulla, 12 miles from Sigiriya Rock and 14 miles from Pidurangala Rock. This property offers access to a terrace and free private parking.","· 21 reviews","Opens in new window","Dambulla","Show prices","Wonderful","Show on map","","https://cf.bstatic.com/xdata/images/hotel/square600/668958026.webp?k=408d426b1ca6fd1593931b7a0c465dbd1fd1887776cad2740fbacd9d502c0454&o="
"1777053257-37","https://www.booking.com/searchresults.html?label=bristol-XLwodozx2dVe8Ts0XeYuawS752260715469%3Apl%3Ata%3Ap1%3Ap2%3Aac%3Aap%3Aneg%3Afi%3Atikwd-869815001187%3Alp1009919%3Ali%3Adec%3Adm%3Appccp%3DUmFuZG9tSVYkc2RlIyh9YXdX6HrtnYy-Ml68sH-ljtU&aid=311984&dest_id=198&dest_type=country&group_adults=2&req_adults=2&no_rooms=1&broad_search_not_eligible=1&order=score&nflt=ht_id%3D204%3Bht_id%3D213%3Bht_id%3D201%3Bht_id%3D216%3Bht_id%3D222%3Bht_id%3D206%3Btop_destinations%3D6017%3Btop_destinations%3D5509%3Bpopular_nearby_landmarks%3D900074815%3Bpopular_nearby_landmarks%3D900053658%3Bpopular_nearby_landmarks%3D900075026%3Bpopular_nearby_landmarks%3D900059447%3Bpopular_nearby_landmarks%3D900075025%3Bht_id%3D221","","Pidurangala View Home Stay","Scored 9.3","9.3","Value for money 9.5","Offering mountain views, Pidurangala View Home Stay in Sigiriya provides accommodations, a garden, and a terrace. This homestay features air-conditioned accommodations with a patio.","· 258 reviews","Opens in new window","Sigiriya","Show prices","Wonderful","Show on map","","https://cf.bstatic.com/xdata/images/hotel/square600/219904072.webp?k=438accdecdfd31404064405203255adff94f24128b095ee940a8886066f37da6&o="
"1777053257-38","https://www.booking.com/searchresults.html?label=bristol-XLwodozx2dVe8Ts0XeYuawS752260715469%3Apl%3Ata%3Ap1%3Ap2%3Aac%3Aap%3Aneg%3Afi%3Atikwd-869815001187%3Alp1009919%3Ali%3Adec%3Adm%3Appccp%3DUmFuZG9tSVYkc2RlIyh9YXdX6HrtnYy-Ml68sH-ljtU&aid=311984&dest_id=198&dest_type=country&group_adults=2&req_adults=2&no_rooms=1&broad_search_not_eligible=1&order=score&nflt=ht_id%3D204%3Bht_id%3D213%3Bht_id%3D201%3Bht_id%3D216%3Bht_id%3D222%3Bht_id%3D206%3Btop_destinations%3D6017%3Btop_destinations%3D5509%3Bpopular_nearby_landmarks%3D900074815%3Bpopular_nearby_landmarks%3D900053658%3Bpopular_nearby_landmarks%3D900075026%3Bpopular_nearby_landmarks%3D900059447%3Bpopular_nearby_landmarks%3D900075025%3Bht_id%3D221","","Pidurangala View Treehouse","Scored 9.3","9.3","Value for money 9.5","Just one mile from Pidurangala Rock and 1.1 miles from Sigiriya Rock, Pidurangala View Treehouse features accommodations in Sigiriya with a garden.","· 213 reviews","Opens in new window","Sigiriya","Show prices","Wonderful","Show on map","","https://cf.bstatic.com/xdata/images/hotel/square600/487800750.webp?k=2703a9abfb1bee687a7e10e444791138c7e169037521bb80809b559d859fec21&o="
"1777053257-39","https://www.booking.com/searchresults.html?label=bristol-XLwodozx2dVe8Ts0XeYuawS752260715469%3Apl%3Ata%3Ap1%3Ap2%3Aac%3Aap%3Aneg%3Afi%3Atikwd-869815001187%3Alp1009919%3Ali%3Adec%3Adm%3Appccp%3DUmFuZG9tSVYkc2RlIyh9YXdX6HrtnYy-Ml68sH-ljtU&aid=311984&dest_id=198&dest_type=country&group_adults=2&req_adults=2&no_rooms=1&broad_search_not_eligible=1&order=score&nflt=ht_id%3D204%3Bht_id%3D213%3Bht_id%3D201%3Bht_id%3D216%3Bht_id%3D222%3Bht_id%3D206%3Btop_destinations%3D6017%3Btop_destinations%3D5509%3Bpopular_nearby_landmarks%3D900074815%3Bpopular_nearby_landmarks%3D900053658%3Bpopular_nearby_landmarks%3D900075026%3Bpopular_nearby_landmarks%3D900059447%3Bpopular_nearby_landmarks%3D900075025%3Bht_id%3D221","","Sundown Lake Hotel & Spa","Scored 9.3","9.3","Value for money 8.8","Located in Habarana, 7.5 miles from Pidurangala Rock, Sundown Lake Hotel & Spa provides accommodations with an outdoor swimming pool, free private parking, a garden and a terrace.","· 85 reviews","Opens in new window","Habarana","Show prices","Wonderful","Show on map","","https://cf.bstatic.com/xdata/images/hotel/square600/798122818.webp?k=758a4aedf86421ede3b02f34f7132ea57699780d8bdc219cab902c07d1212937&o="
"1777053257-40","https://www.booking.com/searchresults.html?label=bristol-XLwodozx2dVe8Ts0XeYuawS752260715469%3Apl%3Ata%3Ap1%3Ap2%3Aac%3Aap%3Aneg%3Afi%3Atikwd-869815001187%3Alp1009919%3Ali%3Adec%3Adm%3Appccp%3DUmFuZG9tSVYkc2RlIyh9YXdX6HrtnYy-Ml68sH-ljtU&aid=311984&dest_id=198&dest_type=country&group_adults=2&req_adults=2&no_rooms=1&broad_search_not_eligible=1&order=score&nflt=ht_id%3D204%3Bht_id%3D213%3Bht_id%3D201%3Bht_id%3D216%3Bht_id%3D222%3Bht_id%3D206%3Btop_destinations%3D6017%3Btop_destinations%3D5509%3Bpopular_nearby_landmarks%3D900074815%3Bpopular_nearby_landmarks%3D900053658%3Bpopular_nearby_landmarks%3D900075026%3Bpopular_nearby_landmarks%3D900059447%3Bpopular_nearby_landmarks%3D900075025%3Bht_id%3D221","","Perfect Hideout","Scored 9.3","9.3","Value for money 9.6","Providing a garden, Perfect Hideout features accommodations in Dambulla. The air-conditioned accommodation is 13 miles from Sigiriya Rock.","· 111 reviews","Opens in new window","Dambulla","Show prices","Wonderful","Show on map","","https://cf.bstatic.com/xdata/images/hotel/square600/584401465.webp?k=ac7fb01eeda0a5b29ce8e9fc954cdbd77e7174a4c2fb10091dee27a7e7b93056&o="
"1777053257-41","https://www.booking.com/searchresults.html?label=bristol-XLwodozx2dVe8Ts0XeYuawS752260715469%3Apl%3Ata%3Ap1%3Ap2%3Aac%3Aap%3Aneg%3Afi%3Atikwd-869815001187%3Alp1009919%3Ali%3Adec%3Adm%3Appccp%3DUmFuZG9tSVYkc2RlIyh9YXdX6HrtnYy-Ml68sH-ljtU&aid=311984&dest_id=198&dest_type=country&group_adults=2&req_adults=2&no_rooms=1&broad_search_not_eligible=1&order=score&nflt=ht_id%3D204%3Bht_id%3D213%3Bht_id%3D201%3Bht_id%3D216%3Bht_id%3D222%3Bht_id%3D206%3Btop_destinations%3D6017%3Btop_destinations%3D5509%3Bpopular_nearby_landmarks%3D900074815%3Bpopular_nearby_landmarks%3D900053658%3Bpopular_nearby_landmarks%3D900075026%3Bpopular_nearby_landmarks%3D900059447%3Bpopular_nearby_landmarks%3D900075025%3Bht_id%3D221","","Lion King Jungle Cabanas","Scored 9.2","9.2","Value for money 9.4","Located in Sigiriya, 1.6 miles from Sigiriya Rock, Lion King Jungle Cabanas provides accommodations with an outdoor swimming pool, free private parking, a garden and a restaurant.","· 203 reviews","Opens in new window","Sigiriya","Show prices","Wonderful","Show on map","","https://cf.bstatic.com/xdata/images/hotel/square600/643557779.webp?k=b484378502c113f26a943fc77237cbf44fe2bd34d14bb27754fc1f9fbef94b4b&o="
"1777053257-42","https://www.booking.com/searchresults.html?label=bristol-XLwodozx2dVe8Ts0XeYuawS752260715469%3Apl%3Ata%3Ap1%3Ap2%3Aac%3Aap%3Aneg%3Afi%3Atikwd-869815001187%3Alp1009919%3Ali%3Adec%3Adm%3Appccp%3DUmFuZG9tSVYkc2RlIyh9YXdX6HrtnYy-Ml68sH-ljtU&aid=311984&dest_id=198&dest_type=country&group_adults=2&req_adults=2&no_rooms=1&broad_search_not_eligible=1&order=score&nflt=ht_id%3D204%3Bht_id%3D213%3Bht_id%3D201%3Bht_id%3D216%3Bht_id%3D222%3Bht_id%3D206%3Btop_destinations%3D6017%3Btop_destinations%3D5509%3Bpopular_nearby_landmarks%3D900074815%3Bpopular_nearby_landmarks%3D900053658%3Bpopular_nearby_landmarks%3D900075026%3Bpopular_nearby_landmarks%3D900059447%3Bpopular_nearby_landmarks%3D900075025%3Bht_id%3D221","","Habarana Tree House Ambasewana Resort","Scored 9.2","9.2","Value for money 9.1","Located in Habarana, 8.4 miles from Pidurangala Rock, Habarana Tree House Ambasewana Resort has accommodations with an outdoor swimming pool, free private parking, a garden and a terrace.","· 595 reviews","Opens in new window","Habarana","Show prices","Wonderful","Show on map","","https://cf.bstatic.com/xdata/images/hotel/square600/584775875.webp?k=87b6d0f2492813a165d472a3cb171ea998a082c83261ddf35b91c195c6895516&o="
"1777053257-43","https://www.booking.com/searchresults.html?label=bristol-XLwodozx2dVe8Ts0XeYuawS752260715469%3Apl%3Ata%3Ap1%3Ap2%3Aac%3Aap%3Aneg%3Afi%3Atikwd-869815001187%3Alp1009919%3Ali%3Adec%3Adm%3Appccp%3DUmFuZG9tSVYkc2RlIyh9YXdX6HrtnYy-Ml68sH-ljtU&aid=311984&dest_id=198&dest_type=country&group_adults=2&req_adults=2&no_rooms=1&broad_search_not_eligible=1&order=score&nflt=ht_id%3D204%3Bht_id%3D213%3Bht_id%3D201%3Bht_id%3D216%3Bht_id%3D222%3Bht_id%3D206%3Btop_destinations%3D6017%3Btop_destinations%3D5509%3Bpopular_nearby_landmarks%3D900074815%3Bpopular_nearby_landmarks%3D900053658%3Bpopular_nearby_landmarks%3D900075026%3Bpopular_nearby_landmarks%3D900059447%3Bpopular_nearby_landmarks%3D900075025%3Bht_id%3D221","","Pride Rock Villa & Tree House","Scored 9.2","9.2","Value for money 9.5","Located in Sigiriya, a 17-minute walk from Sigiriya Rock, Pride Rock Villa & Tree House provides accommodations with a garden, free private parking and a terrace.","· 186 reviews","Opens in new window","Sigiriya","Show prices","Wonderful","Show on map","","https://cf.bstatic.com/xdata/images/hotel/square600/591417055.webp?k=2e679da3d63201aec2a198e60acfce0d8a21348635686b40c169beaec9bd8495&o="
"1777053257-44","https://www.booking.com/searchresults.html?label=bristol-XLwodozx2dVe8Ts0XeYuawS752260715469%3Apl%3Ata%3Ap1%3Ap2%3Aac%3Aap%3Aneg%3Afi%3Atikwd-869815001187%3Alp1009919%3Ali%3Adec%3Adm%3Appccp%3DUmFuZG9tSVYkc2RlIyh9YXdX6HrtnYy-Ml68sH-ljtU&aid=311984&dest_id=198&dest_type=country&group_adults=2&req_adults=2&no_rooms=1&broad_search_not_eligible=1&order=score&nflt=ht_id%3D204%3Bht_id%3D213%3Bht_id%3D201%3Bht_id%3D216%3Bht_id%3D222%3Bht_id%3D206%3Btop_destinations%3D6017%3Btop_destinations%3D5509%3Bpopular_nearby_landmarks%3D900074815%3Bpopular_nearby_landmarks%3D900053658%3Bpopular_nearby_landmarks%3D900075026%3Bpopular_nearby_landmarks%3D900059447%3Bpopular_nearby_landmarks%3D900075025%3Bht_id%3D221","","Ruk Sewana Villa Tree House","Scored 9.2","9.2","Value for money 9.5","Just a 6-minute walk from Wildlife Range Office - Sigiriya and one mile from Sigiriya Museum, Ruk Sewana Villa Tree House features accommodations in Sigiriya, with a garden.","· 80 reviews","Opens in new window","Sigiriya","Show prices","Wonderful","Show on map","","https://cf.bstatic.com/xdata/images/hotel/square600/230895145.webp?k=95e110cf99c7e436675bddfe4e74dd5e6ae6b59838c67cbe2a9299fde1da1b90&o="
"1777053257-45","https://www.booking.com/searchresults.html?label=bristol-XLwodozx2dVe8Ts0XeYuawS752260715469%3Apl%3Ata%3Ap1%3Ap2%3Aac%3Aap%3Aneg%3Afi%3Atikwd-869815001187%3Alp1009919%3Ali%3Adec%3Adm%3Appccp%3DUmFuZG9tSVYkc2RlIyh9YXdX6HrtnYy-Ml68sH-ljtU&aid=311984&dest_id=198&dest_type=country&group_adults=2&req_adults=2&no_rooms=1&broad_search_not_eligible=1&order=score&nflt=ht_id%3D204%3Bht_id%3D213%3Bht_id%3D201%3Bht_id%3D216%3Bht_id%3D222%3Bht_id%3D206%3Btop_destinations%3D6017%3Btop_destinations%3D5509%3Bpopular_nearby_landmarks%3D900074815%3Bpopular_nearby_landmarks%3D900053658%3Bpopular_nearby_landmarks%3D900075026%3Bpopular_nearby_landmarks%3D900059447%3Bpopular_nearby_landmarks%3D900075025%3Bht_id%3D221","","98 Home Lodge Dambulla","Scored 9.2","9.2","Value for money 9.1","Featuring quiet street views, 98 Home Lodge Dambulla in Dambulla provides accommodations, a garden, barbecue facilities, and a shared lounge.","· 34 reviews","Opens in new window","Dambulla","Show prices","Wonderful","Show on map","","https://cf.bstatic.com/xdata/images/hotel/square600/359241987.webp?k=bfc3b98741349545b6e2fe75a914962dd9165ed69d15078ee616ed3a657cf3a6&o="
"1777053257-46","https://www.booking.com/searchresults.html?label=bristol-XLwodozx2dVe8Ts0XeYuawS752260715469%3Apl%3Ata%3Ap1%3Ap2%3Aac%3Aap%3Aneg%3Afi%3Atikwd-869815001187%3Alp1009919%3Ali%3Adec%3Adm%3Appccp%3DUmFuZG9tSVYkc2RlIyh9YXdX6HrtnYy-Ml68sH-ljtU&aid=311984&dest_id=198&dest_type=country&group_adults=2&req_adults=2&no_rooms=1&broad_search_not_eligible=1&order=score&nflt=ht_id%3D204%3Bht_id%3D213%3Bht_id%3D201%3Bht_id%3D216%3Bht_id%3D222%3Bht_id%3D206%3Btop_destinations%3D6017%3Btop_destinations%3D5509%3Bpopular_nearby_landmarks%3D900074815%3Bpopular_nearby_landmarks%3D900053658%3Bpopular_nearby_landmarks%3D900075026%3Bpopular_nearby_landmarks%3D900059447%3Bpopular_nearby_landmarks%3D900075025%3Bht_id%3D221","","Woodsy Villa","Scored 9.2","9.2","Value for money 9.6","A good location for a hassle-free holiday in Sigiriya, Woodsy Villa is a guest house surrounded by views of the garden.","· 197 reviews","Opens in new window","Sigiriya","Show prices","Wonderful","Show on map","","https://cf.bstatic.com/xdata/images/hotel/square600/775229154.webp?k=790932f0c1f9e21f9d26d475e58d52e3a22b25b6991595468ddf04978ceaa0ea&o="
"1777053257-47","https://www.booking.com/searchresults.html?label=bristol-XLwodozx2dVe8Ts0XeYuawS752260715469%3Apl%3Ata%3Ap1%3Ap2%3Aac%3Aap%3Aneg%3Afi%3Atikwd-869815001187%3Alp1009919%3Ali%3Adec%3Adm%3Appccp%3DUmFuZG9tSVYkc2RlIyh9YXdX6HrtnYy-Ml68sH-ljtU&aid=311984&dest_id=198&dest_type=country&group_adults=2&req_adults=2&no_rooms=1&broad_search_not_eligible=1&order=score&nflt=ht_id%3D204%3Bht_id%3D213%3Bht_id%3D201%3Bht_id%3D216%3Bht_id%3D222%3Bht_id%3D206%3Btop_destinations%3D6017%3Btop_destinations%3D5509%3Bpopular_nearby_landmarks%3D900074815%3Bpopular_nearby_landmarks%3D900053658%3Bpopular_nearby_landmarks%3D900075026%3Bpopular_nearby_landmarks%3D900059447%3Bpopular_nearby_landmarks%3D900075025%3Bht_id%3D221","","Sigiri Close-up View Guest","Scored 9.1","9.1","Value for money 9.4","Offering a garden and a bar, Sigiri Close-up View Guest in Sigiriya is close to Pidurangala Rock and Sigiriya Museum. This guest house features free private parking and room service.","· 485 reviews","Opens in new window","Sigiriya","Show prices","Wonderful","Show on map","","https://cf.bstatic.com/xdata/images/hotel/square600/429840032.webp?k=fe9a883263a62115bc61c108ed22f98a891a0ecdf9e410a3b36320a5be5171d6&o="
"1777053257-48","https://www.booking.com/searchresults.html?label=bristol-XLwodozx2dVe8Ts0XeYuawS752260715469%3Apl%3Ata%3Ap1%3Ap2%3Aac%3Aap%3Aneg%3Afi%3Atikwd-869815001187%3Alp1009919%3Ali%3Adec%3Adm%3Appccp%3DUmFuZG9tSVYkc2RlIyh9YXdX6HrtnYy-Ml68sH-ljtU&aid=311984&dest_id=198&dest_type=country&group_adults=2&req_adults=2&no_rooms=1&broad_search_not_eligible=1&order=score&nflt=ht_id%3D204%3Bht_id%3D213%3Bht_id%3D201%3Bht_id%3D216%3Bht_id%3D222%3Bht_id%3D206%3Btop_destinations%3D6017%3Btop_destinations%3D5509%3Bpopular_nearby_landmarks%3D900074815%3Bpopular_nearby_landmarks%3D900053658%3Bpopular_nearby_landmarks%3D900075026%3Bpopular_nearby_landmarks%3D900059447%3Bpopular_nearby_landmarks%3D900075025%3Bht_id%3D221","","Gabaa Resort & Spa - Habarana","Scored 9.1","9.1","Value for money 8.9","Located in Habarana, 6.6 miles from Pidurangala Rock, Gabaa Resort & Spa - Habarana provides accommodations with an outdoor swimming pool, free private parking, a garden and a terrace.","· 291 reviews","Opens in new window","Habarana","Show prices","Wonderful","Show on map","","https://cf.bstatic.com/xdata/images/hotel/square600/421120856.webp?k=b1a023ebbe1d9c45d3f6f2fa8b91ad3e38459994ae347f51b1c39b915a19e404&o="
"1777053257-49","https://www.booking.com/searchresults.html?label=bristol-XLwodozx2dVe8Ts0XeYuawS752260715469%3Apl%3Ata%3Ap1%3Ap2%3Aac%3Aap%3Aneg%3Afi%3Atikwd-869815001187%3Alp1009919%3Ali%3Adec%3Adm%3Appccp%3DUmFuZG9tSVYkc2RlIyh9YXdX6HrtnYy-Ml68sH-ljtU&aid=311984&dest_id=198&dest_type=country&group_adults=2&req_adults=2&no_rooms=1&broad_search_not_eligible=1&order=score&nflt=ht_id%3D204%3Bht_id%3D213%3Bht_id%3D201%3Bht_id%3D216%3Bht_id%3D222%3Bht_id%3D206%3Btop_destinations%3D6017%3Btop_destinations%3D5509%3Bpopular_nearby_landmarks%3D900074815%3Bpopular_nearby_landmarks%3D900053658%3Bpopular_nearby_landmarks%3D900075026%3Bpopular_nearby_landmarks%3D900059447%3Bpopular_nearby_landmarks%3D900075025%3Bht_id%3D221","","Sigiri Rock Side Home Stay","Scored 9.1","9.1","Value for money 9.5","Featuring free WiFi and a restaurant, Sigiri Rock Side Home Stay offers pet-friendly accommodations in Sigiriya. Free private parking is available on site.","· 1,517 reviews","Opens in new window","Sigiriya","Show prices","Wonderful","Show on map","","https://cf.bstatic.com/xdata/images/hotel/square600/140328657.webp?k=d7f9798a1cec691463f075f900e5a3cbeb5c57e1103a1813e458a7cca8635c08&o="
"1777053257-50","https://www.booking.com/searchresults.html?label=bristol-XLwodozx2dVe8Ts0XeYuawS752260715469%3Apl%3Ata%3Ap1%3Ap2%3Aac%3Aap%3Aneg%3Afi%3Atikwd-869815001187%3Alp1009919%3Ali%3Adec%3Adm%3Appccp%3DUmFuZG9tSVYkc2RlIyh9YXdX6HrtnYy-Ml68sH-ljtU&aid=311984&dest_id=198&dest_type=country&group_adults=2&req_adults=2&no_rooms=1&broad_search_not_eligible=1&order=score&nflt=ht_id%3D204%3Bht_id%3D213%3Bht_id%3D201%3Bht_id%3D216%3Bht_id%3D222%3Bht_id%3D206%3Btop_destinations%3D6017%3Btop_destinations%3D5509%3Bpopular_nearby_landmarks%3D900074815%3Bpopular_nearby_landmarks%3D900053658%3Bpopular_nearby_landmarks%3D900075026%3Bpopular_nearby_landmarks%3D900059447%3Bpopular_nearby_landmarks%3D900075025%3Bht_id%3D221","","Golden stars hotel Dambulla","Scored 9.1","9.1","Value for money 9.2","Located in Dambulla, within 12 miles of Sigiriya Rock and 14 miles of Pidurangala Rock, Golden stars hotel Dambulla has accommodations with a garden and free WiFi throughout the property as well as...","· 52 reviews","Opens in new window","Dambulla","Show prices","Wonderful","Show on map","","https://cf.bstatic.com/xdata/images/hotel/square600/826990061.webp?k=1e0a597bb381d84ae7dfb31d1785f7f44ba1de7b8f19229863d1a873b76694ab&o="
"1777053257-51","https://www.booking.com/searchresults.html?label=bristol-XLwodozx2dVe8Ts0XeYuawS752260715469%3Apl%3Ata%3Ap1%3Ap2%3Aac%3Aap%3Aneg%3Afi%3Atikwd-869815001187%3Alp1009919%3Ali%3Adec%3Adm%3Appccp%3DUmFuZG9tSVYkc2RlIyh9YXdX6HrtnYy-Ml68sH-ljtU&aid=311984&dest_id=198&dest_type=country&group_adults=2&req_adults=2&no_rooms=1&broad_search_not_eligible=1&order=score&nflt=ht_id%3D204%3Bht_id%3D213%3Bht_id%3D201%3Bht_id%3D216%3Bht_id%3D222%3Bht_id%3D206%3Btop_destinations%3D6017%3Btop_destinations%3D5509%3Bpopular_nearby_landmarks%3D900074815%3Bpopular_nearby_landmarks%3D900053658%3Bpopular_nearby_landmarks%3D900075026%3Bpopular_nearby_landmarks%3D900059447%3Bpopular_nearby_landmarks%3D900075025%3Bht_id%3D221","","Sigiri Dilu Villa","Scored 9.1","9.1","Value for money 9.4","2 miles from Pidurangala Rock in Sigiriya, Sigiri Dilu Villa features accommodations with access to a hot spring bath. With garden views, this accommodation provides a terrace.","· 229 reviews","Opens in new window","Sigiriya","Show prices","Wonderful","Show on map","","https://cf.bstatic.com/xdata/images/hotel/square600/690285991.webp?k=e203f627868a366cfef8fa3d77954984cab3ac11d2ff121be855d72ebe2caf60&o="
"1777053257-52","https://www.booking.com/searchresults.html?label=bristol-XLwodozx2dVe8Ts0XeYuawS752260715469%3Apl%3Ata%3Ap1%3Ap2%3Aac%3Aap%3Aneg%3Afi%3Atikwd-869815001187%3Alp1009919%3Ali%3Adec%3Adm%3Appccp%3DUmFuZG9tSVYkc2RlIyh9YXdX6HrtnYy-Ml68sH-ljtU&aid=311984&dest_id=198&dest_type=country&group_adults=2&req_adults=2&no_rooms=1&broad_search_not_eligible=1&order=score&nflt=ht_id%3D204%3Bht_id%3D213%3Bht_id%3D201%3Bht_id%3D216%3Bht_id%3D222%3Bht_id%3D206%3Btop_destinations%3D6017%3Btop_destinations%3D5509%3Bpopular_nearby_landmarks%3D900074815%3Bpopular_nearby_landmarks%3D900053658%3Bpopular_nearby_landmarks%3D900075026%3Bpopular_nearby_landmarks%3D900059447%3Bpopular_nearby_landmarks%3D900075025%3Bht_id%3D221","","Freedom Home Stay","Scored 9.1","9.1","Value for money 9.5","Providing garden views, Freedom Home Stay in Sigiriya features accommodations and a garden. This property offers access to a terrace, free private parking, and free Wifi.","· 405 reviews","Opens in new window","Sigiriya","Show prices","Wonderful","Show on map","","https://cf.bstatic.com/xdata/images/hotel/square600/146122414.webp?k=081cb27dd0702a68643ae9ba230e61f92f43c415baf681a6a431c3e550103a88&o="
"1777053257-53","https://www.booking.com/searchresults.html?label=bristol-XLwodozx2dVe8Ts0XeYuawS752260715469%3Apl%3Ata%3Ap1%3Ap2%3Aac%3Aap%3Aneg%3Afi%3Atikwd-869815001187%3Alp1009919%3Ali%3Adec%3Adm%3Appccp%3DUmFuZG9tSVYkc2RlIyh9YXdX6HrtnYy-Ml68sH-ljtU&aid=311984&dest_id=198&dest_type=country&group_adults=2&req_adults=2&no_rooms=1&broad_search_not_eligible=1&order=score&nflt=ht_id%3D204%3Bht_id%3D213%3Bht_id%3D201%3Bht_id%3D216%3Bht_id%3D222%3Bht_id%3D206%3Btop_destinations%3D6017%3Btop_destinations%3D5509%3Bpopular_nearby_landmarks%3D900074815%3Bpopular_nearby_landmarks%3D900053658%3Bpopular_nearby_landmarks%3D900075026%3Bpopular_nearby_landmarks%3D900059447%3Bpopular_nearby_landmarks%3D900075025%3Bht_id%3D221","","Mom's Homestay","Scored 9.1","9.1","Value for money 9.5","Providing garden views, Mom's Homestay in Sigiriya offers accommodations, a garden, and a shared lounge. There's a private entrance at the guest house for the convenience of those who stay.","· 67 reviews","Opens in new window","Sigiriya","Show prices","Wonderful","Show on map","","https://cf.bstatic.com/xdata/images/hotel/square600/774419583.webp?k=142cf69d0043ba3d1da9082181170f4ae1799503f057e8b073cf8320100888d9&o="
"1777053257-54","https://www.booking.com/searchresults.html?label=bristol-XLwodozx2dVe8Ts0XeYuawS752260715469%3Apl%3Ata%3Ap1%3Ap2%3Aac%3Aap%3Aneg%3Afi%3Atikwd-869815001187%3Alp1009919%3Ali%3Adec%3Adm%3Appccp%3DUmFuZG9tSVYkc2RlIyh9YXdX6HrtnYy-Ml68sH-ljtU&aid=311984&dest_id=198&dest_type=country&group_adults=2&req_adults=2&no_rooms=1&broad_search_not_eligible=1&order=score&nflt=ht_id%3D204%3Bht_id%3D213%3Bht_id%3D201%3Bht_id%3D216%3Bht_id%3D222%3Bht_id%3D206%3Btop_destinations%3D6017%3Btop_destinations%3D5509%3Bpopular_nearby_landmarks%3D900074815%3Bpopular_nearby_landmarks%3D900053658%3Bpopular_nearby_landmarks%3D900075026%3Bpopular_nearby_landmarks%3D900059447%3Bpopular_nearby_landmarks%3D900075025%3Bht_id%3D221","","Dambulla Sun Vsh Holiday","Scored 9.1","9.1","Value for money 9.5","11 miles from Sigiriya Rock in Dambulla, Dambulla Sun Vsh Holiday offers accommodations with access to a hot tub and fitness room.","· 179 reviews","Opens in new window","Dambulla","Show prices","Wonderful","Show on map","","https://cf.bstatic.com/xdata/images/hotel/square600/592610015.webp?k=d53056416ccfd666e5debe506c6b419f95ba2c255344fc6f5593cddad3986c27&o="
"1777053257-55","https://www.booking.com/searchresults.html?label=bristol-XLwodozx2dVe8Ts0XeYuawS752260715469%3Apl%3Ata%3Ap1%3Ap2%3Aac%3Aap%3Aneg%3Afi%3Atikwd-869815001187%3Alp1009919%3Ali%3Adec%3Adm%3Appccp%3DUmFuZG9tSVYkc2RlIyh9YXdX6HrtnYy-Ml68sH-ljtU&aid=311984&dest_id=198&dest_type=country&group_adults=2&req_adults=2&no_rooms=1&broad_search_not_eligible=1&order=score&nflt=ht_id%3D204%3Bht_id%3D213%3Bht_id%3D201%3Bht_id%3D216%3Bht_id%3D222%3Bht_id%3D206%3Btop_destinations%3D6017%3Btop_destinations%3D5509%3Bpopular_nearby_landmarks%3D900074815%3Bpopular_nearby_landmarks%3D900053658%3Bpopular_nearby_landmarks%3D900075026%3Bpopular_nearby_landmarks%3D900059447%3Bpopular_nearby_landmarks%3D900075025%3Bht_id%3D221","","Heaven Habarana","Scored 9.0","9.0","Value for money 9.1","Providing garden views, Heaven Habarana in Habarana offers accommodations, an infinity pool, a garden, a terrace, and a bar.","· 47 reviews","Opens in new window","Habarana","Show prices","Wonderful","Show on map","","https://cf.bstatic.com/xdata/images/hotel/square600/728844855.webp?k=d7e66ccf3137cc44a7919d1d33626767844f1deaa89d9525f3406bafdeb7acf6&o="
"1777053257-56","https://www.booking.com/searchresults.html?label=bristol-XLwodozx2dVe8Ts0XeYuawS752260715469%3Apl%3Ata%3Ap1%3Ap2%3Aac%3Aap%3Aneg%3Afi%3Atikwd-869815001187%3Alp1009919%3Ali%3Adec%3Adm%3Appccp%3DUmFuZG9tSVYkc2RlIyh9YXdX6HrtnYy-Ml68sH-ljtU&aid=311984&dest_id=198&dest_type=country&group_adults=2&req_adults=2&no_rooms=1&broad_search_not_eligible=1&order=score&nflt=ht_id%3D204%3Bht_id%3D213%3Bht_id%3D201%3Bht_id%3D216%3Bht_id%3D222%3Bht_id%3D206%3Btop_destinations%3D6017%3Btop_destinations%3D5509%3Bpopular_nearby_landmarks%3D900074815%3Bpopular_nearby_landmarks%3D900053658%3Bpopular_nearby_landmarks%3D900075026%3Bpopular_nearby_landmarks%3D900059447%3Bpopular_nearby_landmarks%3D900075025%3Bht_id%3D221","","Hungry Lion Sigiriya","Scored 9.0","9.0","Value for money 9.6","Hungry Lion Sigiriya provides air-conditioned accommodations in Sigiriya.","· 354 reviews","Opens in new window","Sigiriya","Show prices","Wonderful","Show on map","","https://cf.bstatic.com/xdata/images/hotel/square600/332418323.webp?k=2af26cdcb1df6b18277f2c3e86e991e476ff734c72ac098c3b680e8694a892b0&o="
"1777053257-57","https://www.booking.com/searchresults.html?label=bristol-XLwodozx2dVe8Ts0XeYuawS752260715469%3Apl%3Ata%3Ap1%3Ap2%3Aac%3Aap%3Aneg%3Afi%3Atikwd-869815001187%3Alp1009919%3Ali%3Adec%3Adm%3Appccp%3DUmFuZG9tSVYkc2RlIyh9YXdX6HrtnYy-Ml68sH-ljtU&aid=311984&dest_id=198&dest_type=country&group_adults=2&req_adults=2&no_rooms=1&broad_search_not_eligible=1&order=score&nflt=ht_id%3D204%3Bht_id%3D213%3Bht_id%3D201%3Bht_id%3D216%3Bht_id%3D222%3Bht_id%3D206%3Btop_destinations%3D6017%3Btop_destinations%3D5509%3Bpopular_nearby_landmarks%3D900074815%3Bpopular_nearby_landmarks%3D900053658%3Bpopular_nearby_landmarks%3D900075026%3Bpopular_nearby_landmarks%3D900059447%3Bpopular_nearby_landmarks%3D900075025%3Bht_id%3D221","","Pidurangala Villas","Scored 9.0","9.0","Value for money 9.3","A few steps from Pidurangala Rock in Sigiriya, Pidurangala Villas provides accommodations with access to wellness packages.","· 221 reviews","Opens in new window","Sigiriya","Show prices","Wonderful","Show on map","","https://cf.bstatic.com/xdata/images/hotel/square600/153524857.webp?k=f2ab606fad37875b1320a8b09cfe18183d6370c241dfb1559403e034f550f082&o="
"1777053257-58","https://www.booking.com/searchresults.html?label=bristol-XLwodozx2dVe8Ts0XeYuawS752260715469%3Apl%3Ata%3Ap1%3Ap2%3Aac%3Aap%3Aneg%3Afi%3Atikwd-869815001187%3Alp1009919%3Ali%3Adec%3Adm%3Appccp%3DUmFuZG9tSVYkc2RlIyh9YXdX6HrtnYy-Ml68sH-ljtU&aid=311984&dest_id=198&dest_type=country&group_adults=2&req_adults=2&no_rooms=1&broad_search_not_eligible=1&order=score&nflt=ht_id%3D204%3Bht_id%3D213%3Bht_id%3D201%3Bht_id%3D216%3Bht_id%3D222%3Bht_id%3D206%3Btop_destinations%3D6017%3Btop_destinations%3D5509%3Bpopular_nearby_landmarks%3D900074815%3Bpopular_nearby_landmarks%3D900053658%3Bpopular_nearby_landmarks%3D900075026%3Bpopular_nearby_landmarks%3D900059447%3Bpopular_nearby_landmarks%3D900075025%3Bht_id%3D221","","KBC Hotel & Guest House","Scored 9.0","9.0","Value for money 9.2","KBC Hotel & Guest House in Dambulla provides accommodations with a garden and a terrace. Private parking is available on site at this recently renovated property.","· 11 reviews","Opens in new window","Dambulla","Show prices","Wonderful","Show on map","","https://cf.bstatic.com/xdata/images/hotel/square600/602888534.webp?k=0ba4ad3b934c2d949c7170412a25465d94050aa94f0aa9b3233370df8213eb18&o="
"1777053257-59","https://www.booking.com/searchresults.html?label=bristol-XLwodozx2dVe8Ts0XeYuawS752260715469%3Apl%3Ata%3Ap1%3Ap2%3Aac%3Aap%3Aneg%3Afi%3Atikwd-869815001187%3Alp1009919%3Ali%3Adec%3Adm%3Appccp%3DUmFuZG9tSVYkc2RlIyh9YXdX6HrtnYy-Ml68sH-ljtU&aid=311984&dest_id=198&dest_type=country&group_adults=2&req_adults=2&no_rooms=1&broad_search_not_eligible=1&order=score&nflt=ht_id%3D204%3Bht_id%3D213%3Bht_id%3D201%3Bht_id%3D216%3Bht_id%3D222%3Bht_id%3D206%3Btop_destinations%3D6017%3Btop_destinations%3D5509%3Bpopular_nearby_landmarks%3D900074815%3Bpopular_nearby_landmarks%3D900053658%3Bpopular_nearby_landmarks%3D900075026%3Bpopular_nearby_landmarks%3D900059447%3Bpopular_nearby_landmarks%3D900075025%3Bht_id%3D221","","Family Nest","Scored 9.0","9.0","Value for money 9.5","Family Nest enjoys a location in Dambulla, 13 miles from Pidurangala Rock and a 5-minute walk from Dambulla Cave Temple. Providing a garden, the property is located within 12 miles of Sigiriya Rock.","· 191 reviews","Opens in new window","Dambulla","Show prices","Wonderful","Show on map","","https://cf.bstatic.com/xdata/images/hotel/square600/207716205.webp?k=453a1e8a0d82c4c71ccc80447e37f3f9f522a4b3ab24e0aa1907f3d4353b5d50&o="
"1777053257-60","https://www.booking.com/searchresults.html?label=bristol-XLwodozx2dVe8Ts0XeYuawS752260715469%3Apl%3Ata%3Ap1%3Ap2%3Aac%3Aap%3Aneg%3Afi%3Atikwd-869815001187%3Alp1009919%3Ali%3Adec%3Adm%3Appccp%3DUmFuZG9tSVYkc2RlIyh9YXdX6HrtnYy-Ml68sH-ljtU&aid=311984&dest_id=198&dest_type=country&group_adults=2&req_adults=2&no_rooms=1&broad_search_not_eligible=1&order=score&nflt=ht_id%3D204%3Bht_id%3D213%3Bht_id%3D201%3Bht_id%3D216%3Bht_id%3D222%3Bht_id%3D206%3Btop_destinations%3D6017%3Btop_destinations%3D5509%3Bpopular_nearby_landmarks%3D900074815%3Bpopular_nearby_landmarks%3D900053658%3Bpopular_nearby_landmarks%3D900075026%3Bpopular_nearby_landmarks%3D900059447%3Bpopular_nearby_landmarks%3D900075025%3Bht_id%3D221","","Iwamisou","Scored 8.9","8.9","Value for money 9.2","1.6 miles from Sigiriya Rock in Sigiriya, Iwamisou features accommodations with access to a hot tub.","· 879 reviews","Opens in new window","Sigiriya","Show prices","Excellent","Show on map","","https://cf.bstatic.com/xdata/images/hotel/square600/344901444.webp?k=4c0322101094ac908a935765d375b9f62a01e4930fe5c63dab192bb372621a48&o="
"1777053257-61","https://www.booking.com/searchresults.html?label=bristol-XLwodozx2dVe8Ts0XeYuawS752260715469%3Apl%3Ata%3Ap1%3Ap2%3Aac%3Aap%3Aneg%3Afi%3Atikwd-869815001187%3Alp1009919%3Ali%3Adec%3Adm%3Appccp%3DUmFuZG9tSVYkc2RlIyh9YXdX6HrtnYy-Ml68sH-ljtU&aid=311984&dest_id=198&dest_type=country&group_adults=2&req_adults=2&no_rooms=1&broad_search_not_eligible=1&order=score&nflt=ht_id%3D204%3Bht_id%3D213%3Bht_id%3D201%3Bht_id%3D216%3Bht_id%3D222%3Bht_id%3D206%3Btop_destinations%3D6017%3Btop_destinations%3D5509%3Bpopular_nearby_landmarks%3D900074815%3Bpopular_nearby_landmarks%3D900053658%3Bpopular_nearby_landmarks%3D900075026%3Bpopular_nearby_landmarks%3D900059447%3Bpopular_nearby_landmarks%3D900075025%3Bht_id%3D221","","Sigiri Lion Lodge","Scored 8.9","8.9","Value for money 9.4","1.1 miles from Sigiriya Rock in Sigiriya, Sigiri Lion Lodge features accommodations with access to a sauna. There's a private entrance at the guest house for the convenience of those who stay.","· 1,168 reviews","Opens in new window","Sigiriya","Show prices","Excellent","Show on map","","https://cf.bstatic.com/xdata/images/hotel/square600/470281660.webp?k=105d64691e8f571b80adac253a82522a196e30f8e4918d95c52be33469757d0f&o="
"1777053257-62","https://www.booking.com/searchresults.html?label=bristol-XLwodozx2dVe8Ts0XeYuawS752260715469%3Apl%3Ata%3Ap1%3Ap2%3Aac%3Aap%3Aneg%3Afi%3Atikwd-869815001187%3Alp1009919%3Ali%3Adec%3Adm%3Appccp%3DUmFuZG9tSVYkc2RlIyh9YXdX6HrtnYy-Ml68sH-ljtU&aid=311984&dest_id=198&dest_type=country&group_adults=2&req_adults=2&no_rooms=1&broad_search_not_eligible=1&order=score&nflt=ht_id%3D204%3Bht_id%3D213%3Bht_id%3D201%3Bht_id%3D216%3Bht_id%3D222%3Bht_id%3D206%3Btop_destinations%3D6017%3Btop_destinations%3D5509%3Bpopular_nearby_landmarks%3D900074815%3Bpopular_nearby_landmarks%3D900053658%3Bpopular_nearby_landmarks%3D900075026%3Bpopular_nearby_landmarks%3D900059447%3Bpopular_nearby_landmarks%3D900075025%3Bht_id%3D221","","Sigiriya Rock Gate Resort","Scored 8.9","8.9","Value for money 9.1","Featuring free bikes, garden and views of garden, Sigiriya Rock Gate Resort is located in Sigiriya, 2.1 miles from Pidurangala Rock.","· 120 reviews","Opens in new window","Sigiriya","Show prices","Excellent","Show on map","","https://cf.bstatic.com/xdata/images/hotel/square600/846132062.webp?k=d8c03dd516ba30357339d442a1d6b2abaf4888099b86df2aa16d2d5849edef27&o="
"1777053257-63","https://www.booking.com/searchresults.html?label=bristol-XLwodozx2dVe8Ts0XeYuawS752260715469%3Apl%3Ata%3Ap1%3Ap2%3Aac%3Aap%3Aneg%3Afi%3Atikwd-869815001187%3Alp1009919%3Ali%3Adec%3Adm%3Appccp%3DUmFuZG9tSVYkc2RlIyh9YXdX6HrtnYy-Ml68sH-ljtU&aid=311984&dest_id=198&dest_type=country&group_adults=2&req_adults=2&no_rooms=1&broad_search_not_eligible=1&order=score&nflt=ht_id%3D204%3Bht_id%3D213%3Bht_id%3D201%3Bht_id%3D216%3Bht_id%3D222%3Bht_id%3D206%3Btop_destinations%3D6017%3Btop_destinations%3D5509%3Bpopular_nearby_landmarks%3D900074815%3Bpopular_nearby_landmarks%3D900053658%3Bpopular_nearby_landmarks%3D900075026%3Bpopular_nearby_landmarks%3D900059447%3Bpopular_nearby_landmarks%3D900075025%3Bht_id%3D221","","Sigiri White Queen's Lodge","Scored 8.9","8.9","Value for money 9.2","Located a 13-minute walk from Sigiriya Rock, Sigiri White Queen's Lodge provides accommodations with a garden, a terrace and room service for your convenience.","· 34 reviews","Opens in new window","Sigiriya","Show prices","Excellent","Show on map","","https://cf.bstatic.com/xdata/images/hotel/square600/823741907.webp?k=9ddc83201bab57d94352177f0559c047589603dcad6a7a824269b61381694c71&o="
"1777053257-64","https://www.booking.com/searchresults.html?label=bristol-XLwodozx2dVe8Ts0XeYuawS752260715469%3Apl%3Ata%3Ap1%3Ap2%3Aac%3Aap%3Aneg%3Afi%3Atikwd-869815001187%3Alp1009919%3Ali%3Adec%3Adm%3Appccp%3DUmFuZG9tSVYkc2RlIyh9YXdX6HrtnYy-Ml68sH-ljtU&aid=311984&dest_id=198&dest_type=country&group_adults=2&req_adults=2&no_rooms=1&broad_search_not_eligible=1&order=score&nflt=ht_id%3D204%3Bht_id%3D213%3Bht_id%3D201%3Bht_id%3D216%3Bht_id%3D222%3Bht_id%3D206%3Btop_destinations%3D6017%3Btop_destinations%3D5509%3Bpopular_nearby_landmarks%3D900074815%3Bpopular_nearby_landmarks%3D900053658%3Bpopular_nearby_landmarks%3D900075026%3Bpopular_nearby_landmarks%3D900059447%3Bpopular_nearby_landmarks%3D900075025%3Bht_id%3D221","","Habarana Tree House - Ivory cottage","Scored 8.9","8.9","Value for money 9.0","Habarana Tree House - Ivory cottage features a sauna and spa facilities, as well as air-conditioned accommodations in Habarana, 8.1 miles from Pidurangala Rock.","· 18 reviews","Opens in new window","Habarana","Show prices","Excellent","Show on map","","https://cf.bstatic.com/xdata/images/hotel/square600/815373560.webp?k=94d08e9fd3d6e4805a0c6aa54499ee18352f203a94d655786618940cc0e43c7f&o="
"1777053257-65","https://www.booking.com/searchresults.html?label=bristol-XLwodozx2dVe8Ts0XeYuawS752260715469%3Apl%3Ata%3Ap1%3Ap2%3Aac%3Aap%3Aneg%3Afi%3Atikwd-869815001187%3Alp1009919%3Ali%3Adec%3Adm%3Appccp%3DUmFuZG9tSVYkc2RlIyh9YXdX6HrtnYy-Ml68sH-ljtU&aid=311984&dest_id=198&dest_type=country&group_adults=2&req_adults=2&no_rooms=1&broad_search_not_eligible=1&order=score&nflt=ht_id%3D204%3Bht_id%3D213%3Bht_id%3D201%3Bht_id%3D216%3Bht_id%3D222%3Bht_id%3D206%3Btop_destinations%3D6017%3Btop_destinations%3D5509%3Bpopular_nearby_landmarks%3D900074815%3Bpopular_nearby_landmarks%3D900053658%3Bpopular_nearby_landmarks%3D900075026%3Bpopular_nearby_landmarks%3D900059447%3Bpopular_nearby_landmarks%3D900075025%3Bht_id%3D221","","Sath Rest","Scored 8.9","8.9","Value for money 9.4","Featuring garden views, Sath Rest in Habarana provides accommodations and a garden.","· 13 reviews","Opens in new window","Habarana","Show prices","Excellent","Show on map","","https://cf.bstatic.com/xdata/images/hotel/square600/383493215.webp?k=c5efccd66a6b5670d839ac17ca22a01bc4d1ba4515203ed9d2d4dd545afa0d9c&o="
"1777053257-66","https://www.booking.com/searchresults.html?label=bristol-XLwodozx2dVe8Ts0XeYuawS752260715469%3Apl%3Ata%3Ap1%3Ap2%3Aac%3Aap%3Aneg%3Afi%3Atikwd-869815001187%3Alp1009919%3Ali%3Adec%3Adm%3Appccp%3DUmFuZG9tSVYkc2RlIyh9YXdX6HrtnYy-Ml68sH-ljtU&aid=311984&dest_id=198&dest_type=country&group_adults=2&req_adults=2&no_rooms=1&broad_search_not_eligible=1&order=score&nflt=ht_id%3D204%3Bht_id%3D213%3Bht_id%3D201%3Bht_id%3D216%3Bht_id%3D222%3Bht_id%3D206%3Btop_destinations%3D6017%3Btop_destinations%3D5509%3Bpopular_nearby_landmarks%3D900074815%3Bpopular_nearby_landmarks%3D900053658%3Bpopular_nearby_landmarks%3D900075026%3Bpopular_nearby_landmarks%3D900059447%3Bpopular_nearby_landmarks%3D900075025%3Bht_id%3D221","","Greenwood Hotel Sigiriya","Scored 8.9","8.9","Value for money 9.2","Just 1.2 miles from Sigiriya Rock and 1.2 miles from Sigiriya Museum, Greenwood Hotel Sigiriya features accommodations in Sigiriya, with a garden.","· 57 reviews","Opens in new window","Sigiriya","Show prices","Excellent","Show on map","","https://cf.bstatic.com/xdata/images/hotel/square600/79559113.webp?k=2ee73bdb4c7c1c56dd7e181f3bf4f7247e90b7cba34c48fb759333e430719463&o="
"1777053257-67","https://www.booking.com/searchresults.html?label=bristol-XLwodozx2dVe8Ts0XeYuawS752260715469%3Apl%3Ata%3Ap1%3Ap2%3Aac%3Aap%3Aneg%3Afi%3Atikwd-869815001187%3Alp1009919%3Ali%3Adec%3Adm%3Appccp%3DUmFuZG9tSVYkc2RlIyh9YXdX6HrtnYy-Ml68sH-ljtU&aid=311984&dest_id=198&dest_type=country&group_adults=2&req_adults=2&no_rooms=1&broad_search_not_eligible=1&order=score&nflt=ht_id%3D204%3Bht_id%3D213%3Bht_id%3D201%3Bht_id%3D216%3Bht_id%3D222%3Bht_id%3D206%3Btop_destinations%3D6017%3Btop_destinations%3D5509%3Bpopular_nearby_landmarks%3D900074815%3Bpopular_nearby_landmarks%3D900053658%3Bpopular_nearby_landmarks%3D900075026%3Bpopular_nearby_landmarks%3D900059447%3Bpopular_nearby_landmarks%3D900075025%3Bht_id%3D221","","Tourist Holiday Inn","Scored 8.9","8.9","Value for money 9.3","13 miles from Sigiriya Rock in Dambulla, Tourist Holiday Inn features accommodations with access to a hot spring bath.","· 32 reviews","Opens in new window","Dambulla","Show prices","Excellent","Show on map","","https://cf.bstatic.com/xdata/images/hotel/square600/829862553.webp?k=ea11d29b903b261e3505a6a213bc92806018f7383d2f07e40f0f76e7cb98aa57&o="
"1777053257-68","https://www.booking.com/searchresults.html?label=bristol-XLwodozx2dVe8Ts0XeYuawS752260715469%3Apl%3Ata%3Ap1%3Ap2%3Aac%3Aap%3Aneg%3Afi%3Atikwd-869815001187%3Alp1009919%3Ali%3Adec%3Adm%3Appccp%3DUmFuZG9tSVYkc2RlIyh9YXdX6HrtnYy-Ml68sH-ljtU&aid=311984&dest_id=198&dest_type=country&group_adults=2&req_adults=2&no_rooms=1&broad_search_not_eligible=1&order=score&nflt=ht_id%3D204%3Bht_id%3D213%3Bht_id%3D201%3Bht_id%3D216%3Bht_id%3D222%3Bht_id%3D206%3Btop_destinations%3D6017%3Btop_destinations%3D5509%3Bpopular_nearby_landmarks%3D900074815%3Bpopular_nearby_landmarks%3D900053658%3Bpopular_nearby_landmarks%3D900075026%3Bpopular_nearby_landmarks%3D900059447%3Bpopular_nearby_landmarks%3D900075025%3Bht_id%3D221","","Cinnamon Lodge Habarana","Scored 8.8","8.8","Value for money 8.6","Located amid green forests, the Cinnamon Lodge Habarana offers air-conditioned rooms with a private balcony. The hotel features a large outdoor pool, a butterfly garden and 3 dining options.","· 915 reviews","Opens in new window","Sigiriya","Show prices","Excellent","Show on map","","https://cf.bstatic.com/xdata/images/hotel/square600/647785065.webp?k=aa2f43df038201562989fd1d5f77d171e0b994c52e13699c952c85f9ba0c604f&o="
"1777053257-69","https://www.booking.com/searchresults.html?label=bristol-XLwodozx2dVe8Ts0XeYuawS752260715469%3Apl%3Ata%3Ap1%3Ap2%3Aac%3Aap%3Aneg%3Afi%3Atikwd-869815001187%3Alp1009919%3Ali%3Adec%3Adm%3Appccp%3DUmFuZG9tSVYkc2RlIyh9YXdX6HrtnYy-Ml68sH-ljtU&aid=311984&dest_id=198&dest_type=country&group_adults=2&req_adults=2&no_rooms=1&broad_search_not_eligible=1&order=score&nflt=ht_id%3D204%3Bht_id%3D213%3Bht_id%3D201%3Bht_id%3D216%3Bht_id%3D222%3Bht_id%3D206%3Btop_destinations%3D6017%3Btop_destinations%3D5509%3Bpopular_nearby_landmarks%3D900074815%3Bpopular_nearby_landmarks%3D900053658%3Bpopular_nearby_landmarks%3D900075026%3Bpopular_nearby_landmarks%3D900059447%3Bpopular_nearby_landmarks%3D900075025%3Bht_id%3D221","","Sundaras Family Suites","Scored 8.8","8.8","Value for money 8.7","Located in Dambulla, 12 miles from Sigiriya Rock, Sundaras Family Suites provides accommodations with a garden, free private parking, a terrace and a restaurant. This 5-star resort offers room...","· 28 reviews","Opens in new window","Dambulla","Show prices","Excellent","Show on map","","https://cf.bstatic.com/xdata/images/hotel/square600/840980010.webp?k=0d29ce749cc2b5824358a853faa95ab1690d599a801fda4a874b8af83ea4a7a2&o="
"1777053257-70","https://www.booking.com/searchresults.html?label=bristol-XLwodozx2dVe8Ts0XeYuawS752260715469%3Apl%3Ata%3Ap1%3Ap2%3Aac%3Aap%3Aneg%3Afi%3Atikwd-869815001187%3Alp1009919%3Ali%3Adec%3Adm%3Appccp%3DUmFuZG9tSVYkc2RlIyh9YXdX6HrtnYy-Ml68sH-ljtU&aid=311984&dest_id=198&dest_type=country&group_adults=2&req_adults=2&no_rooms=1&broad_search_not_eligible=1&order=score&nflt=ht_id%3D204%3Bht_id%3D213%3Bht_id%3D201%3Bht_id%3D216%3Bht_id%3D222%3Bht_id%3D206%3Btop_destinations%3D6017%3Btop_destinations%3D5509%3Bpopular_nearby_landmarks%3D900074815%3Bpopular_nearby_landmarks%3D900053658%3Bpopular_nearby_landmarks%3D900075026%3Bpopular_nearby_landmarks%3D900059447%3Bpopular_nearby_landmarks%3D900075025%3Bht_id%3D221","","EKHO Sigiriya - 700 meters to Sigiriya Rock","Scored 8.8","8.8","Value for money 8.7","Located 2625 feet from Sigiriya Rock, EKHO Sigiriya - 2297 feet to Sigiriya Rock features free WiFi throughout the property. Guests can enjoy the on-site restaurant.","· 431 reviews","Opens in new window","Sigiriya","Show prices","Excellent","Show on map","","https://cf.bstatic.com/xdata/images/hotel/square600/818632478.webp?k=3cf481fb485f8e3d0d239e145368fe36eb8c58d7f02434528b87f3a7c01c8920&o="
"1777053257-71","https://www.booking.com/searchresults.html?label=bristol-XLwodozx2dVe8Ts0XeYuawS752260715469%3Apl%3Ata%3Ap1%3Ap2%3Aac%3Aap%3Aneg%3Afi%3Atikwd-869815001187%3Alp1009919%3Ali%3Adec%3Adm%3Appccp%3DUmFuZG9tSVYkc2RlIyh9YXdX6HrtnYy-Ml68sH-ljtU&aid=311984&dest_id=198&dest_type=country&group_adults=2&req_adults=2&no_rooms=1&broad_search_not_eligible=1&order=score&nflt=ht_id%3D204%3Bht_id%3D213%3Bht_id%3D201%3Bht_id%3D216%3Bht_id%3D222%3Bht_id%3D206%3Btop_destinations%3D6017%3Btop_destinations%3D5509%3Bpopular_nearby_landmarks%3D900074815%3Bpopular_nearby_landmarks%3D900053658%3Bpopular_nearby_landmarks%3D900075026%3Bpopular_nearby_landmarks%3D900059447%3Bpopular_nearby_landmarks%3D900075025%3Bht_id%3D221","","Sigiriya Dream Inn","Scored 8.8","8.8","Value for money 9.0","Located in Sigiriya, a 19-minute walk from Sigiriya Rock, Sigiriya Dream Inn provides accommodations with an outdoor swimming pool, free private parking and a garden.","· 110 reviews","Opens in new window","Sigiriya","Show prices","Excellent","Show on map","","https://cf.bstatic.com/xdata/images/hotel/square600/711192572.webp?k=73a45076884c5d164058ab0eb212142fbe6c74ee6bb5e9e88fdd99bedaa290e2&o="
"1777053257-72","https://www.booking.com/searchresults.html?label=bristol-XLwodozx2dVe8Ts0XeYuawS752260715469%3Apl%3Ata%3Ap1%3Ap2%3Aac%3Aap%3Aneg%3Afi%3Atikwd-869815001187%3Alp1009919%3Ali%3Adec%3Adm%3Appccp%3DUmFuZG9tSVYkc2RlIyh9YXdX6HrtnYy-Ml68sH-ljtU&aid=311984&dest_id=198&dest_type=country&group_adults=2&req_adults=2&no_rooms=1&broad_search_not_eligible=1&order=score&nflt=ht_id%3D204%3Bht_id%3D213%3Bht_id%3D201%3Bht_id%3D216%3Bht_id%3D222%3Bht_id%3D206%3Btop_destinations%3D6017%3Btop_destinations%3D5509%3Bpopular_nearby_landmarks%3D900074815%3Bpopular_nearby_landmarks%3D900053658%3Bpopular_nearby_landmarks%3D900075026%3Bpopular_nearby_landmarks%3D900059447%3Bpopular_nearby_landmarks%3D900075025%3Bht_id%3D221","","Sigiriya Melrose Villas","Scored 8.8","8.8","Value for money 9.0","With Sigiriya Rock reachable in 1.6 miles, Sigiriya Melrose Villas has accommodations, a restaurant, a garden, a terrace and a bar.","· 71 reviews","Opens in new window","Sigiriya","Show prices","Excellent","Show on map","","https://cf.bstatic.com/xdata/images/hotel/square600/334857180.webp?k=892979142de1cd18be6d2fb643c486e7a2e2033589802a0103d06d6d855f272c&o="
"1777053257-73","https://www.booking.com/searchresults.html?label=bristol-XLwodozx2dVe8Ts0XeYuawS752260715469%3Apl%3Ata%3Ap1%3Ap2%3Aac%3Aap%3Aneg%3Afi%3Atikwd-869815001187%3Alp1009919%3Ali%3Adec%3Adm%3Appccp%3DUmFuZG9tSVYkc2RlIyh9YXdX6HrtnYy-Ml68sH-ljtU&aid=311984&dest_id=198&dest_type=country&group_adults=2&req_adults=2&no_rooms=1&broad_search_not_eligible=1&order=score&nflt=ht_id%3D204%3Bht_id%3D213%3Bht_id%3D201%3Bht_id%3D216%3Bht_id%3D222%3Bht_id%3D206%3Btop_destinations%3D6017%3Btop_destinations%3D5509%3Bpopular_nearby_landmarks%3D900074815%3Bpopular_nearby_landmarks%3D900053658%3Bpopular_nearby_landmarks%3D900075026%3Bpopular_nearby_landmarks%3D900059447%3Bpopular_nearby_landmarks%3D900075025%3Bht_id%3D221","","Elephant Trio Sigiriya","Scored 8.8","8.8","Value for money 9.4","Elephant Trio Sigiriya is located in Sigiriya, just a 15-minute walk from Pidurangala Rock and 1.4 miles from Sigiriya Rock.","· 174 reviews","Opens in new window","Sigiriya","Show prices","Excellent","Show on map","","https://cf.bstatic.com/xdata/images/hotel/square600/644905911.webp?k=cfa5484c4e09af38dc1d306409e9b99e1679430fab70be9cb9d29a6918efb7f4&o="
"1777053257-74","https://www.booking.com/searchresults.html?label=bristol-XLwodozx2dVe8Ts0XeYuawS752260715469%3Apl%3Ata%3Ap1%3Ap2%3Aac%3Aap%3Aneg%3Afi%3Atikwd-869815001187%3Alp1009919%3Ali%3Adec%3Adm%3Appccp%3DUmFuZG9tSVYkc2RlIyh9YXdX6HrtnYy-Ml68sH-ljtU&aid=311984&dest_id=198&dest_type=country&group_adults=2&req_adults=2&no_rooms=1&broad_search_not_eligible=1&order=score&nflt=ht_id%3D204%3Bht_id%3D213%3Bht_id%3D201%3Bht_id%3D216%3Bht_id%3D222%3Bht_id%3D206%3Btop_destinations%3D6017%3Btop_destinations%3D5509%3Bpopular_nearby_landmarks%3D900074815%3Bpopular_nearby_landmarks%3D900053658%3Bpopular_nearby_landmarks%3D900075026%3Bpopular_nearby_landmarks%3D900059447%3Bpopular_nearby_landmarks%3D900075025%3Bht_id%3D221","","Tiara Elephant Lodge","Scored 8.7","8.7","Value for money 9.1","Located in Habarana, 6.6 miles from Pidurangala Rock, Tiara Elephant Lodge has accommodations with an outdoor swimming pool, free private parking, a garden and a shared lounge.","· 22 reviews","Opens in new window","Habarana","Show prices","Excellent","Show on map","","https://cf.bstatic.com/xdata/images/hotel/square600/603284100.webp?k=f9c05362ecc17a0398b0af4fc242aca135bc8a2cd40171e6cb4909cd9c2a90eb&o="
"1777053257-75","https://www.booking.com/searchresults.html?label=bristol-XLwodozx2dVe8Ts0XeYuawS752260715469%3Apl%3Ata%3Ap1%3Ap2%3Aac%3Aap%3Aneg%3Afi%3Atikwd-869815001187%3Alp1009919%3Ali%3Adec%3Adm%3Appccp%3DUmFuZG9tSVYkc2RlIyh9YXdX6HrtnYy-Ml68sH-ljtU&aid=311984&dest_id=198&dest_type=country&group_adults=2&req_adults=2&no_rooms=1&broad_search_not_eligible=1&order=score&nflt=ht_id%3D204%3Bht_id%3D213%3Bht_id%3D201%3Bht_id%3D216%3Bht_id%3D222%3Bht_id%3D206%3Btop_destinations%3D6017%3Btop_destinations%3D5509%3Bpopular_nearby_landmarks%3D900074815%3Bpopular_nearby_landmarks%3D900053658%3Bpopular_nearby_landmarks%3D900075026%3Bpopular_nearby_landmarks%3D900059447%3Bpopular_nearby_landmarks%3D900075025%3Bht_id%3D221","","Green Hut Nature Resort","Scored 8.7","8.7","Value for money 8.6","Located in Sigiriya, 2.2 miles from Sigiriya Rock, Green Hut Nature Resort has accommodations with a garden, free private parking, a terrace and a restaurant.","· 265 reviews","Opens in new window","Sigiriya","Show prices","Excellent","Show on map","","https://cf.bstatic.com/xdata/images/hotel/square600/764867345.webp?k=defecc54d46890e0b885582c96658bf6b304b2a6397ee2c4cee5b750f2df4581&o="
"1777053257-76","https://www.booking.com/searchresults.html?label=bristol-XLwodozx2dVe8Ts0XeYuawS752260715469%3Apl%3Ata%3Ap1%3Ap2%3Aac%3Aap%3Aneg%3Afi%3Atikwd-869815001187%3Alp1009919%3Ali%3Adec%3Adm%3Appccp%3DUmFuZG9tSVYkc2RlIyh9YXdX6HrtnYy-Ml68sH-ljtU&aid=311984&dest_id=198&dest_type=country&group_adults=2&req_adults=2&no_rooms=1&broad_search_not_eligible=1&order=score&nflt=ht_id%3D204%3Bht_id%3D213%3Bht_id%3D201%3Bht_id%3D216%3Bht_id%3D222%3Bht_id%3D206%3Btop_destinations%3D6017%3Btop_destinations%3D5509%3Bpopular_nearby_landmarks%3D900074815%3Bpopular_nearby_landmarks%3D900053658%3Bpopular_nearby_landmarks%3D900075026%3Bpopular_nearby_landmarks%3D900059447%3Bpopular_nearby_landmarks%3D900075025%3Bht_id%3D221","","Dambulla Shan Inn","Scored 8.7","8.7","Value for money 9.0","Shan Inn Dambulla is located in Dambulla, 984 feet from Dambulla Cave Temple. Free WiFi is provided and free private parking is available on site. Some rooms feature a seating area where you can...","· 65 reviews","Opens in new window","Dambulla","Show prices","Excellent","Show on map","","https://cf.bstatic.com/xdata/images/hotel/square600/223903707.webp?k=6120129640269a5440289040bfe107648604e1e2eea717c8665152c514c59c87&o="
"1777053257-77","https://www.booking.com/searchresults.html?label=bristol-XLwodozx2dVe8Ts0XeYuawS752260715469%3Apl%3Ata%3Ap1%3Ap2%3Aac%3Aap%3Aneg%3Afi%3Atikwd-869815001187%3Alp1009919%3Ali%3Adec%3Adm%3Appccp%3DUmFuZG9tSVYkc2RlIyh9YXdX6HrtnYy-Ml68sH-ljtU&aid=311984&dest_id=198&dest_type=country&group_adults=2&req_adults=2&no_rooms=1&broad_search_not_eligible=1&order=score&nflt=ht_id%3D204%3Bht_id%3D213%3Bht_id%3D201%3Bht_id%3D216%3Bht_id%3D222%3Bht_id%3D206%3Btop_destinations%3D6017%3Btop_destinations%3D5509%3Bpopular_nearby_landmarks%3D900074815%3Bpopular_nearby_landmarks%3D900053658%3Bpopular_nearby_landmarks%3D900075026%3Bpopular_nearby_landmarks%3D900059447%3Bpopular_nearby_landmarks%3D900075025%3Bht_id%3D221","","Back of Beyond - Pidurangala","Scored 8.7","8.7","Location 9.4","Set amid a natural landscape, Back of Beyond – Pidurangala offers a peaceful getaway in Sigiriya.","· 557 reviews","Opens in new window","Sigiriya","Show prices","Excellent","Show on map","","https://cf.bstatic.com/xdata/images/hotel/square600/164757387.webp?k=2f960c53f07149c640ef1bc0de8af96d8aa312539f505a04aee03141cdd951c5&o="
"1777053257-78","https://www.booking.com/searchresults.html?label=bristol-XLwodozx2dVe8Ts0XeYuawS752260715469%3Apl%3Ata%3Ap1%3Ap2%3Aac%3Aap%3Aneg%3Afi%3Atikwd-869815001187%3Alp1009919%3Ali%3Adec%3Adm%3Appccp%3DUmFuZG9tSVYkc2RlIyh9YXdX6HrtnYy-Ml68sH-ljtU&aid=311984&dest_id=198&dest_type=country&group_adults=2&req_adults=2&no_rooms=1&broad_search_not_eligible=1&order=score&nflt=ht_id%3D204%3Bht_id%3D213%3Bht_id%3D201%3Bht_id%3D216%3Bht_id%3D222%3Bht_id%3D206%3Btop_destinations%3D6017%3Btop_destinations%3D5509%3Bpopular_nearby_landmarks%3D900074815%3Bpopular_nearby_landmarks%3D900053658%3Bpopular_nearby_landmarks%3D900075026%3Bpopular_nearby_landmarks%3D900059447%3Bpopular_nearby_landmarks%3D900075025%3Bht_id%3D221","","Sevonrich Holiday Resort","Scored 8.7","8.7","Value for money 8.9","Sevonrich Holiday Resort is a recently renovated guest house in Dambulla where guests can make the most of its pool with a view, garden, and shared lounge.","· 648 reviews","Opens in new window","Dambulla","Show prices","Excellent","Show on map","","https://cf.bstatic.com/xdata/images/hotel/square600/133327002.webp?k=fa41bd6282b35a196b2f32ebbee54569bdecb838b6241754e8af6bd02db8a045&o="
"1777053257-79","https://www.booking.com/searchresults.html?label=bristol-XLwodozx2dVe8Ts0XeYuawS752260715469%3Apl%3Ata%3Ap1%3Ap2%3Aac%3Aap%3Aneg%3Afi%3Atikwd-869815001187%3Alp1009919%3Ali%3Adec%3Adm%3Appccp%3DUmFuZG9tSVYkc2RlIyh9YXdX6HrtnYy-Ml68sH-ljtU&aid=311984&dest_id=198&dest_type=country&group_adults=2&req_adults=2&no_rooms=1&broad_search_not_eligible=1&order=score&nflt=ht_id%3D204%3Bht_id%3D213%3Bht_id%3D201%3Bht_id%3D216%3Bht_id%3D222%3Bht_id%3D206%3Btop_destinations%3D6017%3Btop_destinations%3D5509%3Bpopular_nearby_landmarks%3D900074815%3Bpopular_nearby_landmarks%3D900053658%3Bpopular_nearby_landmarks%3D900075026%3Bpopular_nearby_landmarks%3D900059447%3Bpopular_nearby_landmarks%3D900075025%3Bht_id%3D221","","Lavendish Country Resort","Scored 8.7","8.7","Value for money 8.9","Located in Dambulla, 13 miles from Sigiriya Rock, Lavendish Country Resort has accommodations with an outdoor swimming pool, free private parking, a garden and a restaurant.","· 24 reviews","Opens in new window","Dambulla","Show prices","Excellent","Show on map","","https://cf.bstatic.com/xdata/images/hotel/square600/825516541.webp?k=745d402c993a12e5e28066c05b6aeedf37153339eb77bc61045250d03837ab35&o="
"1777053257-80","https://www.booking.com/searchresults.html?label=bristol-XLwodozx2dVe8Ts0XeYuawS752260715469%3Apl%3Ata%3Ap1%3Ap2%3Aac%3Aap%3Aneg%3Afi%3Atikwd-869815001187%3Alp1009919%3Ali%3Adec%3Adm%3Appccp%3DUmFuZG9tSVYkc2RlIyh9YXdX6HrtnYy-Ml68sH-ljtU&aid=311984&dest_id=198&dest_type=country&group_adults=2&req_adults=2&no_rooms=1&broad_search_not_eligible=1&order=score&nflt=ht_id%3D204%3Bht_id%3D213%3Bht_id%3D201%3Bht_id%3D216%3Bht_id%3D222%3Bht_id%3D206%3Btop_destinations%3D6017%3Btop_destinations%3D5509%3Bpopular_nearby_landmarks%3D900074815%3Bpopular_nearby_landmarks%3D900053658%3Bpopular_nearby_landmarks%3D900075026%3Bpopular_nearby_landmarks%3D900059447%3Bpopular_nearby_landmarks%3D900075025%3Bht_id%3D221","","Maapagala Resort Sigiriya","Scored 8.7","8.7","Value for money 9.0","Located in Sigiriya, a 17-minute walk from Sigiriya Rock, Maapagala Resort Sigiriya has accommodations with an outdoor swimming pool, free private parking, a garden and a restaurant.","· 278 reviews","Opens in new window","Sigiriya","Show prices","Excellent","Show on map","","https://cf.bstatic.com/xdata/images/hotel/square600/633168312.webp?k=05ecab54edf1bad8c85226c1b03aff4eff0499f31a3ae244b6468a410145bc9b&o="
"1777053257-81","https://www.booking.com/searchresults.html?label=bristol-XLwodozx2dVe8Ts0XeYuawS752260715469%3Apl%3Ata%3Ap1%3Ap2%3Aac%3Aap%3Aneg%3Afi%3Atikwd-869815001187%3Alp1009919%3Ali%3Adec%3Adm%3Appccp%3DUmFuZG9tSVYkc2RlIyh9YXdX6HrtnYy-Ml68sH-ljtU&aid=311984&dest_id=198&dest_type=country&group_adults=2&req_adults=2&no_rooms=1&broad_search_not_eligible=1&order=score&nflt=ht_id%3D204%3Bht_id%3D213%3Bht_id%3D201%3Bht_id%3D216%3Bht_id%3D222%3Bht_id%3D206%3Btop_destinations%3D6017%3Btop_destinations%3D5509%3Bpopular_nearby_landmarks%3D900074815%3Bpopular_nearby_landmarks%3D900053658%3Bpopular_nearby_landmarks%3D900075026%3Bpopular_nearby_landmarks%3D900059447%3Bpopular_nearby_landmarks%3D900075025%3Bht_id%3D221","","Sigiri Forest View","Scored 8.7","8.7","Value for money 9.4","Sigiri Forest View is located in Sigiriya. The accommodations will provide you with a balcony and a seating area. There is also a dining table.","· 205 reviews","Opens in new window","Sigiriya","Show prices","Excellent","Show on map","","https://cf.bstatic.com/xdata/images/hotel/square600/102049961.webp?k=7dcd25a1c112c8bdeae38caae1a1626fe95d7d62dd6c12a9e49db5e86d1fed56&o="
"1777053257-82","https://www.booking.com/searchresults.html?label=bristol-XLwodozx2dVe8Ts0XeYuawS752260715469%3Apl%3Ata%3Ap1%3Ap2%3Aac%3Aap%3Aneg%3Afi%3Atikwd-869815001187%3Alp1009919%3Ali%3Adec%3Adm%3Appccp%3DUmFuZG9tSVYkc2RlIyh9YXdX6HrtnYy-Ml68sH-ljtU&aid=311984&dest_id=198&dest_type=country&group_adults=2&req_adults=2&no_rooms=1&broad_search_not_eligible=1&order=score&nflt=ht_id%3D204%3Bht_id%3D213%3Bht_id%3D201%3Bht_id%3D216%3Bht_id%3D222%3Bht_id%3D206%3Btop_destinations%3D6017%3Btop_destinations%3D5509%3Bpopular_nearby_landmarks%3D900074815%3Bpopular_nearby_landmarks%3D900053658%3Bpopular_nearby_landmarks%3D900075026%3Bpopular_nearby_landmarks%3D900059447%3Bpopular_nearby_landmarks%3D900075025%3Bht_id%3D221","","Lovely lodge & Hostel","Scored 8.7","8.7","Value for money 9.2","Lovely lodge & Hostel provides air-conditioned rooms in Sigiriya. This homestay offers free private parking and a 24-hour front desk.","· 114 reviews","Opens in new window","Sigiriya","Show prices","Excellent","Show on map","","https://cf.bstatic.com/xdata/images/hotel/square600/222995187.webp?k=4cb9657aabe7a0f37e55d57d8e45a2cd202f9fda0d2be64b70a89ce4e09a4e96&o="
"1777053257-83","https://www.booking.com/searchresults.html?label=bristol-XLwodozx2dVe8Ts0XeYuawS752260715469%3Apl%3Ata%3Ap1%3Ap2%3Aac%3Aap%3Aneg%3Afi%3Atikwd-869815001187%3Alp1009919%3Ali%3Adec%3Adm%3Appccp%3DUmFuZG9tSVYkc2RlIyh9YXdX6HrtnYy-Ml68sH-ljtU&aid=311984&dest_id=198&dest_type=country&group_adults=2&req_adults=2&no_rooms=1&broad_search_not_eligible=1&order=score&nflt=ht_id%3D204%3Bht_id%3D213%3Bht_id%3D201%3Bht_id%3D216%3Bht_id%3D222%3Bht_id%3D206%3Btop_destinations%3D6017%3Btop_destinations%3D5509%3Bpopular_nearby_landmarks%3D900074815%3Bpopular_nearby_landmarks%3D900053658%3Bpopular_nearby_landmarks%3D900075026%3Bpopular_nearby_landmarks%3D900059447%3Bpopular_nearby_landmarks%3D900075025%3Bht_id%3D221","","Habarana Village by Cinnamon","Scored 8.6","8.6","","Offering bungalow-style rooms surrounded by greenery, Habarana VIllage by Cinnamon is a 15-minute drive from Minneriya National Park.","· 661 reviews","Opens in new window","Sigiriya","Show prices","Excellent","Show on map","","https://cf.bstatic.com/xdata/images/hotel/square600/647785486.webp?k=6797c4bc21667bd7a0cf14b6933d3a075801ac986580a3c7d28e9543b3292655&o="
"1777053257-84","https://www.booking.com/searchresults.html?label=bristol-XLwodozx2dVe8Ts0XeYuawS752260715469%3Apl%3Ata%3Ap1%3Ap2%3Aac%3Aap%3Aneg%3Afi%3Atikwd-869815001187%3Alp1009919%3Ali%3Adec%3Adm%3Appccp%3DUmFuZG9tSVYkc2RlIyh9YXdX6HrtnYy-Ml68sH-ljtU&aid=311984&dest_id=198&dest_type=country&group_adults=2&req_adults=2&no_rooms=1&broad_search_not_eligible=1&order=score&nflt=ht_id%3D204%3Bht_id%3D213%3Bht_id%3D201%3Bht_id%3D216%3Bht_id%3D222%3Bht_id%3D206%3Btop_destinations%3D6017%3Btop_destinations%3D5509%3Bpopular_nearby_landmarks%3D900074815%3Bpopular_nearby_landmarks%3D900053658%3Bpopular_nearby_landmarks%3D900075026%3Bpopular_nearby_landmarks%3D900059447%3Bpopular_nearby_landmarks%3D900075025%3Bht_id%3D221","","Sundaras Infinity Jungle Resort","Scored 8.6","8.6","","Located in Dambulla, 12 miles from Sigiriya Rock, Sundaras Infinity Jungle Resort has accommodations with an outdoor swimming pool, free private parking, a garden and a terrace.","· 283 reviews","Opens in new window","Dambulla","Show prices","Excellent","Show on map","","https://cf.bstatic.com/xdata/images/hotel/square600/694205791.webp?k=1c8a3c8547eebffbb22991f6e049a86702e3c42b8007d2fbe134e204bc6d1025&o="
"1777053257-85","https://www.booking.com/searchresults.html?label=bristol-XLwodozx2dVe8Ts0XeYuawS752260715469%3Apl%3Ata%3Ap1%3Ap2%3Aac%3Aap%3Aneg%3Afi%3Atikwd-869815001187%3Alp1009919%3Ali%3Adec%3Adm%3Appccp%3DUmFuZG9tSVYkc2RlIyh9YXdX6HrtnYy-Ml68sH-ljtU&aid=311984&dest_id=198&dest_type=country&group_adults=2&req_adults=2&no_rooms=1&broad_search_not_eligible=1&order=score&nflt=ht_id%3D204%3Bht_id%3D213%3Bht_id%3D201%3Bht_id%3D216%3Bht_id%3D222%3Bht_id%3D206%3Btop_destinations%3D6017%3Btop_destinations%3D5509%3Bpopular_nearby_landmarks%3D900074815%3Bpopular_nearby_landmarks%3D900053658%3Bpopular_nearby_landmarks%3D900075026%3Bpopular_nearby_landmarks%3D900059447%3Bpopular_nearby_landmarks%3D900075025%3Bht_id%3D221","","Sinhagiri Villa","Scored 8.6","8.6","Value for money 8.6","A good location for a relaxing getaway in Sigiriya, Sinhagiri Villa is a homestay surrounded by views of the quiet street.","· 257 reviews","Opens in new window","Sigiriya","Show prices","Excellent","Show on map","","https://cf.bstatic.com/xdata/images/hotel/square600/177507807.webp?k=352e602b6e8ae3d39604142139898a53fd9cb87fb70324d6cea2651c3076aec7&o="
"1777053257-86","https://www.booking.com/searchresults.html?label=bristol-XLwodozx2dVe8Ts0XeYuawS752260715469%3Apl%3Ata%3Ap1%3Ap2%3Aac%3Aap%3Aneg%3Afi%3Atikwd-869815001187%3Alp1009919%3Ali%3Adec%3Adm%3Appccp%3DUmFuZG9tSVYkc2RlIyh9YXdX6HrtnYy-Ml68sH-ljtU&aid=311984&dest_id=198&dest_type=country&group_adults=2&req_adults=2&no_rooms=1&broad_search_not_eligible=1&order=score&nflt=ht_id%3D204%3Bht_id%3D213%3Bht_id%3D201%3Bht_id%3D216%3Bht_id%3D222%3Bht_id%3D206%3Btop_destinations%3D6017%3Btop_destinations%3D5509%3Bpopular_nearby_landmarks%3D900074815%3Bpopular_nearby_landmarks%3D900053658%3Bpopular_nearby_landmarks%3D900075026%3Bpopular_nearby_landmarks%3D900059447%3Bpopular_nearby_landmarks%3D900075025%3Bht_id%3D221","","Horizon Resort & Hostel Sigiriya","Scored 8.6","8.6","Value for money 9.1","Located in Sigiriya, 1.1 miles from Sigiriya Rock, Horizon Resort & Hostel Sigiriya has accommodations with a garden, free private parking, a terrace and a restaurant.","· 128 reviews","Opens in new window","Sigiriya","Show prices","Excellent","Show on map","","https://cf.bstatic.com/xdata/images/hotel/square600/718390082.webp?k=22b8074fbbf5119f665b284c960feddc1ac0fff4e7115403030864cf7a050fc4&o="
"1777053257-87","https://www.booking.com/searchresults.html?label=bristol-XLwodozx2dVe8Ts0XeYuawS752260715469%3Apl%3Ata%3Ap1%3Ap2%3Aac%3Aap%3Aneg%3Afi%3Atikwd-869815001187%3Alp1009919%3Ali%3Adec%3Adm%3Appccp%3DUmFuZG9tSVYkc2RlIyh9YXdX6HrtnYy-Ml68sH-ljtU&aid=311984&dest_id=198&dest_type=country&group_adults=2&req_adults=2&no_rooms=1&broad_search_not_eligible=1&order=score&nflt=ht_id%3D204%3Bht_id%3D213%3Bht_id%3D201%3Bht_id%3D216%3Bht_id%3D222%3Bht_id%3D206%3Btop_destinations%3D6017%3Btop_destinations%3D5509%3Bpopular_nearby_landmarks%3D900074815%3Bpopular_nearby_landmarks%3D900053658%3Bpopular_nearby_landmarks%3D900075026%3Bpopular_nearby_landmarks%3D900059447%3Bpopular_nearby_landmarks%3D900075025%3Bht_id%3D221","","Hotel Sigiriya","Scored 8.5","8.5","Location 9.5","Sigiriya is located within the Cultural Triangle of Sri Lanka, an UNESCO World Heritage Site. Featuring the best view of the Lion’s Rock, it offers an outdoor pool, restaurant and free parking.","· 2,046 reviews","Opens in new window","Sigiriya","Show prices","Very Good","Show on map","","https://cf.bstatic.com/xdata/images/hotel/square600/210372174.webp?k=6a5867a3c50d6280951a1f4339e47bbacced272f785a95a25e989237ae21428a&o="
"1777053257-88","https://www.booking.com/searchresults.html?label=bristol-XLwodozx2dVe8Ts0XeYuawS752260715469%3Apl%3Ata%3Ap1%3Ap2%3Aac%3Aap%3Aneg%3Afi%3Atikwd-869815001187%3Alp1009919%3Ali%3Adec%3Adm%3Appccp%3DUmFuZG9tSVYkc2RlIyh9YXdX6HrtnYy-Ml68sH-ljtU&aid=311984&dest_id=198&dest_type=country&group_adults=2&req_adults=2&no_rooms=1&broad_search_not_eligible=1&order=score&nflt=ht_id%3D204%3Bht_id%3D213%3Bht_id%3D201%3Bht_id%3D216%3Bht_id%3D222%3Bht_id%3D206%3Btop_destinations%3D6017%3Btop_destinations%3D5509%3Bpopular_nearby_landmarks%3D900074815%3Bpopular_nearby_landmarks%3D900053658%3Bpopular_nearby_landmarks%3D900075026%3Bpopular_nearby_landmarks%3D900059447%3Bpopular_nearby_landmarks%3D900075025%3Bht_id%3D221","","Sigiriya Paradise Inn","Scored 8.5","8.5","Value for money 8.7","Offering a restaurant, Sigiriya Paradise Inn Guest House is located in Sigiriya. Free WiFi access is available in public areas of the property.","· 642 reviews","Opens in new window","Sigiriya","Show prices","Very Good","Show on map","","https://cf.bstatic.com/xdata/images/hotel/square600/691852947.webp?k=045ba2e802f59d2be13bab1d523737f3e9efbb2cd8d925c962d24f123ac99e2e&o="
"1777053257-89","https://www.booking.com/searchresults.html?label=bristol-XLwodozx2dVe8Ts0XeYuawS752260715469%3Apl%3Ata%3Ap1%3Ap2%3Aac%3Aap%3Aneg%3Afi%3Atikwd-869815001187%3Alp1009919%3Ali%3Adec%3Adm%3Appccp%3DUmFuZG9tSVYkc2RlIyh9YXdX6HrtnYy-Ml68sH-ljtU&aid=311984&dest_id=198&dest_type=country&group_adults=2&req_adults=2&no_rooms=1&broad_search_not_eligible=1&order=score&nflt=ht_id%3D204%3Bht_id%3D213%3Bht_id%3D201%3Bht_id%3D216%3Bht_id%3D222%3Bht_id%3D206%3Btop_destinations%3D6017%3Btop_destinations%3D5509%3Bpopular_nearby_landmarks%3D900074815%3Bpopular_nearby_landmarks%3D900053658%3Bpopular_nearby_landmarks%3D900075026%3Bpopular_nearby_landmarks%3D900059447%3Bpopular_nearby_landmarks%3D900075025%3Bht_id%3D221","","Dambulla Tourist Resort","Scored 8.5","8.5","Value for money 8.9","Providing garden views, Dambulla Tourist Resort in Dambulla offers accommodations, a garden, and a shared lounge.","· 262 reviews","Opens in new window","Dambulla","Show prices","Very Good","Show on map","","https://cf.bstatic.com/xdata/images/hotel/square600/333132299.webp?k=3ead7a848fa74a3602110509e42cdb05f308253dff6d93ee9c859a7546aeb74e&o="
"1777053257-90","https://www.booking.com/searchresults.html?label=bristol-XLwodozx2dVe8Ts0XeYuawS752260715469%3Apl%3Ata%3Ap1%3Ap2%3Aac%3Aap%3Aneg%3Afi%3Atikwd-869815001187%3Alp1009919%3Ali%3Adec%3Adm%3Appccp%3DUmFuZG9tSVYkc2RlIyh9YXdX6HrtnYy-Ml68sH-ljtU&aid=311984&dest_id=198&dest_type=country&group_adults=2&req_adults=2&no_rooms=1&broad_search_not_eligible=1&order=score&nflt=ht_id%3D204%3Bht_id%3D213%3Bht_id%3D201%3Bht_id%3D216%3Bht_id%3D222%3Bht_id%3D206%3Btop_destinations%3D6017%3Btop_destinations%3D5509%3Bpopular_nearby_landmarks%3D900074815%3Bpopular_nearby_landmarks%3D900053658%3Bpopular_nearby_landmarks%3D900075026%3Bpopular_nearby_landmarks%3D900059447%3Bpopular_nearby_landmarks%3D900075025%3Bht_id%3D221","","Yonara Green Rest","Scored 8.5","8.5","Value for money 9.2","Featuring city views, Yonara Green Rest in Habarana offers accommodations and a garden. This property offers access to a balcony and free private parking.","· 119 reviews","Opens in new window","Habarana","Show prices","Very Good","Show on map","","https://cf.bstatic.com/xdata/images/hotel/square600/326213767.webp?k=e1debec957767359891d2d0e56904fc24284df6fba41f584c7039d258222212d&o="
"1777053257-91","https://www.booking.com/searchresults.html?label=bristol-XLwodozx2dVe8Ts0XeYuawS752260715469%3Apl%3Ata%3Ap1%3Ap2%3Aac%3Aap%3Aneg%3Afi%3Atikwd-869815001187%3Alp1009919%3Ali%3Adec%3Adm%3Appccp%3DUmFuZG9tSVYkc2RlIyh9YXdX6HrtnYy-Ml68sH-ljtU&aid=311984&dest_id=198&dest_type=country&group_adults=2&req_adults=2&no_rooms=1&broad_search_not_eligible=1&order=score&nflt=ht_id%3D204%3Bht_id%3D213%3Bht_id%3D201%3Bht_id%3D216%3Bht_id%3D222%3Bht_id%3D206%3Btop_destinations%3D6017%3Btop_destinations%3D5509%3Bpopular_nearby_landmarks%3D900074815%3Bpopular_nearby_landmarks%3D900053658%3Bpopular_nearby_landmarks%3D900075026%3Bpopular_nearby_landmarks%3D900059447%3Bpopular_nearby_landmarks%3D900075025%3Bht_id%3D221","","Sigiriya Rock Gate Tree House","Scored 8.5","8.5","Value for money 8.8","Offering a garden and a terrace, Sigiriya Rock Gate Tree House in Sigiriya is close to Wildlife Range Office - Sigiriya and Sigiriya Museum.","· 26 reviews","Opens in new window","Sigiriya","Show prices","Very Good","Show on map","","https://cf.bstatic.com/xdata/images/hotel/square600/472542119.webp?k=7a3a9643f1503410063df831ff1499416815800d9d327b6ea5bca648a6b0300b&o="
"1777053257-92","https://www.booking.com/searchresults.html?label=bristol-XLwodozx2dVe8Ts0XeYuawS752260715469%3Apl%3Ata%3Ap1%3Ap2%3Aac%3Aap%3Aneg%3Afi%3Atikwd-869815001187%3Alp1009919%3Ali%3Adec%3Adm%3Appccp%3DUmFuZG9tSVYkc2RlIyh9YXdX6HrtnYy-Ml68sH-ljtU&aid=311984&dest_id=198&dest_type=country&group_adults=2&req_adults=2&no_rooms=1&broad_search_not_eligible=1&order=score&nflt=ht_id%3D204%3Bht_id%3D213%3Bht_id%3D201%3Bht_id%3D216%3Bht_id%3D222%3Bht_id%3D206%3Btop_destinations%3D6017%3Btop_destinations%3D5509%3Bpopular_nearby_landmarks%3D900074815%3Bpopular_nearby_landmarks%3D900053658%3Bpopular_nearby_landmarks%3D900075026%3Bpopular_nearby_landmarks%3D900059447%3Bpopular_nearby_landmarks%3D900075025%3Bht_id%3D221","","Tiny Homestay","Scored 8.4","8.4","Value for money 9.1","Tiny Homestay is located in Dambulla, just a 9-minute walk from Dambulla Cave Temple and 1.9 miles from Popham's Arboretum.","· 95 reviews","Opens in new window","Dambulla","Show prices","Very Good","Show on map","","https://cf.bstatic.com/xdata/images/hotel/square600/557263139.webp?k=6d7bfd342e42ed489e4a6ace0940a76b4a1a6ac2db620057437317066ae16e13&o="
"1777053257-93","https://www.booking.com/searchresults.html?label=bristol-XLwodozx2dVe8Ts0XeYuawS752260715469%3Apl%3Ata%3Ap1%3Ap2%3Aac%3Aap%3Aneg%3Afi%3Atikwd-869815001187%3Alp1009919%3Ali%3Adec%3Adm%3Appccp%3DUmFuZG9tSVYkc2RlIyh9YXdX6HrtnYy-Ml68sH-ljtU&aid=311984&dest_id=198&dest_type=country&group_adults=2&req_adults=2&no_rooms=1&broad_search_not_eligible=1&order=score&nflt=ht_id%3D204%3Bht_id%3D213%3Bht_id%3D201%3Bht_id%3D216%3Bht_id%3D222%3Bht_id%3D206%3Btop_destinations%3D6017%3Btop_destinations%3D5509%3Bpopular_nearby_landmarks%3D900074815%3Bpopular_nearby_landmarks%3D900053658%3Bpopular_nearby_landmarks%3D900075026%3Bpopular_nearby_landmarks%3D900059447%3Bpopular_nearby_landmarks%3D900075025%3Bht_id%3D221","","Victory Villa Sigiriya","Scored 8.4","8.4","Value for money 9.1","Just a 13-minute walk from Sigiriya Rock and 0.7 miles from Wildlife Range Office - Sigiriya, Victory Villa Sigiriya features accommodations in Sigiriya, with a garden and a shared lounge.","· 183 reviews","Opens in new window","Sigiriya","Show prices","Very Good","Show on map","","https://cf.bstatic.com/xdata/images/hotel/square600/825663911.webp?k=9908352022361b92f877a55cacd8c7cef9fb20b110edb13c5db6b39b98a8f20b&o="
"1777053257-94","https://www.booking.com/searchresults.html?label=bristol-XLwodozx2dVe8Ts0XeYuawS752260715469%3Apl%3Ata%3Ap1%3Ap2%3Aac%3Aap%3Aneg%3Afi%3Atikwd-869815001187%3Alp1009919%3Ali%3Adec%3Adm%3Appccp%3DUmFuZG9tSVYkc2RlIyh9YXdX6HrtnYy-Ml68sH-ljtU&aid=311984&dest_id=198&dest_type=country&group_adults=2&req_adults=2&no_rooms=1&broad_search_not_eligible=1&order=score&nflt=ht_id%3D204%3Bht_id%3D213%3Bht_id%3D201%3Bht_id%3D216%3Bht_id%3D222%3Bht_id%3D206%3Btop_destinations%3D6017%3Btop_destinations%3D5509%3Bpopular_nearby_landmarks%3D900074815%3Bpopular_nearby_landmarks%3D900053658%3Bpopular_nearby_landmarks%3D900075026%3Bpopular_nearby_landmarks%3D900059447%3Bpopular_nearby_landmarks%3D900075025%3Bht_id%3D221","","Smashing Inn","Scored 8.4","8.4","Value for money 9.2","Providing a garden, Smashing Inn features accommodations in Dambulla. This homestay offers free private parking and full-day security.","· 124 reviews","Opens in new window","Dambulla","Show prices","Very Good","Show on map","","https://cf.bstatic.com/xdata/images/hotel/square600/357371826.webp?k=62166c2b274d0c7afcb363e2dd509371ff665b4c41b3ca534adf63e5746eb894&o="
"1777053257-95","https://www.booking.com/searchresults.html?label=bristol-XLwodozx2dVe8Ts0XeYuawS752260715469%3Apl%3Ata%3Ap1%3Ap2%3Aac%3Aap%3Aneg%3Afi%3Atikwd-869815001187%3Alp1009919%3Ali%3Adec%3Adm%3Appccp%3DUmFuZG9tSVYkc2RlIyh9YXdX6HrtnYy-Ml68sH-ljtU&aid=311984&dest_id=198&dest_type=country&group_adults=2&req_adults=2&no_rooms=1&broad_search_not_eligible=1&order=score&nflt=ht_id%3D204%3Bht_id%3D213%3Bht_id%3D201%3Bht_id%3D216%3Bht_id%3D222%3Bht_id%3D206%3Btop_destinations%3D6017%3Btop_destinations%3D5509%3Bpopular_nearby_landmarks%3D900074815%3Bpopular_nearby_landmarks%3D900053658%3Bpopular_nearby_landmarks%3D900075026%3Bpopular_nearby_landmarks%3D900059447%3Bpopular_nearby_landmarks%3D900075025%3Bht_id%3D221","","Danara Homestay","Scored 8.4","8.4","Value for money 9.1","Featuring lake views, Danara Homestay in Sigiriya provides accommodations and a garden. With mountain views, this accommodation offers a terrace.","· 250 reviews","Opens in new window","Sigiriya","Show prices","Very Good","Show on map","","https://cf.bstatic.com/xdata/images/hotel/square600/462672295.webp?k=5d672a04e03ff399a0eb09baf4c2d579f56e63d3fca6ee341c83a47bd269c343&o="
"1777053257-96","https://www.booking.com/searchresults.html?label=bristol-XLwodozx2dVe8Ts0XeYuawS752260715469%3Apl%3Ata%3Ap1%3Ap2%3Aac%3Aap%3Aneg%3Afi%3Atikwd-869815001187%3Alp1009919%3Ali%3Adec%3Adm%3Appccp%3DUmFuZG9tSVYkc2RlIyh9YXdX6HrtnYy-Ml68sH-ljtU&aid=311984&dest_id=198&dest_type=country&group_adults=2&req_adults=2&no_rooms=1&broad_search_not_eligible=1&order=score&nflt=ht_id%3D204%3Bht_id%3D213%3Bht_id%3D201%3Bht_id%3D216%3Bht_id%3D222%3Bht_id%3D206%3Btop_destinations%3D6017%3Btop_destinations%3D5509%3Bpopular_nearby_landmarks%3D900074815%3Bpopular_nearby_landmarks%3D900053658%3Bpopular_nearby_landmarks%3D900075026%3Bpopular_nearby_landmarks%3D900059447%3Bpopular_nearby_landmarks%3D900075025%3Bht_id%3D221","","Zensigiri Ayurveda Wellness Homestay","Scored 8.4","8.4","Value for money 9.2","1.5 miles from Sigiriya Rock in Sigiriya, Zensigiri Ayurveda Wellness Homestay offers accommodations with access to wellness packages, beauty services, and steam room.","· 24 reviews","Opens in new window","Sigiriya","Show prices","Very Good","Show on map","","https://cf.bstatic.com/xdata/images/hotel/square600/846935213.webp?k=ba67a4183c3b8bd9e5f6df64cd2321b8e9585127db5582f44d6495236c464e25&o="
"1777053257-97","https://www.booking.com/searchresults.html?label=bristol-XLwodozx2dVe8Ts0XeYuawS752260715469%3Apl%3Ata%3Ap1%3Ap2%3Aac%3Aap%3Aneg%3Afi%3Atikwd-869815001187%3Alp1009919%3Ali%3Adec%3Adm%3Appccp%3DUmFuZG9tSVYkc2RlIyh9YXdX6HrtnYy-Ml68sH-ljtU&aid=311984&dest_id=198&dest_type=country&group_adults=2&req_adults=2&no_rooms=1&broad_search_not_eligible=1&order=score&nflt=ht_id%3D204%3Bht_id%3D213%3Bht_id%3D201%3Bht_id%3D216%3Bht_id%3D222%3Bht_id%3D206%3Btop_destinations%3D6017%3Btop_destinations%3D5509%3Bpopular_nearby_landmarks%3D900074815%3Bpopular_nearby_landmarks%3D900053658%3Bpopular_nearby_landmarks%3D900075026%3Bpopular_nearby_landmarks%3D900059447%3Bpopular_nearby_landmarks%3D900075025%3Bht_id%3D221","","Choona Lodge 'view of sigiriya & pidurangala with sunrise'","Scored 8.3","8.3","Value for money 9.1","Providing garden views, Choona Lodge 'view of sigiriya & pidurangala with sunrise' in Sigiriya provides accommodations, a garden, a shared lounge, a terrace and a restaurant.","· 130 reviews","Opens in new window","Sigiriya","Show prices","Very Good","Show on map","","https://cf.bstatic.com/xdata/images/hotel/square600/410547272.webp?k=ac270c525de6ea52b06cc7b33eee75c37e31c0a3de1b4109d0ae7fc46be50074&o="
"1777053257-98","https://www.booking.com/searchresults.html?label=bristol-XLwodozx2dVe8Ts0XeYuawS752260715469%3Apl%3Ata%3Ap1%3Ap2%3Aac%3Aap%3Aneg%3Afi%3Atikwd-869815001187%3Alp1009919%3Ali%3Adec%3Adm%3Appccp%3DUmFuZG9tSVYkc2RlIyh9YXdX6HrtnYy-Ml68sH-ljtU&aid=311984&dest_id=198&dest_type=country&group_adults=2&req_adults=2&no_rooms=1&broad_search_not_eligible=1&order=score&nflt=ht_id%3D204%3Bht_id%3D213%3Bht_id%3D201%3Bht_id%3D216%3Bht_id%3D222%3Bht_id%3D206%3Btop_destinations%3D6017%3Btop_destinations%3D5509%3Bpopular_nearby_landmarks%3D900074815%3Bpopular_nearby_landmarks%3D900053658%3Bpopular_nearby_landmarks%3D900075026%3Bpopular_nearby_landmarks%3D900059447%3Bpopular_nearby_landmarks%3D900075025%3Bht_id%3D221","","Sigiri Rainbow Lodge","Scored 8.3","8.3","Value for money 9.0","Located 1.2 miles from Sigiriya Rock, Sigiri Rainbow Lodge offers a garden, and air-conditioned accommodations with a patio and free WiFi.","· 222 reviews","Opens in new window","Sigiriya","Show prices","Very Good","Show on map","","https://cf.bstatic.com/xdata/images/hotel/square600/118827045.webp?k=262f986da066926e446c74ebeb39bd149d0423b0199f52b529ca953070214a30&o="
"1777053257-99","https://www.booking.com/searchresults.html?label=bristol-XLwodozx2dVe8Ts0XeYuawS752260715469%3Apl%3Ata%3Ap1%3Ap2%3Aac%3Aap%3Aneg%3Afi%3Atikwd-869815001187%3Alp1009919%3Ali%3Adec%3Adm%3Appccp%3DUmFuZG9tSVYkc2RlIyh9YXdX6HrtnYy-Ml68sH-ljtU&aid=311984&dest_id=198&dest_type=country&group_adults=2&req_adults=2&no_rooms=1&broad_search_not_eligible=1&order=score&nflt=ht_id%3D204%3Bht_id%3D213%3Bht_id%3D201%3Bht_id%3D216%3Bht_id%3D222%3Bht_id%3D206%3Btop_destinations%3D6017%3Btop_destinations%3D5509%3Bpopular_nearby_landmarks%3D900074815%3Bpopular_nearby_landmarks%3D900053658%3Bpopular_nearby_landmarks%3D900075026%3Bpopular_nearby_landmarks%3D900059447%3Bpopular_nearby_landmarks%3D900075025%3Bht_id%3D221","","Fresco Water Villa","Scored 8.2","8.2","","Featuring an outdoor swimming pool and a restaurant, Fresco Water Villa offers accommodations in Sigiriya, 0.6 mi from Sigiriya Rock. Guests can enjoy the on-site bar.","· 158 reviews","Opens in new window","Sigiriya","Show prices","Very Good","Show on map","","https://cf.bstatic.com/xdata/images/hotel/square600/188584366.webp?k=a07071349ec617ac9c1e3b0a4985d8f9cdabf1f5cb9842e1461900e47c176a2e&o="
"1777053257-100","https://www.booking.com/searchresults.html?label=bristol-XLwodozx2dVe8Ts0XeYuawS752260715469%3Apl%3Ata%3Ap1%3Ap2%3Aac%3Aap%3Aneg%3Afi%3Atikwd-869815001187%3Alp1009919%3Ali%3Adec%3Adm%3Appccp%3DUmFuZG9tSVYkc2RlIyh9YXdX6HrtnYy-Ml68sH-ljtU&aid=311984&dest_id=198&dest_type=country&group_adults=2&req_adults=2&no_rooms=1&broad_search_not_eligible=1&order=score&nflt=ht_id%3D204%3Bht_id%3D213%3Bht_id%3D201%3Bht_id%3D216%3Bht_id%3D222%3Bht_id%3D206%3Btop_destinations%3D6017%3Btop_destinations%3D5509%3Bpopular_nearby_landmarks%3D900074815%3Bpopular_nearby_landmarks%3D900053658%3Bpopular_nearby_landmarks%3D900075026%3Bpopular_nearby_landmarks%3D900059447%3Bpopular_nearby_landmarks%3D900075025%3Bht_id%3D221","","Sunshine Resort & Spa Sigiriya","Scored 8.2","8.2","","Located in Sigiriya, a 18-minute walk from Sigiriya Rock, Sunshine Resort & Spa Sigiriya provides accommodations with free bikes, free private parking, a garden and a terrace.","· 492 reviews","Opens in new window","Sigiriya","Show prices","Very Good","Show on map","","https://cf.bstatic.com/xdata/images/hotel/square600/149688617.webp?k=4243e24652a58aaaf351a9261feac47012f3a725cbad7b3ad6b69ad190e961aa&o="
"1777053257-101","https://www.booking.com/searchresults.html?label=bristol-XLwodozx2dVe8Ts0XeYuawS752260715469%3Apl%3Ata%3Ap1%3Ap2%3Aac%3Aap%3Aneg%3Afi%3Atikwd-869815001187%3Alp1009919%3Ali%3Adec%3Adm%3Appccp%3DUmFuZG9tSVYkc2RlIyh9YXdX6HrtnYy-Ml68sH-ljtU&aid=311984&dest_id=198&dest_type=country&group_adults=2&req_adults=2&no_rooms=1&broad_search_not_eligible=1&order=score&nflt=ht_id%3D204%3Bht_id%3D213%3Bht_id%3D201%3Bht_id%3D216%3Bht_id%3D222%3Bht_id%3D206%3Btop_destinations%3D6017%3Btop_destinations%3D5509%3Bpopular_nearby_landmarks%3D900074815%3Bpopular_nearby_landmarks%3D900053658%3Bpopular_nearby_landmarks%3D900075026%3Bpopular_nearby_landmarks%3D900059447%3Bpopular_nearby_landmarks%3D900075025%3Bht_id%3D221","","The Thick Forest","Scored 8.2","8.2","","Set amid a tropical landscape, The Thick Forest features traditional bungalows that overlook Sigiriya‘s Rock Fortress.","· 318 reviews","Opens in new window","Sigiriya","Show prices","Very Good","Show on map","","https://cf.bstatic.com/xdata/images/hotel/square600/92147209.webp?k=2188c8c4ab1d2ac1050f54330bbebd95c7993abb57920b6f3767e9a2102278c2&o="
"1777053257-102","https://www.booking.com/searchresults.html?label=bristol-XLwodozx2dVe8Ts0XeYuawS752260715469%3Apl%3Ata%3Ap1%3Ap2%3Aac%3Aap%3Aneg%3Afi%3Atikwd-869815001187%3Alp1009919%3Ali%3Adec%3Adm%3Appccp%3DUmFuZG9tSVYkc2RlIyh9YXdX6HrtnYy-Ml68sH-ljtU&aid=311984&dest_id=198&dest_type=country&group_adults=2&req_adults=2&no_rooms=1&broad_search_not_eligible=1&order=score&nflt=ht_id%3D204%3Bht_id%3D213%3Bht_id%3D201%3Bht_id%3D216%3Bht_id%3D222%3Bht_id%3D206%3Btop_destinations%3D6017%3Btop_destinations%3D5509%3Bpopular_nearby_landmarks%3D900074815%3Bpopular_nearby_landmarks%3D900053658%3Bpopular_nearby_landmarks%3D900075026%3Bpopular_nearby_landmarks%3D900059447%3Bpopular_nearby_landmarks%3D900075025%3Bht_id%3D221","","Sigiriya Village","Scored 8.2","8.2","Location 9.3","Sigiriya Village features well-furnished cottages with the World Heritage Site of Sigirya Rock Fortress as a stunning backdrop.","· 678 reviews","Opens in new window","Sigiriya","Show prices","Very Good","Show on map","","https://cf.bstatic.com/xdata/images/hotel/square600/542138094.webp?k=6e0a6bc8a9b65209a0ef0196ac6e0e700e7ff2a31cb3a63988f96cdf717d04a7&o="
"1777053257-103","https://www.booking.com/searchresults.html?label=bristol-XLwodozx2dVe8Ts0XeYuawS752260715469%3Apl%3Ata%3Ap1%3Ap2%3Aac%3Aap%3Aneg%3Afi%3Atikwd-869815001187%3Alp1009919%3Ali%3Adec%3Adm%3Appccp%3DUmFuZG9tSVYkc2RlIyh9YXdX6HrtnYy-Ml68sH-ljtU&aid=311984&dest_id=198&dest_type=country&group_adults=2&req_adults=2&no_rooms=1&broad_search_not_eligible=1&order=score&nflt=ht_id%3D204%3Bht_id%3D213%3Bht_id%3D201%3Bht_id%3D216%3Bht_id%3D222%3Bht_id%3D206%3Btop_destinations%3D6017%3Btop_destinations%3D5509%3Bpopular_nearby_landmarks%3D900074815%3Bpopular_nearby_landmarks%3D900053658%3Bpopular_nearby_landmarks%3D900075026%3Bpopular_nearby_landmarks%3D900059447%3Bpopular_nearby_landmarks%3D900075025%3Bht_id%3D221","","Kalana Homestay","Scored 8.2","8.2","Value for money 8.8","Located in Sigiriya, a 14-minute walk from Sigiriya Rock, Kalana Homestay has accommodations with a garden, free private parking and a terrace.","· 275 reviews","Opens in new window","Sigiriya","Show prices","Very Good","Show on map","","https://cf.bstatic.com/xdata/images/hotel/square600/191463546.webp?k=63a5b1349ccb1460a75e9ded05dbe572cbf6f515dabcc5df6ffb93af04f64b31&o="
"1777053257-104","https://www.booking.com/searchresults.html?label=bristol-XLwodozx2dVe8Ts0XeYuawS752260715469%3Apl%3Ata%3Ap1%3Ap2%3Aac%3Aap%3Aneg%3Afi%3Atikwd-869815001187%3Alp1009919%3Ali%3Adec%3Adm%3Appccp%3DUmFuZG9tSVYkc2RlIyh9YXdX6HrtnYy-Ml68sH-ljtU&aid=311984&dest_id=198&dest_type=country&group_adults=2&req_adults=2&no_rooms=1&broad_search_not_eligible=1&order=score&nflt=ht_id%3D204%3Bht_id%3D213%3Bht_id%3D201%3Bht_id%3D216%3Bht_id%3D222%3Bht_id%3D206%3Btop_destinations%3D6017%3Btop_destinations%3D5509%3Bpopular_nearby_landmarks%3D900074815%3Bpopular_nearby_landmarks%3D900053658%3Bpopular_nearby_landmarks%3D900075026%3Bpopular_nearby_landmarks%3D900059447%3Bpopular_nearby_landmarks%3D900075025%3Bht_id%3D221","","Lakmini Lodge Restaurant & Bar","Scored 8.2","8.2","Location 9.4","Offering views spectacular natural landmark, Lakmini Lodge and Restaurant is set in Sigiriya in the Matale District Region, 0.7 mi from Sigiriya Rock.","· 240 reviews","Opens in new window","Sigiriya","Show prices","Very Good","Show on map","","https://cf.bstatic.com/xdata/images/hotel/square600/646756944.webp?k=40c169c107ff45ea7c97550ab81f3f23ea12b9b202faf45a824f6cce74526171&o="
"1777053257-105","https://www.booking.com/searchresults.html?label=bristol-XLwodozx2dVe8Ts0XeYuawS752260715469%3Apl%3Ata%3Ap1%3Ap2%3Aac%3Aap%3Aneg%3Afi%3Atikwd-869815001187%3Alp1009919%3Ali%3Adec%3Adm%3Appccp%3DUmFuZG9tSVYkc2RlIyh9YXdX6HrtnYy-Ml68sH-ljtU&aid=311984&dest_id=198&dest_type=country&group_adults=2&req_adults=2&no_rooms=1&broad_search_not_eligible=1&order=score&nflt=ht_id%3D204%3Bht_id%3D213%3Bht_id%3D201%3Bht_id%3D216%3Bht_id%3D222%3Bht_id%3D206%3Btop_destinations%3D6017%3Btop_destinations%3D5509%3Bpopular_nearby_landmarks%3D900074815%3Bpopular_nearby_landmarks%3D900053658%3Bpopular_nearby_landmarks%3D900075026%3Bpopular_nearby_landmarks%3D900059447%3Bpopular_nearby_landmarks%3D900075025%3Bht_id%3D221","","The Nilmini Lodge","Scored 8.2","8.2","Value for money 8.8","Located in Sigiriya, The Nilmini Lodge has free WiFi, and guests can enjoy a garden, a shared lounge and a terrace. There's a fully equipped private bathroom with bidet and free toiletries.","· 127 reviews","Opens in new window","Sigiriya","Show prices","Very Good","Show on map","","https://cf.bstatic.com/xdata/images/hotel/square600/163075796.webp?k=516a98c8804f8683d8aed193309f084c8dc9586dc36355d721c2a79a729df802&o="
"1777053257-106","https://www.booking.com/searchresults.html?label=bristol-XLwodozx2dVe8Ts0XeYuawS752260715469%3Apl%3Ata%3Ap1%3Ap2%3Aac%3Aap%3Aneg%3Afi%3Atikwd-869815001187%3Alp1009919%3Ali%3Adec%3Adm%3Appccp%3DUmFuZG9tSVYkc2RlIyh9YXdX6HrtnYy-Ml68sH-ljtU&aid=311984&dest_id=198&dest_type=country&group_adults=2&req_adults=2&no_rooms=1&broad_search_not_eligible=1&order=score&nflt=ht_id%3D204%3Bht_id%3D213%3Bht_id%3D201%3Bht_id%3D216%3Bht_id%3D222%3Bht_id%3D206%3Btop_destinations%3D6017%3Btop_destinations%3D5509%3Bpopular_nearby_landmarks%3D900074815%3Bpopular_nearby_landmarks%3D900053658%3Bpopular_nearby_landmarks%3D900075026%3Bpopular_nearby_landmarks%3D900059447%3Bpopular_nearby_landmarks%3D900075025%3Bht_id%3D221","","Green Grass Homestay","Scored 8.2","8.2","Location 9.6","Just a 16-minute walk from Sigiriya Rock and 0.6 miles from Wildlife Range Office - Sigiriya, Green Grass Homestay features accommodations in Sigiriya, with massage services, a garden, and barbecue...","· 117 reviews","Opens in new window","Sigiriya","Show prices","Very Good","Show on map","","https://cf.bstatic.com/xdata/images/hotel/square600/668643624.webp?k=16211eae174b5ce015d5efd55b0372fa9f1798da35326f3e8f693435f8d29452&o="
"1777053257-107","https://www.booking.com/searchresults.html?label=bristol-XLwodozx2dVe8Ts0XeYuawS752260715469%3Apl%3Ata%3Ap1%3Ap2%3Aac%3Aap%3Aneg%3Afi%3Atikwd-869815001187%3Alp1009919%3Ali%3Adec%3Adm%3Appccp%3DUmFuZG9tSVYkc2RlIyh9YXdX6HrtnYy-Ml68sH-ljtU&aid=311984&dest_id=198&dest_type=country&group_adults=2&req_adults=2&no_rooms=1&broad_search_not_eligible=1&order=score&nflt=ht_id%3D204%3Bht_id%3D213%3Bht_id%3D201%3Bht_id%3D216%3Bht_id%3D222%3Bht_id%3D206%3Btop_destinations%3D6017%3Btop_destinations%3D5509%3Bpopular_nearby_landmarks%3D900074815%3Bpopular_nearby_landmarks%3D900053658%3Bpopular_nearby_landmarks%3D900075026%3Bpopular_nearby_landmarks%3D900059447%3Bpopular_nearby_landmarks%3D900075025%3Bht_id%3D221","","Gangula Eco lodge","Scored 8.2","8.2","Value for money 8.9","Providing garden views, Gangula Eco lodge in Sigiriya offers accommodations and a garden. With lake views, this accommodation features a terrace.","· 392 reviews","Opens in new window","Sigiriya","Show prices","Very Good","Show on map","","https://cf.bstatic.com/xdata/images/hotel/square600/432768879.webp?k=0269d126e0a379b3c73a7e217e5c7b03f0c56970a9fb3c2e0f074989b72a3b1c&o="
"1777053257-108","https://www.booking.com/searchresults.html?label=bristol-XLwodozx2dVe8Ts0XeYuawS752260715469%3Apl%3Ata%3Ap1%3Ap2%3Aac%3Aap%3Aneg%3Afi%3Atikwd-869815001187%3Alp1009919%3Ali%3Adec%3Adm%3Appccp%3DUmFuZG9tSVYkc2RlIyh9YXdX6HrtnYy-Ml68sH-ljtU&aid=311984&dest_id=198&dest_type=country&group_adults=2&req_adults=2&no_rooms=1&broad_search_not_eligible=1&order=score&nflt=ht_id%3D204%3Bht_id%3D213%3Bht_id%3D201%3Bht_id%3D216%3Bht_id%3D222%3Bht_id%3D206%3Btop_destinations%3D6017%3Btop_destinations%3D5509%3Bpopular_nearby_landmarks%3D900074815%3Bpopular_nearby_landmarks%3D900053658%3Bpopular_nearby_landmarks%3D900075026%3Bpopular_nearby_landmarks%3D900059447%3Bpopular_nearby_landmarks%3D900075025%3Bht_id%3D221","","Sigiri Choona Lodge 'unique sunrise viewpoint'","Scored 8.1","8.1","Value for money 8.5","Featuring a year-round outdoor pool, Sigiri Choona Lodge 'unique sunrise viewpoint' in Sigiriya provides accommodations with free WiFi and free private parking for guests who drive.","· 758 reviews","Opens in new window","Sigiriya","Show prices","Very Good","Show on map","","https://cf.bstatic.com/xdata/images/hotel/square600/806238156.webp?k=9684706f98da1147a93be2239dc7eb762e4e94e3d97d3a0528ed883e3090d72e&o="
"1777053257-109","https://www.booking.com/searchresults.html?label=bristol-XLwodozx2dVe8Ts0XeYuawS752260715469%3Apl%3Ata%3Ap1%3Ap2%3Aac%3Aap%3Aneg%3Afi%3Atikwd-869815001187%3Alp1009919%3Ali%3Adec%3Adm%3Appccp%3DUmFuZG9tSVYkc2RlIyh9YXdX6HrtnYy-Ml68sH-ljtU&aid=311984&dest_id=198&dest_type=country&group_adults=2&req_adults=2&no_rooms=1&broad_search_not_eligible=1&order=score&nflt=ht_id%3D204%3Bht_id%3D213%3Bht_id%3D201%3Bht_id%3D216%3Bht_id%3D222%3Bht_id%3D206%3Btop_destinations%3D6017%3Btop_destinations%3D5509%3Bpopular_nearby_landmarks%3D900074815%3Bpopular_nearby_landmarks%3D900053658%3Bpopular_nearby_landmarks%3D900075026%3Bpopular_nearby_landmarks%3D900059447%3Bpopular_nearby_landmarks%3D900075025%3Bht_id%3D221","","Gimanhala Hotel","Scored 8.1","8.1","","Located in Dambulla, 13 miles from Sigiriya Rock, Gimanhala Hotel provides accommodations with an outdoor swimming pool, free private parking, a garden and a shared lounge.","· 19 reviews","Opens in new window","Dambulla","Show prices","Very Good","Show on map","","https://cf.bstatic.com/xdata/images/hotel/square600/630043752.webp?k=6922d714ee69244b112605a468d206d520f92b893323c8a7ba12f724d39570ab&o="
"1777053257-110","https://www.booking.com/searchresults.html?label=bristol-XLwodozx2dVe8Ts0XeYuawS752260715469%3Apl%3Ata%3Ap1%3Ap2%3Aac%3Aap%3Aneg%3Afi%3Atikwd-869815001187%3Alp1009919%3Ali%3Adec%3Adm%3Appccp%3DUmFuZG9tSVYkc2RlIyh9YXdX6HrtnYy-Ml68sH-ljtU&aid=311984&dest_id=198&dest_type=country&group_adults=2&req_adults=2&no_rooms=1&broad_search_not_eligible=1&order=score&nflt=ht_id%3D204%3Bht_id%3D213%3Bht_id%3D201%3Bht_id%3D216%3Bht_id%3D222%3Bht_id%3D206%3Btop_destinations%3D6017%3Btop_destinations%3D5509%3Bpopular_nearby_landmarks%3D900074815%3Bpopular_nearby_landmarks%3D900053658%3Bpopular_nearby_landmarks%3D900075026%3Bpopular_nearby_landmarks%3D900059447%3Bpopular_nearby_landmarks%3D900075025%3Bht_id%3D221","","Wooden Cabana Sigiriya","Scored 8.1","8.1","","Just a 19-minute walk from Wildlife Range Office - Sigiriya and 0.7 miles from Sigiriya Museum, Wooden Cabana Sigiriya features accommodations in Sigiriya, with pool with a view, an indoor pool, and a...","· 93 reviews","Opens in new window","Sigiriya","Show prices","Very Good","Show on map","","https://cf.bstatic.com/xdata/images/hotel/square600/780575031.webp?k=2c9e97fc202aaf93151807b3a01fb95edd943302bd9ad60680be411f155d6e51&o="
"1777053257-111","https://www.booking.com/searchresults.html?label=bristol-XLwodozx2dVe8Ts0XeYuawS752260715469%3Apl%3Ata%3Ap1%3Ap2%3Aac%3Aap%3Aneg%3Afi%3Atikwd-869815001187%3Alp1009919%3Ali%3Adec%3Adm%3Appccp%3DUmFuZG9tSVYkc2RlIyh9YXdX6HrtnYy-Ml68sH-ljtU&aid=311984&dest_id=198&dest_type=country&group_adults=2&req_adults=2&no_rooms=1&broad_search_not_eligible=1&order=score&nflt=ht_id%3D204%3Bht_id%3D213%3Bht_id%3D201%3Bht_id%3D216%3Bht_id%3D222%3Bht_id%3D206%3Btop_destinations%3D6017%3Btop_destinations%3D5509%3Bpopular_nearby_landmarks%3D900074815%3Bpopular_nearby_landmarks%3D900053658%3Bpopular_nearby_landmarks%3D900075026%3Bpopular_nearby_landmarks%3D900059447%3Bpopular_nearby_landmarks%3D900075025%3Bht_id%3D221","","Rankendiya Resort - Habarana","Scored 8.1","8.1","Value for money 9.6","Located in Habarana, 6.8 miles from Pidurangala Rock, Rankendiya Resort - Habarana provides accommodations with an outdoor swimming pool, free private parking, a garden and a terrace.","· 8 reviews","Opens in new window","Habarana","Show prices","Very Good","Show on map","","https://cf.bstatic.com/xdata/images/hotel/square600/700632058.webp?k=6915b476fed4d2a3b531e5bf91403ffa6a6f6714fc7ef3d8bc63b131804be29b&o="
"1777053257-112","https://www.booking.com/searchresults.html?label=bristol-XLwodozx2dVe8Ts0XeYuawS752260715469%3Apl%3Ata%3Ap1%3Ap2%3Aac%3Aap%3Aneg%3Afi%3Atikwd-869815001187%3Alp1009919%3Ali%3Adec%3Adm%3Appccp%3DUmFuZG9tSVYkc2RlIyh9YXdX6HrtnYy-Ml68sH-ljtU&aid=311984&dest_id=198&dest_type=country&group_adults=2&req_adults=2&no_rooms=1&broad_search_not_eligible=1&order=score&nflt=ht_id%3D204%3Bht_id%3D213%3Bht_id%3D201%3Bht_id%3D216%3Bht_id%3D222%3Bht_id%3D206%3Btop_destinations%3D6017%3Btop_destinations%3D5509%3Bpopular_nearby_landmarks%3D900074815%3Bpopular_nearby_landmarks%3D900053658%3Bpopular_nearby_landmarks%3D900075026%3Bpopular_nearby_landmarks%3D900059447%3Bpopular_nearby_landmarks%3D900075025%3Bht_id%3D221","","The Banda's Eco Villa","Scored 8.1","8.1","","Featuring inner courtyard views, The Banda's Eco Villa in Sigiriya provides accommodations and a garden. This property offers access to a terrace and free private parking.","· 12 reviews","Opens in new window","Sigiriya","Show prices","Very Good","Show on map","","https://cf.bstatic.com/xdata/images/hotel/square600/813642331.webp?k=8411d3a92b48beff9005539a3c7038f6e89513eebad9982cb6526db8f0c8de2b&o="
"1777053257-113","https://www.booking.com/searchresults.html?label=bristol-XLwodozx2dVe8Ts0XeYuawS752260715469%3Apl%3Ata%3Ap1%3Ap2%3Aac%3Aap%3Aneg%3Afi%3Atikwd-869815001187%3Alp1009919%3Ali%3Adec%3Adm%3Appccp%3DUmFuZG9tSVYkc2RlIyh9YXdX6HrtnYy-Ml68sH-ljtU&aid=311984&dest_id=198&dest_type=country&group_adults=2&req_adults=2&no_rooms=1&broad_search_not_eligible=1&order=score&nflt=ht_id%3D204%3Bht_id%3D213%3Bht_id%3D201%3Bht_id%3D216%3Bht_id%3D222%3Bht_id%3D206%3Btop_destinations%3D6017%3Btop_destinations%3D5509%3Bpopular_nearby_landmarks%3D900074815%3Bpopular_nearby_landmarks%3D900053658%3Bpopular_nearby_landmarks%3D900075026%3Bpopular_nearby_landmarks%3D900059447%3Bpopular_nearby_landmarks%3D900075025%3Bht_id%3D221","","Palmyra Nature Resort Sigiriya","Scored 8.0","8.0","","Located in Sigiriya, 1.6 miles from Sigiriya Rock, Palmyra Nature Resort Sigiriya has accommodations with an outdoor swimming pool, free private parking, a garden and a shared lounge.","· 1,473 reviews","Opens in new window","Sigiriya","Show prices","Very Good","Show on map","","https://cf.bstatic.com/xdata/images/hotel/square600/531316414.webp?k=3788c6789ff8f0efe64b8c79a77b67079fd97058a71205da30dc82ce9e4ee804&o="
"1777053257-114","https://www.booking.com/searchresults.html?label=bristol-XLwodozx2dVe8Ts0XeYuawS752260715469%3Apl%3Ata%3Ap1%3Ap2%3Aac%3Aap%3Aneg%3Afi%3Atikwd-869815001187%3Alp1009919%3Ali%3Adec%3Adm%3Appccp%3DUmFuZG9tSVYkc2RlIyh9YXdX6HrtnYy-Ml68sH-ljtU&aid=311984&dest_id=198&dest_type=country&group_adults=2&req_adults=2&no_rooms=1&broad_search_not_eligible=1&order=score&nflt=ht_id%3D204%3Bht_id%3D213%3Bht_id%3D201%3Bht_id%3D216%3Bht_id%3D222%3Bht_id%3D206%3Btop_destinations%3D6017%3Btop_destinations%3D5509%3Bpopular_nearby_landmarks%3D900074815%3Bpopular_nearby_landmarks%3D900053658%3Bpopular_nearby_landmarks%3D900075026%3Bpopular_nearby_landmarks%3D900059447%3Bpopular_nearby_landmarks%3D900075025%3Bht_id%3D221","","Mind Body and Soul","Scored 8.0","8.0","","Located in Dambulla, 12 miles from Sigiriya Rock, Mind Body and Soul has accommodations with an outdoor swimming pool, free private parking, a garden and a terrace.","· 129 reviews","Opens in new window","Dambulla","Show prices","Very Good","Show on map","","https://cf.bstatic.com/xdata/images/hotel/square600/322948829.webp?k=ce8d6a14a5dccaafde81d1f217bc56db7f22c1a1d0eeeba98dde8f7d5f29458b&o="
"1777053257-115","https://www.booking.com/searchresults.html?label=bristol-XLwodozx2dVe8Ts0XeYuawS752260715469%3Apl%3Ata%3Ap1%3Ap2%3Aac%3Aap%3Aneg%3Afi%3Atikwd-869815001187%3Alp1009919%3Ali%3Adec%3Adm%3Appccp%3DUmFuZG9tSVYkc2RlIyh9YXdX6HrtnYy-Ml68sH-ljtU&aid=311984&dest_id=198&dest_type=country&group_adults=2&req_adults=2&no_rooms=1&broad_search_not_eligible=1&order=score&nflt=ht_id%3D204%3Bht_id%3D213%3Bht_id%3D201%3Bht_id%3D216%3Bht_id%3D222%3Bht_id%3D206%3Btop_destinations%3D6017%3Btop_destinations%3D5509%3Bpopular_nearby_landmarks%3D900074815%3Bpopular_nearby_landmarks%3D900053658%3Bpopular_nearby_landmarks%3D900075026%3Bpopular_nearby_landmarks%3D900059447%3Bpopular_nearby_landmarks%3D900075025%3Bht_id%3D221","","Anusha Resort Hotel","Scored 8.0","8.0","Value for money 8.9","Featuring a garden, Anusha Resort Hotel offers accommodations in Dambulla. With garden views, this accommodation provides a terrace.","· 26 reviews","Opens in new window","Dambulla","Show prices","Very Good","Show on map","","https://cf.bstatic.com/xdata/images/hotel/square600/820946831.webp?k=26dc5ca7d7c3f664b718f1928b4405975515109811f799fb3d4ad6ebb1c115cc&o="
"1777053257-116","https://www.booking.com/searchresults.html?label=bristol-XLwodozx2dVe8Ts0XeYuawS752260715469%3Apl%3Ata%3Ap1%3Ap2%3Aac%3Aap%3Aneg%3Afi%3Atikwd-869815001187%3Alp1009919%3Ali%3Adec%3Adm%3Appccp%3DUmFuZG9tSVYkc2RlIyh9YXdX6HrtnYy-Ml68sH-ljtU&aid=311984&dest_id=198&dest_type=country&group_adults=2&req_adults=2&no_rooms=1&broad_search_not_eligible=1&order=score&nflt=ht_id%3D204%3Bht_id%3D213%3Bht_id%3D201%3Bht_id%3D216%3Bht_id%3D222%3Bht_id%3D206%3Btop_destinations%3D6017%3Btop_destinations%3D5509%3Bpopular_nearby_landmarks%3D900074815%3Bpopular_nearby_landmarks%3D900053658%3Bpopular_nearby_landmarks%3D900075026%3Bpopular_nearby_landmarks%3D900059447%3Bpopular_nearby_landmarks%3D900075025%3Bht_id%3D221","","Hotel sunflower","Scored 8.0","8.0","","Located in Dambulla, 12 miles from Sigiriya Rock, Hotel sunflower has accommodations with an outdoor swimming pool, free private parking, a garden and a terrace.","· 47 reviews","Opens in new window","Dambulla","Show prices","Very Good","Show on map","","https://cf.bstatic.com/xdata/images/hotel/square600/744506326.webp?k=7fb7fb68b6e340092c6162ea2645c70ebb0377eead812ac81a0de9796e768342&o="
"1777053257-117","https://www.booking.com/searchresults.html?label=bristol-XLwodozx2dVe8Ts0XeYuawS752260715469%3Apl%3Ata%3Ap1%3Ap2%3Aac%3Aap%3Aneg%3Afi%3Atikwd-869815001187%3Alp1009919%3Ali%3Adec%3Adm%3Appccp%3DUmFuZG9tSVYkc2RlIyh9YXdX6HrtnYy-Ml68sH-ljtU&aid=311984&dest_id=198&dest_type=country&group_adults=2&req_adults=2&no_rooms=1&broad_search_not_eligible=1&order=score&nflt=ht_id%3D204%3Bht_id%3D213%3Bht_id%3D201%3Bht_id%3D216%3Bht_id%3D222%3Bht_id%3D206%3Btop_destinations%3D6017%3Btop_destinations%3D5509%3Bpopular_nearby_landmarks%3D900074815%3Bpopular_nearby_landmarks%3D900053658%3Bpopular_nearby_landmarks%3D900075026%3Bpopular_nearby_landmarks%3D900059447%3Bpopular_nearby_landmarks%3D900075025%3Bht_id%3D221","","Sigiriya Kingdom Resort","Scored 8.0","8.0","","Located in Dambulla, 14 miles from Sigiriya Rock, Sigiriya Kingdom Resort has accommodations with an outdoor swimming pool, free private parking, a garden and a terrace.","· 173 reviews","Opens in new window","Dambulla","Show prices","Very Good","Show on map","","https://cf.bstatic.com/xdata/images/hotel/square600/737441013.webp?k=76e95df6d1fc17cd092370ce3c2641d89adb24e4808aa60c77e1fd6364e05225&o="
"1777053257-118","https://www.booking.com/searchresults.html?label=bristol-XLwodozx2dVe8Ts0XeYuawS752260715469%3Apl%3Ata%3Ap1%3Ap2%3Aac%3Aap%3Aneg%3Afi%3Atikwd-869815001187%3Alp1009919%3Ali%3Adec%3Adm%3Appccp%3DUmFuZG9tSVYkc2RlIyh9YXdX6HrtnYy-Ml68sH-ljtU&aid=311984&dest_id=198&dest_type=country&group_adults=2&req_adults=2&no_rooms=1&broad_search_not_eligible=1&order=score&nflt=ht_id%3D204%3Bht_id%3D213%3Bht_id%3D201%3Bht_id%3D216%3Bht_id%3D222%3Bht_id%3D206%3Btop_destinations%3D6017%3Btop_destinations%3D5509%3Bpopular_nearby_landmarks%3D900074815%3Bpopular_nearby_landmarks%3D900053658%3Bpopular_nearby_landmarks%3D900075026%3Bpopular_nearby_landmarks%3D900059447%3Bpopular_nearby_landmarks%3D900075025%3Bht_id%3D221","","Hotel Sigiriya Kele","Scored 7.9","7.9","","Located in Sigiriya, 1.4 miles from Sigiriya Rock, Hotel Sigiriya Kele features a terrace and views of the pool. Featuring a garden, the 3-star hotel has air-conditioned rooms with a private bathroom....","· 680 reviews","Opens in new window","Sigiriya","Show prices","Good","Show on map","","https://cf.bstatic.com/xdata/images/hotel/square600/417193543.webp?k=6eae9d6322f1b63ee73d65ab210c33201a9b04b6467c908560ebd88d014756d9&o="
"1777053257-119","https://www.booking.com/searchresults.html?label=bristol-XLwodozx2dVe8Ts0XeYuawS752260715469%3Apl%3Ata%3Ap1%3Ap2%3Aac%3Aap%3Aneg%3Afi%3Atikwd-869815001187%3Alp1009919%3Ali%3Adec%3Adm%3Appccp%3DUmFuZG9tSVYkc2RlIyh9YXdX6HrtnYy-Ml68sH-ljtU&aid=311984&dest_id=198&dest_type=country&group_adults=2&req_adults=2&no_rooms=1&broad_search_not_eligible=1&order=score&nflt=ht_id%3D204%3Bht_id%3D213%3Bht_id%3D201%3Bht_id%3D216%3Bht_id%3D222%3Bht_id%3D206%3Btop_destinations%3D6017%3Btop_destinations%3D5509%3Bpopular_nearby_landmarks%3D900074815%3Bpopular_nearby_landmarks%3D900053658%3Bpopular_nearby_landmarks%3D900075026%3Bpopular_nearby_landmarks%3D900059447%3Bpopular_nearby_landmarks%3D900075025%3Bht_id%3D221","","River Retreat Sigiriya","Scored 7.9","7.9","Value for money 8.8","Offering river views, River Retreat Sigiriya in Sigiriya features accommodations and a garden. This property offers access to a balcony and free private parking.","· 212 reviews","Opens in new window","Sigiriya","Show prices","Good","Show on map","","https://cf.bstatic.com/xdata/images/hotel/square600/109376848.webp?k=c4b19f122e75c257516ef32b3bffb27c7753e8f4f8501503d0da32de5092bcff&o="
"1777053257-120","https://www.booking.com/searchresults.html?label=bristol-XLwodozx2dVe8Ts0XeYuawS752260715469%3Apl%3Ata%3Ap1%3Ap2%3Aac%3Aap%3Aneg%3Afi%3Atikwd-869815001187%3Alp1009919%3Ali%3Adec%3Adm%3Appccp%3DUmFuZG9tSVYkc2RlIyh9YXdX6HrtnYy-Ml68sH-ljtU&aid=311984&dest_id=198&dest_type=country&group_adults=2&req_adults=2&no_rooms=1&broad_search_not_eligible=1&order=score&nflt=ht_id%3D204%3Bht_id%3D213%3Bht_id%3D201%3Bht_id%3D216%3Bht_id%3D222%3Bht_id%3D206%3Btop_destinations%3D6017%3Btop_destinations%3D5509%3Bpopular_nearby_landmarks%3D900074815%3Bpopular_nearby_landmarks%3D900053658%3Bpopular_nearby_landmarks%3D900075026%3Bpopular_nearby_landmarks%3D900059447%3Bpopular_nearby_landmarks%3D900075025%3Bht_id%3D221","","Sigiri Lanka Resort","Scored 7.9","7.9","","Located in Sigiriya, within a 17-minute walk of Sigiriya Rock and 2 miles of Pidurangala Rock, Sigiri Lanka Resort has accommodations with a terrace as well as free private parking for guests who...","· 83 reviews","Opens in new window","Sigiriya","Show prices","Good","Show on map","","https://cf.bstatic.com/xdata/images/hotel/square600/589819277.webp?k=9f83a5772da84bbc74984a1abc7120fce3c04a6843f31231bebceca12629f63f&o="
"1777053257-121","https://www.booking.com/searchresults.html?label=bristol-XLwodozx2dVe8Ts0XeYuawS752260715469%3Apl%3Ata%3Ap1%3Ap2%3Aac%3Aap%3Aneg%3Afi%3Atikwd-869815001187%3Alp1009919%3Ali%3Adec%3Adm%3Appccp%3DUmFuZG9tSVYkc2RlIyh9YXdX6HrtnYy-Ml68sH-ljtU&aid=311984&dest_id=198&dest_type=country&group_adults=2&req_adults=2&no_rooms=1&broad_search_not_eligible=1&order=score&nflt=ht_id%3D204%3Bht_id%3D213%3Bht_id%3D201%3Bht_id%3D216%3Bht_id%3D222%3Bht_id%3D206%3Btop_destinations%3D6017%3Btop_destinations%3D5509%3Bpopular_nearby_landmarks%3D900074815%3Bpopular_nearby_landmarks%3D900053658%3Bpopular_nearby_landmarks%3D900075026%3Bpopular_nearby_landmarks%3D900059447%3Bpopular_nearby_landmarks%3D900075025%3Bht_id%3D221","","Near The Canal Homstay","Scored 7.5","7.5","","Offering garden views, Near The Canal Homstay in Sigiriya features accommodations and a garden. This homestay offers free private parking, bicycle parking, and free Wifi.","· 220 reviews","Opens in new window","Sigiriya","Show prices","Good","Show on map","","https://cf.bstatic.com/xdata/images/hotel/square600/739691834.webp?k=318304adb0d904f33646b0a343083df519941967b785729cd70791dc511d1880&o="
"1777053257-122","https://www.booking.com/searchresults.html?label=bristol-XLwodozx2dVe8Ts0XeYuawS752260715469%3Apl%3Ata%3Ap1%3Ap2%3Aac%3Aap%3Aneg%3Afi%3Atikwd-869815001187%3Alp1009919%3Ali%3Adec%3Adm%3Appccp%3DUmFuZG9tSVYkc2RlIyh9YXdX6HrtnYy-Ml68sH-ljtU&aid=311984&dest_id=198&dest_type=country&group_adults=2&req_adults=2&no_rooms=1&broad_search_not_eligible=1&order=score&nflt=ht_id%3D204%3Bht_id%3D213%3Bht_id%3D201%3Bht_id%3D216%3Bht_id%3D222%3Bht_id%3D206%3Btop_destinations%3D6017%3Btop_destinations%3D5509%3Bpopular_nearby_landmarks%3D900074815%3Bpopular_nearby_landmarks%3D900053658%3Bpopular_nearby_landmarks%3D900075026%3Bpopular_nearby_landmarks%3D900059447%3Bpopular_nearby_landmarks%3D900075025%3Bht_id%3D221","","Heritage Rangiri Villa","Scored 7.3","7.3","","Located in Dambulla, 12 miles from Sigiriya Rock, Heritage Rangiri Villa has accommodations with a garden, free private parking, a shared lounge and a terrace.","· 195 reviews","Opens in new window","Dambulla","Show prices","Good","Show on map","","https://cf.bstatic.com/xdata/images/hotel/square600/469841414.webp?k=5678b8b2b99fe04510e456642f38ed19c15eec82e376af0bae6e5a4fe37e2c10&o="
"1777053257-123","https://www.booking.com/searchresults.html?label=bristol-XLwodozx2dVe8Ts0XeYuawS752260715469%3Apl%3Ata%3Ap1%3Ap2%3Aac%3Aap%3Aneg%3Afi%3Atikwd-869815001187%3Alp1009919%3Ali%3Adec%3Adm%3Appccp%3DUmFuZG9tSVYkc2RlIyh9YXdX6HrtnYy-Ml68sH-ljtU&aid=311984&dest_id=198&dest_type=country&group_adults=2&req_adults=2&no_rooms=1&broad_search_not_eligible=1&order=score&nflt=ht_id%3D204%3Bht_id%3D213%3Bht_id%3D201%3Bht_id%3D216%3Bht_id%3D222%3Bht_id%3D206%3Btop_destinations%3D6017%3Btop_destinations%3D5509%3Bpopular_nearby_landmarks%3D900074815%3Bpopular_nearby_landmarks%3D900053658%3Bpopular_nearby_landmarks%3D900075026%3Bpopular_nearby_landmarks%3D900059447%3Bpopular_nearby_landmarks%3D900075025%3Bht_id%3D221","","Flower Garden Eco Village","Scored 6.9","6.9","","Located 1.1 mi from Sigiriya Rock in Sigiriya, Flower Garden Eco Village features a restaurant, bar and free WiFi. Free private parking is available on site.","· 169 reviews","Opens in new window","Sigiriya","Show prices","Review score","Show on map","","https://cf.bstatic.com/xdata/images/hotel/square600/202847196.webp?k=f37503594730e67810dad9ff13fa61c73254bc7782a23db2d05849d45df45efa&o="
"1777053257-124","https://www.booking.com/searchresults.html?label=bristol-XLwodozx2dVe8Ts0XeYuawS752260715469%3Apl%3Ata%3Ap1%3Ap2%3Aac%3Aap%3Aneg%3Afi%3Atikwd-869815001187%3Alp1009919%3Ali%3Adec%3Adm%3Appccp%3DUmFuZG9tSVYkc2RlIyh9YXdX6HrtnYy-Ml68sH-ljtU&aid=311984&dest_id=198&dest_type=country&group_adults=2&req_adults=2&no_rooms=1&broad_search_not_eligible=1&order=score&nflt=ht_id%3D204%3Bht_id%3D213%3Bht_id%3D201%3Bht_id%3D216%3Bht_id%3D222%3Bht_id%3D206%3Btop_destinations%3D6017%3Btop_destinations%3D5509%3Bpopular_nearby_landmarks%3D900074815%3Bpopular_nearby_landmarks%3D900053658%3Bpopular_nearby_landmarks%3D900075026%3Bpopular_nearby_landmarks%3D900059447%3Bpopular_nearby_landmarks%3D900075025%3Bht_id%3D221","","Heritage Dambulla By Ceylon Hotels Corporation","Scored 4.5","4.5","","Located in Dambulla, 12 miles from Sigiriya Rock, Heritage Dambulla By Ceylon Hotels Corporation has accommodations with a garden, free private parking, a restaurant and a bar.","· 6 reviews","Opens in new window","Dambulla","Show prices","Review score","Show on map","","https://cf.bstatic.com/xdata/images/hotel/square600/733869268.webp?k=12197c3bd9761a49ff05087ff1bd64fea42a4f938a1c3a157b21acd7b51954f2&o="
"1777053257-125","https://www.booking.com/searchresults.html?label=bristol-XLwodozx2dVe8Ts0XeYuawS752260715469%3Apl%3Ata%3Ap1%3Ap2%3Aac%3Aap%3Aneg%3Afi%3Atikwd-869815001187%3Alp1009919%3Ali%3Adec%3Adm%3Appccp%3DUmFuZG9tSVYkc2RlIyh9YXdX6HrtnYy-Ml68sH-ljtU&aid=311984&dest_id=198&dest_type=country&group_adults=2&req_adults=2&no_rooms=1&broad_search_not_eligible=1&order=score&nflt=ht_id%3D204%3Bht_id%3D213%3Bht_id%3D201%3Bht_id%3D216%3Bht_id%3D222%3Bht_id%3D206%3Btop_destinations%3D6017%3Btop_destinations%3D5509%3Bpopular_nearby_landmarks%3D900074815%3Bpopular_nearby_landmarks%3D900053658%3Bpopular_nearby_landmarks%3D900075026%3Bpopular_nearby_landmarks%3D900059447%3Bpopular_nearby_landmarks%3D900075025%3Bht_id%3D221","","Lotus Inn Tourist Resort","Scored 2.3","2.3","","12 miles from Sigiriya Rock in Dambulla, Lotus Inn Tourist Resort offers accommodations with access to a hot tub. With mountain views, this accommodation features a patio.","· 26 reviews","Opens in new window","Dambulla","Show prices","Review score","Show on map","","https://cf.bstatic.com/xdata/images/hotel/square600/595713917.webp?k=e6c8228f03f459e12b2c1faf90264b09cac7d06992af098ef87affb1a7b31964&o="
"1777053257-126","https://www.booking.com/searchresults.html?label=bristol-XLwodozx2dVe8Ts0XeYuawS752260715469%3Apl%3Ata%3Ap1%3Ap2%3Aac%3Aap%3Aneg%3Afi%3Atikwd-869815001187%3Alp1009919%3Ali%3Adec%3Adm%3Appccp%3DUmFuZG9tSVYkc2RlIyh9YXdX6HrtnYy-Ml68sH-ljtU&aid=311984&dest_id=198&dest_type=country&group_adults=2&req_adults=2&no_rooms=1&broad_search_not_eligible=1&order=score&nflt=ht_id%3D204%3Bht_id%3D213%3Bht_id%3D201%3Bht_id%3D216%3Bht_id%3D222%3Bht_id%3D206%3Btop_destinations%3D6017%3Btop_destinations%3D5509%3Bpopular_nearby_landmarks%3D900074815%3Bpopular_nearby_landmarks%3D900053658%3Bpopular_nearby_landmarks%3D900075026%3Bpopular_nearby_landmarks%3D900059447%3Bpopular_nearby_landmarks%3D900075025%3Bht_id%3D221","","Shan Villa Dambulla","","","","Shan Villa Dambulla is located in Dambulla, just 12 miles from Sigiriya Rock and 13 miles from Pidurangala Rock. This property offers access to a balcony and free private parking.","","Opens in new window","Dambulla","Show prices","","Show on map","New to Booking.com","https://cf.bstatic.com/xdata/images/hotel/square600/825896959.webp?k=b828d263abb160f44a634bfbed83dc3164a7625e187e2732871ce22de4034677&o="
"1777053257-127","https://www.booking.com/searchresults.html?label=bristol-XLwodozx2dVe8Ts0XeYuawS752260715469%3Apl%3Ata%3Ap1%3Ap2%3Aac%3Aap%3Aneg%3Afi%3Atikwd-869815001187%3Alp1009919%3Ali%3Adec%3Adm%3Appccp%3DUmFuZG9tSVYkc2RlIyh9YXdX6HrtnYy-Ml68sH-ljtU&aid=311984&dest_id=198&dest_type=country&group_adults=2&req_adults=2&no_rooms=1&broad_search_not_eligible=1&order=score&nflt=ht_id%3D204%3Bht_id%3D213%3Bht_id%3D201%3Bht_id%3D216%3Bht_id%3D222%3Bht_id%3D206%3Btop_destinations%3D6017%3Btop_destinations%3D5509%3Bpopular_nearby_landmarks%3D900074815%3Bpopular_nearby_landmarks%3D900053658%3Bpopular_nearby_landmarks%3D900075026%3Bpopular_nearby_landmarks%3D900059447%3Bpopular_nearby_landmarks%3D900075025%3Bht_id%3D221","","OKI Nature Resort","","","","Featuring a garden, terrace and views of garden, OKI Nature Resort is located in Dambulla, 12 miles from Sigiriya Rock.","","Opens in new window","Dambulla","Show prices","","Show on map","New to Booking.com","https://cf.bstatic.com/xdata/images/hotel/square600/834801771.webp?k=dd7e994a3af740f4aad5117115e6cb16c3c1f3320e3b7af6fe886591a3277e7a&o="
"1777053257-128","https://www.booking.com/searchresults.html?label=bristol-XLwodozx2dVe8Ts0XeYuawS752260715469%3Apl%3Ata%3Ap1%3Ap2%3Aac%3Aap%3Aneg%3Afi%3Atikwd-869815001187%3Alp1009919%3Ali%3Adec%3Adm%3Appccp%3DUmFuZG9tSVYkc2RlIyh9YXdX6HrtnYy-Ml68sH-ljtU&aid=311984&dest_id=198&dest_type=country&group_adults=2&req_adults=2&no_rooms=1&broad_search_not_eligible=1&order=score&nflt=ht_id%3D204%3Bht_id%3D213%3Bht_id%3D201%3Bht_id%3D216%3Bht_id%3D222%3Bht_id%3D206%3Btop_destinations%3D6017%3Btop_destinations%3D5509%3Bpopular_nearby_landmarks%3D900074815%3Bpopular_nearby_landmarks%3D900053658%3Bpopular_nearby_landmarks%3D900075026%3Bpopular_nearby_landmarks%3D900059447%3Bpopular_nearby_landmarks%3D900075025%3Bht_id%3D221","","Niwasa Habarana","Scored 10","10","Value for money 10","Located in Habarana, 6.3 miles from Pidurangala Rock, Niwasa Habarana provides accommodations with a garden, free private parking and a restaurant.","· 1 review","Opens in new window","Habarana","Show prices","Exceptional","Show on map","New to Booking.com","https://cf.bstatic.com/xdata/images/hotel/square600/841585014.webp?k=c25a4ff4fcb39185185ffe7065ecffd17f60fcc5600cc4119c00393208000436&o="
"1777053257-129","https://www.booking.com/searchresults.html?label=bristol-XLwodozx2dVe8Ts0XeYuawS752260715469%3Apl%3Ata%3Ap1%3Ap2%3Aac%3Aap%3Aneg%3Afi%3Atikwd-869815001187%3Alp1009919%3Ali%3Adec%3Adm%3Appccp%3DUmFuZG9tSVYkc2RlIyh9YXdX6HrtnYy-Ml68sH-ljtU&aid=311984&dest_id=198&dest_type=country&group_adults=2&req_adults=2&no_rooms=1&broad_search_not_eligible=1&order=score&nflt=ht_id%3D204%3Bht_id%3D213%3Bht_id%3D201%3Bht_id%3D216%3Bht_id%3D222%3Bht_id%3D206%3Btop_destinations%3D6017%3Btop_destinations%3D5509%3Bpopular_nearby_landmarks%3D900074815%3Bpopular_nearby_landmarks%3D900053658%3Bpopular_nearby_landmarks%3D900075026%3Bpopular_nearby_landmarks%3D900059447%3Bpopular_nearby_landmarks%3D900075025%3Bht_id%3D221","","Rock View Homestay","","","","6.7 miles from Pidurangala Rock in Habarana, Rock View Homestay provides accommodations with access to spa facilities.","","Opens in new window","Habarana","Show prices","","Show on map","New to Booking.com","https://cf.bstatic.com/xdata/images/hotel/square600/832260716.webp?k=1a7a31cabc27d8ae8b53da9c1b28f04a70efb8ed48796ef543ce81faa7b0e508&o="
"1777053257-130","https://www.booking.com/searchresults.html?label=bristol-XLwodozx2dVe8Ts0XeYuawS752260715469%3Apl%3Ata%3Ap1%3Ap2%3Aac%3Aap%3Aneg%3Afi%3Atikwd-869815001187%3Alp1009919%3Ali%3Adec%3Adm%3Appccp%3DUmFuZG9tSVYkc2RlIyh9YXdX6HrtnYy-Ml68sH-ljtU&aid=311984&dest_id=198&dest_type=country&group_adults=2&req_adults=2&no_rooms=1&broad_search_not_eligible=1&order=score&nflt=ht_id%3D204%3Bht_id%3D213%3Bht_id%3D201%3Bht_id%3D216%3Bht_id%3D222%3Bht_id%3D206%3Btop_destinations%3D6017%3Btop_destinations%3D5509%3Bpopular_nearby_landmarks%3D900074815%3Bpopular_nearby_landmarks%3D900053658%3Bpopular_nearby_landmarks%3D900075026%3Bpopular_nearby_landmarks%3D900059447%3Bpopular_nearby_landmarks%3D900075025%3Bht_id%3D221","","Pearl Guest House","Scored 9.5","9.5","Value for money 9.4","Located in Dambulla, 12 miles from Sigiriya Rock, Pearl Guest House provides accommodations with a garden, free private parking and a terrace.","· 4 reviews","Opens in new window","Dambulla","Show prices","Exceptional","Show on map","New to Booking.com","https://cf.bstatic.com/xdata/images/hotel/square600/813664409.webp?k=1d21c457266bf45dc0cd8888414898adfc2f2164aed2d0b187e992db540fbd90&o="
"1777053257-131","https://www.booking.com/searchresults.html?label=bristol-XLwodozx2dVe8Ts0XeYuawS752260715469%3Apl%3Ata%3Ap1%3Ap2%3Aac%3Aap%3Aneg%3Afi%3Atikwd-869815001187%3Alp1009919%3Ali%3Adec%3Adm%3Appccp%3DUmFuZG9tSVYkc2RlIyh9YXdX6HrtnYy-Ml68sH-ljtU&aid=311984&dest_id=198&dest_type=country&group_adults=2&req_adults=2&no_rooms=1&broad_search_not_eligible=1&order=score&nflt=ht_id%3D204%3Bht_id%3D213%3Bht_id%3D201%3Bht_id%3D216%3Bht_id%3D222%3Bht_id%3D206%3Btop_destinations%3D6017%3Btop_destinations%3D5509%3Bpopular_nearby_landmarks%3D900074815%3Bpopular_nearby_landmarks%3D900053658%3Bpopular_nearby_landmarks%3D900075026%3Bpopular_nearby_landmarks%3D900059447%3Bpopular_nearby_landmarks%3D900075025%3Bht_id%3D221","","Elephant Path by Alpine Resorts","Scored 9.7","9.7","Value for money 10","Located in Habarana, 6.5 miles from Pidurangala Rock, Elephant Path by Alpine Resorts has accommodations with a garden, free private parking, a terrace and a restaurant.","· 3 reviews","Opens in new window","Habarana","Show prices","Exceptional","Show on map","","https://cf.bstatic.com/xdata/images/hotel/square600/803373653.webp?k=2450e353f00659c004aed4a233cc0b197c73b7e4e7ab3941b75139cc0f7adac5&o="
"1777053257-132","https://www.booking.com/searchresults.html?label=bristol-XLwodozx2dVe8Ts0XeYuawS752260715469%3Apl%3Ata%3Ap1%3Ap2%3Aac%3Aap%3Aneg%3Afi%3Atikwd-869815001187%3Alp1009919%3Ali%3Adec%3Adm%3Appccp%3DUmFuZG9tSVYkc2RlIyh9YXdX6HrtnYy-Ml68sH-ljtU&aid=311984&dest_id=198&dest_type=country&group_adults=2&req_adults=2&no_rooms=1&broad_search_not_eligible=1&order=score&nflt=ht_id%3D204%3Bht_id%3D213%3Bht_id%3D201%3Bht_id%3D216%3Bht_id%3D222%3Bht_id%3D206%3Btop_destinations%3D6017%3Btop_destinations%3D5509%3Bpopular_nearby_landmarks%3D900074815%3Bpopular_nearby_landmarks%3D900053658%3Bpopular_nearby_landmarks%3D900075026%3Bpopular_nearby_landmarks%3D900059447%3Bpopular_nearby_landmarks%3D900075025%3Bht_id%3D221","","Dream Haven","Scored 10","10","Value for money 10","Featuring free Wifi, private parking, and a garden, the recently renovated property Dream Haven offers accommodations in Dambulla, 12 miles from Sigiriya Rock and 13 miles from Pidurangala Rock.","· 1 review","Opens in new window","Dambulla","Show prices","Exceptional","Show on map","","https://cf.bstatic.com/xdata/images/hotel/square600/809683768.webp?k=15b8eb89ce732f6a2f502f964544f830a2319f01264cb221c35edf74f3811602&o="
"1777053257-133","https://www.booking.com/searchresults.html?label=bristol-XLwodozx2dVe8Ts0XeYuawS752260715469%3Apl%3Ata%3Ap1%3Ap2%3Aac%3Aap%3Aneg%3Afi%3Atikwd-869815001187%3Alp1009919%3Ali%3Adec%3Adm%3Appccp%3DUmFuZG9tSVYkc2RlIyh9YXdX6HrtnYy-Ml68sH-ljtU&aid=311984&dest_id=198&dest_type=country&group_adults=2&req_adults=2&no_rooms=1&broad_search_not_eligible=1&order=score&nflt=ht_id%3D204%3Bht_id%3D213%3Bht_id%3D201%3Bht_id%3D216%3Bht_id%3D222%3Bht_id%3D206%3Btop_destinations%3D6017%3Btop_destinations%3D5509%3Bpopular_nearby_landmarks%3D900074815%3Bpopular_nearby_landmarks%3D900053658%3Bpopular_nearby_landmarks%3D900075026%3Bpopular_nearby_landmarks%3D900059447%3Bpopular_nearby_landmarks%3D900075025%3Bht_id%3D221","","Sunshine Resort LTD","Scored 9.0","9.0","Value for money 10","Sunshine Resort LTD is located in Sigiriya, 2.4 miles from Pidurangala Rock and 7.8 miles from The Forgotten Temple Kaludiya Pokuna.","· 3 reviews","Opens in new window","Sigiriya","Show prices","Wonderful","Show on map","","https://cf.bstatic.com/xdata/images/hotel/square600/702692990.webp?k=954ce84eca12747befc24f74ca5f5a9c92ff697a883c21bf61827bb4ce69f354&o="
"1777053257-134","https://www.booking.com/searchresults.html?label=bristol-XLwodozx2dVe8Ts0XeYuawS752260715469%3Apl%3Ata%3Ap1%3Ap2%3Aac%3Aap%3Aneg%3Afi%3Atikwd-869815001187%3Alp1009919%3Ali%3Adec%3Adm%3Appccp%3DUmFuZG9tSVYkc2RlIyh9YXdX6HrtnYy-Ml68sH-ljtU&aid=311984&dest_id=198&dest_type=country&group_adults=2&req_adults=2&no_rooms=1&broad_search_not_eligible=1&order=score&nflt=ht_id%3D204%3Bht_id%3D213%3Bht_id%3D201%3Bht_id%3D216%3Bht_id%3D222%3Bht_id%3D206%3Btop_destinations%3D6017%3Btop_destinations%3D5509%3Bpopular_nearby_landmarks%3D900074815%3Bpopular_nearby_landmarks%3D900053658%3Bpopular_nearby_landmarks%3D900075026%3Bpopular_nearby_landmarks%3D900059447%3Bpopular_nearby_landmarks%3D900075025%3Bht_id%3D221","","Home Stay by 98","Scored 8.7","8.7","Value for money 10","Featuring a garden, Home Stay by 98 offers accommodations in Dambulla. This homestay features free private parking, bicycle parking, and free Wifi.","· 3 reviews","Opens in new window","Dambulla","Show prices","Excellent","Show on map","","https://cf.bstatic.com/xdata/images/hotel/square600/782346728.webp?k=3db99d6c8a5efc9ad9d4924802ed9d0d2b2d877286a16ab2f6b4979d3458cfe2&o="
"1777053257-135","https://www.booking.com/searchresults.html?label=bristol-XLwodozx2dVe8Ts0XeYuawS752260715469%3Apl%3Ata%3Ap1%3Ap2%3Aac%3Aap%3Aneg%3Afi%3Atikwd-869815001187%3Alp1009919%3Ali%3Adec%3Adm%3Appccp%3DUmFuZG9tSVYkc2RlIyh9YXdX6HrtnYy-Ml68sH-ljtU&aid=311984&dest_id=198&dest_type=country&group_adults=2&req_adults=2&no_rooms=1&broad_search_not_eligible=1&order=score&nflt=ht_id%3D204%3Bht_id%3D213%3Bht_id%3D201%3Bht_id%3D216%3Bht_id%3D222%3Bht_id%3D206%3Btop_destinations%3D6017%3Btop_destinations%3D5509%3Bpopular_nearby_landmarks%3D900074815%3Bpopular_nearby_landmarks%3D900053658%3Bpopular_nearby_landmarks%3D900075026%3Bpopular_nearby_landmarks%3D900059447%3Bpopular_nearby_landmarks%3D900075025%3Bht_id%3D221","","Sigiri Yahana","Scored 10","10","Value for money 10","Located in Sigiriya, a 14-minute walk from Sigiriya Rock, Sigiri Yahana provides accommodations with a garden, free private parking, a terrace and a restaurant.","· 1 review","Opens in new window","Sigiriya","Show prices","Exceptional","Show on map","New to Booking.com","https://cf.bstatic.com/xdata/images/hotel/square600/833309204.webp?k=54e94a3c486d69f89757c6bf2705aab6327132d6706a96b785961b48c35ee707&o="
"1777053257-136","https://www.booking.com/searchresults.html?label=bristol-XLwodozx2dVe8Ts0XeYuawS752260715469%3Apl%3Ata%3Ap1%3Ap2%3Aac%3Aap%3Aneg%3Afi%3Atikwd-869815001187%3Alp1009919%3Ali%3Adec%3Adm%3Appccp%3DUmFuZG9tSVYkc2RlIyh9YXdX6HrtnYy-Ml68sH-ljtU&aid=311984&dest_id=198&dest_type=country&group_adults=2&req_adults=2&no_rooms=1&broad_search_not_eligible=1&order=score&nflt=ht_id%3D204%3Bht_id%3D213%3Bht_id%3D201%3Bht_id%3D216%3Bht_id%3D222%3Bht_id%3D206%3Btop_destinations%3D6017%3Btop_destinations%3D5509%3Bpopular_nearby_landmarks%3D900074815%3Bpopular_nearby_landmarks%3D900053658%3Bpopular_nearby_landmarks%3D900075026%3Bpopular_nearby_landmarks%3D900059447%3Bpopular_nearby_landmarks%3D900075025%3Bht_id%3D221","","Sigiri Dream Homestay & Wellness","Scored 9.0","9.0","Value for money 10","A 18-minute walk from Sigiriya Rock in Sigiriya, Sigiri Dream Homestay & Wellness features accommodations with access to spa facilities. With garden views, this accommodation offers a terrace.","· 2 reviews","Opens in new window","Sigiriya","Show prices","Wonderful","Show on map","","https://cf.bstatic.com/xdata/images/hotel/square600/815392686.webp?k=afa10d06c32f19254d010aaf61cbc453cd7589f4c0961895e72c8f6b8032f20a&o="
"1777053257-137","https://www.booking.com/searchresults.html?label=bristol-XLwodozx2dVe8Ts0XeYuawS752260715469%3Apl%3Ata%3Ap1%3Ap2%3Aac%3Aap%3Aneg%3Afi%3Atikwd-869815001187%3Alp1009919%3Ali%3Adec%3Adm%3Appccp%3DUmFuZG9tSVYkc2RlIyh9YXdX6HrtnYy-Ml68sH-ljtU&aid=311984&dest_id=198&dest_type=country&group_adults=2&req_adults=2&no_rooms=1&broad_search_not_eligible=1&order=score&nflt=ht_id%3D204%3Bht_id%3D213%3Bht_id%3D201%3Bht_id%3D216%3Bht_id%3D222%3Bht_id%3D206%3Btop_destinations%3D6017%3Btop_destinations%3D5509%3Bpopular_nearby_landmarks%3D900074815%3Bpopular_nearby_landmarks%3D900053658%3Bpopular_nearby_landmarks%3D900075026%3Bpopular_nearby_landmarks%3D900059447%3Bpopular_nearby_landmarks%3D900075025%3Bht_id%3D221","","Peek & Pick Villa","","","","Peek & Pick Villa enjoys a location in Meda-Ela, 6.9 miles from Pidurangala Rock and 7.3 miles from Sigiriya Rock. This property offers access to a terrace and free private parking.","","Opens in new window","Meda-Ela","Show prices","","Show on map","","https://cf.bstatic.com/xdata/images/hotel/square600/717766532.webp?k=28988a1d05f0cb92af29d3dfe6f4fec6ba67e11e9b744fa0bca18c76ea6d2ad8&o="
"1777053257-138","https://www.booking.com/searchresults.html?label=bristol-XLwodozx2dVe8Ts0XeYuawS752260715469%3Apl%3Ata%3Ap1%3Ap2%3Aac%3Aap%3Aneg%3Afi%3Atikwd-869815001187%3Alp1009919%3Ali%3Adec%3Adm%3Appccp%3DUmFuZG9tSVYkc2RlIyh9YXdX6HrtnYy-Ml68sH-ljtU&aid=311984&dest_id=198&dest_type=country&group_adults=2&req_adults=2&no_rooms=1&broad_search_not_eligible=1&order=score&nflt=ht_id%3D204%3Bht_id%3D213%3Bht_id%3D201%3Bht_id%3D216%3Bht_id%3D222%3Bht_id%3D206%3Btop_destinations%3D6017%3Btop_destinations%3D5509%3Bpopular_nearby_landmarks%3D900074815%3Bpopular_nearby_landmarks%3D900053658%3Bpopular_nearby_landmarks%3D900075026%3Bpopular_nearby_landmarks%3D900059447%3Bpopular_nearby_landmarks%3D900075025%3Bht_id%3D221","","Tranquil Guest","Scored 10","10","Value for money 10","A good location for a stress-free stay in Sigiriya, Tranquil Guest is a guest house surrounded by views of the garden.","· 3 reviews","Opens in new window","Sigiriya","Show prices","Exceptional","Show on map","New to Booking.com","https://cf.bstatic.com/xdata/images/hotel/square600/826912902.webp?k=11bbffe9249387afaaba2d1cbd1585a1c6fd3585f6a41d1a9cbf735b1c178797&o="
"1777053257-139","https://www.booking.com/searchresults.html?label=bristol-XLwodozx2dVe8Ts0XeYuawS752260715469%3Apl%3Ata%3Ap1%3Ap2%3Aac%3Aap%3Aneg%3Afi%3Atikwd-869815001187%3Alp1009919%3Ali%3Adec%3Adm%3Appccp%3DUmFuZG9tSVYkc2RlIyh9YXdX6HrtnYy-Ml68sH-ljtU&aid=311984&dest_id=198&dest_type=country&group_adults=2&req_adults=2&no_rooms=1&broad_search_not_eligible=1&order=score&nflt=ht_id%3D204%3Bht_id%3D213%3Bht_id%3D201%3Bht_id%3D216%3Bht_id%3D222%3Bht_id%3D206%3Btop_destinations%3D6017%3Btop_destinations%3D5509%3Bpopular_nearby_landmarks%3D900074815%3Bpopular_nearby_landmarks%3D900053658%3Bpopular_nearby_landmarks%3D900075026%3Bpopular_nearby_landmarks%3D900059447%3Bpopular_nearby_landmarks%3D900075025%3Bht_id%3D221","","Habarana Inn","","","","Habarana Inn is set in the heart of Sri Lanka’s popular cultural triangle, Kandy-Anuradhapura-Polonnaruwa.","","Opens in new window","Habarana","Show prices","","Show on map","","https://cf.bstatic.com/xdata/images/hotel/square600/852225580.webp?k=e5a8b0ce010926433fff948603f56b7c88d273d4c8e06fa0845b5241c4e2190e&o="
"1777053257-140","https://www.booking.com/searchresults.html?label=bristol-XLwodozx2dVe8Ts0XeYuawS752260715469%3Apl%3Ata%3Ap1%3Ap2%3Aac%3Aap%3Aneg%3Afi%3Atikwd-869815001187%3Alp1009919%3Ali%3Adec%3Adm%3Appccp%3DUmFuZG9tSVYkc2RlIyh9YXdX6HrtnYy-Ml68sH-ljtU&aid=311984&dest_id=198&dest_type=country&group_adults=2&req_adults=2&no_rooms=1&broad_search_not_eligible=1&order=score&nflt=ht_id%3D204%3Bht_id%3D213%3Bht_id%3D201%3Bht_id%3D216%3Bht_id%3D222%3Bht_id%3D206%3Btop_destinations%3D6017%3Btop_destinations%3D5509%3Bpopular_nearby_landmarks%3D900074815%3Bpopular_nearby_landmarks%3D900053658%3Bpopular_nearby_landmarks%3D900075026%3Bpopular_nearby_landmarks%3D900059447%3Bpopular_nearby_landmarks%3D900075025%3Bht_id%3D221","","Iwaree Guest house","Scored 7.0","7.0","Location 10","Offering a garden, Iwaree Guest house offers accommodations in Dambulla. This property offers access to a patio, free private parking, and free Wifi.","· 1 review","Opens in new window","Dambulla","Show prices","Good","Show on map","","https://cf.bstatic.com/xdata/images/hotel/square600/826488230.webp?k=42657e9b93278f0507ba5f9f5975e51f8182cf852756aeb10ca338caf4c45f6e&o="
"1777053257-141","https://www.booking.com/searchresults.html?label=bristol-XLwodozx2dVe8Ts0XeYuawS752260715469%3Apl%3Ata%3Ap1%3Ap2%3Aac%3Aap%3Aneg%3Afi%3Atikwd-869815001187%3Alp1009919%3Ali%3Adec%3Adm%3Appccp%3DUmFuZG9tSVYkc2RlIyh9YXdX6HrtnYy-Ml68sH-ljtU&aid=311984&dest_id=198&dest_type=country&group_adults=2&req_adults=2&no_rooms=1&broad_search_not_eligible=1&order=score&nflt=ht_id%3D204%3Bht_id%3D213%3Bht_id%3D201%3Bht_id%3D216%3Bht_id%3D222%3Bht_id%3D206%3Btop_destinations%3D6017%3Btop_destinations%3D5509%3Bpopular_nearby_landmarks%3D900074815%3Bpopular_nearby_landmarks%3D900053658%3Bpopular_nearby_landmarks%3D900075026%3Bpopular_nearby_landmarks%3D900059447%3Bpopular_nearby_landmarks%3D900075025%3Bht_id%3D221","","Sigiriya Traveler's Nest","Scored 8.3","8.3","","Located in Sigiriya, 1.1 miles from Sigiriya Rock and 2.1 miles from Pidurangala Rock, Sigiriya Traveler's Nest provides accommodations with free WiFi, air conditioning and access to a garden with a...","· 3 reviews","Opens in new window","Sigiriya","Show prices","Very Good","Show on map","","https://cf.bstatic.com/xdata/images/hotel/square600/794517395.webp?k=a2903e6ce4b9008aed808d1a38cdd8fcee7dd714984df79d1ef79f100947825e&o="
"1777053257-142","https://www.booking.com/searchresults.html?label=bristol-XLwodozx2dVe8Ts0XeYuawS752260715469%3Apl%3Ata%3Ap1%3Ap2%3Aac%3Aap%3Aneg%3Afi%3Atikwd-869815001187%3Alp1009919%3Ali%3Adec%3Adm%3Appccp%3DUmFuZG9tSVYkc2RlIyh9YXdX6HrtnYy-Ml68sH-ljtU&aid=311984&dest_id=198&dest_type=country&group_adults=2&req_adults=2&no_rooms=1&broad_search_not_eligible=1&order=score&nflt=ht_id%3D204%3Bht_id%3D213%3Bht_id%3D201%3Bht_id%3D216%3Bht_id%3D222%3Bht_id%3D206%3Btop_destinations%3D6017%3Btop_destinations%3D5509%3Bpopular_nearby_landmarks%3D900074815%3Bpopular_nearby_landmarks%3D900053658%3Bpopular_nearby_landmarks%3D900075026%3Bpopular_nearby_landmarks%3D900059447%3Bpopular_nearby_landmarks%3D900075025%3Bht_id%3D221","","Flight search villa &Sea Food Restaurant","Scored 9.8","9.8","Value for money 9.4","Located in Habarana, 7.3 miles from Pidurangala Rock, Flight search villa &Sea Food Restaurant provides accommodations with a garden, free private parking, a terrace and a restaurant.","· 4 reviews","Opens in new window","Habarana","Show prices","Exceptional","Show on map","","https://cf.bstatic.com/xdata/images/hotel/square600/737585593.webp?k=82a02a915d2de3b28a6afa78b1cbbc6e3609d52f405ffb413dd71299a031e508&o="
"1777053257-143","https://www.booking.com/searchresults.html?label=bristol-XLwodozx2dVe8Ts0XeYuawS752260715469%3Apl%3Ata%3Ap1%3Ap2%3Aac%3Aap%3Aneg%3Afi%3Atikwd-869815001187%3Alp1009919%3Ali%3Adec%3Adm%3Appccp%3DUmFuZG9tSVYkc2RlIyh9YXdX6HrtnYy-Ml68sH-ljtU&aid=311984&dest_id=198&dest_type=country&group_adults=2&req_adults=2&no_rooms=1&broad_search_not_eligible=1&order=score&nflt=ht_id%3D204%3Bht_id%3D213%3Bht_id%3D201%3Bht_id%3D216%3Bht_id%3D222%3Bht_id%3D206%3Btop_destinations%3D6017%3Btop_destinations%3D5509%3Bpopular_nearby_landmarks%3D900074815%3Bpopular_nearby_landmarks%3D900053658%3Bpopular_nearby_landmarks%3D900075026%3Bpopular_nearby_landmarks%3D900059447%3Bpopular_nearby_landmarks%3D900075025%3Bht_id%3D221","","Peek & Pick Garden resort","","","","Just a 16-minute walk from Kadahatha Wawa Lake and 0.6 miles from Habarana Lake, Peek & Pick Garden resort features accommodations in Habarana, with a garden.","","Opens in new window","Habarana","Show prices","","Show on map","","https://cf.bstatic.com/xdata/images/hotel/square600/798513235.webp?k=3eeddb2d668bb33ce46f72c3a810e24199dd193ffd5acbb15c2fe47d224d427c&o="
"1777053257-144","https://www.booking.com/searchresults.html?label=bristol-XLwodozx2dVe8Ts0XeYuawS752260715469%3Apl%3Ata%3Ap1%3Ap2%3Aac%3Aap%3Aneg%3Afi%3Atikwd-869815001187%3Alp1009919%3Ali%3Adec%3Adm%3Appccp%3DUmFuZG9tSVYkc2RlIyh9YXdX6HrtnYy-Ml68sH-ljtU&aid=311984&dest_id=198&dest_type=country&group_adults=2&req_adults=2&no_rooms=1&broad_search_not_eligible=1&order=score&nflt=ht_id%3D204%3Bht_id%3D213%3Bht_id%3D201%3Bht_id%3D216%3Bht_id%3D222%3Bht_id%3D206%3Btop_destinations%3D6017%3Btop_destinations%3D5509%3Bpopular_nearby_landmarks%3D900074815%3Bpopular_nearby_landmarks%3D900053658%3Bpopular_nearby_landmarks%3D900075026%3Bpopular_nearby_landmarks%3D900059447%3Bpopular_nearby_landmarks%3D900075025%3Bht_id%3D221","","Urumaya Resort & Eco Farm","","","","Urumaya Resort & Eco Farm offers accommodations in Dambulla, 13 miles from Sigiriya Rock and 14 miles from Pidurangala Rock.","","Opens in new window","Dambulla","Show prices","","Show on map","","https://cf.bstatic.com/xdata/images/hotel/square600/648215122.webp?k=8a9274cb6778f5ce65d46face504a2e02ad00a9dd1f12f8b8e4aca0f57e13c6d&o="
"1777053257-145","https://www.booking.com/searchresults.html?label=bristol-XLwodozx2dVe8Ts0XeYuawS752260715469%3Apl%3Ata%3Ap1%3Ap2%3Aac%3Aap%3Aneg%3Afi%3Atikwd-869815001187%3Alp1009919%3Ali%3Adec%3Adm%3Appccp%3DUmFuZG9tSVYkc2RlIyh9YXdX6HrtnYy-Ml68sH-ljtU&aid=311984&dest_id=198&dest_type=country&group_adults=2&req_adults=2&no_rooms=1&broad_search_not_eligible=1&order=score&nflt=ht_id%3D204%3Bht_id%3D213%3Bht_id%3D201%3Bht_id%3D216%3Bht_id%3D222%3Bht_id%3D206%3Btop_destinations%3D6017%3Btop_destinations%3D5509%3Bpopular_nearby_landmarks%3D900074815%3Bpopular_nearby_landmarks%3D900053658%3Bpopular_nearby_landmarks%3D900075026%3Bpopular_nearby_landmarks%3D900059447%3Bpopular_nearby_landmarks%3D900075025%3Bht_id%3D221","","Sigiriya Eco Villa","","","","Located in Sigiriya, within a 17-minute walk of Sigiriya Rock and 1.9 miles of Pidurangala Rock, Sigiriya Eco Villa provides accommodations with a garden and free WiFi throughout the property as well...","","Opens in new window","Sigiriya","Show prices","","Show on map","","https://cf.bstatic.com/xdata/images/hotel/square600/773622331.webp?k=e8b89112b2eac35997dc55bcc6f90a111e0c0a10cbdd3914464fdd08f4c8b2f8&o="
"1777053257-146","https://www.booking.com/searchresults.html?label=bristol-XLwodozx2dVe8Ts0XeYuawS752260715469%3Apl%3Ata%3Ap1%3Ap2%3Aac%3Aap%3Aneg%3Afi%3Atikwd-869815001187%3Alp1009919%3Ali%3Adec%3Adm%3Appccp%3DUmFuZG9tSVYkc2RlIyh9YXdX6HrtnYy-Ml68sH-ljtU&aid=311984&dest_id=198&dest_type=country&group_adults=2&req_adults=2&no_rooms=1&broad_search_not_eligible=1&order=score&nflt=ht_id%3D204%3Bht_id%3D213%3Bht_id%3D201%3Bht_id%3D216%3Bht_id%3D222%3Bht_id%3D206%3Btop_destinations%3D6017%3Btop_destinations%3D5509%3Bpopular_nearby_landmarks%3D900074815%3Bpopular_nearby_landmarks%3D900053658%3Bpopular_nearby_landmarks%3D900075026%3Bpopular_nearby_landmarks%3D900059447%3Bpopular_nearby_landmarks%3D900075025%3Bht_id%3D221","","Cultraverse Dambulla","","","","Offering a garden, Cultraverse Dambulla offers accommodations in Dambulla. This property offers access to a balcony and free private parking.","","Opens in new window","Dambulla","Show prices","","Show on map","","https://cf.bstatic.com/xdata/images/hotel/square600/726325966.webp?k=eeaa4734401d8d8a2ace62ab85c4e1e482e4b056ec5788214eae103383fef9ed&o="
"1777053257-147","https://www.booking.com/searchresults.html?label=bristol-XLwodozx2dVe8Ts0XeYuawS752260715469%3Apl%3Ata%3Ap1%3Ap2%3Aac%3Aap%3Aneg%3Afi%3Atikwd-869815001187%3Alp1009919%3Ali%3Adec%3Adm%3Appccp%3DUmFuZG9tSVYkc2RlIyh9YXdX6HrtnYy-Ml68sH-ljtU&aid=311984&dest_id=198&dest_type=country&group_adults=2&req_adults=2&no_rooms=1&broad_search_not_eligible=1&order=score&nflt=ht_id%3D204%3Bht_id%3D213%3Bht_id%3D201%3Bht_id%3D216%3Bht_id%3D222%3Bht_id%3D206%3Btop_destinations%3D6017%3Btop_destinations%3D5509%3Bpopular_nearby_landmarks%3D900074815%3Bpopular_nearby_landmarks%3D900053658%3Bpopular_nearby_landmarks%3D900075026%3Bpopular_nearby_landmarks%3D900059447%3Bpopular_nearby_landmarks%3D900075025%3Bht_id%3D221","","Seraphia Lodge Habarana","","","","Just a 17-minute walk from Kadahatha Wawa Lake and half a mile from Habarana Lake, Seraphia Lodge Habarana features accommodations in Habarana with a garden.","","Opens in new window","Habarana","Show prices","","Show on map","","https://cf.bstatic.com/xdata/images/hotel/square600/753876759.webp?k=5c680437d058b0a05238e992a95fa74b72800a35187e73b49922f835ba8306cb&o="
"1777053257-148","https://www.booking.com/searchresults.html?label=bristol-XLwodozx2dVe8Ts0XeYuawS752260715469%3Apl%3Ata%3Ap1%3Ap2%3Aac%3Aap%3Aneg%3Afi%3Atikwd-869815001187%3Alp1009919%3Ali%3Adec%3Adm%3Appccp%3DUmFuZG9tSVYkc2RlIyh9YXdX6HrtnYy-Ml68sH-ljtU&aid=311984&dest_id=198&dest_type=country&group_adults=2&req_adults=2&no_rooms=1&broad_search_not_eligible=1&order=score&nflt=ht_id%3D204%3Bht_id%3D213%3Bht_id%3D201%3Bht_id%3D216%3Bht_id%3D222%3Bht_id%3D206%3Btop_destinations%3D6017%3Btop_destinations%3D5509%3Bpopular_nearby_landmarks%3D900074815%3Bpopular_nearby_landmarks%3D900053658%3Bpopular_nearby_landmarks%3D900075026%3Bpopular_nearby_landmarks%3D900059447%3Bpopular_nearby_landmarks%3D900075025%3Bht_id%3D221","","Heritage Habarana Hotel","","","","Located 6.6 miles from Pidurangala Rock, Heritage Habarana Hotel offers 2-star accommodations in Habarana and features a garden, a restaurant and a bar.","· 13 external reviews","Opens in new window","Habarana","Show prices","6.5 Review score","Show on map","Partner Offer","https://cf.bstatic.com/xdata/images/hotel/square600/715085788.webp?k=703dc8814699e113f09cc4299073bc79505a2c9ea363eaf41c06018d40d9bd47&o="
"1777053257-149","https://www.booking.com/searchresults.html?label=bristol-XLwodozx2dVe8Ts0XeYuawS752260715469%3Apl%3Ata%3Ap1%3Ap2%3Aac%3Aap%3Aneg%3Afi%3Atikwd-869815001187%3Alp1009919%3Ali%3Adec%3Adm%3Appccp%3DUmFuZG9tSVYkc2RlIyh9YXdX6HrtnYy-Ml68sH-ljtU&aid=311984&dest_id=198&dest_type=country&group_adults=2&req_adults=2&no_rooms=1&broad_search_not_eligible=1&order=score&nflt=ht_id%3D204%3Bht_id%3D213%3Bht_id%3D201%3Bht_id%3D216%3Bht_id%3D222%3Bht_id%3D206%3Btop_destinations%3D6017%3Btop_destinations%3D5509%3Bpopular_nearby_landmarks%3D900074815%3Bpopular_nearby_landmarks%3D900053658%3Bpopular_nearby_landmarks%3D900075026%3Bpopular_nearby_landmarks%3D900059447%3Bpopular_nearby_landmarks%3D900075025%3Bht_id%3D221","","Habarana Tree House Area","Scored 4.0","4.0","","Featuring mountain views, Habarana Tree House Area in Habarana features accommodations and a garden. This property offers access to a balcony and free private parking.","· 3 reviews","Opens in new window","Habarana","Show prices","Review score","Show on map","","https://cf.bstatic.com/xdata/images/hotel/square600/654141179.webp?k=1d9eba67414aa63d7990dc53e67655b60412fdeb9846bede639c0194c49f6525&o="
"1777053257-150","https://www.booking.com/searchresults.html?label=bristol-XLwodozx2dVe8Ts0XeYuawS752260715469%3Apl%3Ata%3Ap1%3Ap2%3Aac%3Aap%3Aneg%3Afi%3Atikwd-869815001187%3Alp1009919%3Ali%3Adec%3Adm%3Appccp%3DUmFuZG9tSVYkc2RlIyh9YXdX6HrtnYy-Ml68sH-ljtU&aid=311984&dest_id=198&dest_type=country&group_adults=2&req_adults=2&no_rooms=1&broad_search_not_eligible=1&order=score&nflt=ht_id%3D204%3Bht_id%3D213%3Bht_id%3D201%3Bht_id%3D216%3Bht_id%3D222%3Bht_id%3D206%3Btop_destinations%3D6017%3Btop_destinations%3D5509%3Bpopular_nearby_landmarks%3D900074815%3Bpopular_nearby_landmarks%3D900053658%3Bpopular_nearby_landmarks%3D900075026%3Bpopular_nearby_landmarks%3D900059447%3Bpopular_nearby_landmarks%3D900075025%3Bht_id%3D221","","Sigiriya Mirror wall Guest house","Scored 1.0","1.0","","Sigiriya Mirror wall Guest house enjoys a location in Sigiriya, 3 miles from Pidurangala Rock and 7.3 miles from The Forgotten Temple Kaludiya Pokuna.","· 1 review","Opens in new window","Sigiriya","Show prices","Review score","Show on map","","https://cf.bstatic.com/xdata/images/hotel/square600/702957081.webp?k=5c263ed686f1027fce1d5c587f37cfeddcafc84a64f5aff66e002ae701d41256&o="
"1777053257-151","https://www.booking.com/searchresults.html?label=bristol-XLwodozx2dVe8Ts0XeYuawS752260715469%3Apl%3Ata%3Ap1%3Ap2%3Aac%3Aap%3Aneg%3Afi%3Atikwd-869815001187%3Alp1009919%3Ali%3Adec%3Adm%3Appccp%3DUmFuZG9tSVYkc2RlIyh9YXdX6HrtnYy-Ml68sH-ljtU&aid=311984&dest_id=198&dest_type=country&group_adults=2&req_adults=2&no_rooms=1&broad_search_not_eligible=1&order=score&nflt=ht_id%3D204%3Bht_id%3D213%3Bht_id%3D201%3Bht_id%3D216%3Bht_id%3D222%3Bht_id%3D206%3Btop_destinations%3D6017%3Btop_destinations%3D5509%3Bpopular_nearby_landmarks%3D900074815%3Bpopular_nearby_landmarks%3D900053658%3Bpopular_nearby_landmarks%3D900075026%3Bpopular_nearby_landmarks%3D900059447%3Bpopular_nearby_landmarks%3D900075025%3Bht_id%3D221","","Flight search villa and sea food restaurant","","","","Flight search villa and sea food restaurant is located in Habarana, just 7.3 miles from Pidurangala Rock and 7.8 miles from Sigiriya Rock.","","Opens in new window","Habarana","Show prices","","Show on map","","https://cf.bstatic.com/xdata/images/hotel/square600/737790833.webp?k=79cc44fef648dc72b6115221faf35c4292a4b7acff7e7054de030d7cea5c15ac&o="
"1777053257-152","https://www.booking.com/searchresults.html?label=bristol-XLwodozx2dVe8Ts0XeYuawS752260715469%3Apl%3Ata%3Ap1%3Ap2%3Aac%3Aap%3Aneg%3Afi%3Atikwd-869815001187%3Alp1009919%3Ali%3Adec%3Adm%3Appccp%3DUmFuZG9tSVYkc2RlIyh9YXdX6HrtnYy-Ml68sH-ljtU&aid=311984&dest_id=198&dest_type=country&group_adults=2&req_adults=2&no_rooms=1&broad_search_not_eligible=1&order=score&nflt=ht_id%3D204%3Bht_id%3D213%3Bht_id%3D201%3Bht_id%3D216%3Bht_id%3D222%3Bht_id%3D206%3Btop_destinations%3D6017%3Btop_destinations%3D5509%3Bpopular_nearby_landmarks%3D900074815%3Bpopular_nearby_landmarks%3D900053658%3Bpopular_nearby_landmarks%3D900075026%3Bpopular_nearby_landmarks%3D900059447%3Bpopular_nearby_landmarks%3D900075025%3Bht_id%3D221","","Seraphia Lodge Habarana","","","","Just a 16-minute walk from Kadahatha Wawa Lake and half a mile from Habarana Lake, Seraphia Lodge Habarana features accommodations in Habarana with a garden.","","Opens in new window","Habarana","Show prices","","Show on map","","https://cf.bstatic.com/xdata/images/hotel/square600/751066540.webp?k=8dc6b9c07c16e9fc0f4a664483cfa1802b4ffacb321341be6e31cd12b2b239ec&o="
"1777053257-153","https://www.booking.com/searchresults.html?label=bristol-XLwodozx2dVe8Ts0XeYuawS752260715469%3Apl%3Ata%3Ap1%3Ap2%3Aac%3Aap%3Aneg%3Afi%3Atikwd-869815001187%3Alp1009919%3Ali%3Adec%3Adm%3Appccp%3DUmFuZG9tSVYkc2RlIyh9YXdX6HrtnYy-Ml68sH-ljtU&aid=311984&dest_id=198&dest_type=country&group_adults=2&req_adults=2&no_rooms=1&broad_search_not_eligible=1&order=score&nflt=ht_id%3D204%3Bht_id%3D213%3Bht_id%3D201%3Bht_id%3D216%3Bht_id%3D222%3Bht_id%3D206%3Btop_destinations%3D6017%3Btop_destinations%3D5509%3Bpopular_nearby_landmarks%3D900074815%3Bpopular_nearby_landmarks%3D900053658%3Bpopular_nearby_landmarks%3D900075026%3Bpopular_nearby_landmarks%3D900059447%3Bpopular_nearby_landmarks%3D900075025%3Bht_id%3D221","","Karu' place Sigiriya","","","","Just a 3-minute walk from Wildlife Range Office - Sigiriya and 1.1 miles from Sigiriya Museum, Karu' place Sigiriya features accommodations in Sigiriya with a garden.","","Opens in new window","Sigiriya","Show prices","","Show on map","","https://cf.bstatic.com/xdata/images/hotel/square600/787941658.webp?k=6ae887993fab148b7b25dc0b4f8158fb13ae416feb1cf9e9d09ec9b0b8375573&o="
"1777053257-154","https://www.booking.com/searchresults.html?label=bristol-XLwodozx2dVe8Ts0XeYuawS752260715469%3Apl%3Ata%3Ap1%3Ap2%3Aac%3Aap%3Aneg%3Afi%3Atikwd-869815001187%3Alp1009919%3Ali%3Adec%3Adm%3Appccp%3DUmFuZG9tSVYkc2RlIyh9YXdX6HrtnYy-Ml68sH-ljtU&aid=311984&dest_id=198&dest_type=country&group_adults=2&req_adults=2&no_rooms=1&broad_search_not_eligible=1&order=score&nflt=ht_id%3D204%3Bht_id%3D213%3Bht_id%3D201%3Bht_id%3D216%3Bht_id%3D222%3Bht_id%3D206%3Btop_destinations%3D6017%3Btop_destinations%3D5509%3Bpopular_nearby_landmarks%3D900074815%3Bpopular_nearby_landmarks%3D900053658%3Bpopular_nearby_landmarks%3D900075026%3Bpopular_nearby_landmarks%3D900059447%3Bpopular_nearby_landmarks%3D900075025%3Bht_id%3D221","","Coconut Villa Homestay","","","","7.7 miles from Pidurangala Rock in Habarana, Coconut Villa Homestay features accommodations with access to a sauna. This property offers access to a balcony, free private parking, and free Wifi.","","Opens in new window","Habarana","Show prices","","Show on map","","https://cf.bstatic.com/xdata/images/hotel/square600/726276325.webp?k=6e6430c13e11c5ad75f8f09a0641be4f227cc03eb60495609641bf6e3bd48a97&o="
"1777053257-155","https://www.booking.com/searchresults.html?label=bristol-XLwodozx2dVe8Ts0XeYuawS752260715469%3Apl%3Ata%3Ap1%3Ap2%3Aac%3Aap%3Aneg%3Afi%3Atikwd-869815001187%3Alp1009919%3Ali%3Adec%3Adm%3Appccp%3DUmFuZG9tSVYkc2RlIyh9YXdX6HrtnYy-Ml68sH-ljtU&aid=311984&dest_id=198&dest_type=country&group_adults=2&req_adults=2&no_rooms=1&broad_search_not_eligible=1&order=score&nflt=ht_id%3D204%3Bht_id%3D213%3Bht_id%3D201%3Bht_id%3D216%3Bht_id%3D222%3Bht_id%3D206%3Btop_destinations%3D6017%3Btop_destinations%3D5509%3Bpopular_nearby_landmarks%3D900074815%3Bpopular_nearby_landmarks%3D900053658%3Bpopular_nearby_landmarks%3D900075026%3Bpopular_nearby_landmarks%3D900059447%3Bpopular_nearby_landmarks%3D900075025%3Bht_id%3D221","","Ritigala Nature Villa","","","","Located in Habarana, 6.7 miles from Pidurangala Rock, Ritigala Nature Villa provides accommodations with a garden, free private parking and a terrace.","","Opens in new window","Habarana","Show prices","","Show on map","","https://cf.bstatic.com/xdata/images/hotel/square600/769462264.webp?k=465ca8aa68f2818274dbd02592dc0b285caab807474d4d25aacc91f468cc1dc2&o="
