web_scraper_order,web_scraper_start_url,pagination,data,data2,data3,data4,data5,data6,data7,data8,data9,data10,data11,image
"1777052628-1","https://www.booking.com/searchresults.html?label=bristol-XLwodozx2dVe8Ts0XeYuawS752260715469%3Apl%3Ata%3Ap1%3Ap2%3Aac%3Aap%3Aneg%3Afi%3Atikwd-869815001187%3Alp1009919%3Ali%3Adec%3Adm%3Appccp%3DUmFuZG9tSVYkc2RlIyh9YXdX6HrtnYy-Ml68sH-ljtU&aid=311984&dest_id=198&dest_type=country&group_adults=2&req_adults=2&no_rooms=1&broad_search_not_eligible=1&order=score&nflt=ht_id%3D204%3Bht_id%3D213%3Bht_id%3D201%3Bht_id%3D216%3Btop_destinations%3D6006%3Bpopular_nearby_landmarks%3D900053669%3Bpopular_nearby_landmarks%3D900059236%3Bpopular_nearby_landmarks%3D900059439%3Bpopular_nearby_landmarks%3D900059238","","Isha Unity Cottage","Centre Area, Nallathanniya","Scored 9.8","9.8","Value for money 9.8","Featuring river views, Isha Unity Cottage in Nallathanniya features accommodations and a garden. This property offers access to a balcony, free private parking, and free Wifi.","· 25 reviews","Opens in new window","Show prices","Exceptional","Show on map","https://cf.bstatic.com/xdata/images/hotel/square600/803117910.webp?k=b9276ef03799db5ab27d25d1a3f1aecc6fbcb8aeb53f894a3ef40cbd7e098fe3&o="
"1777052628-2","https://www.booking.com/searchresults.html?label=bristol-XLwodozx2dVe8Ts0XeYuawS752260715469%3Apl%3Ata%3Ap1%3Ap2%3Aac%3Aap%3Aneg%3Afi%3Atikwd-869815001187%3Alp1009919%3Ali%3Adec%3Adm%3Appccp%3DUmFuZG9tSVYkc2RlIyh9YXdX6HrtnYy-Ml68sH-ljtU&aid=311984&dest_id=198&dest_type=country&group_adults=2&req_adults=2&no_rooms=1&broad_search_not_eligible=1&order=score&nflt=ht_id%3D204%3Bht_id%3D213%3Bht_id%3D201%3Bht_id%3D216%3Btop_destinations%3D6006%3Bpopular_nearby_landmarks%3D900053669%3Bpopular_nearby_landmarks%3D900059236%3Bpopular_nearby_landmarks%3D900059439%3Bpopular_nearby_landmarks%3D900059238","","Water Side Cabin","Centre Area, Nallathaniya","Scored 9.7","9.7","Value for money 9.9","Water Side Cabin offers accommodations in Nallathaniya, 19 miles from Hatton Railway Station. This property offers access to a balcony, free private parking, and free Wifi.","· 9 reviews","Opens in new window","Show prices","Exceptional","Show on map","https://cf.bstatic.com/xdata/images/hotel/square600/519795884.webp?k=02f705b724261adce6bd208dcee6a1cb67c8286c0a6ec33eaf019b8ea1655e72&o="
"1777052628-3","https://www.booking.com/searchresults.html?label=bristol-XLwodozx2dVe8Ts0XeYuawS752260715469%3Apl%3Ata%3Ap1%3Ap2%3Aac%3Aap%3Aneg%3Afi%3Atikwd-869815001187%3Alp1009919%3Ali%3Adec%3Adm%3Appccp%3DUmFuZG9tSVYkc2RlIyh9YXdX6HrtnYy-Ml68sH-ljtU&aid=311984&dest_id=198&dest_type=country&group_adults=2&req_adults=2&no_rooms=1&broad_search_not_eligible=1&order=score&nflt=ht_id%3D204%3Bht_id%3D213%3Bht_id%3D201%3Bht_id%3D216%3Btop_destinations%3D6006%3Bpopular_nearby_landmarks%3D900053669%3Bpopular_nearby_landmarks%3D900059236%3Bpopular_nearby_landmarks%3D900059439%3Bpopular_nearby_landmarks%3D900059238","","Azenya Nuwara Eliya","Nuwara Eliya","Scored 9.5","9.5","Value for money 9.3","Azenya Nuwara Eliya is located in Nuwara Eliya, just 2.5 miles from Gregory Lake and 6.7 miles from Hakgala Botanical Garden.","· 164 reviews","Opens in new window","Show prices","Exceptional","Show on map","https://cf.bstatic.com/xdata/images/hotel/square600/733527238.webp?k=8773e15162c1d36b89158c8d5922bfde46f0aa0004a783bbc63262f16e392eca&o="
"1777052628-4","https://www.booking.com/searchresults.html?label=bristol-XLwodozx2dVe8Ts0XeYuawS752260715469%3Apl%3Ata%3Ap1%3Ap2%3Aac%3Aap%3Aneg%3Afi%3Atikwd-869815001187%3Alp1009919%3Ali%3Adec%3Adm%3Appccp%3DUmFuZG9tSVYkc2RlIyh9YXdX6HrtnYy-Ml68sH-ljtU&aid=311984&dest_id=198&dest_type=country&group_adults=2&req_adults=2&no_rooms=1&broad_search_not_eligible=1&order=score&nflt=ht_id%3D204%3Bht_id%3D213%3Bht_id%3D201%3Bht_id%3D216%3Btop_destinations%3D6006%3Bpopular_nearby_landmarks%3D900053669%3Bpopular_nearby_landmarks%3D900059236%3Bpopular_nearby_landmarks%3D900059439%3Bpopular_nearby_landmarks%3D900059238","","The Walden Nuwara Eliya","Nuwara Eliya City Centre, Nuwara Eliya","Scored 9.5","9.5","Value for money 10","Located in Nuwara Eliya, 1.7 miles from Gregory Lake, The Walden Nuwara Eliya has accommodations with a garden, free private parking, a shared lounge and a terrace.","· 6 reviews","Opens in new window","Show prices","Exceptional","Show on map","https://cf.bstatic.com/xdata/images/hotel/square600/247332050.webp?k=c047b0d0d248decd12dfe8bd3e70fe917661ab6fd097e68a89203f77bd1d7677&o="
"1777052628-5","https://www.booking.com/searchresults.html?label=bristol-XLwodozx2dVe8Ts0XeYuawS752260715469%3Apl%3Ata%3Ap1%3Ap2%3Aac%3Aap%3Aneg%3Afi%3Atikwd-869815001187%3Alp1009919%3Ali%3Adec%3Adm%3Appccp%3DUmFuZG9tSVYkc2RlIyh9YXdX6HrtnYy-Ml68sH-ljtU&aid=311984&dest_id=198&dest_type=country&group_adults=2&req_adults=2&no_rooms=1&broad_search_not_eligible=1&order=score&nflt=ht_id%3D204%3Bht_id%3D213%3Bht_id%3D201%3Bht_id%3D216%3Btop_destinations%3D6006%3Bpopular_nearby_landmarks%3D900053669%3Bpopular_nearby_landmarks%3D900059236%3Bpopular_nearby_landmarks%3D900059439%3Bpopular_nearby_landmarks%3D900059238","","The Bellwood Manor","Nuwara Eliya City Centre, Nuwara Eliya","Scored 9.4","9.4","Value for money 8.6","Located in Nuwara Eliya, 1.2 miles from Gregory Lake, The Bellwood Manor has accommodations with a garden, free private parking, a terrace and a bar.","· 168 reviews","Opens in new window","Show prices","Wonderful","Show on map","https://cf.bstatic.com/xdata/images/hotel/square600/445051770.webp?k=195e210c68fed0ce6801f6170794f70ac43ca42bdc7bc99bb6d6c818e227fec1&o="
"1777052628-6","https://www.booking.com/searchresults.html?label=bristol-XLwodozx2dVe8Ts0XeYuawS752260715469%3Apl%3Ata%3Ap1%3Ap2%3Aac%3Aap%3Aneg%3Afi%3Atikwd-869815001187%3Alp1009919%3Ali%3Adec%3Adm%3Appccp%3DUmFuZG9tSVYkc2RlIyh9YXdX6HrtnYy-Ml68sH-ljtU&aid=311984&dest_id=198&dest_type=country&group_adults=2&req_adults=2&no_rooms=1&broad_search_not_eligible=1&order=score&nflt=ht_id%3D204%3Bht_id%3D213%3Bht_id%3D201%3Bht_id%3D216%3Btop_destinations%3D6006%3Bpopular_nearby_landmarks%3D900053669%3Bpopular_nearby_landmarks%3D900059236%3Bpopular_nearby_landmarks%3D900059439%3Bpopular_nearby_landmarks%3D900059238","","The Edgware Cabana","Nuwara Eliya","Scored 9.4","9.4","Value for money 9.1","The Edgware Cabana offers a hot spring bath and a hot tub, as well as air-conditioned accommodations in Nuwara Eliya, 1.2 miles from Gregory Lake.","· 253 reviews","Opens in new window","Show prices","Wonderful","Show on map","https://cf.bstatic.com/xdata/images/hotel/square600/680629893.webp?k=b37b72c5f46c3fd6317fa9997b17b202917f471b289d1bf3f540a4d895ab88af&o="
"1777052628-7","https://www.booking.com/searchresults.html?label=bristol-XLwodozx2dVe8Ts0XeYuawS752260715469%3Apl%3Ata%3Ap1%3Ap2%3Aac%3Aap%3Aneg%3Afi%3Atikwd-869815001187%3Alp1009919%3Ali%3Adec%3Adm%3Appccp%3DUmFuZG9tSVYkc2RlIyh9YXdX6HrtnYy-Ml68sH-ljtU&aid=311984&dest_id=198&dest_type=country&group_adults=2&req_adults=2&no_rooms=1&broad_search_not_eligible=1&order=score&nflt=ht_id%3D204%3Bht_id%3D213%3Bht_id%3D201%3Bht_id%3D216%3Btop_destinations%3D6006%3Bpopular_nearby_landmarks%3D900053669%3Bpopular_nearby_landmarks%3D900059236%3Bpopular_nearby_landmarks%3D900059439%3Bpopular_nearby_landmarks%3D900059238","","Water Side Residence","Centre Area, Nallathanniya","Scored 9.4","9.4","Value for money 9.7","Providing lake views, Water Side Residence in Nallathanniya provides accommodations and a shared lounge. This property offers access to a balcony, free private parking, and free Wifi.","· 410 reviews","Opens in new window","Show prices","Wonderful","Show on map","https://cf.bstatic.com/xdata/images/hotel/square600/330903965.webp?k=97466708b3841eff4b6f4e9750145f62a6fa0d4b6581cf59a07340d31852d272&o="
"1777052628-8","https://www.booking.com/searchresults.html?label=bristol-XLwodozx2dVe8Ts0XeYuawS752260715469%3Apl%3Ata%3Ap1%3Ap2%3Aac%3Aap%3Aneg%3Afi%3Atikwd-869815001187%3Alp1009919%3Ali%3Adec%3Adm%3Appccp%3DUmFuZG9tSVYkc2RlIyh9YXdX6HrtnYy-Ml68sH-ljtU&aid=311984&dest_id=198&dest_type=country&group_adults=2&req_adults=2&no_rooms=1&broad_search_not_eligible=1&order=score&nflt=ht_id%3D204%3Bht_id%3D213%3Bht_id%3D201%3Bht_id%3D216%3Btop_destinations%3D6006%3Bpopular_nearby_landmarks%3D900053669%3Bpopular_nearby_landmarks%3D900059236%3Bpopular_nearby_landmarks%3D900059439%3Bpopular_nearby_landmarks%3D900059238","","Vegetable Garden House","Centre Area, Nallathanniya","Scored 9.4","9.4","Value for money 9.6","Vegetable Garden House features rooms with free Wifi in the center of Nallathanniya.","· 653 reviews","Opens in new window","Show prices","Wonderful","Show on map","https://cf.bstatic.com/xdata/images/hotel/square600/412011358.webp?k=4e48b23a1a955b384638f7661530d871f02cf91d90027dbcbf3fce280ac5df67&o="
"1777052628-9","https://www.booking.com/searchresults.html?label=bristol-XLwodozx2dVe8Ts0XeYuawS752260715469%3Apl%3Ata%3Ap1%3Ap2%3Aac%3Aap%3Aneg%3Afi%3Atikwd-869815001187%3Alp1009919%3Ali%3Adec%3Adm%3Appccp%3DUmFuZG9tSVYkc2RlIyh9YXdX6HrtnYy-Ml68sH-ljtU&aid=311984&dest_id=198&dest_type=country&group_adults=2&req_adults=2&no_rooms=1&broad_search_not_eligible=1&order=score&nflt=ht_id%3D204%3Bht_id%3D213%3Bht_id%3D201%3Bht_id%3D216%3Btop_destinations%3D6006%3Bpopular_nearby_landmarks%3D900053669%3Bpopular_nearby_landmarks%3D900059236%3Bpopular_nearby_landmarks%3D900059439%3Bpopular_nearby_landmarks%3D900059238","","THE EDGWARE","Nuwara Eliya","Scored 9.2","9.2","Value for money 9.0","THE EDGWARE in Nuwara Eliya provides accommodations with a garden and a shared lounge. This guest house provides free private parking, a 24-hour front desk, and free Wifi.","· 780 reviews","Opens in new window","Show prices","Wonderful","Show on map","https://cf.bstatic.com/xdata/images/hotel/square600/328059806.webp?k=acf77a7b3d2552f0dead916ab8f70729831d43b02ef50b5bdc42dda769847650&o="
"1777052628-10","https://www.booking.com/searchresults.html?label=bristol-XLwodozx2dVe8Ts0XeYuawS752260715469%3Apl%3Ata%3Ap1%3Ap2%3Aac%3Aap%3Aneg%3Afi%3Atikwd-869815001187%3Alp1009919%3Ali%3Adec%3Adm%3Appccp%3DUmFuZG9tSVYkc2RlIyh9YXdX6HrtnYy-Ml68sH-ljtU&aid=311984&dest_id=198&dest_type=country&group_adults=2&req_adults=2&no_rooms=1&broad_search_not_eligible=1&order=score&nflt=ht_id%3D204%3Bht_id%3D213%3Bht_id%3D201%3Bht_id%3D216%3Btop_destinations%3D6006%3Bpopular_nearby_landmarks%3D900053669%3Bpopular_nearby_landmarks%3D900059236%3Bpopular_nearby_landmarks%3D900059439%3Bpopular_nearby_landmarks%3D900059238","","Hotel mango tree nearest Adam's peak","Nallathanniya","Scored 9.2","9.2","Value for money 9.6","Hotel mango tree nearest Adam's peak offers accommodations in Nallathanniya, a few steps from Adam's Peak and 19 miles from Hatton Railway Station. This guest house offers a shared lounge.","· 761 reviews","Opens in new window","Show prices","Wonderful","Show on map","https://cf.bstatic.com/xdata/images/hotel/square600/404312977.webp?k=6f20aeddc18bd04c85e2ec92f1c7c270ccc805d64c64ce7ed18fe2b6041bd378&o="
"1777052628-11","https://www.booking.com/searchresults.html?label=bristol-XLwodozx2dVe8Ts0XeYuawS752260715469%3Apl%3Ata%3Ap1%3Ap2%3Aac%3Aap%3Aneg%3Afi%3Atikwd-869815001187%3Alp1009919%3Ali%3Adec%3Adm%3Appccp%3DUmFuZG9tSVYkc2RlIyh9YXdX6HrtnYy-Ml68sH-ljtU&aid=311984&dest_id=198&dest_type=country&group_adults=2&req_adults=2&no_rooms=1&broad_search_not_eligible=1&order=score&nflt=ht_id%3D204%3Bht_id%3D213%3Bht_id%3D201%3Bht_id%3D216%3Btop_destinations%3D6006%3Bpopular_nearby_landmarks%3D900053669%3Bpopular_nearby_landmarks%3D900059236%3Bpopular_nearby_landmarks%3D900059439%3Bpopular_nearby_landmarks%3D900059238","","Paradise Cottage","Nuwara Eliya City Centre, Nuwara Eliya","Scored 9.2","9.2","Value for money 9.6","Paradise Cottage offers accommodations in Nuwara Eliya, 6.1 miles from Hakgala Botanical Garden. Private parking is available on site at this recently renovated property.","· 193 reviews","Opens in new window","Show prices","Wonderful","Show on map","https://cf.bstatic.com/xdata/images/hotel/square600/655403576.webp?k=43322bf5040ea0aacdc9f264df14676674baf30843812acae53716d7988360e7&o="
"1777052628-12","https://www.booking.com/searchresults.html?label=bristol-XLwodozx2dVe8Ts0XeYuawS752260715469%3Apl%3Ata%3Ap1%3Ap2%3Aac%3Aap%3Aneg%3Afi%3Atikwd-869815001187%3Alp1009919%3Ali%3Adec%3Adm%3Appccp%3DUmFuZG9tSVYkc2RlIyh9YXdX6HrtnYy-Ml68sH-ljtU&aid=311984&dest_id=198&dest_type=country&group_adults=2&req_adults=2&no_rooms=1&broad_search_not_eligible=1&order=score&nflt=ht_id%3D204%3Bht_id%3D213%3Bht_id%3D201%3Bht_id%3D216%3Btop_destinations%3D6006%3Bpopular_nearby_landmarks%3D900053669%3Bpopular_nearby_landmarks%3D900059236%3Bpopular_nearby_landmarks%3D900059439%3Bpopular_nearby_landmarks%3D900059238","","Green Gregory Villa Nuwara Eliya","Nuwara Eliya","Scored 9.2","9.2","Value for money 9.5","Green Gregory Villa Nuwara Eliya features accommodations in Nuwara Eliya. 1.1 miles from Gregory Lake and 5 miles from Hakgala Botanical Garden, the property provides a garden and a shared lounge.","· 353 reviews","Opens in new window","Show prices","Wonderful","Show on map","https://cf.bstatic.com/xdata/images/hotel/square600/592232669.webp?k=0acc7f73032ee57faec42ec20a7a17f3dca7a224faa0c5cc618a805b53075862&o="
"1777052628-13","https://www.booking.com/searchresults.html?label=bristol-XLwodozx2dVe8Ts0XeYuawS752260715469%3Apl%3Ata%3Ap1%3Ap2%3Aac%3Aap%3Aneg%3Afi%3Atikwd-869815001187%3Alp1009919%3Ali%3Adec%3Adm%3Appccp%3DUmFuZG9tSVYkc2RlIyh9YXdX6HrtnYy-Ml68sH-ljtU&aid=311984&dest_id=198&dest_type=country&group_adults=2&req_adults=2&no_rooms=1&broad_search_not_eligible=1&order=score&nflt=ht_id%3D204%3Bht_id%3D213%3Bht_id%3D201%3Bht_id%3D216%3Btop_destinations%3D6006%3Bpopular_nearby_landmarks%3D900053669%3Bpopular_nearby_landmarks%3D900059236%3Bpopular_nearby_landmarks%3D900059439%3Bpopular_nearby_landmarks%3D900059238","","Shan Hotel","Nallathanniya","Scored 9.2","9.2","Value for money 9.7","Located within a 3-minute walk of Adam's Peak, Shan Hotel in Nallathanniya has a number of amenities including a garden, a terrace and a restaurant.","· 35 reviews","Opens in new window","Show prices","Wonderful","Show on map","https://cf.bstatic.com/xdata/images/hotel/square600/642152267.webp?k=ec577e4e650ca82ba797fbd45054b0d1959c4d853dc1cddf04363006e2f0f6eb&o="
"1777052628-14","https://www.booking.com/searchresults.html?label=bristol-XLwodozx2dVe8Ts0XeYuawS752260715469%3Apl%3Ata%3Ap1%3Ap2%3Aac%3Aap%3Aneg%3Afi%3Atikwd-869815001187%3Alp1009919%3Ali%3Adec%3Adm%3Appccp%3DUmFuZG9tSVYkc2RlIyh9YXdX6HrtnYy-Ml68sH-ljtU&aid=311984&dest_id=198&dest_type=country&group_adults=2&req_adults=2&no_rooms=1&broad_search_not_eligible=1&order=score&nflt=ht_id%3D204%3Bht_id%3D213%3Bht_id%3D201%3Bht_id%3D216%3Btop_destinations%3D6006%3Bpopular_nearby_landmarks%3D900053669%3Bpopular_nearby_landmarks%3D900059236%3Bpopular_nearby_landmarks%3D900059439%3Bpopular_nearby_landmarks%3D900059238","","Tea Plant Nuwara Eliya","Lake Gregory, Nuwara Eliya (Lake Gregory)","Scored 9.2","9.2","Value for money 8.9","Featuring free WiFi, a restaurant and a terrace, Tea Plant Nuwara Eliya offers accommodations in Nuwara Eliya, 1640 feet from Gregory Lake. Free private parking is available on site.","· 17 reviews","Opens in new window","Show prices","Wonderful","Show on map","https://cf.bstatic.com/xdata/images/hotel/square600/53945459.webp?k=fc47ffe2aedce1ae98f302fdff7461006ba503bb5fbc3e786882a116c70af416&o="
"1777052628-15","https://www.booking.com/searchresults.html?label=bristol-XLwodozx2dVe8Ts0XeYuawS752260715469%3Apl%3Ata%3Ap1%3Ap2%3Aac%3Aap%3Aneg%3Afi%3Atikwd-869815001187%3Alp1009919%3Ali%3Adec%3Adm%3Appccp%3DUmFuZG9tSVYkc2RlIyh9YXdX6HrtnYy-Ml68sH-ljtU&aid=311984&dest_id=198&dest_type=country&group_adults=2&req_adults=2&no_rooms=1&broad_search_not_eligible=1&order=score&nflt=ht_id%3D204%3Bht_id%3D213%3Bht_id%3D201%3Bht_id%3D216%3Btop_destinations%3D6006%3Bpopular_nearby_landmarks%3D900053669%3Bpopular_nearby_landmarks%3D900059236%3Bpopular_nearby_landmarks%3D900059439%3Bpopular_nearby_landmarks%3D900059238","","La Grande Villa","Nuwara Eliya City Centre, Nuwara Eliya","Scored 9.1","9.1","Value for money 8.9","5.9 miles from Hakgala Botanical Garden in Nuwara Eliya, La Grande Villa provides accommodations with access to a hot tub.","· 1,079 reviews","Opens in new window","Show prices","Wonderful","Show on map","https://cf.bstatic.com/xdata/images/hotel/square600/106581103.webp?k=8a460dba2c89bcd79245b1d8e4f9cb312fb025064f5e12735bc08ab2a232fd37&o="
"1777052628-16","https://www.booking.com/searchresults.html?label=bristol-XLwodozx2dVe8Ts0XeYuawS752260715469%3Apl%3Ata%3Ap1%3Ap2%3Aac%3Aap%3Aneg%3Afi%3Atikwd-869815001187%3Alp1009919%3Ali%3Adec%3Adm%3Appccp%3DUmFuZG9tSVYkc2RlIyh9YXdX6HrtnYy-Ml68sH-ljtU&aid=311984&dest_id=198&dest_type=country&group_adults=2&req_adults=2&no_rooms=1&broad_search_not_eligible=1&order=score&nflt=ht_id%3D204%3Bht_id%3D213%3Bht_id%3D201%3Bht_id%3D216%3Btop_destinations%3D6006%3Bpopular_nearby_landmarks%3D900053669%3Bpopular_nearby_landmarks%3D900059236%3Bpopular_nearby_landmarks%3D900059439%3Bpopular_nearby_landmarks%3D900059238","","The Westbury Palace","Nuwara Eliya City Centre, Nuwara Eliya","Scored 9.1","9.1","Value for money 8.5","Located in Nuwara Eliya, 1.2 miles from Gregory Lake, The Westbury Palace has accommodations with free bikes, free private parking, an outdoor swimming pool and a fitness center.","· 125 reviews","Opens in new window","Show prices","Wonderful","Show on map","https://cf.bstatic.com/xdata/images/hotel/square600/464309143.webp?k=4181f05c9d051de8810d8c64157465c92530377ff8a1bd483b38539d40308a0a&o="
"1777052628-17","https://www.booking.com/searchresults.html?label=bristol-XLwodozx2dVe8Ts0XeYuawS752260715469%3Apl%3Ata%3Ap1%3Ap2%3Aac%3Aap%3Aneg%3Afi%3Atikwd-869815001187%3Alp1009919%3Ali%3Adec%3Adm%3Appccp%3DUmFuZG9tSVYkc2RlIyh9YXdX6HrtnYy-Ml68sH-ljtU&aid=311984&dest_id=198&dest_type=country&group_adults=2&req_adults=2&no_rooms=1&broad_search_not_eligible=1&order=score&nflt=ht_id%3D204%3Bht_id%3D213%3Bht_id%3D201%3Bht_id%3D216%3Btop_destinations%3D6006%3Bpopular_nearby_landmarks%3D900053669%3Bpopular_nearby_landmarks%3D900059236%3Bpopular_nearby_landmarks%3D900059439%3Bpopular_nearby_landmarks%3D900059238","","Hugging Clouds","Centre Area, Nallathanniya","Scored 9.1","9.1","Value for money 9.4","Hugging Clouds is located in Maskeliya, 21 mi from Nuwara Eliya. Guests can enjoy the on-site restaurant. There is a shared lounge at the property.","· 687 reviews","Opens in new window","Show prices","Wonderful","Show on map","https://cf.bstatic.com/xdata/images/hotel/square600/184833695.webp?k=755207a03891683469386f764155ec640d157f93a9cda354a5a44fe62f61ff2e&o="
"1777052628-18","https://www.booking.com/searchresults.html?label=bristol-XLwodozx2dVe8Ts0XeYuawS752260715469%3Apl%3Ata%3Ap1%3Ap2%3Aac%3Aap%3Aneg%3Afi%3Atikwd-869815001187%3Alp1009919%3Ali%3Adec%3Adm%3Appccp%3DUmFuZG9tSVYkc2RlIyh9YXdX6HrtnYy-Ml68sH-ljtU&aid=311984&dest_id=198&dest_type=country&group_adults=2&req_adults=2&no_rooms=1&broad_search_not_eligible=1&order=score&nflt=ht_id%3D204%3Bht_id%3D213%3Bht_id%3D201%3Bht_id%3D216%3Btop_destinations%3D6006%3Bpopular_nearby_landmarks%3D900053669%3Bpopular_nearby_landmarks%3D900059236%3Bpopular_nearby_landmarks%3D900059439%3Bpopular_nearby_landmarks%3D900059238","","Mountain Breeze Chill Apartment","Nuwara Eliya","Scored 9.1","9.1","Value for money 10","Mountain Breeze Chill Apartment offers accommodations in Nuwara Eliya, 2.1 miles from Gregory Lake and 6.3 miles from Hakgala Botanical Garden.","· 7 reviews","Opens in new window","Show prices","Wonderful","Show on map","https://cf.bstatic.com/xdata/images/hotel/square600/639466505.webp?k=4f10ad43e552e7ac98777c09f0f8068a839e4767e547ef4e863d0b2e227928ed&o="
"1777052628-19","https://www.booking.com/searchresults.html?label=bristol-XLwodozx2dVe8Ts0XeYuawS752260715469%3Apl%3Ata%3Ap1%3Ap2%3Aac%3Aap%3Aneg%3Afi%3Atikwd-869815001187%3Alp1009919%3Ali%3Adec%3Adm%3Appccp%3DUmFuZG9tSVYkc2RlIyh9YXdX6HrtnYy-Ml68sH-ljtU&aid=311984&dest_id=198&dest_type=country&group_adults=2&req_adults=2&no_rooms=1&broad_search_not_eligible=1&order=score&nflt=ht_id%3D204%3Bht_id%3D213%3Bht_id%3D201%3Bht_id%3D216%3Btop_destinations%3D6006%3Bpopular_nearby_landmarks%3D900053669%3Bpopular_nearby_landmarks%3D900059236%3Bpopular_nearby_landmarks%3D900059439%3Bpopular_nearby_landmarks%3D900059238","","AWHILE CASA","Nuwara Eliya","Scored 9.1","9.1","Value for money 8.6","A recently renovated apartment, AWHILE CASA offers accommodations in Nuwara Eliya. This apartment features free private parking, a 24-hour front desk, and free Wifi.","· 8 reviews","Opens in new window","Show prices","Wonderful","Show on map","https://cf.bstatic.com/xdata/images/hotel/square600/676573666.webp?k=2f7aac775834c3bc401a19e933232a0a05d59388b68f3779518d1fdab2b694c3&o="
"1777052628-20","https://www.booking.com/searchresults.html?label=bristol-XLwodozx2dVe8Ts0XeYuawS752260715469%3Apl%3Ata%3Ap1%3Ap2%3Aac%3Aap%3Aneg%3Afi%3Atikwd-869815001187%3Alp1009919%3Ali%3Adec%3Adm%3Appccp%3DUmFuZG9tSVYkc2RlIyh9YXdX6HrtnYy-Ml68sH-ljtU&aid=311984&dest_id=198&dest_type=country&group_adults=2&req_adults=2&no_rooms=1&broad_search_not_eligible=1&order=score&nflt=ht_id%3D204%3Bht_id%3D213%3Bht_id%3D201%3Bht_id%3D216%3Btop_destinations%3D6006%3Bpopular_nearby_landmarks%3D900053669%3Bpopular_nearby_landmarks%3D900059236%3Bpopular_nearby_landmarks%3D900059439%3Bpopular_nearby_landmarks%3D900059238","","Royal Cocoon - Nuwara Eliya","Nuwara Eliya City Centre, Nuwara Eliya","Scored 9.0","9.0","Value for money 8.8","Located in Nuwara Eliya, 1.6 miles from Gregory Lake, Royal Cocoon - Nuwara Eliya has accommodations with a garden, free private parking, a shared lounge and a terrace.","· 304 reviews","Opens in new window","Show prices","Wonderful","Show on map","https://cf.bstatic.com/xdata/images/hotel/square600/642225426.webp?k=189e42a71ee37d43aa1dc07209a279a770f11295057e257f0b28ed721a86d7f3&o="
"1777052628-21","https://www.booking.com/searchresults.html?label=bristol-XLwodozx2dVe8Ts0XeYuawS752260715469%3Apl%3Ata%3Ap1%3Ap2%3Aac%3Aap%3Aneg%3Afi%3Atikwd-869815001187%3Alp1009919%3Ali%3Adec%3Adm%3Appccp%3DUmFuZG9tSVYkc2RlIyh9YXdX6HrtnYy-Ml68sH-ljtU&aid=311984&dest_id=198&dest_type=country&group_adults=2&req_adults=2&no_rooms=1&broad_search_not_eligible=1&order=score&nflt=ht_id%3D204%3Bht_id%3D213%3Bht_id%3D201%3Bht_id%3D216%3Btop_destinations%3D6006%3Bpopular_nearby_landmarks%3D900053669%3Bpopular_nearby_landmarks%3D900059236%3Bpopular_nearby_landmarks%3D900059439%3Bpopular_nearby_landmarks%3D900059238","","sun mount adams peak","Centre Area, Nallathanniya","Scored 9.0","9.0","Value for money 9.4","Well situated in the center of Nallathanniya, sun mount adams peak has free WiFi throughout the property, a terrace and free private parking for guests who drive.","· 202 reviews","Opens in new window","Show prices","Wonderful","Show on map","https://cf.bstatic.com/xdata/images/hotel/square600/787605907.webp?k=a1b3260a8a5aea345d1eb0f28fafafd8a9257b83f3a3c89559d5aae2de662b99&o="
"1777052628-22","https://www.booking.com/searchresults.html?label=bristol-XLwodozx2dVe8Ts0XeYuawS752260715469%3Apl%3Ata%3Ap1%3Ap2%3Aac%3Aap%3Aneg%3Afi%3Atikwd-869815001187%3Alp1009919%3Ali%3Adec%3Adm%3Appccp%3DUmFuZG9tSVYkc2RlIyh9YXdX6HrtnYy-Ml68sH-ljtU&aid=311984&dest_id=198&dest_type=country&group_adults=2&req_adults=2&no_rooms=1&broad_search_not_eligible=1&order=score&nflt=ht_id%3D204%3Bht_id%3D213%3Bht_id%3D201%3Bht_id%3D216%3Btop_destinations%3D6006%3Bpopular_nearby_landmarks%3D900053669%3Bpopular_nearby_landmarks%3D900059236%3Bpopular_nearby_landmarks%3D900059439%3Bpopular_nearby_landmarks%3D900059238","","Mount Mary Inn","Nuwara Eliya City Centre, Nuwara Eliya","Scored 9.0","9.0","Value for money 9.3","Located 1.2 mi away from Gregory Lake; 5 minutes walk from the city, Mount Mary Inn features a terrace and views of the mountain. Free private parking is available on site.","· 431 reviews","Opens in new window","Show prices","Wonderful","Show on map","https://cf.bstatic.com/xdata/images/hotel/square600/116928483.webp?k=940b3a26f1dae51b95188864c1f164d0f556259f273acbfbb903135a70a221dc&o="
"1777052628-23","https://www.booking.com/searchresults.html?label=bristol-XLwodozx2dVe8Ts0XeYuawS752260715469%3Apl%3Ata%3Ap1%3Ap2%3Aac%3Aap%3Aneg%3Afi%3Atikwd-869815001187%3Alp1009919%3Ali%3Adec%3Adm%3Appccp%3DUmFuZG9tSVYkc2RlIyh9YXdX6HrtnYy-Ml68sH-ljtU&aid=311984&dest_id=198&dest_type=country&group_adults=2&req_adults=2&no_rooms=1&broad_search_not_eligible=1&order=score&nflt=ht_id%3D204%3Bht_id%3D213%3Bht_id%3D201%3Bht_id%3D216%3Btop_destinations%3D6006%3Bpopular_nearby_landmarks%3D900053669%3Bpopular_nearby_landmarks%3D900059236%3Bpopular_nearby_landmarks%3D900059439%3Bpopular_nearby_landmarks%3D900059238","","Premier Villa","Nuwara Eliya City Centre, Nuwara Eliya","Scored 9.0","9.0","Value for money 8.9","Featuring garden views, Premier Villa in Nuwara Eliya features accommodations, a garden, and a shared lounge. This property offers access to a terrace, free private parking, and free Wifi.","· 196 reviews","Opens in new window","Show prices","Wonderful","Show on map","https://cf.bstatic.com/xdata/images/hotel/square600/724938773.webp?k=1aa17d12cbe7ba601687deca17a1c303cc9b69b55bf0e7864b54e219d3fbd7d5&o="
"1777052628-24","https://www.booking.com/searchresults.html?label=bristol-XLwodozx2dVe8Ts0XeYuawS752260715469%3Apl%3Ata%3Ap1%3Ap2%3Aac%3Aap%3Aneg%3Afi%3Atikwd-869815001187%3Alp1009919%3Ali%3Adec%3Adm%3Appccp%3DUmFuZG9tSVYkc2RlIyh9YXdX6HrtnYy-Ml68sH-ljtU&aid=311984&dest_id=198&dest_type=country&group_adults=2&req_adults=2&no_rooms=1&broad_search_not_eligible=1&order=score&nflt=ht_id%3D204%3Bht_id%3D213%3Bht_id%3D201%3Bht_id%3D216%3Btop_destinations%3D6006%3Bpopular_nearby_landmarks%3D900053669%3Bpopular_nearby_landmarks%3D900059236%3Bpopular_nearby_landmarks%3D900059439%3Bpopular_nearby_landmarks%3D900059238","","Carnation Rest","Nuwara Eliya","Scored 9.0","9.0","Value for money 9.3","Carnation Rest offers accommodations in Nuwara Eliya, 1.5 miles from Gregory Lake and 5.7 miles from Hakgala Botanical Garden. Providing a restaurant, the property also has a garden.","· 156 reviews","Opens in new window","Show prices","Wonderful","Show on map","https://cf.bstatic.com/xdata/images/hotel/square600/144799419.webp?k=eea6c56f05936d2779463d912e9e269f428f0cb6469f30f3715a489e10c3f450&o="
"1777052628-25","https://www.booking.com/searchresults.html?label=bristol-XLwodozx2dVe8Ts0XeYuawS752260715469%3Apl%3Ata%3Ap1%3Ap2%3Aac%3Aap%3Aneg%3Afi%3Atikwd-869815001187%3Alp1009919%3Ali%3Adec%3Adm%3Appccp%3DUmFuZG9tSVYkc2RlIyh9YXdX6HrtnYy-Ml68sH-ljtU&aid=311984&dest_id=198&dest_type=country&group_adults=2&req_adults=2&no_rooms=1&broad_search_not_eligible=1&order=score&nflt=ht_id%3D204%3Bht_id%3D213%3Bht_id%3D201%3Bht_id%3D216%3Btop_destinations%3D6006%3Bpopular_nearby_landmarks%3D900053669%3Bpopular_nearby_landmarks%3D900059236%3Bpopular_nearby_landmarks%3D900059439%3Bpopular_nearby_landmarks%3D900059238","","Queens Ark","Centre Area, Nallathanniya","Scored 9.0","9.0","Value for money 9.3","Located 5 minutes walk to Adam's Peak in Nallathanniya, Queens Ark features free WiFi access and free private parking. Certain units feature a seating area to relax in after a busy day.","· 340 reviews","Opens in new window","Show prices","Wonderful","Show on map","https://cf.bstatic.com/xdata/images/hotel/square600/83705490.webp?k=8a355b13bcd4873b88115d73cfa4caf23375a5b37857f8ef1165221ffc591dae&o="
"1777052628-26","https://www.booking.com/searchresults.html?label=bristol-XLwodozx2dVe8Ts0XeYuawS752260715469%3Apl%3Ata%3Ap1%3Ap2%3Aac%3Aap%3Aneg%3Afi%3Atikwd-869815001187%3Alp1009919%3Ali%3Adec%3Adm%3Appccp%3DUmFuZG9tSVYkc2RlIyh9YXdX6HrtnYy-Ml68sH-ljtU&aid=311984&dest_id=198&dest_type=country&group_adults=2&req_adults=2&no_rooms=1&broad_search_not_eligible=1&order=score&nflt=ht_id%3D204%3Bht_id%3D213%3Bht_id%3D201%3Bht_id%3D216%3Btop_destinations%3D6006%3Bpopular_nearby_landmarks%3D900053669%3Bpopular_nearby_landmarks%3D900059236%3Bpopular_nearby_landmarks%3D900059439%3Bpopular_nearby_landmarks%3D900059238","","Gregory Hills","Nuwara Eliya","Scored 9.0","9.0","Value for money 9.1","Gregory Hills enjoys a location in Nuwara Eliya, 1.1 miles from Gregory Lake and 5 miles from Hakgala Botanical Garden. This guest house features free private parking and a 24-hour front desk.","· 19 reviews","Opens in new window","Show prices","Wonderful","Show on map","https://cf.bstatic.com/xdata/images/hotel/square600/261873179.webp?k=f235e8f8cf962bfd9abdf32210de4bbd17a2314991d8afa70598fdc44893f19c&o="
"1777052628-27","https://www.booking.com/searchresults.html?label=bristol-XLwodozx2dVe8Ts0XeYuawS752260715469%3Apl%3Ata%3Ap1%3Ap2%3Aac%3Aap%3Aneg%3Afi%3Atikwd-869815001187%3Alp1009919%3Ali%3Adec%3Adm%3Appccp%3DUmFuZG9tSVYkc2RlIyh9YXdX6HrtnYy-Ml68sH-ljtU&aid=311984&dest_id=198&dest_type=country&group_adults=2&req_adults=2&no_rooms=1&broad_search_not_eligible=1&order=score&nflt=ht_id%3D204%3Bht_id%3D213%3Bht_id%3D201%3Bht_id%3D216%3Btop_destinations%3D6006%3Bpopular_nearby_landmarks%3D900053669%3Bpopular_nearby_landmarks%3D900059236%3Bpopular_nearby_landmarks%3D900059439%3Bpopular_nearby_landmarks%3D900059238","","Himawari Hills","Nuwara Eliya","Scored 8.9","8.9","Value for money 8.7","Himawari Hills enjoys a location in Nuwara Eliya, a 18-minute walk from Gregory Lake and 4.9 miles from Hakgala Botanical Garden.","· 49 reviews","Opens in new window","Show prices","Excellent","Show on map","https://cf.bstatic.com/xdata/images/hotel/square600/104118026.webp?k=65729bf1c40c85a53d569fd57038467f1bbaf8b58260e7376d51608d6cbe4495&o="
"1777052628-28","https://www.booking.com/searchresults.html?label=bristol-XLwodozx2dVe8Ts0XeYuawS752260715469%3Apl%3Ata%3Ap1%3Ap2%3Aac%3Aap%3Aneg%3Afi%3Atikwd-869815001187%3Alp1009919%3Ali%3Adec%3Adm%3Appccp%3DUmFuZG9tSVYkc2RlIyh9YXdX6HrtnYy-Ml68sH-ljtU&aid=311984&dest_id=198&dest_type=country&group_adults=2&req_adults=2&no_rooms=1&broad_search_not_eligible=1&order=score&nflt=ht_id%3D204%3Bht_id%3D213%3Bht_id%3D201%3Bht_id%3D216%3Btop_destinations%3D6006%3Bpopular_nearby_landmarks%3D900053669%3Bpopular_nearby_landmarks%3D900059236%3Bpopular_nearby_landmarks%3D900059439%3Bpopular_nearby_landmarks%3D900059238","","The Grand Hotel - Heritage Grand","Nuwara Eliya City Centre, Nuwara Eliya","Scored 8.9","8.9","Location 9.6","The Grand Hotel is located on Nuwara Eliya Hill, adjacent to the Nuwara Eliya Golf Course.","· 384 reviews","Opens in new window","Show prices","Excellent","Show on map","https://cf.bstatic.com/xdata/images/hotel/square600/460249000.webp?k=9455dda76e45fe0416843608262711ba52da28897db014a60dfa9cec191ab222&o="
"1777052628-29","https://www.booking.com/searchresults.html?label=bristol-XLwodozx2dVe8Ts0XeYuawS752260715469%3Apl%3Ata%3Ap1%3Ap2%3Aac%3Aap%3Aneg%3Afi%3Atikwd-869815001187%3Alp1009919%3Ali%3Adec%3Adm%3Appccp%3DUmFuZG9tSVYkc2RlIyh9YXdX6HrtnYy-Ml68sH-ljtU&aid=311984&dest_id=198&dest_type=country&group_adults=2&req_adults=2&no_rooms=1&broad_search_not_eligible=1&order=score&nflt=ht_id%3D204%3Bht_id%3D213%3Bht_id%3D201%3Bht_id%3D216%3Btop_destinations%3D6006%3Bpopular_nearby_landmarks%3D900053669%3Bpopular_nearby_landmarks%3D900059236%3Bpopular_nearby_landmarks%3D900059439%3Bpopular_nearby_landmarks%3D900059238","","Ferncliff Bungalow","Nuwara Eliya City Centre, Nuwara Eliya","Scored 8.9","8.9","","Set in the Nuwara Eliya valley of Sri Lanka’s central highlands, Ferncliff Bungalow is a 10-minute drive from Hakgala Botanical Gardens and Nuwara Eliya Golf Club.","· 60 reviews","Opens in new window","Show prices","Excellent","Show on map","https://cf.bstatic.com/xdata/images/hotel/square600/128142646.webp?k=cbe487a7e896fed0b57a82338da96d2fa2f2d7315e62aae864efc4bbc3980005&o="
"1777052628-30","https://www.booking.com/searchresults.html?label=bristol-XLwodozx2dVe8Ts0XeYuawS752260715469%3Apl%3Ata%3Ap1%3Ap2%3Aac%3Aap%3Aneg%3Afi%3Atikwd-869815001187%3Alp1009919%3Ali%3Adec%3Adm%3Appccp%3DUmFuZG9tSVYkc2RlIyh9YXdX6HrtnYy-Ml68sH-ljtU&aid=311984&dest_id=198&dest_type=country&group_adults=2&req_adults=2&no_rooms=1&broad_search_not_eligible=1&order=score&nflt=ht_id%3D204%3Bht_id%3D213%3Bht_id%3D201%3Bht_id%3D216%3Btop_destinations%3D6006%3Bpopular_nearby_landmarks%3D900053669%3Bpopular_nearby_landmarks%3D900059236%3Bpopular_nearby_landmarks%3D900059439%3Bpopular_nearby_landmarks%3D900059238","","Villa de Roshe","Nuwara Eliya","Scored 8.9","8.9","Value for money 9.1","Located in Nuwara Eliya, 1.6 miles from Gregory Lake, Villa de Roshe provides accommodations with a garden, free private parking, a shared lounge and a terrace.","· 268 reviews","Opens in new window","Show prices","Excellent","Show on map","https://cf.bstatic.com/xdata/images/hotel/square600/239994843.webp?k=d1c8262fc54e5a68ddf1645c579886c4f70582683c70e9f7bc3312d403db0c93&o="
"1777052628-31","https://www.booking.com/searchresults.html?label=bristol-XLwodozx2dVe8Ts0XeYuawS752260715469%3Apl%3Ata%3Ap1%3Ap2%3Aac%3Aap%3Aneg%3Afi%3Atikwd-869815001187%3Alp1009919%3Ali%3Adec%3Adm%3Appccp%3DUmFuZG9tSVYkc2RlIyh9YXdX6HrtnYy-Ml68sH-ljtU&aid=311984&dest_id=198&dest_type=country&group_adults=2&req_adults=2&no_rooms=1&broad_search_not_eligible=1&order=score&nflt=ht_id%3D204%3Bht_id%3D213%3Bht_id%3D201%3Bht_id%3D216%3Btop_destinations%3D6006%3Bpopular_nearby_landmarks%3D900053669%3Bpopular_nearby_landmarks%3D900059236%3Bpopular_nearby_landmarks%3D900059439%3Bpopular_nearby_landmarks%3D900059238","","R21 Nuwara Eliya","Nuwara Eliya City Centre, Nuwara Eliya","Scored 8.9","8.9","Value for money 9.2","R21 Nuwara Eliya offers accommodations in Nuwara Eliya, 5.9 miles from Hakgala Botanical Garden. This property offers access to a balcony, free private parking, and free Wifi.","· 284 reviews","Opens in new window","Show prices","Excellent","Show on map","https://cf.bstatic.com/xdata/images/hotel/square600/594290640.webp?k=d0a3e9394ac31f9118041fb9beab3981b62f216bc230ca7394129c10f9738780&o="
"1777052628-32","https://www.booking.com/searchresults.html?label=bristol-XLwodozx2dVe8Ts0XeYuawS752260715469%3Apl%3Ata%3Ap1%3Ap2%3Aac%3Aap%3Aneg%3Afi%3Atikwd-869815001187%3Alp1009919%3Ali%3Adec%3Adm%3Appccp%3DUmFuZG9tSVYkc2RlIyh9YXdX6HrtnYy-Ml68sH-ljtU&aid=311984&dest_id=198&dest_type=country&group_adults=2&req_adults=2&no_rooms=1&broad_search_not_eligible=1&order=score&nflt=ht_id%3D204%3Bht_id%3D213%3Bht_id%3D201%3Bht_id%3D216%3Btop_destinations%3D6006%3Bpopular_nearby_landmarks%3D900053669%3Bpopular_nearby_landmarks%3D900059236%3Bpopular_nearby_landmarks%3D900059439%3Bpopular_nearby_landmarks%3D900059238","","The Chapter","Nuwara Eliya City Centre, Nuwara Eliya","Scored 8.9","8.9","","Well situated in the center of Nuwara Eliya, The Chapter provides free WiFi throughout the property, a garden and free private parking for guests who drive.","· 52 reviews","Opens in new window","Show prices","Excellent","Show on map","https://cf.bstatic.com/xdata/images/hotel/square600/693097519.webp?k=c2a395a5ded0ed8b6c20a46395ccfa210c07cd2392f0daf0926817ae1a044c12&o="
"1777052628-33","https://www.booking.com/searchresults.html?label=bristol-XLwodozx2dVe8Ts0XeYuawS752260715469%3Apl%3Ata%3Ap1%3Ap2%3Aac%3Aap%3Aneg%3Afi%3Atikwd-869815001187%3Alp1009919%3Ali%3Adec%3Adm%3Appccp%3DUmFuZG9tSVYkc2RlIyh9YXdX6HrtnYy-Ml68sH-ljtU&aid=311984&dest_id=198&dest_type=country&group_adults=2&req_adults=2&no_rooms=1&broad_search_not_eligible=1&order=score&nflt=ht_id%3D204%3Bht_id%3D213%3Bht_id%3D201%3Bht_id%3D216%3Btop_destinations%3D6006%3Bpopular_nearby_landmarks%3D900053669%3Bpopular_nearby_landmarks%3D900059236%3Bpopular_nearby_landmarks%3D900059439%3Bpopular_nearby_landmarks%3D900059238","","Andora Nuwara Eliya","Nuwara Eliya","Scored 8.9","8.9","Value for money 8.6","Andora Nuwara Eliya in Nuwara Eliya provides accommodations with a garden and a shared lounge. This guest house features free private parking and a shared kitchen. The guest house has private...","· 247 reviews","Opens in new window","Show prices","Excellent","Show on map","https://cf.bstatic.com/xdata/images/hotel/square600/117606418.webp?k=3c022eb248541001d37f3cb34797758274bb5f95853525dabdcbac393e949983&o="
"1777052628-34","https://www.booking.com/searchresults.html?label=bristol-XLwodozx2dVe8Ts0XeYuawS752260715469%3Apl%3Ata%3Ap1%3Ap2%3Aac%3Aap%3Aneg%3Afi%3Atikwd-869815001187%3Alp1009919%3Ali%3Adec%3Adm%3Appccp%3DUmFuZG9tSVYkc2RlIyh9YXdX6HrtnYy-Ml68sH-ljtU&aid=311984&dest_id=198&dest_type=country&group_adults=2&req_adults=2&no_rooms=1&broad_search_not_eligible=1&order=score&nflt=ht_id%3D204%3Bht_id%3D213%3Bht_id%3D201%3Bht_id%3D216%3Btop_destinations%3D6006%3Bpopular_nearby_landmarks%3D900053669%3Bpopular_nearby_landmarks%3D900059236%3Bpopular_nearby_landmarks%3D900059439%3Bpopular_nearby_landmarks%3D900059238","","Serendipity Lake Artistic Bungalow by Heidis Home","Lake Gregory, Nuwara Eliya (Lake Gregory)","Scored 8.8","8.8","Value for money 8.7","Featuring mountain views, Serendipity Lake Artistic Bungalow by Heidis Home in Nuwara Eliya features accommodations, a garden, and a terrace.","· 679 reviews","Opens in new window","Show prices","Excellent","Show on map","https://cf.bstatic.com/xdata/images/hotel/square600/793895315.webp?k=d0acccb7f43a60f1af44b5b3ce1d24d7d36311d90d05a6d7df22a8e106ee71f0&o="
"1777052628-35","https://www.booking.com/searchresults.html?label=bristol-XLwodozx2dVe8Ts0XeYuawS752260715469%3Apl%3Ata%3Ap1%3Ap2%3Aac%3Aap%3Aneg%3Afi%3Atikwd-869815001187%3Alp1009919%3Ali%3Adec%3Adm%3Appccp%3DUmFuZG9tSVYkc2RlIyh9YXdX6HrtnYy-Ml68sH-ljtU&aid=311984&dest_id=198&dest_type=country&group_adults=2&req_adults=2&no_rooms=1&broad_search_not_eligible=1&order=score&nflt=ht_id%3D204%3Bht_id%3D213%3Bht_id%3D201%3Bht_id%3D216%3Btop_destinations%3D6006%3Bpopular_nearby_landmarks%3D900053669%3Bpopular_nearby_landmarks%3D900059236%3Bpopular_nearby_landmarks%3D900059439%3Bpopular_nearby_landmarks%3D900059238","","Skylight Apartment","Nuwara Eliya City Centre, Nuwara Eliya","Scored 8.8","8.8","Value for money 8.8","Skylight Apartment offers accommodations in Nuwara Eliya, 5.9 miles from Hakgala Botanical Garden. This apartment provides free private parking, an elevator, and free Wifi.","· 123 reviews","Opens in new window","Show prices","Excellent","Show on map","https://cf.bstatic.com/xdata/images/hotel/square600/491450149.webp?k=3910ac05a74905a2ccbf7682a0d2311d5046daefae04d23e8767b49e33b1d557&o="
"1777052628-36","https://www.booking.com/searchresults.html?label=bristol-XLwodozx2dVe8Ts0XeYuawS752260715469%3Apl%3Ata%3Ap1%3Ap2%3Aac%3Aap%3Aneg%3Afi%3Atikwd-869815001187%3Alp1009919%3Ali%3Adec%3Adm%3Appccp%3DUmFuZG9tSVYkc2RlIyh9YXdX6HrtnYy-Ml68sH-ljtU&aid=311984&dest_id=198&dest_type=country&group_adults=2&req_adults=2&no_rooms=1&broad_search_not_eligible=1&order=score&nflt=ht_id%3D204%3Bht_id%3D213%3Bht_id%3D201%3Bht_id%3D216%3Btop_destinations%3D6006%3Bpopular_nearby_landmarks%3D900053669%3Bpopular_nearby_landmarks%3D900059236%3Bpopular_nearby_landmarks%3D900059439%3Bpopular_nearby_landmarks%3D900059238","","Galway Heights Hotel","Lake Gregory, Nuwara Eliya (Lake Gregory)","Scored 8.8","8.8","Value for money 8.5","Located in Nuwara Eliya, 1.5 miles from Gregory Lake, Galway Heights Hotel has accommodations with free bikes, free private parking, a garden and a shared lounge.","· 113 reviews","Opens in new window","Show prices","Excellent","Show on map","https://cf.bstatic.com/xdata/images/hotel/square600/343373961.webp?k=b29d7d9522e162905fd640b40b8fd12b63eabbf8d3be68e703b0b811c96885fe&o="
"1777052628-37","https://www.booking.com/searchresults.html?label=bristol-XLwodozx2dVe8Ts0XeYuawS752260715469%3Apl%3Ata%3Ap1%3Ap2%3Aac%3Aap%3Aneg%3Afi%3Atikwd-869815001187%3Alp1009919%3Ali%3Adec%3Adm%3Appccp%3DUmFuZG9tSVYkc2RlIyh9YXdX6HrtnYy-Ml68sH-ljtU&aid=311984&dest_id=198&dest_type=country&group_adults=2&req_adults=2&no_rooms=1&broad_search_not_eligible=1&order=score&nflt=ht_id%3D204%3Bht_id%3D213%3Bht_id%3D201%3Bht_id%3D216%3Btop_destinations%3D6006%3Bpopular_nearby_landmarks%3D900053669%3Bpopular_nearby_landmarks%3D900059236%3Bpopular_nearby_landmarks%3D900059439%3Bpopular_nearby_landmarks%3D900059238","","Seasons Villa - Nuwara Eliya","Nuwara Eliya","Scored 8.8","8.8","Value for money 8.6","Located in Nuwara Eliya, 1.1 miles from Gregory Lake, Seasons Villa - Nuwara Eliya has accommodations with a garden, free private parking, a terrace and a restaurant.","· 203 reviews","Opens in new window","Show prices","Excellent","Show on map","https://cf.bstatic.com/xdata/images/hotel/square600/287785445.webp?k=1da62d6b2672f70d1081c0460c80fdc1d676684d01a96418adeb5a49d81a2843&o="
"1777052628-38","https://www.booking.com/searchresults.html?label=bristol-XLwodozx2dVe8Ts0XeYuawS752260715469%3Apl%3Ata%3Ap1%3Ap2%3Aac%3Aap%3Aneg%3Afi%3Atikwd-869815001187%3Alp1009919%3Ali%3Adec%3Adm%3Appccp%3DUmFuZG9tSVYkc2RlIyh9YXdX6HrtnYy-Ml68sH-ljtU&aid=311984&dest_id=198&dest_type=country&group_adults=2&req_adults=2&no_rooms=1&broad_search_not_eligible=1&order=score&nflt=ht_id%3D204%3Bht_id%3D213%3Bht_id%3D201%3Bht_id%3D216%3Btop_destinations%3D6006%3Bpopular_nearby_landmarks%3D900053669%3Bpopular_nearby_landmarks%3D900059236%3Bpopular_nearby_landmarks%3D900059439%3Bpopular_nearby_landmarks%3D900059238","","City Lavish","Nuwara Eliya City Centre, Nuwara Eliya","Scored 8.8","8.8","Value for money 8.9","City Lavish offers accommodations in Nuwara Eliya, 6.5 miles from Hakgala Botanical Garden. Guests staying at this apartment have access to a balcony.","· 19 reviews","Opens in new window","Show prices","Excellent","Show on map","https://cf.bstatic.com/xdata/images/hotel/square600/650731320.webp?k=facda50fc56ffe1fa5ee41800b90e3f6d349fcfd55597f9a22dea55a461e7815&o="
"1777052628-39","https://www.booking.com/searchresults.html?label=bristol-XLwodozx2dVe8Ts0XeYuawS752260715469%3Apl%3Ata%3Ap1%3Ap2%3Aac%3Aap%3Aneg%3Afi%3Atikwd-869815001187%3Alp1009919%3Ali%3Adec%3Adm%3Appccp%3DUmFuZG9tSVYkc2RlIyh9YXdX6HrtnYy-Ml68sH-ljtU&aid=311984&dest_id=198&dest_type=country&group_adults=2&req_adults=2&no_rooms=1&broad_search_not_eligible=1&order=score&nflt=ht_id%3D204%3Bht_id%3D213%3Bht_id%3D201%3Bht_id%3D216%3Btop_destinations%3D6006%3Bpopular_nearby_landmarks%3D900053669%3Bpopular_nearby_landmarks%3D900059236%3Bpopular_nearby_landmarks%3D900059439%3Bpopular_nearby_landmarks%3D900059238","","Blue sky Guest House And Restaurant","Centre Area, Nallathanniya","Scored 8.8","8.8","Value for money 9.2","A 9-minute walk from Adam's Peak in the center of Nallathanniya, Blue sky Guest House And Restaurant provides accommodations with access to a garden.","· 98 reviews","Opens in new window","Show prices","Excellent","Show on map","https://cf.bstatic.com/xdata/images/hotel/square600/808193518.webp?k=6740f1d56501b5ea3345117b5736512b381662c9ec544f5077eeead581498c9e&o="
"1777052628-40","https://www.booking.com/searchresults.html?label=bristol-XLwodozx2dVe8Ts0XeYuawS752260715469%3Apl%3Ata%3Ap1%3Ap2%3Aac%3Aap%3Aneg%3Afi%3Atikwd-869815001187%3Alp1009919%3Ali%3Adec%3Adm%3Appccp%3DUmFuZG9tSVYkc2RlIyh9YXdX6HrtnYy-Ml68sH-ljtU&aid=311984&dest_id=198&dest_type=country&group_adults=2&req_adults=2&no_rooms=1&broad_search_not_eligible=1&order=score&nflt=ht_id%3D204%3Bht_id%3D213%3Bht_id%3D201%3Bht_id%3D216%3Btop_destinations%3D6006%3Bpopular_nearby_landmarks%3D900053669%3Bpopular_nearby_landmarks%3D900059236%3Bpopular_nearby_landmarks%3D900059439%3Bpopular_nearby_landmarks%3D900059238","","House of Leisure","Lake Gregory, Nuwara Eliya (Lake Gregory)","Scored 8.8","8.8","Value for money 8.7","Offering a restaurant, House of Leisure is located just 1.4 mi from the scenic Nuwara Eliya Golf Club and Royal Colombo Golf Club. Free WiFi access is available in the public areas of the property.","· 113 reviews","Opens in new window","Show prices","Excellent","Show on map","https://cf.bstatic.com/xdata/images/hotel/square600/69143036.webp?k=5fe6cad9535a99a6c7be0224b7abce9b59c8504922416bf9a9bb816a4302338a&o="
"1777052628-41","https://www.booking.com/searchresults.html?label=bristol-XLwodozx2dVe8Ts0XeYuawS752260715469%3Apl%3Ata%3Ap1%3Ap2%3Aac%3Aap%3Aneg%3Afi%3Atikwd-869815001187%3Alp1009919%3Ali%3Adec%3Adm%3Appccp%3DUmFuZG9tSVYkc2RlIyh9YXdX6HrtnYy-Ml68sH-ljtU&aid=311984&dest_id=198&dest_type=country&group_adults=2&req_adults=2&no_rooms=1&broad_search_not_eligible=1&order=score&nflt=ht_id%3D204%3Bht_id%3D213%3Bht_id%3D201%3Bht_id%3D216%3Btop_destinations%3D6006%3Bpopular_nearby_landmarks%3D900053669%3Bpopular_nearby_landmarks%3D900059236%3Bpopular_nearby_landmarks%3D900059439%3Bpopular_nearby_landmarks%3D900059238","","Nildiya holiday resort Sripada Adam's Peak","Centre Area, Nallathanniya","Scored 8.8","8.8","Value for money 9.6","Nildiya holiday resort Sripada Adam's Peak features rooms with free Wifi in the center of Nallathanniya.","· 19 reviews","Opens in new window","Show prices","Excellent","Show on map","https://cf.bstatic.com/xdata/images/hotel/square600/813393232.webp?k=71ccc1ea5d75ac7f0bb88069dbffe239a70a69a29586cf9eebe60bc167444484&o="
"1777052628-42","https://www.booking.com/searchresults.html?label=bristol-XLwodozx2dVe8Ts0XeYuawS752260715469%3Apl%3Ata%3Ap1%3Ap2%3Aac%3Aap%3Aneg%3Afi%3Atikwd-869815001187%3Alp1009919%3Ali%3Adec%3Adm%3Appccp%3DUmFuZG9tSVYkc2RlIyh9YXdX6HrtnYy-Ml68sH-ljtU&aid=311984&dest_id=198&dest_type=country&group_adults=2&req_adults=2&no_rooms=1&broad_search_not_eligible=1&order=score&nflt=ht_id%3D204%3Bht_id%3D213%3Bht_id%3D201%3Bht_id%3D216%3Btop_destinations%3D6006%3Bpopular_nearby_landmarks%3D900053669%3Bpopular_nearby_landmarks%3D900059236%3Bpopular_nearby_landmarks%3D900059439%3Bpopular_nearby_landmarks%3D900059238","","King Fern Cottage","Nuwara Eliya","Scored 8.8","8.8","Value for money 9.2","King Fern Cottage is a recently renovated guest house in Nuwara Eliya where guests can make the most of its garden and shared lounge.","· 165 reviews","Opens in new window","Show prices","Excellent","Show on map","https://cf.bstatic.com/xdata/images/hotel/square600/610552443.webp?k=60cb76f9f58cef542f50345230ef81db177ce25a413d0e4c9fc996da01a5b992&o="
"1777052628-43","https://www.booking.com/searchresults.html?label=bristol-XLwodozx2dVe8Ts0XeYuawS752260715469%3Apl%3Ata%3Ap1%3Ap2%3Aac%3Aap%3Aneg%3Afi%3Atikwd-869815001187%3Alp1009919%3Ali%3Adec%3Adm%3Appccp%3DUmFuZG9tSVYkc2RlIyh9YXdX6HrtnYy-Ml68sH-ljtU&aid=311984&dest_id=198&dest_type=country&group_adults=2&req_adults=2&no_rooms=1&broad_search_not_eligible=1&order=score&nflt=ht_id%3D204%3Bht_id%3D213%3Bht_id%3D201%3Bht_id%3D216%3Btop_destinations%3D6006%3Bpopular_nearby_landmarks%3D900053669%3Bpopular_nearby_landmarks%3D900059236%3Bpopular_nearby_landmarks%3D900059439%3Bpopular_nearby_landmarks%3D900059238","","Nuwara eliya Luxury Apartment","Nuwara Eliya City Centre, Nuwara Eliya","Scored 8.8","8.8","Value for money 8.9","Nuwara eliya Luxury Apartment offers accommodations in Nuwara Eliya, 6 miles from Hakgala Botanical Garden. This apartment provides free private parking, an elevator, and free Wifi.","· 54 reviews","Opens in new window","Show prices","Excellent","Show on map","https://cf.bstatic.com/xdata/images/hotel/square600/745995639.webp?k=1ad27541eeeefe655c2362e22d886709e84a1ffdb4f3efec6904cba44b904b5a&o="
"1777052628-44","https://www.booking.com/searchresults.html?label=bristol-XLwodozx2dVe8Ts0XeYuawS752260715469%3Apl%3Ata%3Ap1%3Ap2%3Aac%3Aap%3Aneg%3Afi%3Atikwd-869815001187%3Alp1009919%3Ali%3Adec%3Adm%3Appccp%3DUmFuZG9tSVYkc2RlIyh9YXdX6HrtnYy-Ml68sH-ljtU&aid=311984&dest_id=198&dest_type=country&group_adults=2&req_adults=2&no_rooms=1&broad_search_not_eligible=1&order=score&nflt=ht_id%3D204%3Bht_id%3D213%3Bht_id%3D201%3Bht_id%3D216%3Btop_destinations%3D6006%3Bpopular_nearby_landmarks%3D900053669%3Bpopular_nearby_landmarks%3D900059236%3Bpopular_nearby_landmarks%3D900059439%3Bpopular_nearby_landmarks%3D900059238","","Princess Bungalows","Nuwara Eliya City Centre, Nuwara Eliya","Scored 8.8","8.8","Value for money 9.1","Princess Bungalows offers accommodations in Nuwara Eliya, 5.9 miles from Hakgala Botanical Garden. This guest house provides free private parking, full-day security, and free Wifi.","· 135 reviews","Opens in new window","Show prices","Excellent","Show on map","https://cf.bstatic.com/xdata/images/hotel/square600/524499041.webp?k=c3e1b2d1b2173edc1b118a369d11d3c0d7b85d769eb3ec8e477003e5290febb0&o="
"1777052628-45","https://www.booking.com/searchresults.html?label=bristol-XLwodozx2dVe8Ts0XeYuawS752260715469%3Apl%3Ata%3Ap1%3Ap2%3Aac%3Aap%3Aneg%3Afi%3Atikwd-869815001187%3Alp1009919%3Ali%3Adec%3Adm%3Appccp%3DUmFuZG9tSVYkc2RlIyh9YXdX6HrtnYy-Ml68sH-ljtU&aid=311984&dest_id=198&dest_type=country&group_adults=2&req_adults=2&no_rooms=1&broad_search_not_eligible=1&order=score&nflt=ht_id%3D204%3Bht_id%3D213%3Bht_id%3D201%3Bht_id%3D216%3Btop_destinations%3D6006%3Bpopular_nearby_landmarks%3D900053669%3Bpopular_nearby_landmarks%3D900059236%3Bpopular_nearby_landmarks%3D900059439%3Bpopular_nearby_landmarks%3D900059238","","Lassana Villa","Nuwara Eliya","Scored 8.8","8.8","Value for money 9.2","Located in Nuwara Eliya, 1.4 miles from Gregory Lake, Lassana Villa has accommodations with a garden, free private parking and a shared lounge.","· 339 reviews","Opens in new window","Show prices","Excellent","Show on map","https://cf.bstatic.com/xdata/images/hotel/square600/602679737.webp?k=98a4b609e2d0150b57112f475de0ca1427f7828063eccae4d54072c02bc30f5b&o="
"1777052628-46","https://www.booking.com/searchresults.html?label=bristol-XLwodozx2dVe8Ts0XeYuawS752260715469%3Apl%3Ata%3Ap1%3Ap2%3Aac%3Aap%3Aneg%3Afi%3Atikwd-869815001187%3Alp1009919%3Ali%3Adec%3Adm%3Appccp%3DUmFuZG9tSVYkc2RlIyh9YXdX6HrtnYy-Ml68sH-ljtU&aid=311984&dest_id=198&dest_type=country&group_adults=2&req_adults=2&no_rooms=1&broad_search_not_eligible=1&order=score&nflt=ht_id%3D204%3Bht_id%3D213%3Bht_id%3D201%3Bht_id%3D216%3Btop_destinations%3D6006%3Bpopular_nearby_landmarks%3D900053669%3Bpopular_nearby_landmarks%3D900059236%3Bpopular_nearby_landmarks%3D900059439%3Bpopular_nearby_landmarks%3D900059238","","Villa Cassandra","Nuwara Eliya City Centre, Nuwara Eliya","Scored 8.8","8.8","Value for money 8.9","Located just 1969 feet from the scenic Nuwara Eliya Golf Club and Royal Colombo Golf Club, Villa Cassandra offers free WiFi.","· 205 reviews","Opens in new window","Show prices","Excellent","Show on map","https://cf.bstatic.com/xdata/images/hotel/square600/768279834.webp?k=090911967cf08e5bb0c53f98aca96acbf7fc70281bd2dc0e355e82ed092e1e80&o="
"1777052628-47","https://www.booking.com/searchresults.html?label=bristol-XLwodozx2dVe8Ts0XeYuawS752260715469%3Apl%3Ata%3Ap1%3Ap2%3Aac%3Aap%3Aneg%3Afi%3Atikwd-869815001187%3Alp1009919%3Ali%3Adec%3Adm%3Appccp%3DUmFuZG9tSVYkc2RlIyh9YXdX6HrtnYy-Ml68sH-ljtU&aid=311984&dest_id=198&dest_type=country&group_adults=2&req_adults=2&no_rooms=1&broad_search_not_eligible=1&order=score&nflt=ht_id%3D204%3Bht_id%3D213%3Bht_id%3D201%3Bht_id%3D216%3Btop_destinations%3D6006%3Bpopular_nearby_landmarks%3D900053669%3Bpopular_nearby_landmarks%3D900059236%3Bpopular_nearby_landmarks%3D900059439%3Bpopular_nearby_landmarks%3D900059238","","Vibe way (Hostel & Market farm)","Nuwara Eliya","Scored 8.8","8.8","Value for money 8.9","Vibe way (Hostel & Market farm) in Nuwara Eliya provides accommodations with a garden and a shared lounge. This property offers access to a patio and free private parking.","· 493 reviews","Opens in new window","Show prices","Excellent","Show on map","https://cf.bstatic.com/xdata/images/hotel/square600/334293739.webp?k=3d358b77909b670150e6f15b47eb689457141f8688deae7490b9b5c7605f07b0&o="
"1777052628-48","https://www.booking.com/searchresults.html?label=bristol-XLwodozx2dVe8Ts0XeYuawS752260715469%3Apl%3Ata%3Ap1%3Ap2%3Aac%3Aap%3Aneg%3Afi%3Atikwd-869815001187%3Alp1009919%3Ali%3Adec%3Adm%3Appccp%3DUmFuZG9tSVYkc2RlIyh9YXdX6HrtnYy-Ml68sH-ljtU&aid=311984&dest_id=198&dest_type=country&group_adults=2&req_adults=2&no_rooms=1&broad_search_not_eligible=1&order=score&nflt=ht_id%3D204%3Bht_id%3D213%3Bht_id%3D201%3Bht_id%3D216%3Btop_destinations%3D6006%3Bpopular_nearby_landmarks%3D900053669%3Bpopular_nearby_landmarks%3D900059236%3Bpopular_nearby_landmarks%3D900059439%3Bpopular_nearby_landmarks%3D900059238","","W15 Glenfall Nuwara Eliya","Nuwara Eliya","Scored 8.7","8.7","Value for money 8.7","Located in Nuwara Eliya, 1.7 miles from Gregory Lake, W15 Glenfall Nuwara Eliya provides accommodations with a garden, free private parking and a terrace. This 4-star hotel offers room service.","· 85 reviews","Opens in new window","Show prices","Excellent","Show on map","https://cf.bstatic.com/xdata/images/hotel/square600/547158846.webp?k=a7263034620a1d11e12527118be7b4c105a4943b734c372015191e9b74ec8d3b&o="
"1777052628-49","https://www.booking.com/searchresults.html?label=bristol-XLwodozx2dVe8Ts0XeYuawS752260715469%3Apl%3Ata%3Ap1%3Ap2%3Aac%3Aap%3Aneg%3Afi%3Atikwd-869815001187%3Alp1009919%3Ali%3Adec%3Adm%3Appccp%3DUmFuZG9tSVYkc2RlIyh9YXdX6HrtnYy-Ml68sH-ljtU&aid=311984&dest_id=198&dest_type=country&group_adults=2&req_adults=2&no_rooms=1&broad_search_not_eligible=1&order=score&nflt=ht_id%3D204%3Bht_id%3D213%3Bht_id%3D201%3Bht_id%3D216%3Btop_destinations%3D6006%3Bpopular_nearby_landmarks%3D900053669%3Bpopular_nearby_landmarks%3D900059236%3Bpopular_nearby_landmarks%3D900059439%3Bpopular_nearby_landmarks%3D900059238","","The Golden Legacy Hotel","Nuwara Eliya City Centre, Nuwara Eliya","Scored 8.7","8.7","Value for money 8.7","Attractively located in the center of Nuwara Eliya, The Golden Legacy Hotel has free WiFi and free private parking. This 3-star hotel offers room service. The hotel has family rooms.","· 48 reviews","Opens in new window","Show prices","Excellent","Show on map","https://cf.bstatic.com/xdata/images/hotel/square600/714631117.webp?k=bd767743d1c18e548b78b61a072efea5b20cbecea05236756401c3f2af4d2d97&o="
"1777052628-50","https://www.booking.com/searchresults.html?label=bristol-XLwodozx2dVe8Ts0XeYuawS752260715469%3Apl%3Ata%3Ap1%3Ap2%3Aac%3Aap%3Aneg%3Afi%3Atikwd-869815001187%3Alp1009919%3Ali%3Adec%3Adm%3Appccp%3DUmFuZG9tSVYkc2RlIyh9YXdX6HrtnYy-Ml68sH-ljtU&aid=311984&dest_id=198&dest_type=country&group_adults=2&req_adults=2&no_rooms=1&broad_search_not_eligible=1&order=score&nflt=ht_id%3D204%3Bht_id%3D213%3Bht_id%3D201%3Bht_id%3D216%3Btop_destinations%3D6006%3Bpopular_nearby_landmarks%3D900053669%3Bpopular_nearby_landmarks%3D900059236%3Bpopular_nearby_landmarks%3D900059439%3Bpopular_nearby_landmarks%3D900059238","","Slightly Chilled","Centre Area, Nallathanniya","Scored 8.7","8.7","Value for money 9.1","Located in Nallathanniya, a 11-minute walk from Adam's Peak, Slightly Chilled provides accommodations with a garden, free private parking, a shared lounge and a terrace.","· 159 reviews","Opens in new window","Show prices","Excellent","Show on map","https://cf.bstatic.com/xdata/images/hotel/square600/136686667.webp?k=d005fccf215439dc86c74e753416707c04fdb9c4cd76878e8f59718316568277&o="
"1777052628-51","https://www.booking.com/searchresults.html?label=bristol-XLwodozx2dVe8Ts0XeYuawS752260715469%3Apl%3Ata%3Ap1%3Ap2%3Aac%3Aap%3Aneg%3Afi%3Atikwd-869815001187%3Alp1009919%3Ali%3Adec%3Adm%3Appccp%3DUmFuZG9tSVYkc2RlIyh9YXdX6HrtnYy-Ml68sH-ljtU&aid=311984&dest_id=198&dest_type=country&group_adults=2&req_adults=2&no_rooms=1&broad_search_not_eligible=1&order=score&nflt=ht_id%3D204%3Bht_id%3D213%3Bht_id%3D201%3Bht_id%3D216%3Btop_destinations%3D6006%3Bpopular_nearby_landmarks%3D900053669%3Bpopular_nearby_landmarks%3D900059236%3Bpopular_nearby_landmarks%3D900059439%3Bpopular_nearby_landmarks%3D900059238","","Medalin Lake Gregory","Lake Gregory, Nuwara Eliya (Lake Gregory)","Scored 8.7","8.7","Value for money 8.9","Medalin Lake Gregory offers accommodations in Nuwara Eliya, a 16-minute walk from Gregory Lake and 5.1 miles from Hakgala Botanical Garden.","· 544 reviews","Opens in new window","Show prices","Excellent","Show on map","https://cf.bstatic.com/xdata/images/hotel/square600/423726356.webp?k=cf8497f5dedd8fa6fed9fe05d0fc7d490388c72064a97f3d3393487132af4e57&o="
"1777052628-52","https://www.booking.com/searchresults.html?label=bristol-XLwodozx2dVe8Ts0XeYuawS752260715469%3Apl%3Ata%3Ap1%3Ap2%3Aac%3Aap%3Aneg%3Afi%3Atikwd-869815001187%3Alp1009919%3Ali%3Adec%3Adm%3Appccp%3DUmFuZG9tSVYkc2RlIyh9YXdX6HrtnYy-Ml68sH-ljtU&aid=311984&dest_id=198&dest_type=country&group_adults=2&req_adults=2&no_rooms=1&broad_search_not_eligible=1&order=score&nflt=ht_id%3D204%3Bht_id%3D213%3Bht_id%3D201%3Bht_id%3D216%3Btop_destinations%3D6006%3Bpopular_nearby_landmarks%3D900053669%3Bpopular_nearby_landmarks%3D900059236%3Bpopular_nearby_landmarks%3D900059439%3Bpopular_nearby_landmarks%3D900059238","","Serenus Boutique Villa","Lake Gregory, Nuwara Eliya (Lake Gregory)","Scored 8.7","8.7","Value for money 8.6","Located in Nuwara Eliya, Serenus Boutique Villa offers a fitness center. This self-catering accommodations features free WiFi.","· 96 reviews","Opens in new window","Show prices","Excellent","Show on map","https://cf.bstatic.com/xdata/images/hotel/square600/63460297.webp?k=9f97bb99bf724bdc44301d76b07b306f9ffb3a6206770e036a481669dcda4d7e&o="
"1777052628-53","https://www.booking.com/searchresults.html?label=bristol-XLwodozx2dVe8Ts0XeYuawS752260715469%3Apl%3Ata%3Ap1%3Ap2%3Aac%3Aap%3Aneg%3Afi%3Atikwd-869815001187%3Alp1009919%3Ali%3Adec%3Adm%3Appccp%3DUmFuZG9tSVYkc2RlIyh9YXdX6HrtnYy-Ml68sH-ljtU&aid=311984&dest_id=198&dest_type=country&group_adults=2&req_adults=2&no_rooms=1&broad_search_not_eligible=1&order=score&nflt=ht_id%3D204%3Bht_id%3D213%3Bht_id%3D201%3Bht_id%3D216%3Btop_destinations%3D6006%3Bpopular_nearby_landmarks%3D900053669%3Bpopular_nearby_landmarks%3D900059236%3Bpopular_nearby_landmarks%3D900059439%3Bpopular_nearby_landmarks%3D900059238","","Jetwing St Andrew's","Nuwara Eliya","Scored 8.7","8.7","","Set 6182 feet above sea level, Jetwing St. Andrew's offers guests a luxurious 5-star experience in Sri Lanka’s hill country of Nuwara Eliya.","· 143 reviews","Opens in new window","Show prices","Excellent","Show on map","https://cf.bstatic.com/xdata/images/hotel/square600/99805584.webp?k=2d49e669882f2a86d28c12fe6ea2d0193f078629408b0d9153f8138500a81d6c&o="
"1777052628-54","https://www.booking.com/searchresults.html?label=bristol-XLwodozx2dVe8Ts0XeYuawS752260715469%3Apl%3Ata%3Ap1%3Ap2%3Aac%3Aap%3Aneg%3Afi%3Atikwd-869815001187%3Alp1009919%3Ali%3Adec%3Adm%3Appccp%3DUmFuZG9tSVYkc2RlIyh9YXdX6HrtnYy-Ml68sH-ljtU&aid=311984&dest_id=198&dest_type=country&group_adults=2&req_adults=2&no_rooms=1&broad_search_not_eligible=1&order=score&nflt=ht_id%3D204%3Bht_id%3D213%3Bht_id%3D201%3Bht_id%3D216%3Btop_destinations%3D6006%3Bpopular_nearby_landmarks%3D900053669%3Bpopular_nearby_landmarks%3D900059236%3Bpopular_nearby_landmarks%3D900059439%3Bpopular_nearby_landmarks%3D900059238","","Astoria Cottage","Nuwara Eliya","Scored 8.7","8.7","Value for money 9.0","Located in Nuwara Eliya, 2.4 miles from Gregory Lake, Astoria Cottage provides accommodations with a terrace, free private parking and a restaurant.","· 129 reviews","Opens in new window","Show prices","Excellent","Show on map","https://cf.bstatic.com/xdata/images/hotel/square600/794229445.webp?k=1cca4077adfcd73dca60353d817fe1793d792d335589241c44468b273e65aced&o="
"1777052628-55","https://www.booking.com/searchresults.html?label=bristol-XLwodozx2dVe8Ts0XeYuawS752260715469%3Apl%3Ata%3Ap1%3Ap2%3Aac%3Aap%3Aneg%3Afi%3Atikwd-869815001187%3Alp1009919%3Ali%3Adec%3Adm%3Appccp%3DUmFuZG9tSVYkc2RlIyh9YXdX6HrtnYy-Ml68sH-ljtU&aid=311984&dest_id=198&dest_type=country&group_adults=2&req_adults=2&no_rooms=1&broad_search_not_eligible=1&order=score&nflt=ht_id%3D204%3Bht_id%3D213%3Bht_id%3D201%3Bht_id%3D216%3Btop_destinations%3D6006%3Bpopular_nearby_landmarks%3D900053669%3Bpopular_nearby_landmarks%3D900059236%3Bpopular_nearby_landmarks%3D900059439%3Bpopular_nearby_landmarks%3D900059238","","Winter Rest Villa","Nuwara Eliya City Centre, Nuwara Eliya","Scored 8.7","8.7","Value for money 9.0","Winter Rest Villa is offering accommodations in Nuwara Eliya. Providing complimentary private parking, the guest house is 6.1 miles from Hakgala Botanical Garden.","· 380 reviews","Opens in new window","Show prices","Excellent","Show on map","https://cf.bstatic.com/xdata/images/hotel/square600/633194448.webp?k=38c3b5ede8ce430b75db65c32d3fd0ab1e03aee6a37036fa55ae6015dda7a1f0&o="
"1777052628-56","https://www.booking.com/searchresults.html?label=bristol-XLwodozx2dVe8Ts0XeYuawS752260715469%3Apl%3Ata%3Ap1%3Ap2%3Aac%3Aap%3Aneg%3Afi%3Atikwd-869815001187%3Alp1009919%3Ali%3Adec%3Adm%3Appccp%3DUmFuZG9tSVYkc2RlIyh9YXdX6HrtnYy-Ml68sH-ljtU&aid=311984&dest_id=198&dest_type=country&group_adults=2&req_adults=2&no_rooms=1&broad_search_not_eligible=1&order=score&nflt=ht_id%3D204%3Bht_id%3D213%3Bht_id%3D201%3Bht_id%3D216%3Btop_destinations%3D6006%3Bpopular_nearby_landmarks%3D900053669%3Bpopular_nearby_landmarks%3D900059236%3Bpopular_nearby_landmarks%3D900059439%3Bpopular_nearby_landmarks%3D900059238","","Green View Guest Inn","Centre Area, Nallathanniya","Scored 8.7","8.7","Value for money 9.0","Green View Guest Inn offers accommodations with private balconies in the center of Nallathanniya. Featuring a garden, the property is located within a 4-minute walk of Adam's Peak.","· 271 reviews","Opens in new window","Show prices","Excellent","Show on map","https://cf.bstatic.com/xdata/images/hotel/square600/88940415.webp?k=65c0ce266db986fcee57307b8f685a329657b8119bf6042337647a4785b784eb&o="
"1777052628-57","https://www.booking.com/searchresults.html?label=bristol-XLwodozx2dVe8Ts0XeYuawS752260715469%3Apl%3Ata%3Ap1%3Ap2%3Aac%3Aap%3Aneg%3Afi%3Atikwd-869815001187%3Alp1009919%3Ali%3Adec%3Adm%3Appccp%3DUmFuZG9tSVYkc2RlIyh9YXdX6HrtnYy-Ml68sH-ljtU&aid=311984&dest_id=198&dest_type=country&group_adults=2&req_adults=2&no_rooms=1&broad_search_not_eligible=1&order=score&nflt=ht_id%3D204%3Bht_id%3D213%3Bht_id%3D201%3Bht_id%3D216%3Btop_destinations%3D6006%3Bpopular_nearby_landmarks%3D900053669%3Bpopular_nearby_landmarks%3D900059236%3Bpopular_nearby_landmarks%3D900059439%3Bpopular_nearby_landmarks%3D900059238","","Oviya Guest Nuwara Eliya","Nuwara Eliya","Scored 8.7","8.7","Value for money 8.9","Located in Nuwara Eliya, 1.9 miles from Gregory Lake, Oviya Guest Nuwara Eliya provides accommodations with free WiFi and free private parking. The inn features family rooms.","· 73 reviews","Opens in new window","Show prices","Excellent","Show on map","https://cf.bstatic.com/xdata/images/hotel/square600/625950884.webp?k=013c7f2d64aa1af2ed53ad731bb8bf1e7dc7782e2d7b378a54936ab7f1a6d33a&o="
"1777052628-58","https://www.booking.com/searchresults.html?label=bristol-XLwodozx2dVe8Ts0XeYuawS752260715469%3Apl%3Ata%3Ap1%3Ap2%3Aac%3Aap%3Aneg%3Afi%3Atikwd-869815001187%3Alp1009919%3Ali%3Adec%3Adm%3Appccp%3DUmFuZG9tSVYkc2RlIyh9YXdX6HrtnYy-Ml68sH-ljtU&aid=311984&dest_id=198&dest_type=country&group_adults=2&req_adults=2&no_rooms=1&broad_search_not_eligible=1&order=score&nflt=ht_id%3D204%3Bht_id%3D213%3Bht_id%3D201%3Bht_id%3D216%3Btop_destinations%3D6006%3Bpopular_nearby_landmarks%3D900053669%3Bpopular_nearby_landmarks%3D900059236%3Bpopular_nearby_landmarks%3D900059439%3Bpopular_nearby_landmarks%3D900059238","","Queenswood Cottage","Nuwara Eliya City Centre, Nuwara Eliya","Scored 8.6","8.6","","Featuring a garden, restaurant, and tour desk, Queenswood Cottage offers rustic-style rooms in Nuwara Eliya with free Wi-Fi. The rooms include a satellite TV, seating area, and electric kettle.","· 884 reviews","Opens in new window","Show prices","Excellent","Show on map","https://cf.bstatic.com/xdata/images/hotel/square600/134630213.webp?k=dc957745bd2a89a524395da01ed514bc7d47b8062761088cdabe0795dcca04e4&o="
"1777052628-59","https://www.booking.com/searchresults.html?label=bristol-XLwodozx2dVe8Ts0XeYuawS752260715469%3Apl%3Ata%3Ap1%3Ap2%3Aac%3Aap%3Aneg%3Afi%3Atikwd-869815001187%3Alp1009919%3Ali%3Adec%3Adm%3Appccp%3DUmFuZG9tSVYkc2RlIyh9YXdX6HrtnYy-Ml68sH-ljtU&aid=311984&dest_id=198&dest_type=country&group_adults=2&req_adults=2&no_rooms=1&broad_search_not_eligible=1&order=score&nflt=ht_id%3D204%3Bht_id%3D213%3Bht_id%3D201%3Bht_id%3D216%3Btop_destinations%3D6006%3Bpopular_nearby_landmarks%3D900053669%3Bpopular_nearby_landmarks%3D900059236%3Bpopular_nearby_landmarks%3D900059439%3Bpopular_nearby_landmarks%3D900059238","","C I Residence","Lake Gregory, Nuwara Eliya (Lake Gregory)","Scored 8.6","8.6","Value for money 8.5","Providing mountain views, C I Residence in Nuwara Eliya provides accommodations, a garden, barbecue facilities, and a shared lounge.","· 293 reviews","Opens in new window","Show prices","Excellent","Show on map","https://cf.bstatic.com/xdata/images/hotel/square600/384201036.webp?k=17734bcd902257ec00bc42ee763277cd41ab4651f3bed40846aa1b4bd1b73197&o="
"1777052628-60","https://www.booking.com/searchresults.html?label=bristol-XLwodozx2dVe8Ts0XeYuawS752260715469%3Apl%3Ata%3Ap1%3Ap2%3Aac%3Aap%3Aneg%3Afi%3Atikwd-869815001187%3Alp1009919%3Ali%3Adec%3Adm%3Appccp%3DUmFuZG9tSVYkc2RlIyh9YXdX6HrtnYy-Ml68sH-ljtU&aid=311984&dest_id=198&dest_type=country&group_adults=2&req_adults=2&no_rooms=1&broad_search_not_eligible=1&order=score&nflt=ht_id%3D204%3Bht_id%3D213%3Bht_id%3D201%3Bht_id%3D216%3Btop_destinations%3D6006%3Bpopular_nearby_landmarks%3D900053669%3Bpopular_nearby_landmarks%3D900059236%3Bpopular_nearby_landmarks%3D900059439%3Bpopular_nearby_landmarks%3D900059238","","Alben Castle Glenfall","Nuwara Eliya","Scored 8.6","8.6","","Located in Nuwara Eliya, 1.7 miles from Gregory Lake, Alben Castle Glenfall provides accommodations with a garden, free private parking, a shared lounge and a restaurant.","· 11 reviews","Opens in new window","Show prices","Excellent","Show on map","https://cf.bstatic.com/xdata/images/hotel/square600/655375087.webp?k=f7304da85eebb87c5d4b6f3cd53c6f721ec128a277dd03de137d70ba160e100d&o="
"1777052628-61","https://www.booking.com/searchresults.html?label=bristol-XLwodozx2dVe8Ts0XeYuawS752260715469%3Apl%3Ata%3Ap1%3Ap2%3Aac%3Aap%3Aneg%3Afi%3Atikwd-869815001187%3Alp1009919%3Ali%3Adec%3Adm%3Appccp%3DUmFuZG9tSVYkc2RlIyh9YXdX6HrtnYy-Ml68sH-ljtU&aid=311984&dest_id=198&dest_type=country&group_adults=2&req_adults=2&no_rooms=1&broad_search_not_eligible=1&order=score&nflt=ht_id%3D204%3Bht_id%3D213%3Bht_id%3D201%3Bht_id%3D216%3Btop_destinations%3D6006%3Bpopular_nearby_landmarks%3D900053669%3Bpopular_nearby_landmarks%3D900059236%3Bpopular_nearby_landmarks%3D900059439%3Bpopular_nearby_landmarks%3D900059238","","The Lynden Grove","Nuwara Eliya City Centre, Nuwara Eliya","Scored 8.6","8.6","Value for money 8.5","Located in Nuwara Eliya, 1.6 miles from Gregory Lake, The Lynden Grove provides accommodations with a garden, free private parking, a terrace and a restaurant.","· 191 reviews","Opens in new window","Show prices","Excellent","Show on map","https://cf.bstatic.com/xdata/images/hotel/square600/337197500.webp?k=47fce2c3c49b8a977fd15250864f46da68f01e440c39a24baa910262c101713a&o="
"1777052628-62","https://www.booking.com/searchresults.html?label=bristol-XLwodozx2dVe8Ts0XeYuawS752260715469%3Apl%3Ata%3Ap1%3Ap2%3Aac%3Aap%3Aneg%3Afi%3Atikwd-869815001187%3Alp1009919%3Ali%3Adec%3Adm%3Appccp%3DUmFuZG9tSVYkc2RlIyh9YXdX6HrtnYy-Ml68sH-ljtU&aid=311984&dest_id=198&dest_type=country&group_adults=2&req_adults=2&no_rooms=1&broad_search_not_eligible=1&order=score&nflt=ht_id%3D204%3Bht_id%3D213%3Bht_id%3D201%3Bht_id%3D216%3Btop_destinations%3D6006%3Bpopular_nearby_landmarks%3D900053669%3Bpopular_nearby_landmarks%3D900059236%3Bpopular_nearby_landmarks%3D900059439%3Bpopular_nearby_landmarks%3D900059238","","Amaraai lake edge","Lake Gregory, Nuwara Eliya (Lake Gregory)","Scored 8.6","8.6","Value for money 8.5","Amaraai lake edge is offering accommodations in Nuwara Eliya. 1.1 miles from Gregory Lake and 5.4 miles from Hakgala Botanical Garden, the property features a garden and a terrace.","· 53 reviews","Opens in new window","Show prices","Excellent","Show on map","https://cf.bstatic.com/xdata/images/hotel/square600/487934606.webp?k=cd8a19938209e8df3de02138cede1d897f5146c4f1473e6f55d7410825227d8e&o="
"1777052628-63","https://www.booking.com/searchresults.html?label=bristol-XLwodozx2dVe8Ts0XeYuawS752260715469%3Apl%3Ata%3Ap1%3Ap2%3Aac%3Aap%3Aneg%3Afi%3Atikwd-869815001187%3Alp1009919%3Ali%3Adec%3Adm%3Appccp%3DUmFuZG9tSVYkc2RlIyh9YXdX6HrtnYy-Ml68sH-ljtU&aid=311984&dest_id=198&dest_type=country&group_adults=2&req_adults=2&no_rooms=1&broad_search_not_eligible=1&order=score&nflt=ht_id%3D204%3Bht_id%3D213%3Bht_id%3D201%3Bht_id%3D216%3Btop_destinations%3D6006%3Bpopular_nearby_landmarks%3D900053669%3Bpopular_nearby_landmarks%3D900059236%3Bpopular_nearby_landmarks%3D900059439%3Bpopular_nearby_landmarks%3D900059238","","Vista Apartment Mariners Cabin","Nuwara Eliya","Scored 8.6","8.6","Value for money 8.8","Vista Apartment Mariners Cabin offers accommodations in Nuwara Eliya, 1.7 miles from Gregory Lake and 5.9 miles from Hakgala Botanical Garden.","· 112 reviews","Opens in new window","Show prices","Excellent","Show on map","https://cf.bstatic.com/xdata/images/hotel/square600/125115215.webp?k=68cc9d3ab9958602fed931fd89b0ae9cd149f8c483e771709c6d446d05e34e00&o="
"1777052628-64","https://www.booking.com/searchresults.html?label=bristol-XLwodozx2dVe8Ts0XeYuawS752260715469%3Apl%3Ata%3Ap1%3Ap2%3Aac%3Aap%3Aneg%3Afi%3Atikwd-869815001187%3Alp1009919%3Ali%3Adec%3Adm%3Appccp%3DUmFuZG9tSVYkc2RlIyh9YXdX6HrtnYy-Ml68sH-ljtU&aid=311984&dest_id=198&dest_type=country&group_adults=2&req_adults=2&no_rooms=1&broad_search_not_eligible=1&order=score&nflt=ht_id%3D204%3Bht_id%3D213%3Bht_id%3D201%3Bht_id%3D216%3Btop_destinations%3D6006%3Bpopular_nearby_landmarks%3D900053669%3Bpopular_nearby_landmarks%3D900059236%3Bpopular_nearby_landmarks%3D900059439%3Bpopular_nearby_landmarks%3D900059238","","Mount View 44 in lake View Residencies","Lake Gregory, Nuwara Eliya (Lake Gregory)","Scored 8.6","8.6","","Providing a garden, Mount View 44 in lake View Residencies features accommodations in Nuwara Eliya. With pool views, this accommodation provides a swimming pool.","· 15 reviews","Opens in new window","Show prices","Excellent","Show on map","https://cf.bstatic.com/xdata/images/hotel/square600/803817092.webp?k=90040a83f3b850766c7671acbf15928c3145fa7ad63408e2a1ce71b5b2b9cf6b&o="
"1777052628-65","https://www.booking.com/searchresults.html?label=bristol-XLwodozx2dVe8Ts0XeYuawS752260715469%3Apl%3Ata%3Ap1%3Ap2%3Aac%3Aap%3Aneg%3Afi%3Atikwd-869815001187%3Alp1009919%3Ali%3Adec%3Adm%3Appccp%3DUmFuZG9tSVYkc2RlIyh9YXdX6HrtnYy-Ml68sH-ljtU&aid=311984&dest_id=198&dest_type=country&group_adults=2&req_adults=2&no_rooms=1&broad_search_not_eligible=1&order=score&nflt=ht_id%3D204%3Bht_id%3D213%3Bht_id%3D201%3Bht_id%3D216%3Btop_destinations%3D6006%3Bpopular_nearby_landmarks%3D900053669%3Bpopular_nearby_landmarks%3D900059236%3Bpopular_nearby_landmarks%3D900059439%3Bpopular_nearby_landmarks%3D900059238","","The Peak Residence","Centre Area, Nallathanniya","Scored 8.6","8.6","Value for money 9.1","19 miles from Hatton Railway Station, The Peak Residence offers 4-star accommodations in the Centre Area district of Nallathanniya.","· 112 reviews","Opens in new window","Show prices","Excellent","Show on map","https://cf.bstatic.com/xdata/images/hotel/square600/236107571.webp?k=f0397327b49425052f033d0a17025cbabe6b552944f0ce9a6d60dd5620a8a4e7&o="
"1777052628-66","https://www.booking.com/searchresults.html?label=bristol-XLwodozx2dVe8Ts0XeYuawS752260715469%3Apl%3Ata%3Ap1%3Ap2%3Aac%3Aap%3Aneg%3Afi%3Atikwd-869815001187%3Alp1009919%3Ali%3Adec%3Adm%3Appccp%3DUmFuZG9tSVYkc2RlIyh9YXdX6HrtnYy-Ml68sH-ljtU&aid=311984&dest_id=198&dest_type=country&group_adults=2&req_adults=2&no_rooms=1&broad_search_not_eligible=1&order=score&nflt=ht_id%3D204%3Bht_id%3D213%3Bht_id%3D201%3Bht_id%3D216%3Btop_destinations%3D6006%3Bpopular_nearby_landmarks%3D900053669%3Bpopular_nearby_landmarks%3D900059236%3Bpopular_nearby_landmarks%3D900059439%3Bpopular_nearby_landmarks%3D900059238","","Selwood Cottage","Nuwara Eliya","Scored 8.6","8.6","","Selwood Cottage is a recently renovated guest house in Nuwara Eliya where guests can make the most of the garden and shared lounge.","· 8 reviews","Opens in new window","Show prices","Excellent","Show on map","https://cf.bstatic.com/xdata/images/hotel/square600/710029849.webp?k=50752bde013aed5be9c09497e5eca9d47dd93d048c8247022107d28842fea06e&o="
"1777052628-67","https://www.booking.com/searchresults.html?label=bristol-XLwodozx2dVe8Ts0XeYuawS752260715469%3Apl%3Ata%3Ap1%3Ap2%3Aac%3Aap%3Aneg%3Afi%3Atikwd-869815001187%3Alp1009919%3Ali%3Adec%3Adm%3Appccp%3DUmFuZG9tSVYkc2RlIyh9YXdX6HrtnYy-Ml68sH-ljtU&aid=311984&dest_id=198&dest_type=country&group_adults=2&req_adults=2&no_rooms=1&broad_search_not_eligible=1&order=score&nflt=ht_id%3D204%3Bht_id%3D213%3Bht_id%3D201%3Bht_id%3D216%3Btop_destinations%3D6006%3Bpopular_nearby_landmarks%3D900053669%3Bpopular_nearby_landmarks%3D900059236%3Bpopular_nearby_landmarks%3D900059439%3Bpopular_nearby_landmarks%3D900059238","","Queens Lake Cabin","Nuwara Eliya","Scored 8.5","8.5","","Located in Nuwara Eliya, a 18-minute walk from Gregory Lake, Queens Lake Cabin provides accommodations with a garden, free private parking, a terrace and a restaurant.","· 324 reviews","Opens in new window","Show prices","Very Good","Show on map","https://cf.bstatic.com/xdata/images/hotel/square600/827004921.webp?k=9bb98c4298098d83ff79b1824e1b14fcb005751d4777d4bea081b43074df8747&o="
"1777052628-68","https://www.booking.com/searchresults.html?label=bristol-XLwodozx2dVe8Ts0XeYuawS752260715469%3Apl%3Ata%3Ap1%3Ap2%3Aac%3Aap%3Aneg%3Afi%3Atikwd-869815001187%3Alp1009919%3Ali%3Adec%3Adm%3Appccp%3DUmFuZG9tSVYkc2RlIyh9YXdX6HrtnYy-Ml68sH-ljtU&aid=311984&dest_id=198&dest_type=country&group_adults=2&req_adults=2&no_rooms=1&broad_search_not_eligible=1&order=score&nflt=ht_id%3D204%3Bht_id%3D213%3Bht_id%3D201%3Bht_id%3D216%3Btop_destinations%3D6006%3Bpopular_nearby_landmarks%3D900053669%3Bpopular_nearby_landmarks%3D900059236%3Bpopular_nearby_landmarks%3D900059439%3Bpopular_nearby_landmarks%3D900059238","","Wathsala Inn","Centre Area, Nallathanniya","Scored 8.5","8.5","Value for money 9.0","Wathsala Inn in Nallathanniya provides accommodations with a garden, a terrace, and a bar. This property offers access to a balcony, free private parking, and free Wifi.","· 180 reviews","Opens in new window","Show prices","Very Good","Show on map","https://cf.bstatic.com/xdata/images/hotel/square600/350671881.webp?k=5a021c4d8ef305e4a140a4d2c861c5f7a6149bcd5add4c89a4219b49c51690d6&o="
"1777052628-69","https://www.booking.com/searchresults.html?label=bristol-XLwodozx2dVe8Ts0XeYuawS752260715469%3Apl%3Ata%3Ap1%3Ap2%3Aac%3Aap%3Aneg%3Afi%3Atikwd-869815001187%3Alp1009919%3Ali%3Adec%3Adm%3Appccp%3DUmFuZG9tSVYkc2RlIyh9YXdX6HrtnYy-Ml68sH-ljtU&aid=311984&dest_id=198&dest_type=country&group_adults=2&req_adults=2&no_rooms=1&broad_search_not_eligible=1&order=score&nflt=ht_id%3D204%3Bht_id%3D213%3Bht_id%3D201%3Bht_id%3D216%3Btop_destinations%3D6006%3Bpopular_nearby_landmarks%3D900053669%3Bpopular_nearby_landmarks%3D900059236%3Bpopular_nearby_landmarks%3D900059439%3Bpopular_nearby_landmarks%3D900059238","","Terrabella - Nuwara Eliya","Lake Gregory, Nuwara Eliya (Lake Gregory)","Scored 8.5","8.5","Value for money 8.8","Located in the Lake Gregory district of Nuwara Eliya, Terrabella - Nuwara Eliya is a 16-minute walk from Gregory Lake and 4.8 miles from Hakgala Botanical Garden.","· 238 reviews","Opens in new window","Show prices","Very Good","Show on map","https://cf.bstatic.com/xdata/images/hotel/square600/464371679.webp?k=a6902d0b91d7281db141d2c6f669e2cc6cd95c42ada82f2b3aaab7dfb07efe55&o="
"1777052628-70","https://www.booking.com/searchresults.html?label=bristol-XLwodozx2dVe8Ts0XeYuawS752260715469%3Apl%3Ata%3Ap1%3Ap2%3Aac%3Aap%3Aneg%3Afi%3Atikwd-869815001187%3Alp1009919%3Ali%3Adec%3Adm%3Appccp%3DUmFuZG9tSVYkc2RlIyh9YXdX6HrtnYy-Ml68sH-ljtU&aid=311984&dest_id=198&dest_type=country&group_adults=2&req_adults=2&no_rooms=1&broad_search_not_eligible=1&order=score&nflt=ht_id%3D204%3Bht_id%3D213%3Bht_id%3D201%3Bht_id%3D216%3Btop_destinations%3D6006%3Bpopular_nearby_landmarks%3D900053669%3Bpopular_nearby_landmarks%3D900059236%3Bpopular_nearby_landmarks%3D900059439%3Bpopular_nearby_landmarks%3D900059238","","Windsor Residence","Nuwara Eliya City Centre, Nuwara Eliya","Scored 8.5","8.5","Value for money 8.7","The recently renovated Windsor Residence provides accommodations with garden and shared lounge in the heart of Nuwara Eliya.","· 115 reviews","Opens in new window","Show prices","Very Good","Show on map","https://cf.bstatic.com/xdata/images/hotel/square600/553095877.webp?k=5571aa96b7da1c9da0c160471c44d3fa95fd84d88b8fb9dae28b5cdeefefbb7a&o="
"1777052628-71","https://www.booking.com/searchresults.html?label=bristol-XLwodozx2dVe8Ts0XeYuawS752260715469%3Apl%3Ata%3Ap1%3Ap2%3Aac%3Aap%3Aneg%3Afi%3Atikwd-869815001187%3Alp1009919%3Ali%3Adec%3Adm%3Appccp%3DUmFuZG9tSVYkc2RlIyh9YXdX6HrtnYy-Ml68sH-ljtU&aid=311984&dest_id=198&dest_type=country&group_adults=2&req_adults=2&no_rooms=1&broad_search_not_eligible=1&order=score&nflt=ht_id%3D204%3Bht_id%3D213%3Bht_id%3D201%3Bht_id%3D216%3Btop_destinations%3D6006%3Bpopular_nearby_landmarks%3D900053669%3Bpopular_nearby_landmarks%3D900059236%3Bpopular_nearby_landmarks%3D900059439%3Bpopular_nearby_landmarks%3D900059238","","Divine Luxury Apartments","Lake Gregory, Nuwara Eliya (Lake Gregory)","Scored 8.5","8.5","Value for money 8.9","Divine Luxury Apartments offers accommodations in Nuwara Eliya, a 19-minute walk from Gregory Lake and 3.7 miles from Hakgala Botanical Garden.","· 7 reviews","Opens in new window","Show prices","Very Good","Show on map","https://cf.bstatic.com/xdata/images/hotel/square600/745145272.webp?k=4767bf7f47efab422e9e5e0e0ae94f7d9c37c9eb1bee6eb217f87676e16883dc&o="
"1777052628-72","https://www.booking.com/searchresults.html?label=bristol-XLwodozx2dVe8Ts0XeYuawS752260715469%3Apl%3Ata%3Ap1%3Ap2%3Aac%3Aap%3Aneg%3Afi%3Atikwd-869815001187%3Alp1009919%3Ali%3Adec%3Adm%3Appccp%3DUmFuZG9tSVYkc2RlIyh9YXdX6HrtnYy-Ml68sH-ljtU&aid=311984&dest_id=198&dest_type=country&group_adults=2&req_adults=2&no_rooms=1&broad_search_not_eligible=1&order=score&nflt=ht_id%3D204%3Bht_id%3D213%3Bht_id%3D201%3Bht_id%3D216%3Btop_destinations%3D6006%3Bpopular_nearby_landmarks%3D900053669%3Bpopular_nearby_landmarks%3D900059236%3Bpopular_nearby_landmarks%3D900059439%3Bpopular_nearby_landmarks%3D900059238","","Manel Villa.","Nuwara Eliya City Centre, Nuwara Eliya","Scored 8.5","8.5","Value for money 9.3","Manel Villa. Offers accommodations in Nuwara Eliya, 6.5 miles from Hakgala Botanical Garden. Guests can benefit from a balcony and a sun terrace.","· 71 reviews","Opens in new window","Show prices","Very Good","Show on map","https://cf.bstatic.com/xdata/images/hotel/square600/788335020.webp?k=f671a3c9f4b1a2556e85ee9d6b1741d0244bb2fb5ab09f5dcbccab959ecdc412&o="
"1777052628-73","https://www.booking.com/searchresults.html?label=bristol-XLwodozx2dVe8Ts0XeYuawS752260715469%3Apl%3Ata%3Ap1%3Ap2%3Aac%3Aap%3Aneg%3Afi%3Atikwd-869815001187%3Alp1009919%3Ali%3Adec%3Adm%3Appccp%3DUmFuZG9tSVYkc2RlIyh9YXdX6HrtnYy-Ml68sH-ljtU&aid=311984&dest_id=198&dest_type=country&group_adults=2&req_adults=2&no_rooms=1&broad_search_not_eligible=1&order=score&nflt=ht_id%3D204%3Bht_id%3D213%3Bht_id%3D201%3Bht_id%3D216%3Btop_destinations%3D6006%3Bpopular_nearby_landmarks%3D900053669%3Bpopular_nearby_landmarks%3D900059236%3Bpopular_nearby_landmarks%3D900059439%3Bpopular_nearby_landmarks%3D900059238","","Nuwara Eliya Hills Rest","Nuwara Eliya City Centre, Nuwara Eliya","Scored 8.5","8.5","Value for money 8.7","1.7 miles from Gregory Lake in the center of Nuwara Eliya, Nuwara Eliya Hills Rest provides accommodations with access to a garden.","· 624 reviews","Opens in new window","Show prices","Very Good","Show on map","https://cf.bstatic.com/xdata/images/hotel/square600/113534174.webp?k=2dff721d3cdb6845c5feb73e2320c82dce5d77411bbe5335b49d19fe79e2ec06&o="
"1777052628-74","https://www.booking.com/searchresults.html?label=bristol-XLwodozx2dVe8Ts0XeYuawS752260715469%3Apl%3Ata%3Ap1%3Ap2%3Aac%3Aap%3Aneg%3Afi%3Atikwd-869815001187%3Alp1009919%3Ali%3Adec%3Adm%3Appccp%3DUmFuZG9tSVYkc2RlIyh9YXdX6HrtnYy-Ml68sH-ljtU&aid=311984&dest_id=198&dest_type=country&group_adults=2&req_adults=2&no_rooms=1&broad_search_not_eligible=1&order=score&nflt=ht_id%3D204%3Bht_id%3D213%3Bht_id%3D201%3Bht_id%3D216%3Btop_destinations%3D6006%3Bpopular_nearby_landmarks%3D900053669%3Bpopular_nearby_landmarks%3D900059236%3Bpopular_nearby_landmarks%3D900059439%3Bpopular_nearby_landmarks%3D900059238","","Breeze Holiday Casa","Nuwara Eliya","Scored 8.5","8.5","Value for money 8.9","Breeze Holiday Casa offers accommodations in Nuwara Eliya, 2 miles from Gregory Lake and 6.3 miles from Hakgala Botanical Garden.","· 99 reviews","Opens in new window","Show prices","Very Good","Show on map","https://cf.bstatic.com/xdata/images/hotel/square600/421857856.webp?k=f782ecd01ee198551b55e2cf4a4d7fb79ea81469ae589f1e05a167a44c12607c&o="
"1777052628-75","https://www.booking.com/searchresults.html?label=bristol-XLwodozx2dVe8Ts0XeYuawS752260715469%3Apl%3Ata%3Ap1%3Ap2%3Aac%3Aap%3Aneg%3Afi%3Atikwd-869815001187%3Alp1009919%3Ali%3Adec%3Adm%3Appccp%3DUmFuZG9tSVYkc2RlIyh9YXdX6HrtnYy-Ml68sH-ljtU&aid=311984&dest_id=198&dest_type=country&group_adults=2&req_adults=2&no_rooms=1&broad_search_not_eligible=1&order=score&nflt=ht_id%3D204%3Bht_id%3D213%3Bht_id%3D201%3Bht_id%3D216%3Btop_destinations%3D6006%3Bpopular_nearby_landmarks%3D900053669%3Bpopular_nearby_landmarks%3D900059236%3Bpopular_nearby_landmarks%3D900059439%3Bpopular_nearby_landmarks%3D900059238","","Spencer Holiday Apartments/Seagull complex","Nuwara Eliya","Scored 8.5","8.5","Value for money 9.0","Spencer Holiday Apartments/Seagull complex offers accommodations in Nuwara Eliya, 2.1 miles from Gregory Lake and 6.3 miles from Hakgala Botanical Garden. The apartment has access to a restaurant.","· 18 reviews","Opens in new window","Show prices","Very Good","Show on map","https://cf.bstatic.com/xdata/images/hotel/square600/131990345.webp?k=b6e2f81e2ef318c901c8cf93dce5200fb7bb47f244399a0f7e270c2f112940c9&o="
"1777052628-76","https://www.booking.com/searchresults.html?label=bristol-XLwodozx2dVe8Ts0XeYuawS752260715469%3Apl%3Ata%3Ap1%3Ap2%3Aac%3Aap%3Aneg%3Afi%3Atikwd-869815001187%3Alp1009919%3Ali%3Adec%3Adm%3Appccp%3DUmFuZG9tSVYkc2RlIyh9YXdX6HrtnYy-Ml68sH-ljtU&aid=311984&dest_id=198&dest_type=country&group_adults=2&req_adults=2&no_rooms=1&broad_search_not_eligible=1&order=score&nflt=ht_id%3D204%3Bht_id%3D213%3Bht_id%3D201%3Bht_id%3D216%3Btop_destinations%3D6006%3Bpopular_nearby_landmarks%3D900053669%3Bpopular_nearby_landmarks%3D900059236%3Bpopular_nearby_landmarks%3D900059439%3Bpopular_nearby_landmarks%3D900059238","","Breeze Holiday Apartment","Nuwara Eliya","Scored 8.5","8.5","Value for money 8.9","Breeze Holiday Apartment is located in Nuwara Eliya, just 2 miles from Gregory Lake and 6.3 miles from Hakgala Botanical Garden. This apartment provides a garden.","· 43 reviews","Opens in new window","Show prices","Very Good","Show on map","https://cf.bstatic.com/xdata/images/hotel/square600/650651363.webp?k=ef8dbeecefa29d41e98e4b80a311ca930695593178684d4640bb512d0a3a6517&o="
"1777052628-77","https://www.booking.com/searchresults.html?label=bristol-XLwodozx2dVe8Ts0XeYuawS752260715469%3Apl%3Ata%3Ap1%3Ap2%3Aac%3Aap%3Aneg%3Afi%3Atikwd-869815001187%3Alp1009919%3Ali%3Adec%3Adm%3Appccp%3DUmFuZG9tSVYkc2RlIyh9YXdX6HrtnYy-Ml68sH-ljtU&aid=311984&dest_id=198&dest_type=country&group_adults=2&req_adults=2&no_rooms=1&broad_search_not_eligible=1&order=score&nflt=ht_id%3D204%3Bht_id%3D213%3Bht_id%3D201%3Bht_id%3D216%3Btop_destinations%3D6006%3Bpopular_nearby_landmarks%3D900053669%3Bpopular_nearby_landmarks%3D900059236%3Bpopular_nearby_landmarks%3D900059439%3Bpopular_nearby_landmarks%3D900059238","","Highland Stonehouse Luxury Boutique Hotel","Nuwara Eliya","Scored 8.4","8.4","","The Highland Stonehouse Luxury Boutique Hotel offers accommodations in Nuwara Eliya. Guests can enjoy the on-site restaurant.","· 149 reviews","Opens in new window","Show prices","Very Good","Show on map","https://cf.bstatic.com/xdata/images/hotel/square600/664646028.webp?k=c93ed91c7fed661cd53867734ef5a96bc659646799d114a42276e8deb451789d&o="
"1777052628-78","https://www.booking.com/searchresults.html?label=bristol-XLwodozx2dVe8Ts0XeYuawS752260715469%3Apl%3Ata%3Ap1%3Ap2%3Aac%3Aap%3Aneg%3Afi%3Atikwd-869815001187%3Alp1009919%3Ali%3Adec%3Adm%3Appccp%3DUmFuZG9tSVYkc2RlIyh9YXdX6HrtnYy-Ml68sH-ljtU&aid=311984&dest_id=198&dest_type=country&group_adults=2&req_adults=2&no_rooms=1&broad_search_not_eligible=1&order=score&nflt=ht_id%3D204%3Bht_id%3D213%3Bht_id%3D201%3Bht_id%3D216%3Btop_destinations%3D6006%3Bpopular_nearby_landmarks%3D900053669%3Bpopular_nearby_landmarks%3D900059236%3Bpopular_nearby_landmarks%3D900059439%3Bpopular_nearby_landmarks%3D900059238","","Araliya Green City - Your Gateway to Everything in Nuwara Eliya","Nuwara Eliya City Centre, Nuwara Eliya","Scored 8.4","8.4","","Featuring a fitness center, a garden as well as a bar, Araliya Green City - Your Gateway to Everything in Nuwara Eliya is located in the center of Nuwara Eliya, 1.5 miles from Gregory Lake.","· 269 reviews","Opens in new window","Show prices","Very Good","Show on map","https://cf.bstatic.com/xdata/images/hotel/square600/655760949.webp?k=4085c142a9486f0ed07f965b07c8efe91a1a3c8c27e5904a2d231d2e96bb4279&o="
"1777052628-79","https://www.booking.com/searchresults.html?label=bristol-XLwodozx2dVe8Ts0XeYuawS752260715469%3Apl%3Ata%3Ap1%3Ap2%3Aac%3Aap%3Aneg%3Afi%3Atikwd-869815001187%3Alp1009919%3Ali%3Adec%3Adm%3Appccp%3DUmFuZG9tSVYkc2RlIyh9YXdX6HrtnYy-Ml68sH-ljtU&aid=311984&dest_id=198&dest_type=country&group_adults=2&req_adults=2&no_rooms=1&broad_search_not_eligible=1&order=score&nflt=ht_id%3D204%3Bht_id%3D213%3Bht_id%3D201%3Bht_id%3D216%3Btop_destinations%3D6006%3Bpopular_nearby_landmarks%3D900053669%3Bpopular_nearby_landmarks%3D900059236%3Bpopular_nearby_landmarks%3D900059439%3Bpopular_nearby_landmarks%3D900059238","","London Eye Hotel Nuwaraeliya","Lake Gregory, Nuwara Eliya (Lake Gregory)","Scored 8.4","8.4","","Located in Nuwara Eliya, a 18-minute walk from Gregory Lake, London Eye Hotel Nuwaraeliya has accommodations with a terrace, free private parking and a restaurant.","· 42 reviews","Opens in new window","Show prices","Very Good","Show on map","https://cf.bstatic.com/xdata/images/hotel/square600/755763384.webp?k=39f95b7599a689172d1363dd66185873bc79aa742768572983317a475ff24b84&o="
"1777052628-80","https://www.booking.com/searchresults.html?label=bristol-XLwodozx2dVe8Ts0XeYuawS752260715469%3Apl%3Ata%3Ap1%3Ap2%3Aac%3Aap%3Aneg%3Afi%3Atikwd-869815001187%3Alp1009919%3Ali%3Adec%3Adm%3Appccp%3DUmFuZG9tSVYkc2RlIyh9YXdX6HrtnYy-Ml68sH-ljtU&aid=311984&dest_id=198&dest_type=country&group_adults=2&req_adults=2&no_rooms=1&broad_search_not_eligible=1&order=score&nflt=ht_id%3D204%3Bht_id%3D213%3Bht_id%3D201%3Bht_id%3D216%3Btop_destinations%3D6006%3Bpopular_nearby_landmarks%3D900053669%3Bpopular_nearby_landmarks%3D900059236%3Bpopular_nearby_landmarks%3D900059439%3Bpopular_nearby_landmarks%3D900059238","","Mountain Villa Adam's Peak","Centre Area, Nallathanniya","Scored 8.4","8.4","Value for money 9.1","Located in Nallathanniya, a 2-minute walk from Adam's Peak, Mountain Villa Adam's Peak has accommodations with a garden, free private parking, a shared lounge and a terrace.","· 292 reviews","Opens in new window","Show prices","Very Good","Show on map","https://cf.bstatic.com/xdata/images/hotel/square600/335059367.webp?k=c00329acf777d59d0e00be777fa63fc9d395bde3e98c73baa52a88b89441db6f&o="
"1777052628-81","https://www.booking.com/searchresults.html?label=bristol-XLwodozx2dVe8Ts0XeYuawS752260715469%3Apl%3Ata%3Ap1%3Ap2%3Aac%3Aap%3Aneg%3Afi%3Atikwd-869815001187%3Alp1009919%3Ali%3Adec%3Adm%3Appccp%3DUmFuZG9tSVYkc2RlIyh9YXdX6HrtnYy-Ml68sH-ljtU&aid=311984&dest_id=198&dest_type=country&group_adults=2&req_adults=2&no_rooms=1&broad_search_not_eligible=1&order=score&nflt=ht_id%3D204%3Bht_id%3D213%3Bht_id%3D201%3Bht_id%3D216%3Btop_destinations%3D6006%3Bpopular_nearby_landmarks%3D900053669%3Bpopular_nearby_landmarks%3D900059236%3Bpopular_nearby_landmarks%3D900059439%3Bpopular_nearby_landmarks%3D900059238","","The Trevene Hotel","Nuwara Eliya City Centre, Nuwara Eliya","Scored 8.4","8.4","","Housed in a 150 year old colonial bungalow, The Trevene Hotel features homely rooms with cable TV channels and garden views. It offers barbecue facilities and free Wi-Fi in the lobby.","· 311 reviews","Opens in new window","Show prices","Very Good","Show on map","https://cf.bstatic.com/xdata/images/hotel/square600/491179799.webp?k=d998f0e68e5e3ee2d186132ea2ee9d6ae011398dcea6281c3613dd71bce7e1f1&o="
"1777052628-82","https://www.booking.com/searchresults.html?label=bristol-XLwodozx2dVe8Ts0XeYuawS752260715469%3Apl%3Ata%3Ap1%3Ap2%3Aac%3Aap%3Aneg%3Afi%3Atikwd-869815001187%3Alp1009919%3Ali%3Adec%3Adm%3Appccp%3DUmFuZG9tSVYkc2RlIyh9YXdX6HrtnYy-Ml68sH-ljtU&aid=311984&dest_id=198&dest_type=country&group_adults=2&req_adults=2&no_rooms=1&broad_search_not_eligible=1&order=score&nflt=ht_id%3D204%3Bht_id%3D213%3Bht_id%3D201%3Bht_id%3D216%3Btop_destinations%3D6006%3Bpopular_nearby_landmarks%3D900053669%3Bpopular_nearby_landmarks%3D900059236%3Bpopular_nearby_landmarks%3D900059439%3Bpopular_nearby_landmarks%3D900059238","","The Rock Hotel","Nuwara Eliya","Scored 8.4","8.4","Value for money 8.6","Located 1.5 miles from Gregory Lake, The Rock Hotel offers 3-star accommodations in Nuwara Eliya and has a garden, a shared lounge and a restaurant.","· 16 reviews","Opens in new window","Show prices","Very Good","Show on map","https://cf.bstatic.com/xdata/images/hotel/square600/597806638.webp?k=3cc6213f6df78b60702f1751405bbd90242534e808f0c4bc9c2b3ec45cc27746&o="
"1777052628-83","https://www.booking.com/searchresults.html?label=bristol-XLwodozx2dVe8Ts0XeYuawS752260715469%3Apl%3Ata%3Ap1%3Ap2%3Aac%3Aap%3Aneg%3Afi%3Atikwd-869815001187%3Alp1009919%3Ali%3Adec%3Adm%3Appccp%3DUmFuZG9tSVYkc2RlIyh9YXdX6HrtnYy-Ml68sH-ljtU&aid=311984&dest_id=198&dest_type=country&group_adults=2&req_adults=2&no_rooms=1&broad_search_not_eligible=1&order=score&nflt=ht_id%3D204%3Bht_id%3D213%3Bht_id%3D201%3Bht_id%3D216%3Btop_destinations%3D6006%3Bpopular_nearby_landmarks%3D900053669%3Bpopular_nearby_landmarks%3D900059236%3Bpopular_nearby_landmarks%3D900059439%3Bpopular_nearby_landmarks%3D900059238","","Adams Peak Inn","Centre Area, Nallathanniya","Scored 8.4","8.4","Location 9.4","A 5-minute walk from Adam's Peak in the center of Nallathanniya, Adams Peak Inn provides accommodations with access to a sauna. This guest house features free private parking and a 24-hour front desk....","· 22 reviews","Opens in new window","Show prices","Very Good","Show on map","https://cf.bstatic.com/xdata/images/hotel/square600/718302339.webp?k=01284f8dc409f963866a0a2536c4dd78b2d113f646ece318aa71da1cd7758810&o="
"1777052628-84","https://www.booking.com/searchresults.html?label=bristol-XLwodozx2dVe8Ts0XeYuawS752260715469%3Apl%3Ata%3Ap1%3Ap2%3Aac%3Aap%3Aneg%3Afi%3Atikwd-869815001187%3Alp1009919%3Ali%3Adec%3Adm%3Appccp%3DUmFuZG9tSVYkc2RlIyh9YXdX6HrtnYy-Ml68sH-ljtU&aid=311984&dest_id=198&dest_type=country&group_adults=2&req_adults=2&no_rooms=1&broad_search_not_eligible=1&order=score&nflt=ht_id%3D204%3Bht_id%3D213%3Bht_id%3D201%3Bht_id%3D216%3Btop_destinations%3D6006%3Bpopular_nearby_landmarks%3D900053669%3Bpopular_nearby_landmarks%3D900059236%3Bpopular_nearby_landmarks%3D900059439%3Bpopular_nearby_landmarks%3D900059238","","Rose Palace","Lake Gregory, Nuwara Eliya (Lake Gregory)","Scored 8.4","8.4","Value for money 8.9","Located in Nuwara Eliya, a 17-minute walk from Gregory Lake, Rose Palace provides accommodations with a garden, free private parking and a terrace.","· 283 reviews","Opens in new window","Show prices","Very Good","Show on map","https://cf.bstatic.com/xdata/images/hotel/square600/574665377.webp?k=9958e0f7bff728d38b67b9b9203da0e63882a04036a7c3c173b385e6d847d5c4&o="
"1777052628-85","https://www.booking.com/searchresults.html?label=bristol-XLwodozx2dVe8Ts0XeYuawS752260715469%3Apl%3Ata%3Ap1%3Ap2%3Aac%3Aap%3Aneg%3Afi%3Atikwd-869815001187%3Alp1009919%3Ali%3Adec%3Adm%3Appccp%3DUmFuZG9tSVYkc2RlIyh9YXdX6HrtnYy-Ml68sH-ljtU&aid=311984&dest_id=198&dest_type=country&group_adults=2&req_adults=2&no_rooms=1&broad_search_not_eligible=1&order=score&nflt=ht_id%3D204%3Bht_id%3D213%3Bht_id%3D201%3Bht_id%3D216%3Btop_destinations%3D6006%3Bpopular_nearby_landmarks%3D900053669%3Bpopular_nearby_landmarks%3D900059236%3Bpopular_nearby_landmarks%3D900059439%3Bpopular_nearby_landmarks%3D900059238","","The Lake Frost","Lake Gregory, Nuwara Eliya (Lake Gregory)","Scored 8.4","8.4","","Located in Nuwara Eliya, a 7-minute walk from Gregory Lake, The Lake Frost has accommodations with a garden, free private parking and a terrace.","· 82 reviews","Opens in new window","Show prices","Very Good","Show on map","https://cf.bstatic.com/xdata/images/hotel/square600/662256720.webp?k=de446f66cc5ab48bc9d4dd77a07d2cc50bd0e9fb7acd8661e630130a17644382&o="
"1777052628-86","https://www.booking.com/searchresults.html?label=bristol-XLwodozx2dVe8Ts0XeYuawS752260715469%3Apl%3Ata%3Ap1%3Ap2%3Aac%3Aap%3Aneg%3Afi%3Atikwd-869815001187%3Alp1009919%3Ali%3Adec%3Adm%3Appccp%3DUmFuZG9tSVYkc2RlIyh9YXdX6HrtnYy-Ml68sH-ljtU&aid=311984&dest_id=198&dest_type=country&group_adults=2&req_adults=2&no_rooms=1&broad_search_not_eligible=1&order=score&nflt=ht_id%3D204%3Bht_id%3D213%3Bht_id%3D201%3Bht_id%3D216%3Btop_destinations%3D6006%3Bpopular_nearby_landmarks%3D900053669%3Bpopular_nearby_landmarks%3D900059236%3Bpopular_nearby_landmarks%3D900059439%3Bpopular_nearby_landmarks%3D900059238","","Jetwing Broomfield Bungalow","Lake Gregory, Nuwara Eliya (Lake Gregory)","Scored 8.4","8.4","","Located in Nuwara Eliya, 1.6 miles from Gregory Lake, Jetwing Broomfield Bungalow provides accommodations with a garden, free private parking and a bar. This 5-star hotel offers room service.","· 14 reviews","Opens in new window","Show prices","Very Good","Show on map","https://cf.bstatic.com/xdata/images/hotel/square600/365141945.webp?k=92f2eee4cd0f1fd3fbf0bd74ceb35af1172c41eb72c207bfcf6746b1491cb63e&o="
"1777052628-87","https://www.booking.com/searchresults.html?label=bristol-XLwodozx2dVe8Ts0XeYuawS752260715469%3Apl%3Ata%3Ap1%3Ap2%3Aac%3Aap%3Aneg%3Afi%3Atikwd-869815001187%3Alp1009919%3Ali%3Adec%3Adm%3Appccp%3DUmFuZG9tSVYkc2RlIyh9YXdX6HrtnYy-Ml68sH-ljtU&aid=311984&dest_id=198&dest_type=country&group_adults=2&req_adults=2&no_rooms=1&broad_search_not_eligible=1&order=score&nflt=ht_id%3D204%3Bht_id%3D213%3Bht_id%3D201%3Bht_id%3D216%3Btop_destinations%3D6006%3Bpopular_nearby_landmarks%3D900053669%3Bpopular_nearby_landmarks%3D900059236%3Bpopular_nearby_landmarks%3D900059439%3Bpopular_nearby_landmarks%3D900059238","","The Ramp","Nuwara Eliya City Centre, Nuwara Eliya","Scored 8.3","8.3","","Located in Nuwara Eliya, 1.5 miles from Gregory Lake, The Ramp provides accommodations with a garden, free private parking, a shared lounge and a terrace.","· 1,531 reviews","Opens in new window","Show prices","Very Good","Show on map","https://cf.bstatic.com/xdata/images/hotel/square600/847899496.webp?k=70dcc8a4b51c73efba3b1fca1a3d07873a9899cc11759848039aa159e4974639&o="
"1777052628-88","https://www.booking.com/searchresults.html?label=bristol-XLwodozx2dVe8Ts0XeYuawS752260715469%3Apl%3Ata%3Ap1%3Ap2%3Aac%3Aap%3Aneg%3Afi%3Atikwd-869815001187%3Alp1009919%3Ali%3Adec%3Adm%3Appccp%3DUmFuZG9tSVYkc2RlIyh9YXdX6HrtnYy-Ml68sH-ljtU&aid=311984&dest_id=198&dest_type=country&group_adults=2&req_adults=2&no_rooms=1&broad_search_not_eligible=1&order=score&nflt=ht_id%3D204%3Bht_id%3D213%3Bht_id%3D201%3Bht_id%3D216%3Btop_destinations%3D6006%3Bpopular_nearby_landmarks%3D900053669%3Bpopular_nearby_landmarks%3D900059236%3Bpopular_nearby_landmarks%3D900059439%3Bpopular_nearby_landmarks%3D900059238","","Adams peak Grand","Centre Area, Nallathanniya","Scored 8.3","8.3","Location 9.3","Located in Nallathanniya, a 2-minute walk from Adam's Peak, Adams peak Grand has accommodations with an outdoor swimming pool, free private parking, a garden and a shared lounge.","· 240 reviews","Opens in new window","Show prices","Very Good","Show on map","https://cf.bstatic.com/xdata/images/hotel/square600/587252012.webp?k=dff91d817b82086b814e4ccafd0abc88a442b3fa5892b2edda550c2820e1baf4&o="
"1777052628-89","https://www.booking.com/searchresults.html?label=bristol-XLwodozx2dVe8Ts0XeYuawS752260715469%3Apl%3Ata%3Ap1%3Ap2%3Aac%3Aap%3Aneg%3Afi%3Atikwd-869815001187%3Alp1009919%3Ali%3Adec%3Adm%3Appccp%3DUmFuZG9tSVYkc2RlIyh9YXdX6HrtnYy-Ml68sH-ljtU&aid=311984&dest_id=198&dest_type=country&group_adults=2&req_adults=2&no_rooms=1&broad_search_not_eligible=1&order=score&nflt=ht_id%3D204%3Bht_id%3D213%3Bht_id%3D201%3Bht_id%3D216%3Btop_destinations%3D6006%3Bpopular_nearby_landmarks%3D900053669%3Bpopular_nearby_landmarks%3D900059236%3Bpopular_nearby_landmarks%3D900059439%3Bpopular_nearby_landmarks%3D900059238","","The Planter's Legacy By Fairway","Lake Gregory, Nuwara Eliya (Lake Gregory)","Scored 8.3","8.3","","Providing a garden, The Planter's Legacy By Fairway offers accommodations in Nuwara Eliya. This villa provides free private parking, a 24-hour front desk, and free Wifi.","· 85 reviews","Opens in new window","Show prices","Very Good","Show on map","https://cf.bstatic.com/xdata/images/hotel/square600/81210250.webp?k=19d1e1f619dbe6771ff071cc516e252299c0198676d06eb9fd3e2044bc325dcc&o="
"1777052628-90","https://www.booking.com/searchresults.html?label=bristol-XLwodozx2dVe8Ts0XeYuawS752260715469%3Apl%3Ata%3Ap1%3Ap2%3Aac%3Aap%3Aneg%3Afi%3Atikwd-869815001187%3Alp1009919%3Ali%3Adec%3Adm%3Appccp%3DUmFuZG9tSVYkc2RlIyh9YXdX6HrtnYy-Ml68sH-ljtU&aid=311984&dest_id=198&dest_type=country&group_adults=2&req_adults=2&no_rooms=1&broad_search_not_eligible=1&order=score&nflt=ht_id%3D204%3Bht_id%3D213%3Bht_id%3D201%3Bht_id%3D216%3Btop_destinations%3D6006%3Bpopular_nearby_landmarks%3D900053669%3Bpopular_nearby_landmarks%3D900059236%3Bpopular_nearby_landmarks%3D900059439%3Bpopular_nearby_landmarks%3D900059238","","Kadalla Cottage","Lake Gregory, Nuwara Eliya (Lake Gregory)","Scored 8.3","8.3","","Kadalla Cottage is a recently renovated guest house in Nuwara Eliya near Gregory Lake. This guest house provides free private parking, a shared kitchen, and free Wifi.","· 43 reviews","Opens in new window","Show prices","Very Good","Show on map","https://cf.bstatic.com/xdata/images/hotel/square600/442470420.webp?k=d5f98d78cee9f405925a81d9d5e385df4ce3a15bb78871442b173ee3a0ae06b4&o="
"1777052628-91","https://www.booking.com/searchresults.html?label=bristol-XLwodozx2dVe8Ts0XeYuawS752260715469%3Apl%3Ata%3Ap1%3Ap2%3Aac%3Aap%3Aneg%3Afi%3Atikwd-869815001187%3Alp1009919%3Ali%3Adec%3Adm%3Appccp%3DUmFuZG9tSVYkc2RlIyh9YXdX6HrtnYy-Ml68sH-ljtU&aid=311984&dest_id=198&dest_type=country&group_adults=2&req_adults=2&no_rooms=1&broad_search_not_eligible=1&order=score&nflt=ht_id%3D204%3Bht_id%3D213%3Bht_id%3D201%3Bht_id%3D216%3Btop_destinations%3D6006%3Bpopular_nearby_landmarks%3D900053669%3Bpopular_nearby_landmarks%3D900059236%3Bpopular_nearby_landmarks%3D900059439%3Bpopular_nearby_landmarks%3D900059238","","Mirage Kings Cottage","Nuwara Eliya","Scored 8.2","8.2","","Featuring free WiFi, a barbecue and a children's playground, Mirage Kings Cottage offers accommodations in Nuwara Eliya, 0.7 mi from Gregory Lake. Guests can enjoy the on-site restaurant.","· 121 reviews","Opens in new window","Show prices","Very Good","Show on map","https://cf.bstatic.com/xdata/images/hotel/square600/264557041.webp?k=0af40f1733424e4a02e38dfee497e8b827f3c5552e664200fded9ea85804167d&o="
"1777052628-92","https://www.booking.com/searchresults.html?label=bristol-XLwodozx2dVe8Ts0XeYuawS752260715469%3Apl%3Ata%3Ap1%3Ap2%3Aac%3Aap%3Aneg%3Afi%3Atikwd-869815001187%3Alp1009919%3Ali%3Adec%3Adm%3Appccp%3DUmFuZG9tSVYkc2RlIyh9YXdX6HrtnYy-Ml68sH-ljtU&aid=311984&dest_id=198&dest_type=country&group_adults=2&req_adults=2&no_rooms=1&broad_search_not_eligible=1&order=score&nflt=ht_id%3D204%3Bht_id%3D213%3Bht_id%3D201%3Bht_id%3D216%3Btop_destinations%3D6006%3Bpopular_nearby_landmarks%3D900053669%3Bpopular_nearby_landmarks%3D900059236%3Bpopular_nearby_landmarks%3D900059439%3Bpopular_nearby_landmarks%3D900059238","","Baron Luxury Boutique","Lake Gregory, Nuwara Eliya (Lake Gregory)","Scored 8.2","8.2","","Located in Nuwara Eliya, a 9-minute walk from Gregory Lake, Baron Luxury Boutique has accommodations with a garden, free private parking, a terrace and a restaurant.","· 141 reviews","Opens in new window","Show prices","Very Good","Show on map","https://cf.bstatic.com/xdata/images/hotel/square600/465911306.webp?k=5b1f7fe17720a7b29f7dd73f31232ac58a79b030cd45ae9f19c4b6e9b42eb8f1&o="
"1777052628-93","https://www.booking.com/searchresults.html?label=bristol-XLwodozx2dVe8Ts0XeYuawS752260715469%3Apl%3Ata%3Ap1%3Ap2%3Aac%3Aap%3Aneg%3Afi%3Atikwd-869815001187%3Alp1009919%3Ali%3Adec%3Adm%3Appccp%3DUmFuZG9tSVYkc2RlIyh9YXdX6HrtnYy-Ml68sH-ljtU&aid=311984&dest_id=198&dest_type=country&group_adults=2&req_adults=2&no_rooms=1&broad_search_not_eligible=1&order=score&nflt=ht_id%3D204%3Bht_id%3D213%3Bht_id%3D201%3Bht_id%3D216%3Btop_destinations%3D6006%3Bpopular_nearby_landmarks%3D900053669%3Bpopular_nearby_landmarks%3D900059236%3Bpopular_nearby_landmarks%3D900059439%3Bpopular_nearby_landmarks%3D900059238","","White House Riverside Retreat","Centre Area, Nallathanniya","Scored 8.2","8.2","Value for money 8.8","Featuring free WiFi and two restaurants, White House Guest house offers pet-friendly accommodations in Nallathanniya. Guests can enjoy the on-site restaurant.","· 232 reviews","Opens in new window","Show prices","Very Good","Show on map","https://cf.bstatic.com/xdata/images/hotel/square600/155589401.webp?k=efb654787f56348e0a4cf9bbc209237680bdb3eaca7e4d9711c49fef8cf5ad98&o="
"1777052628-94","https://www.booking.com/searchresults.html?label=bristol-XLwodozx2dVe8Ts0XeYuawS752260715469%3Apl%3Ata%3Ap1%3Ap2%3Aac%3Aap%3Aneg%3Afi%3Atikwd-869815001187%3Alp1009919%3Ali%3Adec%3Adm%3Appccp%3DUmFuZG9tSVYkc2RlIyh9YXdX6HrtnYy-Ml68sH-ljtU&aid=311984&dest_id=198&dest_type=country&group_adults=2&req_adults=2&no_rooms=1&broad_search_not_eligible=1&order=score&nflt=ht_id%3D204%3Bht_id%3D213%3Bht_id%3D201%3Bht_id%3D216%3Btop_destinations%3D6006%3Bpopular_nearby_landmarks%3D900053669%3Bpopular_nearby_landmarks%3D900059236%3Bpopular_nearby_landmarks%3D900059439%3Bpopular_nearby_landmarks%3D900059238","","Galaxy Grand Hotel","Lake Gregory, Nuwara Eliya (Lake Gregory)","Scored 8.2","8.2","Location 9.4","Located in Nuwara Eliya, within a 8-minute walk of Gregory Lake and 3.9 miles of Hakgala Botanical Garden, Galaxy Grand Hotel has accommodations with a terrace and free WiFi as well as free private...","· 70 reviews","Opens in new window","Show prices","Very Good","Show on map","https://cf.bstatic.com/xdata/images/hotel/square600/207279892.webp?k=f38def0c98e0b7369176c64701463f20f93a037d462f87320e8fa7d5eaa462f7&o="
"1777052628-95","https://www.booking.com/searchresults.html?label=bristol-XLwodozx2dVe8Ts0XeYuawS752260715469%3Apl%3Ata%3Ap1%3Ap2%3Aac%3Aap%3Aneg%3Afi%3Atikwd-869815001187%3Alp1009919%3Ali%3Adec%3Adm%3Appccp%3DUmFuZG9tSVYkc2RlIyh9YXdX6HrtnYy-Ml68sH-ljtU&aid=311984&dest_id=198&dest_type=country&group_adults=2&req_adults=2&no_rooms=1&broad_search_not_eligible=1&order=score&nflt=ht_id%3D204%3Bht_id%3D213%3Bht_id%3D201%3Bht_id%3D216%3Btop_destinations%3D6006%3Bpopular_nearby_landmarks%3D900053669%3Bpopular_nearby_landmarks%3D900059236%3Bpopular_nearby_landmarks%3D900059439%3Bpopular_nearby_landmarks%3D900059238","","88th Nuwara Eliya","Nuwara Eliya City Centre, Nuwara Eliya","Scored 8.2","8.2","","Attractively set in the center of Nuwara Eliya, 88th Nuwara Eliya has free WiFi throughout the property, a terrace and free private parking for guests who drive.","· 204 reviews","Opens in new window","Show prices","Very Good","Show on map","https://cf.bstatic.com/xdata/images/hotel/square600/780351347.webp?k=970c67a17bbc62dee36a120634821c8b629348e3e31b32d8757f5d8af9aa50b1&o="
"1777052628-96","https://www.booking.com/searchresults.html?label=bristol-XLwodozx2dVe8Ts0XeYuawS752260715469%3Apl%3Ata%3Ap1%3Ap2%3Aac%3Aap%3Aneg%3Afi%3Atikwd-869815001187%3Alp1009919%3Ali%3Adec%3Adm%3Appccp%3DUmFuZG9tSVYkc2RlIyh9YXdX6HrtnYy-Ml68sH-ljtU&aid=311984&dest_id=198&dest_type=country&group_adults=2&req_adults=2&no_rooms=1&broad_search_not_eligible=1&order=score&nflt=ht_id%3D204%3Bht_id%3D213%3Bht_id%3D201%3Bht_id%3D216%3Btop_destinations%3D6006%3Bpopular_nearby_landmarks%3D900053669%3Bpopular_nearby_landmarks%3D900059236%3Bpopular_nearby_landmarks%3D900059439%3Bpopular_nearby_landmarks%3D900059238","","Emirates Luxury Apartments (Glen Fall Residencies)","Nuwara Eliya City Centre, Nuwara Eliya","Scored 8.2","8.2","","Emirates Luxury Apartments (Glen Fall Residencies) provides accommodations in the center of Nuwara Eliya, 1.7 miles from Gregory Lake and 6 miles from Hakgala Botanical Garden.","· 23 reviews","Opens in new window","Show prices","Very Good","Show on map","https://cf.bstatic.com/xdata/images/hotel/square600/438118050.webp?k=21993c344d89b07ea5a3000077916ac71b3a361e7cea7404457139ba6e5a80b9&o="
"1777052628-97","https://www.booking.com/searchresults.html?label=bristol-XLwodozx2dVe8Ts0XeYuawS752260715469%3Apl%3Ata%3Ap1%3Ap2%3Aac%3Aap%3Aneg%3Afi%3Atikwd-869815001187%3Alp1009919%3Ali%3Adec%3Adm%3Appccp%3DUmFuZG9tSVYkc2RlIyh9YXdX6HrtnYy-Ml68sH-ljtU&aid=311984&dest_id=198&dest_type=country&group_adults=2&req_adults=2&no_rooms=1&broad_search_not_eligible=1&order=score&nflt=ht_id%3D204%3Bht_id%3D213%3Bht_id%3D201%3Bht_id%3D216%3Btop_destinations%3D6006%3Bpopular_nearby_landmarks%3D900053669%3Bpopular_nearby_landmarks%3D900059236%3Bpopular_nearby_landmarks%3D900059439%3Bpopular_nearby_landmarks%3D900059238","","Yara Nuwara Eliya","Nuwara Eliya City Centre, Nuwara Eliya","Scored 8.2","8.2","","Located conveniently in the center of Nuwara Eliya, Yara Nuwara Eliya has free WiFi throughout the property and free private parking for guests who drive.","· 457 reviews","Opens in new window","Show prices","Very Good","Show on map","https://cf.bstatic.com/xdata/images/hotel/square600/544768613.webp?k=42852c7a6ad4283b4476b7fee324f6f8bdb721b84c7a342849454285b883eba8&o="
"1777052628-98","https://www.booking.com/searchresults.html?label=bristol-XLwodozx2dVe8Ts0XeYuawS752260715469%3Apl%3Ata%3Ap1%3Ap2%3Aac%3Aap%3Aneg%3Afi%3Atikwd-869815001187%3Alp1009919%3Ali%3Adec%3Adm%3Appccp%3DUmFuZG9tSVYkc2RlIyh9YXdX6HrtnYy-Ml68sH-ljtU&aid=311984&dest_id=198&dest_type=country&group_adults=2&req_adults=2&no_rooms=1&broad_search_not_eligible=1&order=score&nflt=ht_id%3D204%3Bht_id%3D213%3Bht_id%3D201%3Bht_id%3D216%3Btop_destinations%3D6006%3Bpopular_nearby_landmarks%3D900053669%3Bpopular_nearby_landmarks%3D900059236%3Bpopular_nearby_landmarks%3D900059439%3Bpopular_nearby_landmarks%3D900059238","","The Teak by Lakbima","Nuwara Eliya City Centre, Nuwara Eliya","Scored 8.2","8.2","","The Teak by Lakbima offers accommodations in Nuwara Eliya, 5.9 miles from Hakgala Botanical Garden. This apartment offers free private parking, a 24-hour front desk, and free Wifi.","· 75 reviews","Opens in new window","Show prices","Very Good","Show on map","https://cf.bstatic.com/xdata/images/hotel/square600/433821103.webp?k=c1825a7c8b64619b62d9c7d6727f49b9c19d18adfa25eea16ed8c402cd23a9ec&o="
"1777052628-99","https://www.booking.com/searchresults.html?label=bristol-XLwodozx2dVe8Ts0XeYuawS752260715469%3Apl%3Ata%3Ap1%3Ap2%3Aac%3Aap%3Aneg%3Afi%3Atikwd-869815001187%3Alp1009919%3Ali%3Adec%3Adm%3Appccp%3DUmFuZG9tSVYkc2RlIyh9YXdX6HrtnYy-Ml68sH-ljtU&aid=311984&dest_id=198&dest_type=country&group_adults=2&req_adults=2&no_rooms=1&broad_search_not_eligible=1&order=score&nflt=ht_id%3D204%3Bht_id%3D213%3Bht_id%3D201%3Bht_id%3D216%3Btop_destinations%3D6006%3Bpopular_nearby_landmarks%3D900053669%3Bpopular_nearby_landmarks%3D900059236%3Bpopular_nearby_landmarks%3D900059439%3Bpopular_nearby_landmarks%3D900059238","","Cloud Nine Retreat","Lake Gregory, Nuwara Eliya (Lake Gregory)","Scored 8.2","8.2","Value for money 8.5","Located in Nuwara Eliya, a 12-minute walk from Gregory Lake, Cloud Nine Retreat provides accommodations with a garden, free private parking, a shared lounge and a terrace.","· 151 reviews","Opens in new window","Show prices","Very Good","Show on map","https://cf.bstatic.com/xdata/images/hotel/square600/842041905.webp?k=df0c1a095106fb56dd8ede682f69ba964d9ac17d42acf9549b71769c02f52cff&o="
"1777052628-100","https://www.booking.com/searchresults.html?label=bristol-XLwodozx2dVe8Ts0XeYuawS752260715469%3Apl%3Ata%3Ap1%3Ap2%3Aac%3Aap%3Aneg%3Afi%3Atikwd-869815001187%3Alp1009919%3Ali%3Adec%3Adm%3Appccp%3DUmFuZG9tSVYkc2RlIyh9YXdX6HrtnYy-Ml68sH-ljtU&aid=311984&dest_id=198&dest_type=country&group_adults=2&req_adults=2&no_rooms=1&broad_search_not_eligible=1&order=score&nflt=ht_id%3D204%3Bht_id%3D213%3Bht_id%3D201%3Bht_id%3D216%3Btop_destinations%3D6006%3Bpopular_nearby_landmarks%3D900053669%3Bpopular_nearby_landmarks%3D900059236%3Bpopular_nearby_landmarks%3D900059439%3Bpopular_nearby_landmarks%3D900059238","","Delphin Hotel","Nuwara Eliya","Scored 8.2","8.2","","Featuring 3-star accommodations, Delphin Hotel is located in Nuwara Eliya, 1.6 miles from Gregory Lake and 5.8 miles from Hakgala Botanical Garden.","· 225 reviews","Opens in new window","Show prices","Very Good","Show on map","https://cf.bstatic.com/xdata/images/hotel/square600/242527558.webp?k=f17a0a2b0fd1458bdf14f0af758cb0ccc573771c6477cf8201bb4bbe064194de&o="
"1777052628-101","https://www.booking.com/searchresults.html?label=bristol-XLwodozx2dVe8Ts0XeYuawS752260715469%3Apl%3Ata%3Ap1%3Ap2%3Aac%3Aap%3Aneg%3Afi%3Atikwd-869815001187%3Alp1009919%3Ali%3Adec%3Adm%3Appccp%3DUmFuZG9tSVYkc2RlIyh9YXdX6HrtnYy-Ml68sH-ljtU&aid=311984&dest_id=198&dest_type=country&group_adults=2&req_adults=2&no_rooms=1&broad_search_not_eligible=1&order=score&nflt=ht_id%3D204%3Bht_id%3D213%3Bht_id%3D201%3Bht_id%3D216%3Btop_destinations%3D6006%3Bpopular_nearby_landmarks%3D900053669%3Bpopular_nearby_landmarks%3D900059236%3Bpopular_nearby_landmarks%3D900059439%3Bpopular_nearby_landmarks%3D900059238","","Panoramic Holiday Apartment / Seagull Complex | Nuwara Eliya","Nuwara Eliya","Scored 8.2","8.2","","Panoramic Holiday Apartment / Seagull Complex | Nuwara Eliya offers accommodations in Nuwara Eliya, 2.1 miles from Gregory Lake and 6.3 miles from Hakgala Botanical Garden.","· 10 reviews","Opens in new window","Show prices","Very Good","Show on map","https://cf.bstatic.com/xdata/images/hotel/square600/184891609.webp?k=81486afe8f10df05f75fc1971460b8514560d0ed1c1c0069029c1d59c27fc80c&o="
"1777052628-102","https://www.booking.com/searchresults.html?label=bristol-XLwodozx2dVe8Ts0XeYuawS752260715469%3Apl%3Ata%3Ap1%3Ap2%3Aac%3Aap%3Aneg%3Afi%3Atikwd-869815001187%3Alp1009919%3Ali%3Adec%3Adm%3Appccp%3DUmFuZG9tSVYkc2RlIyh9YXdX6HrtnYy-Ml68sH-ljtU&aid=311984&dest_id=198&dest_type=country&group_adults=2&req_adults=2&no_rooms=1&broad_search_not_eligible=1&order=score&nflt=ht_id%3D204%3Bht_id%3D213%3Bht_id%3D201%3Bht_id%3D216%3Btop_destinations%3D6006%3Bpopular_nearby_landmarks%3D900053669%3Bpopular_nearby_landmarks%3D900059236%3Bpopular_nearby_landmarks%3D900059439%3Bpopular_nearby_landmarks%3D900059238","","High Garden Hotel","Nuwara Eliya City Centre, Nuwara Eliya","Scored 8.1","8.1","","Located in Nuwara Eliya, 1.3 miles from Gregory Lake, High Garden Hotel has accommodations with a garden, free private parking, a shared lounge and a terrace.","· 339 reviews","Opens in new window","Show prices","Very Good","Show on map","https://cf.bstatic.com/xdata/images/hotel/square600/706809961.webp?k=92e87f5db9e7c5e8c94bdc342b31b096fb8ca5d38bdf9a0963363cb61d2b7b14&o="
"1777052628-103","https://www.booking.com/searchresults.html?label=bristol-XLwodozx2dVe8Ts0XeYuawS752260715469%3Apl%3Ata%3Ap1%3Ap2%3Aac%3Aap%3Aneg%3Afi%3Atikwd-869815001187%3Alp1009919%3Ali%3Adec%3Adm%3Appccp%3DUmFuZG9tSVYkc2RlIyh9YXdX6HrtnYy-Ml68sH-ljtU&aid=311984&dest_id=198&dest_type=country&group_adults=2&req_adults=2&no_rooms=1&broad_search_not_eligible=1&order=score&nflt=ht_id%3D204%3Bht_id%3D213%3Bht_id%3D201%3Bht_id%3D216%3Btop_destinations%3D6006%3Bpopular_nearby_landmarks%3D900053669%3Bpopular_nearby_landmarks%3D900059236%3Bpopular_nearby_landmarks%3D900059439%3Bpopular_nearby_landmarks%3D900059238","","Queens Mount Glen Heights","Nuwara Eliya","Scored 8.1","8.1","Value for money 8.6","Located in Nuwara Eliya, 1.8 miles from Gregory Lake, Queens Mount Glen Heights provides accommodations with a terrace, free private parking and a restaurant.","· 715 reviews","Opens in new window","Show prices","Very Good","Show on map","https://cf.bstatic.com/xdata/images/hotel/square600/612715476.webp?k=564d61ce331bffa4ff4a00855a37dc4d7412d35df3f69cda4bccfa9b7d413f9c&o="
"1777052628-104","https://www.booking.com/searchresults.html?label=bristol-XLwodozx2dVe8Ts0XeYuawS752260715469%3Apl%3Ata%3Ap1%3Ap2%3Aac%3Aap%3Aneg%3Afi%3Atikwd-869815001187%3Alp1009919%3Ali%3Adec%3Adm%3Appccp%3DUmFuZG9tSVYkc2RlIyh9YXdX6HrtnYy-Ml68sH-ljtU&aid=311984&dest_id=198&dest_type=country&group_adults=2&req_adults=2&no_rooms=1&broad_search_not_eligible=1&order=score&nflt=ht_id%3D204%3Bht_id%3D213%3Bht_id%3D201%3Bht_id%3D216%3Btop_destinations%3D6006%3Bpopular_nearby_landmarks%3D900053669%3Bpopular_nearby_landmarks%3D900059236%3Bpopular_nearby_landmarks%3D900059439%3Bpopular_nearby_landmarks%3D900059238","","Cocoon Hills","Nuwara Eliya City Centre, Nuwara Eliya","Scored 8.1","8.1","","Cocoon Hills in Nuwara Eliya provides accommodations with a garden, a terrace, and a shared lounge. This guest house features free private parking, a 24-hour front desk, and free Wifi.","· 165 reviews","Opens in new window","Show prices","Very Good","Show on map","https://cf.bstatic.com/xdata/images/hotel/square600/31006742.webp?k=56e5ce9c73134ae58fa2d5df099cb127c51147c57286a0f2686c9256ca735ca9&o="
"1777052628-105","https://www.booking.com/searchresults.html?label=bristol-XLwodozx2dVe8Ts0XeYuawS752260715469%3Apl%3Ata%3Ap1%3Ap2%3Aac%3Aap%3Aneg%3Afi%3Atikwd-869815001187%3Alp1009919%3Ali%3Adec%3Adm%3Appccp%3DUmFuZG9tSVYkc2RlIyh9YXdX6HrtnYy-Ml68sH-ljtU&aid=311984&dest_id=198&dest_type=country&group_adults=2&req_adults=2&no_rooms=1&broad_search_not_eligible=1&order=score&nflt=ht_id%3D204%3Bht_id%3D213%3Bht_id%3D201%3Bht_id%3D216%3Btop_destinations%3D6006%3Bpopular_nearby_landmarks%3D900053669%3Bpopular_nearby_landmarks%3D900059236%3Bpopular_nearby_landmarks%3D900059439%3Bpopular_nearby_landmarks%3D900059238","","Ripon Grand Hill By EHI","Nuwara Eliya City Centre, Nuwara Eliya","Scored 8.1","8.1","","Located in Nuwara Eliya, 1.3 miles from Gregory Lake, Ripon Grand Hill By EHI has accommodations with a fitness center, free private parking, a garden and a terrace. This 5-star hotel offers a bar.","· 77 reviews","Opens in new window","Show prices","Very Good","Show on map","https://cf.bstatic.com/xdata/images/hotel/square600/727728676.webp?k=2cbaf9e9b968b6074dc7a8a2f2c0bbe8533e9e5a7db8be5624df5e9afbc26ee4&o="
"1777052628-106","https://www.booking.com/searchresults.html?label=bristol-XLwodozx2dVe8Ts0XeYuawS752260715469%3Apl%3Ata%3Ap1%3Ap2%3Aac%3Aap%3Aneg%3Afi%3Atikwd-869815001187%3Alp1009919%3Ali%3Adec%3Adm%3Appccp%3DUmFuZG9tSVYkc2RlIyh9YXdX6HrtnYy-Ml68sH-ljtU&aid=311984&dest_id=198&dest_type=country&group_adults=2&req_adults=2&no_rooms=1&broad_search_not_eligible=1&order=score&nflt=ht_id%3D204%3Bht_id%3D213%3Bht_id%3D201%3Bht_id%3D216%3Btop_destinations%3D6006%3Bpopular_nearby_landmarks%3D900053669%3Bpopular_nearby_landmarks%3D900059236%3Bpopular_nearby_landmarks%3D900059439%3Bpopular_nearby_landmarks%3D900059238","","Pedro Resort & Bungalow Nuwara Eliya","Nuwara Eliya","Scored 8.1","8.1","Value for money 8.9","Pedro Resort & Bungalow Nuwara Eliya in Nuwara Eliya provides accommodations with a garden and a shared lounge. There's a private entrance at the guest house for the convenience of those who stay.","· 90 reviews","Opens in new window","Show prices","Very Good","Show on map","https://cf.bstatic.com/xdata/images/hotel/square600/487042805.webp?k=e57230910db53128ca755691c726618c5995b90faa866e350226fff706bf705d&o="
"1777052628-107","https://www.booking.com/searchresults.html?label=bristol-XLwodozx2dVe8Ts0XeYuawS752260715469%3Apl%3Ata%3Ap1%3Ap2%3Aac%3Aap%3Aneg%3Afi%3Atikwd-869815001187%3Alp1009919%3Ali%3Adec%3Adm%3Appccp%3DUmFuZG9tSVYkc2RlIyh9YXdX6HrtnYy-Ml68sH-ljtU&aid=311984&dest_id=198&dest_type=country&group_adults=2&req_adults=2&no_rooms=1&broad_search_not_eligible=1&order=score&nflt=ht_id%3D204%3Bht_id%3D213%3Bht_id%3D201%3Bht_id%3D216%3Btop_destinations%3D6006%3Bpopular_nearby_landmarks%3D900053669%3Bpopular_nearby_landmarks%3D900059236%3Bpopular_nearby_landmarks%3D900059439%3Bpopular_nearby_landmarks%3D900059238","","Hotel Bonavista","Lake Gregory, Nuwara Eliya (Lake Gregory)","Scored 8.1","8.1","","Located in Nuwara Eliya, within a 14-minute walk of Gregory Lake and 4.7 miles of Hakgala Botanical Garden, Hotel Bonavista has accommodations with a terrace and free WiFi as well as free private...","· 141 reviews","Opens in new window","Show prices","Very Good","Show on map","https://cf.bstatic.com/xdata/images/hotel/square600/847423982.webp?k=af70abecfc51bfa39709e1aaae4498009c7817b482636d5627a9d10114c06072&o="
"1777052628-108","https://www.booking.com/searchresults.html?label=bristol-XLwodozx2dVe8Ts0XeYuawS752260715469%3Apl%3Ata%3Ap1%3Ap2%3Aac%3Aap%3Aneg%3Afi%3Atikwd-869815001187%3Alp1009919%3Ali%3Adec%3Adm%3Appccp%3DUmFuZG9tSVYkc2RlIyh9YXdX6HrtnYy-Ml68sH-ljtU&aid=311984&dest_id=198&dest_type=country&group_adults=2&req_adults=2&no_rooms=1&broad_search_not_eligible=1&order=score&nflt=ht_id%3D204%3Bht_id%3D213%3Bht_id%3D201%3Bht_id%3D216%3Btop_destinations%3D6006%3Bpopular_nearby_landmarks%3D900053669%3Bpopular_nearby_landmarks%3D900059236%3Bpopular_nearby_landmarks%3D900059439%3Bpopular_nearby_landmarks%3D900059238","","Lake Breeze","Lake Gregory, Nuwara Eliya (Lake Gregory)","Scored 8.1","8.1","Value for money 8.5","Located in Nuwara Eliya, within a 7-minute walk of Gregory Lake and 4.3 miles of Hakgala Botanical Garden, Lake Breeze has accommodations with a terrace and free WiFi throughout the property as well...","· 121 reviews","Opens in new window","Show prices","Very Good","Show on map","https://cf.bstatic.com/xdata/images/hotel/square600/467173830.webp?k=6f796595129dc682758b45b95944cb6cfde0e0d26c67b3bd5f874c102bd8af01&o="
"1777052628-109","https://www.booking.com/searchresults.html?label=bristol-XLwodozx2dVe8Ts0XeYuawS752260715469%3Apl%3Ata%3Ap1%3Ap2%3Aac%3Aap%3Aneg%3Afi%3Atikwd-869815001187%3Alp1009919%3Ali%3Adec%3Adm%3Appccp%3DUmFuZG9tSVYkc2RlIyh9YXdX6HrtnYy-Ml68sH-ljtU&aid=311984&dest_id=198&dest_type=country&group_adults=2&req_adults=2&no_rooms=1&broad_search_not_eligible=1&order=score&nflt=ht_id%3D204%3Bht_id%3D213%3Bht_id%3D201%3Bht_id%3D216%3Btop_destinations%3D6006%3Bpopular_nearby_landmarks%3D900053669%3Bpopular_nearby_landmarks%3D900059236%3Bpopular_nearby_landmarks%3D900059439%3Bpopular_nearby_landmarks%3D900059238","","Moon Plains Luxury Apartments","Nuwara Eliya","Scored 8.0","8.0","","Providing quiet street views, Moon Plains Luxury Apartments in Nuwara Eliya features accommodations and a garden. This property offers access to a balcony, free private parking, and free Wifi.","· 240 reviews","Opens in new window","Show prices","Very Good","Show on map","https://cf.bstatic.com/xdata/images/hotel/square600/338799804.webp?k=543a92766309445e52dfb69b4883ad92542f9dc3260da2c8b1e604ca0f5e682c&o="
"1777052628-110","https://www.booking.com/searchresults.html?label=bristol-XLwodozx2dVe8Ts0XeYuawS752260715469%3Apl%3Ata%3Ap1%3Ap2%3Aac%3Aap%3Aneg%3Afi%3Atikwd-869815001187%3Alp1009919%3Ali%3Adec%3Adm%3Appccp%3DUmFuZG9tSVYkc2RlIyh9YXdX6HrtnYy-Ml68sH-ljtU&aid=311984&dest_id=198&dest_type=country&group_adults=2&req_adults=2&no_rooms=1&broad_search_not_eligible=1&order=score&nflt=ht_id%3D204%3Bht_id%3D213%3Bht_id%3D201%3Bht_id%3D216%3Btop_destinations%3D6006%3Bpopular_nearby_landmarks%3D900053669%3Bpopular_nearby_landmarks%3D900059236%3Bpopular_nearby_landmarks%3D900059439%3Bpopular_nearby_landmarks%3D900059238","","Araliya Green Hills - Where Historic Charm Mingles with Natural Beauty","Nuwara Eliya City Centre, Nuwara Eliya","Scored 8.0","8.0","","Araliya Green Hills - Where Historic Charm Mingles with Natural Beauty is a beautiful property surrounded by lush greenery. The accommodations welcomes guests with a spa.","· 303 reviews","Opens in new window","Show prices","Very Good","Show on map","https://cf.bstatic.com/xdata/images/hotel/square600/569139674.webp?k=def242e63dc423a6ff847d5e4da2ed7de81ca0665925639852fb5fcb3ac15b63&o="
"1777052628-111","https://www.booking.com/searchresults.html?label=bristol-XLwodozx2dVe8Ts0XeYuawS752260715469%3Apl%3Ata%3Ap1%3Ap2%3Aac%3Aap%3Aneg%3Afi%3Atikwd-869815001187%3Alp1009919%3Ali%3Adec%3Adm%3Appccp%3DUmFuZG9tSVYkc2RlIyh9YXdX6HrtnYy-Ml68sH-ljtU&aid=311984&dest_id=198&dest_type=country&group_adults=2&req_adults=2&no_rooms=1&broad_search_not_eligible=1&order=score&nflt=ht_id%3D204%3Bht_id%3D213%3Bht_id%3D201%3Bht_id%3D216%3Btop_destinations%3D6006%3Bpopular_nearby_landmarks%3D900053669%3Bpopular_nearby_landmarks%3D900059236%3Bpopular_nearby_landmarks%3D900059439%3Bpopular_nearby_landmarks%3D900059238","","Grand Bungalow Nuwara Eliya by Seven Angels","Nuwara Eliya City Centre, Nuwara Eliya","Scored 8.0","8.0","","Located in Nuwara Eliya, 1.8 miles from Gregory Lake, Grand Bungalow Nuwara Eliya by Seven Angels provides accommodations with a garden, free private parking, a shared lounge and a terrace.","· 26 reviews","Opens in new window","Show prices","Very Good","Show on map","https://cf.bstatic.com/xdata/images/hotel/square600/683368484.webp?k=b6feca74444868423ea71ad085caaf9680ae30c8bd611dc5c233f02c885f72be&o="
"1777052628-112","https://www.booking.com/searchresults.html?label=bristol-XLwodozx2dVe8Ts0XeYuawS752260715469%3Apl%3Ata%3Ap1%3Ap2%3Aac%3Aap%3Aneg%3Afi%3Atikwd-869815001187%3Alp1009919%3Ali%3Adec%3Adm%3Appccp%3DUmFuZG9tSVYkc2RlIyh9YXdX6HrtnYy-Ml68sH-ljtU&aid=311984&dest_id=198&dest_type=country&group_adults=2&req_adults=2&no_rooms=1&broad_search_not_eligible=1&order=score&nflt=ht_id%3D204%3Bht_id%3D213%3Bht_id%3D201%3Bht_id%3D216%3Btop_destinations%3D6006%3Bpopular_nearby_landmarks%3D900053669%3Bpopular_nearby_landmarks%3D900059236%3Bpopular_nearby_landmarks%3D900059439%3Bpopular_nearby_landmarks%3D900059238","","Country Club Nuwara Eliya","Lake Gregory, Nuwara Eliya (Lake Gregory)","Scored 8.0","8.0","","Located in Nuwara Eliya, 1.1 miles from Gregory Lake, Country Club Nuwara Eliya provides accommodations with a garden, free private parking, a shared lounge and a terrace.","· 153 reviews","Opens in new window","Show prices","Very Good","Show on map","https://cf.bstatic.com/xdata/images/hotel/square600/542172674.webp?k=de9699392b5ae0815db9f4a15e7450bec80dbf94c25984c6ef228ee5c6fdf923&o="
"1777052628-113","https://www.booking.com/searchresults.html?label=bristol-XLwodozx2dVe8Ts0XeYuawS752260715469%3Apl%3Ata%3Ap1%3Ap2%3Aac%3Aap%3Aneg%3Afi%3Atikwd-869815001187%3Alp1009919%3Ali%3Adec%3Adm%3Appccp%3DUmFuZG9tSVYkc2RlIyh9YXdX6HrtnYy-Ml68sH-ljtU&aid=311984&dest_id=198&dest_type=country&group_adults=2&req_adults=2&no_rooms=1&broad_search_not_eligible=1&order=score&nflt=ht_id%3D204%3Bht_id%3D213%3Bht_id%3D201%3Bht_id%3D216%3Btop_destinations%3D6006%3Bpopular_nearby_landmarks%3D900053669%3Bpopular_nearby_landmarks%3D900059236%3Bpopular_nearby_landmarks%3D900059439%3Bpopular_nearby_landmarks%3D900059238","","City And Hills View Apartment","Nuwara Eliya","Scored 8.0","8.0","","Located 1.6 mi from Gregory Lake, City And Hills View Apartment offers accommodations in Nuwara Eliya. Guests benefit from balcony. Free WiFi is offered . The kitchen has an oven.","· 36 reviews","Opens in new window","Show prices","Very Good","Show on map","https://cf.bstatic.com/xdata/images/hotel/square600/55669847.webp?k=484f58ff0aacc9246ba77f00abc8104c384785d38b992812011fbdce495d8c0f&o="
"1777052628-114","https://www.booking.com/searchresults.html?label=bristol-XLwodozx2dVe8Ts0XeYuawS752260715469%3Apl%3Ata%3Ap1%3Ap2%3Aac%3Aap%3Aneg%3Afi%3Atikwd-869815001187%3Alp1009919%3Ali%3Adec%3Adm%3Appccp%3DUmFuZG9tSVYkc2RlIyh9YXdX6HrtnYy-Ml68sH-ljtU&aid=311984&dest_id=198&dest_type=country&group_adults=2&req_adults=2&no_rooms=1&broad_search_not_eligible=1&order=score&nflt=ht_id%3D204%3Bht_id%3D213%3Bht_id%3D201%3Bht_id%3D216%3Btop_destinations%3D6006%3Bpopular_nearby_landmarks%3D900053669%3Bpopular_nearby_landmarks%3D900059236%3Bpopular_nearby_landmarks%3D900059439%3Bpopular_nearby_landmarks%3D900059238","","Lakeville Residence","Nuwara Eliya","Scored 8.0","8.0","","Lakeville Residence is located in Nuwara Eliya, just a 19-minute walk from Gregory Lake and 3.9 miles from Hakgala Botanical Garden.","· 37 reviews","Opens in new window","Show prices","Very Good","Show on map","https://cf.bstatic.com/xdata/images/hotel/square600/518023451.webp?k=5f23f1de1f6efe6cdc21f599c286749d648e41af3e3fdf7ab3b353c2e9b84477&o="
"1777052628-115","https://www.booking.com/searchresults.html?label=bristol-XLwodozx2dVe8Ts0XeYuawS752260715469%3Apl%3Ata%3Ap1%3Ap2%3Aac%3Aap%3Aneg%3Afi%3Atikwd-869815001187%3Alp1009919%3Ali%3Adec%3Adm%3Appccp%3DUmFuZG9tSVYkc2RlIyh9YXdX6HrtnYy-Ml68sH-ljtU&aid=311984&dest_id=198&dest_type=country&group_adults=2&req_adults=2&no_rooms=1&broad_search_not_eligible=1&order=score&nflt=ht_id%3D204%3Bht_id%3D213%3Bht_id%3D201%3Bht_id%3D216%3Btop_destinations%3D6006%3Bpopular_nearby_landmarks%3D900053669%3Bpopular_nearby_landmarks%3D900059236%3Bpopular_nearby_landmarks%3D900059439%3Bpopular_nearby_landmarks%3D900059238","","Medalin Harmony Heaven","Lake Gregory, Nuwara Eliya (Lake Gregory)","Scored 8.0","8.0","","Medalin Harmony Heaven is located in Nuwara Eliya, just a 15-minute walk from Gregory Lake and 5.1 miles from Hakgala Botanical Garden.","· 16 reviews","Opens in new window","Show prices","Very Good","Show on map","https://cf.bstatic.com/xdata/images/hotel/square600/649785989.webp?k=c6152b05d43f76a48b863d5dbbd0e702ed331d9d224190728d11ead52a07484c&o="
"1777052628-116","https://www.booking.com/searchresults.html?label=bristol-XLwodozx2dVe8Ts0XeYuawS752260715469%3Apl%3Ata%3Ap1%3Ap2%3Aac%3Aap%3Aneg%3Afi%3Atikwd-869815001187%3Alp1009919%3Ali%3Adec%3Adm%3Appccp%3DUmFuZG9tSVYkc2RlIyh9YXdX6HrtnYy-Ml68sH-ljtU&aid=311984&dest_id=198&dest_type=country&group_adults=2&req_adults=2&no_rooms=1&broad_search_not_eligible=1&order=score&nflt=ht_id%3D204%3Bht_id%3D213%3Bht_id%3D201%3Bht_id%3D216%3Btop_destinations%3D6006%3Bpopular_nearby_landmarks%3D900053669%3Bpopular_nearby_landmarks%3D900059236%3Bpopular_nearby_landmarks%3D900059439%3Bpopular_nearby_landmarks%3D900059238","","Shinic Holiday Inn","Nuwara Eliya City Centre, Nuwara Eliya","Scored 8.0","8.0","","Shinic Holiday Inn offers accommodations in Nuwara Eliya, 6 miles from Hakgala Botanical Garden. This property offers access to a patio, free private parking, and free Wifi.","· 19 reviews","Opens in new window","Show prices","Very Good","Show on map","https://cf.bstatic.com/xdata/images/hotel/square600/170881607.webp?k=ff3dc8d14de6ba671eb9325cf2787ce04ecf7b4a6bac2201185f4af70d094b3b&o="
"1777052628-117","https://www.booking.com/searchresults.html?label=bristol-XLwodozx2dVe8Ts0XeYuawS752260715469%3Apl%3Ata%3Ap1%3Ap2%3Aac%3Aap%3Aneg%3Afi%3Atikwd-869815001187%3Alp1009919%3Ali%3Adec%3Adm%3Appccp%3DUmFuZG9tSVYkc2RlIyh9YXdX6HrtnYy-Ml68sH-ljtU&aid=311984&dest_id=198&dest_type=country&group_adults=2&req_adults=2&no_rooms=1&broad_search_not_eligible=1&order=score&nflt=ht_id%3D204%3Bht_id%3D213%3Bht_id%3D201%3Bht_id%3D216%3Btop_destinations%3D6006%3Bpopular_nearby_landmarks%3D900053669%3Bpopular_nearby_landmarks%3D900059236%3Bpopular_nearby_landmarks%3D900059439%3Bpopular_nearby_landmarks%3D900059238","","Zion White House","Nuwara Eliya","Scored 8.0","8.0","","Zion White House enjoys a location in Nuwara Eliya, a 18-minute walk from Gregory Lake and 4.9 miles from Hakgala Botanical Garden.","· 29 reviews","Opens in new window","Show prices","Very Good","Show on map","https://cf.bstatic.com/xdata/images/hotel/square600/162690448.webp?k=6781de2918326f85b382e66d22d531a87b9ba0a4617aa3f3e86192ca71e531e6&o="
"1777052628-118","https://www.booking.com/searchresults.html?label=bristol-XLwodozx2dVe8Ts0XeYuawS752260715469%3Apl%3Ata%3Ap1%3Ap2%3Aac%3Aap%3Aneg%3Afi%3Atikwd-869815001187%3Alp1009919%3Ali%3Adec%3Adm%3Appccp%3DUmFuZG9tSVYkc2RlIyh9YXdX6HrtnYy-Ml68sH-ljtU&aid=311984&dest_id=198&dest_type=country&group_adults=2&req_adults=2&no_rooms=1&broad_search_not_eligible=1&order=score&nflt=ht_id%3D204%3Bht_id%3D213%3Bht_id%3D201%3Bht_id%3D216%3Btop_destinations%3D6006%3Bpopular_nearby_landmarks%3D900053669%3Bpopular_nearby_landmarks%3D900059236%3Bpopular_nearby_landmarks%3D900059439%3Bpopular_nearby_landmarks%3D900059238","","Delhousie Hotel","Centre Area, Nallathanniya","Scored 7.9","7.9","Value for money 8.7","Conveniently located in the center of Nallathanniya, Delhousie Hotel provides free WiFi, a restaurant and free private parking for guests who drive. This 4-star hotel offers room service.","· 115 reviews","Opens in new window","Show prices","Good","Show on map","https://cf.bstatic.com/xdata/images/hotel/square600/412530179.webp?k=2fbeb5f3ecce80a4d55fad0a892fc26b679664028774cb2979ad2fed981f4d8c&o="
"1777052628-119","https://www.booking.com/searchresults.html?label=bristol-XLwodozx2dVe8Ts0XeYuawS752260715469%3Apl%3Ata%3Ap1%3Ap2%3Aac%3Aap%3Aneg%3Afi%3Atikwd-869815001187%3Alp1009919%3Ali%3Adec%3Adm%3Appccp%3DUmFuZG9tSVYkc2RlIyh9YXdX6HrtnYy-Ml68sH-ljtU&aid=311984&dest_id=198&dest_type=country&group_adults=2&req_adults=2&no_rooms=1&broad_search_not_eligible=1&order=score&nflt=ht_id%3D204%3Bht_id%3D213%3Bht_id%3D201%3Bht_id%3D216%3Btop_destinations%3D6006%3Bpopular_nearby_landmarks%3D900053669%3Bpopular_nearby_landmarks%3D900059236%3Bpopular_nearby_landmarks%3D900059439%3Bpopular_nearby_landmarks%3D900059238","","Panorama Green View Hotel Nuwara Eliya","Nuwara Eliya City Centre, Nuwara Eliya","Scored 7.9","7.9","","Panorama Green View Hotel is set in Nuwara Eliya town, facing the Victoria Park at a 5 minute walk to town, the main bus stand, the old post office and a 15 minute walk to the single tree hills, and...","· 916 reviews","Opens in new window","Show prices","Good","Show on map","https://cf.bstatic.com/xdata/images/hotel/square600/512119601.webp?k=7335d03b9f7fbbbfa98c531e4a2e0f7a29ead9641f5f2ffaac73aa8b03125c2f&o="
"1777052628-120","https://www.booking.com/searchresults.html?label=bristol-XLwodozx2dVe8Ts0XeYuawS752260715469%3Apl%3Ata%3Ap1%3Ap2%3Aac%3Aap%3Aneg%3Afi%3Atikwd-869815001187%3Alp1009919%3Ali%3Adec%3Adm%3Appccp%3DUmFuZG9tSVYkc2RlIyh9YXdX6HrtnYy-Ml68sH-ljtU&aid=311984&dest_id=198&dest_type=country&group_adults=2&req_adults=2&no_rooms=1&broad_search_not_eligible=1&order=score&nflt=ht_id%3D204%3Bht_id%3D213%3Bht_id%3D201%3Bht_id%3D216%3Btop_destinations%3D6006%3Bpopular_nearby_landmarks%3D900053669%3Bpopular_nearby_landmarks%3D900059236%3Bpopular_nearby_landmarks%3D900059439%3Bpopular_nearby_landmarks%3D900059238","","Oak Ray Summer Hill Breeze","Nuwara Eliya City Centre, Nuwara Eliya","Scored 7.9","7.9","","Located in Nuwara Eliya, 1.2 miles from Gregory Lake, Oak Ray Summer Hill Breeze provides accommodations with a garden, free private parking, a terrace and a restaurant. This 3-star hotel offers a...","· 49 reviews","Opens in new window","Show prices","Good","Show on map","https://cf.bstatic.com/xdata/images/hotel/square600/148247476.webp?k=ed646b78bcd6d8c75fbaa09fcc88b21cad081d908bdbb02adce88b2d2a81fa97&o="
"1777052628-121","https://www.booking.com/searchresults.html?label=bristol-XLwodozx2dVe8Ts0XeYuawS752260715469%3Apl%3Ata%3Ap1%3Ap2%3Aac%3Aap%3Aneg%3Afi%3Atikwd-869815001187%3Alp1009919%3Ali%3Adec%3Adm%3Appccp%3DUmFuZG9tSVYkc2RlIyh9YXdX6HrtnYy-Ml68sH-ljtU&aid=311984&dest_id=198&dest_type=country&group_adults=2&req_adults=2&no_rooms=1&broad_search_not_eligible=1&order=score&nflt=ht_id%3D204%3Bht_id%3D213%3Bht_id%3D201%3Bht_id%3D216%3Btop_destinations%3D6006%3Bpopular_nearby_landmarks%3D900053669%3Bpopular_nearby_landmarks%3D900059236%3Bpopular_nearby_landmarks%3D900059439%3Bpopular_nearby_landmarks%3D900059238","","Ovi Court City Apartments Nuwara Eliya","Nuwara Eliya","Scored 7.9","7.9","","Ovi Court City Apartments Nuwara Eliya offers accommodations in Nuwara Eliya, 1.5 miles from Gregory Lake and 5.7 miles from Hakgala Botanical Garden.","· 252 reviews","Opens in new window","Show prices","Good","Show on map","https://cf.bstatic.com/xdata/images/hotel/square600/324570543.webp?k=557b600f13157eb4fa46247df885b26a540c95ae46f3cf816984a29f4e58617c&o="
"1777052628-122","https://www.booking.com/searchresults.html?label=bristol-XLwodozx2dVe8Ts0XeYuawS752260715469%3Apl%3Ata%3Ap1%3Ap2%3Aac%3Aap%3Aneg%3Afi%3Atikwd-869815001187%3Alp1009919%3Ali%3Adec%3Adm%3Appccp%3DUmFuZG9tSVYkc2RlIyh9YXdX6HrtnYy-Ml68sH-ljtU&aid=311984&dest_id=198&dest_type=country&group_adults=2&req_adults=2&no_rooms=1&broad_search_not_eligible=1&order=score&nflt=ht_id%3D204%3Bht_id%3D213%3Bht_id%3D201%3Bht_id%3D216%3Btop_destinations%3D6006%3Bpopular_nearby_landmarks%3D900053669%3Bpopular_nearby_landmarks%3D900059236%3Bpopular_nearby_landmarks%3D900059439%3Bpopular_nearby_landmarks%3D900059238","","Cottage 42","Nuwara Eliya City Centre, Nuwara Eliya","Scored 7.9","7.9","","Well located in the center of Nuwara Eliya, Cottage 42 provides free WiFi, a shared lounge and free private parking for guests who drive. This 3-star hotel offers room service and a 24-hour front...","· 172 reviews","Opens in new window","Show prices","Good","Show on map","https://cf.bstatic.com/xdata/images/hotel/square600/357385502.webp?k=2430b47994b0a6ef63ae32c19f5ada97fa832f65a9fcb903b67e15b9802ea285&o="
"1777052628-123","https://www.booking.com/searchresults.html?label=bristol-XLwodozx2dVe8Ts0XeYuawS752260715469%3Apl%3Ata%3Ap1%3Ap2%3Aac%3Aap%3Aneg%3Afi%3Atikwd-869815001187%3Alp1009919%3Ali%3Adec%3Adm%3Appccp%3DUmFuZG9tSVYkc2RlIyh9YXdX6HrtnYy-Ml68sH-ljtU&aid=311984&dest_id=198&dest_type=country&group_adults=2&req_adults=2&no_rooms=1&broad_search_not_eligible=1&order=score&nflt=ht_id%3D204%3Bht_id%3D213%3Bht_id%3D201%3Bht_id%3D216%3Btop_destinations%3D6006%3Bpopular_nearby_landmarks%3D900053669%3Bpopular_nearby_landmarks%3D900059236%3Bpopular_nearby_landmarks%3D900059439%3Bpopular_nearby_landmarks%3D900059238","","Sky Heaven Nuwaraeliya","Nuwara Eliya","Scored 7.9","7.9","","Providing a shared lounge, Sky Heaven Nuwaraeliya offers accommodations in Nuwara Eliya. This guest house provides free private parking, a concierge service, and free Wifi.","· 37 reviews","Opens in new window","Show prices","Good","Show on map","https://cf.bstatic.com/xdata/images/hotel/square600/562739623.webp?k=5b89e9354644da984dd312ae6851721fcbca27a08bfaa6beef3732b27f08a70d&o="
"1777052628-124","https://www.booking.com/searchresults.html?label=bristol-XLwodozx2dVe8Ts0XeYuawS752260715469%3Apl%3Ata%3Ap1%3Ap2%3Aac%3Aap%3Aneg%3Afi%3Atikwd-869815001187%3Alp1009919%3Ali%3Adec%3Adm%3Appccp%3DUmFuZG9tSVYkc2RlIyh9YXdX6HrtnYy-Ml68sH-ljtU&aid=311984&dest_id=198&dest_type=country&group_adults=2&req_adults=2&no_rooms=1&broad_search_not_eligible=1&order=score&nflt=ht_id%3D204%3Bht_id%3D213%3Bht_id%3D201%3Bht_id%3D216%3Btop_destinations%3D6006%3Bpopular_nearby_landmarks%3D900053669%3Bpopular_nearby_landmarks%3D900059236%3Bpopular_nearby_landmarks%3D900059439%3Bpopular_nearby_landmarks%3D900059238","","Paradise Entrance","Centre Area, Nallathanniya","Scored 7.9","7.9","Value for money 8.7","Paradise Entrance features accommodations in the center of Nallathanniya, a 6-minute walk from Adam's Peak and 19 miles from Hatton Railway Station.","· 107 reviews","Opens in new window","Show prices","Good","Show on map","https://cf.bstatic.com/xdata/images/hotel/square600/113261458.webp?k=a76510a2cf4b4332491b0fad97fe28cb9afae25d1649e3e3b385f39a2800abb5&o="
"1777052628-125","https://www.booking.com/searchresults.html?label=bristol-XLwodozx2dVe8Ts0XeYuawS752260715469%3Apl%3Ata%3Ap1%3Ap2%3Aac%3Aap%3Aneg%3Afi%3Atikwd-869815001187%3Alp1009919%3Ali%3Adec%3Adm%3Appccp%3DUmFuZG9tSVYkc2RlIyh9YXdX6HrtnYy-Ml68sH-ljtU&aid=311984&dest_id=198&dest_type=country&group_adults=2&req_adults=2&no_rooms=1&broad_search_not_eligible=1&order=score&nflt=ht_id%3D204%3Bht_id%3D213%3Bht_id%3D201%3Bht_id%3D216%3Btop_destinations%3D6006%3Bpopular_nearby_landmarks%3D900053669%3Bpopular_nearby_landmarks%3D900059236%3Bpopular_nearby_landmarks%3D900059439%3Bpopular_nearby_landmarks%3D900059238","","The Urban Hideout","Nuwara Eliya City Centre, Nuwara Eliya","Scored 7.9","7.9","Value for money 8.7","Offering a terrace, The Urban Hideout offers accommodations in Nuwara Eliya.","· 74 reviews","Opens in new window","Show prices","Good","Show on map","https://cf.bstatic.com/xdata/images/hotel/square600/556283610.webp?k=6db263f430f1c4e6e589c67179eb7329fa27644f8417752359e7be3634480e33&o="
"1777052628-126","https://www.booking.com/searchresults.html?label=bristol-XLwodozx2dVe8Ts0XeYuawS752260715469%3Apl%3Ata%3Ap1%3Ap2%3Aac%3Aap%3Aneg%3Afi%3Atikwd-869815001187%3Alp1009919%3Ali%3Adec%3Adm%3Appccp%3DUmFuZG9tSVYkc2RlIyh9YXdX6HrtnYy-Ml68sH-ljtU&aid=311984&dest_id=198&dest_type=country&group_adults=2&req_adults=2&no_rooms=1&broad_search_not_eligible=1&order=score&nflt=ht_id%3D204%3Bht_id%3D213%3Bht_id%3D201%3Bht_id%3D216%3Btop_destinations%3D6006%3Bpopular_nearby_landmarks%3D900053669%3Bpopular_nearby_landmarks%3D900059236%3Bpopular_nearby_landmarks%3D900059439%3Bpopular_nearby_landmarks%3D900059238","","Growing Beyond apartment","Nuwara Eliya","Scored 7.9","7.9","Value for money 8.5","Growing Beyond apartment offers accommodations in Nuwara Eliya, a 18-minute walk from Gregory Lake and 3.8 miles from Hakgala Botanical Garden.","· 21 reviews","Opens in new window","Show prices","Good","Show on map","https://cf.bstatic.com/xdata/images/hotel/square600/837690213.webp?k=d8b39445bdb83eb22a3d442d432b38f7dba838cc3bfdc4bd84b2b13e30131dc9&o="
"1777052628-127","https://www.booking.com/searchresults.html?label=bristol-XLwodozx2dVe8Ts0XeYuawS752260715469%3Apl%3Ata%3Ap1%3Ap2%3Aac%3Aap%3Aneg%3Afi%3Atikwd-869815001187%3Alp1009919%3Ali%3Adec%3Adm%3Appccp%3DUmFuZG9tSVYkc2RlIyh9YXdX6HrtnYy-Ml68sH-ljtU&aid=311984&dest_id=198&dest_type=country&group_adults=2&req_adults=2&no_rooms=1&broad_search_not_eligible=1&order=score&nflt=ht_id%3D204%3Bht_id%3D213%3Bht_id%3D201%3Bht_id%3D216%3Btop_destinations%3D6006%3Bpopular_nearby_landmarks%3D900053669%3Bpopular_nearby_landmarks%3D900059236%3Bpopular_nearby_landmarks%3D900059439%3Bpopular_nearby_landmarks%3D900059238","","Little England Bungalow","Nuwara Eliya","Scored 7.9","7.9","","Little England Bungalow provides accommodations in Nuwara Eliya. 2.4 miles from Gregory Lake and 6.6 miles from Hakgala Botanical Garden, the property features a garden and a shared lounge.","· 88 reviews","Opens in new window","Show prices","Good","Show on map","https://cf.bstatic.com/xdata/images/hotel/square600/854609500.webp?k=4b2f184583e7c521faac69e8086d938f8c65a248c751382dc0daf9392c5af470&o="
"1777052628-128","https://www.booking.com/searchresults.html?label=bristol-XLwodozx2dVe8Ts0XeYuawS752260715469%3Apl%3Ata%3Ap1%3Ap2%3Aac%3Aap%3Aneg%3Afi%3Atikwd-869815001187%3Alp1009919%3Ali%3Adec%3Adm%3Appccp%3DUmFuZG9tSVYkc2RlIyh9YXdX6HrtnYy-Ml68sH-ljtU&aid=311984&dest_id=198&dest_type=country&group_adults=2&req_adults=2&no_rooms=1&broad_search_not_eligible=1&order=score&nflt=ht_id%3D204%3Bht_id%3D213%3Bht_id%3D201%3Bht_id%3D216%3Btop_destinations%3D6006%3Bpopular_nearby_landmarks%3D900053669%3Bpopular_nearby_landmarks%3D900059236%3Bpopular_nearby_landmarks%3D900059439%3Bpopular_nearby_landmarks%3D900059238","","Palazzo Lake Gregory","Lake Gregory, Nuwara Eliya (Lake Gregory)","Scored 7.8","7.8","","Located in Nuwara Eliya, 1.6 miles from Gregory Lake, Palazzo Lake Gregory has accommodations with a garden, free private parking, a terrace and a restaurant. This 3-star hotel offers a tour desk.","· 127 reviews","Opens in new window","Show prices","Good","Show on map","https://cf.bstatic.com/xdata/images/hotel/square600/651404968.webp?k=43bfdc1d43f89932466c5753f10738710a6a126519409b3a7e6fa402cc5a252d&o="
"1777052628-129","https://www.booking.com/searchresults.html?label=bristol-XLwodozx2dVe8Ts0XeYuawS752260715469%3Apl%3Ata%3Ap1%3Ap2%3Aac%3Aap%3Aneg%3Afi%3Atikwd-869815001187%3Alp1009919%3Ali%3Adec%3Adm%3Appccp%3DUmFuZG9tSVYkc2RlIyh9YXdX6HrtnYy-Ml68sH-ljtU&aid=311984&dest_id=198&dest_type=country&group_adults=2&req_adults=2&no_rooms=1&broad_search_not_eligible=1&order=score&nflt=ht_id%3D204%3Bht_id%3D213%3Bht_id%3D201%3Bht_id%3D216%3Btop_destinations%3D6006%3Bpopular_nearby_landmarks%3D900053669%3Bpopular_nearby_landmarks%3D900059236%3Bpopular_nearby_landmarks%3D900059439%3Bpopular_nearby_landmarks%3D900059238","","Unique Cottages","Nuwara Eliya City Centre, Nuwara Eliya","Scored 7.8","7.8","","Located in Nuwara Eliya, 1.4 miles from Gregory Lake, Unique Cottages has accommodations with a garden, free private parking, a shared lounge and a terrace.","· 63 reviews","Opens in new window","Show prices","Good","Show on map","https://cf.bstatic.com/xdata/images/hotel/square600/28278418.webp?k=72ed2458d6acd30382f5edf9b1c7d0439e6fa9a274b2b231c2d442169c6204a1&o="
"1777052628-130","https://www.booking.com/searchresults.html?label=bristol-XLwodozx2dVe8Ts0XeYuawS752260715469%3Apl%3Ata%3Ap1%3Ap2%3Aac%3Aap%3Aneg%3Afi%3Atikwd-869815001187%3Alp1009919%3Ali%3Adec%3Adm%3Appccp%3DUmFuZG9tSVYkc2RlIyh9YXdX6HrtnYy-Ml68sH-ljtU&aid=311984&dest_id=198&dest_type=country&group_adults=2&req_adults=2&no_rooms=1&broad_search_not_eligible=1&order=score&nflt=ht_id%3D204%3Bht_id%3D213%3Bht_id%3D201%3Bht_id%3D216%3Btop_destinations%3D6006%3Bpopular_nearby_landmarks%3D900053669%3Bpopular_nearby_landmarks%3D900059236%3Bpopular_nearby_landmarks%3D900059439%3Bpopular_nearby_landmarks%3D900059238","","Daffodil's Hotel","Nuwara Eliya City Centre, Nuwara Eliya","Scored 7.8","7.8","Value for money 8.5","Located conveniently in the center of Nuwara Eliya, Daffodil's Hotel has free WiFi, a garden and free private parking for guests who drive.","· 19 reviews","Opens in new window","Show prices","Good","Show on map","https://cf.bstatic.com/xdata/images/hotel/square600/806655740.webp?k=bff669f9dae04d77344e7be780aee517edd2643def8e00f8bca4f6c4ca394428&o="
"1777052628-131","https://www.booking.com/searchresults.html?label=bristol-XLwodozx2dVe8Ts0XeYuawS752260715469%3Apl%3Ata%3Ap1%3Ap2%3Aac%3Aap%3Aneg%3Afi%3Atikwd-869815001187%3Alp1009919%3Ali%3Adec%3Adm%3Appccp%3DUmFuZG9tSVYkc2RlIyh9YXdX6HrtnYy-Ml68sH-ljtU&aid=311984&dest_id=198&dest_type=country&group_adults=2&req_adults=2&no_rooms=1&broad_search_not_eligible=1&order=score&nflt=ht_id%3D204%3Bht_id%3D213%3Bht_id%3D201%3Bht_id%3D216%3Btop_destinations%3D6006%3Bpopular_nearby_landmarks%3D900053669%3Bpopular_nearby_landmarks%3D900059236%3Bpopular_nearby_landmarks%3D900059439%3Bpopular_nearby_landmarks%3D900059238","","Mariners Cabin Apartment","Nuwara Eliya City Centre, Nuwara Eliya","Scored 7.8","7.8","","Mariners Cabin Apartment offers accommodations in Nuwara Eliya, 6 miles from Hakgala Botanical Garden. This property offers access to a balcony, free private parking, and free Wifi.","· 9 reviews","Opens in new window","Show prices","Good","Show on map","https://cf.bstatic.com/xdata/images/hotel/square600/590969323.webp?k=5568f7c093316954d6cf00d7344ab3b7b7e787eefb50b8f8f77269b2080b0b26&o="
"1777052628-132","https://www.booking.com/searchresults.html?label=bristol-XLwodozx2dVe8Ts0XeYuawS752260715469%3Apl%3Ata%3Ap1%3Ap2%3Aac%3Aap%3Aneg%3Afi%3Atikwd-869815001187%3Alp1009919%3Ali%3Adec%3Adm%3Appccp%3DUmFuZG9tSVYkc2RlIyh9YXdX6HrtnYy-Ml68sH-ljtU&aid=311984&dest_id=198&dest_type=country&group_adults=2&req_adults=2&no_rooms=1&broad_search_not_eligible=1&order=score&nflt=ht_id%3D204%3Bht_id%3D213%3Bht_id%3D201%3Bht_id%3D216%3Btop_destinations%3D6006%3Bpopular_nearby_landmarks%3D900053669%3Bpopular_nearby_landmarks%3D900059236%3Bpopular_nearby_landmarks%3D900059439%3Bpopular_nearby_landmarks%3D900059238","","Adams Peak Inn","Centre Area, Nallathanniya","Scored 7.7","7.7","","Located in Nallathanniya, a 7-minute walk from Adam's Peak, Adams Peak Inn has accommodations with a fitness center, free private parking, a garden and a shared lounge.","· 179 reviews","Opens in new window","Show prices","Good","Show on map","https://cf.bstatic.com/xdata/images/hotel/square600/337678346.webp?k=6c3dc52acc6021d63e6e0eff8cf727c46fb0c4451602c22e42b208374e97747e&o="
"1777052628-133","https://www.booking.com/searchresults.html?label=bristol-XLwodozx2dVe8Ts0XeYuawS752260715469%3Apl%3Ata%3Ap1%3Ap2%3Aac%3Aap%3Aneg%3Afi%3Atikwd-869815001187%3Alp1009919%3Ali%3Adec%3Adm%3Appccp%3DUmFuZG9tSVYkc2RlIyh9YXdX6HrtnYy-Ml68sH-ljtU&aid=311984&dest_id=198&dest_type=country&group_adults=2&req_adults=2&no_rooms=1&broad_search_not_eligible=1&order=score&nflt=ht_id%3D204%3Bht_id%3D213%3Bht_id%3D201%3Bht_id%3D216%3Btop_destinations%3D6006%3Bpopular_nearby_landmarks%3D900053669%3Bpopular_nearby_landmarks%3D900059236%3Bpopular_nearby_landmarks%3D900059439%3Bpopular_nearby_landmarks%3D900059238","","Lilys Nuwaraeliya","Nuwara Eliya","Scored 7.7","7.7","","Located in Nuwara Eliya, a 15-minute walk from Gregory Lake, Lilys Nuwaraeliya provides accommodations with a garden, free private parking, a shared lounge and a restaurant.","· 20 reviews","Opens in new window","Show prices","Good","Show on map","https://cf.bstatic.com/xdata/images/hotel/square600/655680986.webp?k=5ad34c4615f60e853b3ed0c5dcb96eee2e80014da0b12d9d865e872f4103d328&o="
"1777052628-134","https://www.booking.com/searchresults.html?label=bristol-XLwodozx2dVe8Ts0XeYuawS752260715469%3Apl%3Ata%3Ap1%3Ap2%3Aac%3Aap%3Aneg%3Afi%3Atikwd-869815001187%3Alp1009919%3Ali%3Adec%3Adm%3Appccp%3DUmFuZG9tSVYkc2RlIyh9YXdX6HrtnYy-Ml68sH-ljtU&aid=311984&dest_id=198&dest_type=country&group_adults=2&req_adults=2&no_rooms=1&broad_search_not_eligible=1&order=score&nflt=ht_id%3D204%3Bht_id%3D213%3Bht_id%3D201%3Bht_id%3D216%3Btop_destinations%3D6006%3Bpopular_nearby_landmarks%3D900053669%3Bpopular_nearby_landmarks%3D900059236%3Bpopular_nearby_landmarks%3D900059439%3Bpopular_nearby_landmarks%3D900059238","","Top Rich Hotel Nuwara Eliya","Nuwara Eliya City Centre, Nuwara Eliya","Scored 7.7","7.7","Location 9.3","Located in Nuwara Eliya, 1.8 miles from Gregory Lake, Top Rich Hotel Nuwara Eliya provides accommodations with a shared lounge, free private parking, a terrace and a restaurant.","· 19 reviews","Opens in new window","Show prices","Good","Show on map","https://cf.bstatic.com/xdata/images/hotel/square600/461079677.webp?k=4e83882d8b59cc55912e9727b1f814005decb73bb55a8c601c8470aa2ed54cfa&o="
"1777052628-135","https://www.booking.com/searchresults.html?label=bristol-XLwodozx2dVe8Ts0XeYuawS752260715469%3Apl%3Ata%3Ap1%3Ap2%3Aac%3Aap%3Aneg%3Afi%3Atikwd-869815001187%3Alp1009919%3Ali%3Adec%3Adm%3Appccp%3DUmFuZG9tSVYkc2RlIyh9YXdX6HrtnYy-Ml68sH-ljtU&aid=311984&dest_id=198&dest_type=country&group_adults=2&req_adults=2&no_rooms=1&broad_search_not_eligible=1&order=score&nflt=ht_id%3D204%3Bht_id%3D213%3Bht_id%3D201%3Bht_id%3D216%3Btop_destinations%3D6006%3Bpopular_nearby_landmarks%3D900053669%3Bpopular_nearby_landmarks%3D900059236%3Bpopular_nearby_landmarks%3D900059439%3Bpopular_nearby_landmarks%3D900059238","","Medalin Harmony","Lake Gregory, Nuwara Eliya (Lake Gregory)","Scored 7.7","7.7","","Offering a garden, Medalin Harmony offers accommodations in Nuwara Eliya. With free private parking, the property is a 15-minute walk from Gregory Lake and 5.1 miles from Hakgala Botanical Garden.","· 45 reviews","Opens in new window","Show prices","Good","Show on map","https://cf.bstatic.com/xdata/images/hotel/square600/433948192.webp?k=534820b819d527242d5b1c3b9849f28ce4271afd58a605ecccc8ede796cd2437&o="
"1777052628-136","https://www.booking.com/searchresults.html?label=bristol-XLwodozx2dVe8Ts0XeYuawS752260715469%3Apl%3Ata%3Ap1%3Ap2%3Aac%3Aap%3Aneg%3Afi%3Atikwd-869815001187%3Alp1009919%3Ali%3Adec%3Adm%3Appccp%3DUmFuZG9tSVYkc2RlIyh9YXdX6HrtnYy-Ml68sH-ljtU&aid=311984&dest_id=198&dest_type=country&group_adults=2&req_adults=2&no_rooms=1&broad_search_not_eligible=1&order=score&nflt=ht_id%3D204%3Bht_id%3D213%3Bht_id%3D201%3Bht_id%3D216%3Btop_destinations%3D6006%3Bpopular_nearby_landmarks%3D900053669%3Bpopular_nearby_landmarks%3D900059236%3Bpopular_nearby_landmarks%3D900059439%3Bpopular_nearby_landmarks%3D900059238","","Grace","Nuwara Eliya City Centre, Nuwara Eliya","Scored 7.7","7.7","","2.2 miles from Gregory Lake in the center of Nuwara Eliya, Grace provides accommodations with access to a garden. This guest house is 6.5 miles from Hakgala Botanical Garden.","· 50 reviews","Opens in new window","Show prices","Good","Show on map","https://cf.bstatic.com/xdata/images/hotel/square600/471063954.webp?k=a0298c89bf4fdfd05a1ca98a309796c2d2a61e8381d4613c50b39d70cfee7f3b&o="
"1777052628-137","https://www.booking.com/searchresults.html?label=bristol-XLwodozx2dVe8Ts0XeYuawS752260715469%3Apl%3Ata%3Ap1%3Ap2%3Aac%3Aap%3Aneg%3Afi%3Atikwd-869815001187%3Alp1009919%3Ali%3Adec%3Adm%3Appccp%3DUmFuZG9tSVYkc2RlIyh9YXdX6HrtnYy-Ml68sH-ljtU&aid=311984&dest_id=198&dest_type=country&group_adults=2&req_adults=2&no_rooms=1&broad_search_not_eligible=1&order=score&nflt=ht_id%3D204%3Bht_id%3D213%3Bht_id%3D201%3Bht_id%3D216%3Btop_destinations%3D6006%3Bpopular_nearby_landmarks%3D900053669%3Bpopular_nearby_landmarks%3D900059236%3Bpopular_nearby_landmarks%3D900059439%3Bpopular_nearby_landmarks%3D900059238","","Hotel Glendower","Nuwara Eliya City Centre, Nuwara Eliya","Scored 7.6","7.6","Location 9.3","Featuring free bikes and a restaurant, Hotel Glendower is located in Nuwara Eliya. This 3-star hotel offers a shared lounge and free WiFi.","· 216 reviews","Opens in new window","Show prices","Good","Show on map","https://cf.bstatic.com/xdata/images/hotel/square600/106880749.webp?k=b3e9119d4532f2cae6a907215345ce6353e5faca582364a8f2de4e1f47906127&o="
"1777052628-138","https://www.booking.com/searchresults.html?label=bristol-XLwodozx2dVe8Ts0XeYuawS752260715469%3Apl%3Ata%3Ap1%3Ap2%3Aac%3Aap%3Aneg%3Afi%3Atikwd-869815001187%3Alp1009919%3Ali%3Adec%3Adm%3Appccp%3DUmFuZG9tSVYkc2RlIyh9YXdX6HrtnYy-Ml68sH-ljtU&aid=311984&dest_id=198&dest_type=country&group_adults=2&req_adults=2&no_rooms=1&broad_search_not_eligible=1&order=score&nflt=ht_id%3D204%3Bht_id%3D213%3Bht_id%3D201%3Bht_id%3D216%3Btop_destinations%3D6006%3Bpopular_nearby_landmarks%3D900053669%3Bpopular_nearby_landmarks%3D900059236%3Bpopular_nearby_landmarks%3D900059439%3Bpopular_nearby_landmarks%3D900059238","","Oak Ray Golf Green","Nuwara Eliya City Centre, Nuwara Eliya","Scored 7.6","7.6","","Located 2297 feet from Nuwara Eliya bus station, Oak Ray Golf Green offers tranquil and comfortable accommodations surrounded by lush grenery. Free WiFi is accessible in its public areas.","· 199 reviews","Opens in new window","Show prices","Good","Show on map","https://cf.bstatic.com/xdata/images/hotel/square600/740400694.webp?k=ca65488c7e44a0d1e4a108e4ec9ac07acd0d176fea47a22161a954625013a397&o="
"1777052628-139","https://www.booking.com/searchresults.html?label=bristol-XLwodozx2dVe8Ts0XeYuawS752260715469%3Apl%3Ata%3Ap1%3Ap2%3Aac%3Aap%3Aneg%3Afi%3Atikwd-869815001187%3Alp1009919%3Ali%3Adec%3Adm%3Appccp%3DUmFuZG9tSVYkc2RlIyh9YXdX6HrtnYy-Ml68sH-ljtU&aid=311984&dest_id=198&dest_type=country&group_adults=2&req_adults=2&no_rooms=1&broad_search_not_eligible=1&order=score&nflt=ht_id%3D204%3Bht_id%3D213%3Bht_id%3D201%3Bht_id%3D216%3Btop_destinations%3D6006%3Bpopular_nearby_landmarks%3D900053669%3Bpopular_nearby_landmarks%3D900059236%3Bpopular_nearby_landmarks%3D900059439%3Bpopular_nearby_landmarks%3D900059238","","The Hill Club","Nuwara Eliya City Centre, Nuwara Eliya","Scored 7.6","7.6","","The Hill Club is a beautiful property surrounded by Nuwara Eliya’s lush greenery. The accommodations houses 39 well-appointed guestrooms with a DVD player and free Wi-Fi access.","· 227 reviews","Opens in new window","Show prices","Good","Show on map","https://cf.bstatic.com/xdata/images/hotel/square600/575268462.webp?k=e6d983bdd89339e5d8035a1efcf32b27a08790ca1cd4f86a80cb6c024bc27d9d&o="
"1777052628-140","https://www.booking.com/searchresults.html?label=bristol-XLwodozx2dVe8Ts0XeYuawS752260715469%3Apl%3Ata%3Ap1%3Ap2%3Aac%3Aap%3Aneg%3Afi%3Atikwd-869815001187%3Alp1009919%3Ali%3Adec%3Adm%3Appccp%3DUmFuZG9tSVYkc2RlIyh9YXdX6HrtnYy-Ml68sH-ljtU&aid=311984&dest_id=198&dest_type=country&group_adults=2&req_adults=2&no_rooms=1&broad_search_not_eligible=1&order=score&nflt=ht_id%3D204%3Bht_id%3D213%3Bht_id%3D201%3Bht_id%3D216%3Btop_destinations%3D6006%3Bpopular_nearby_landmarks%3D900053669%3Bpopular_nearby_landmarks%3D900059236%3Bpopular_nearby_landmarks%3D900059439%3Bpopular_nearby_landmarks%3D900059238","","Glenfall Guest","Nuwara Eliya City Centre, Nuwara Eliya","Scored 7.6","7.6","","Located in Nuwara Eliya, within 1.7 miles of Gregory Lake and 6 miles of Hakgala Botanical Garden, Glenfall Guest has accommodations with a garden as well as free private parking for guests who drive....","· 42 reviews","Opens in new window","Show prices","Good","Show on map","https://cf.bstatic.com/xdata/images/hotel/square600/813783419.webp?k=15d4ab3ba7a51253a352ba399f079f6cd0d7c8583b7df987c37d5889c417cfa6&o="
"1777052628-141","https://www.booking.com/searchresults.html?label=bristol-XLwodozx2dVe8Ts0XeYuawS752260715469%3Apl%3Ata%3Ap1%3Ap2%3Aac%3Aap%3Aneg%3Afi%3Atikwd-869815001187%3Alp1009919%3Ali%3Adec%3Adm%3Appccp%3DUmFuZG9tSVYkc2RlIyh9YXdX6HrtnYy-Ml68sH-ljtU&aid=311984&dest_id=198&dest_type=country&group_adults=2&req_adults=2&no_rooms=1&broad_search_not_eligible=1&order=score&nflt=ht_id%3D204%3Bht_id%3D213%3Bht_id%3D201%3Bht_id%3D216%3Btop_destinations%3D6006%3Bpopular_nearby_landmarks%3D900053669%3Bpopular_nearby_landmarks%3D900059236%3Bpopular_nearby_landmarks%3D900059439%3Bpopular_nearby_landmarks%3D900059238","","Thilina Hotel","Lake Gregory, Nuwara Eliya (Lake Gregory)","Scored 7.6","7.6","","Located in Nuwara Eliya, a 13-minute walk from Gregory Lake, Thilina Hotel has accommodations with a shared lounge, free private parking and a restaurant.","· 149 reviews","Opens in new window","Show prices","Good","Show on map","https://cf.bstatic.com/xdata/images/hotel/square600/586896922.webp?k=48904593101a741f9f3f8fa54fdd3c9d33fa0102f92b603216b15bc72a5d6417&o="
"1777052628-142","https://www.booking.com/searchresults.html?label=bristol-XLwodozx2dVe8Ts0XeYuawS752260715469%3Apl%3Ata%3Ap1%3Ap2%3Aac%3Aap%3Aneg%3Afi%3Atikwd-869815001187%3Alp1009919%3Ali%3Adec%3Adm%3Appccp%3DUmFuZG9tSVYkc2RlIyh9YXdX6HrtnYy-Ml68sH-ljtU&aid=311984&dest_id=198&dest_type=country&group_adults=2&req_adults=2&no_rooms=1&broad_search_not_eligible=1&order=score&nflt=ht_id%3D204%3Bht_id%3D213%3Bht_id%3D201%3Bht_id%3D216%3Btop_destinations%3D6006%3Bpopular_nearby_landmarks%3D900053669%3Bpopular_nearby_landmarks%3D900059236%3Bpopular_nearby_landmarks%3D900059439%3Bpopular_nearby_landmarks%3D900059238","","Kildare Cottage","Lake Gregory, Nuwara Eliya (Lake Gregory)","Scored 7.6","7.6","Value for money 8.6","Kildare Cottage offers accommodations in Nuwara Eliya, a 13-minute walk from Gregory Lake and 3.8 miles from Hakgala Botanical Garden.","· 12 reviews","Opens in new window","Show prices","Good","Show on map","https://cf.bstatic.com/xdata/images/hotel/square600/614274938.webp?k=10ee7bb978f4e82ebc5952f2ab8b5896ed8482f848340559e934c8e72a860cff&o="
"1777052628-143","https://www.booking.com/searchresults.html?label=bristol-XLwodozx2dVe8Ts0XeYuawS752260715469%3Apl%3Ata%3Ap1%3Ap2%3Aac%3Aap%3Aneg%3Afi%3Atikwd-869815001187%3Alp1009919%3Ali%3Adec%3Adm%3Appccp%3DUmFuZG9tSVYkc2RlIyh9YXdX6HrtnYy-Ml68sH-ljtU&aid=311984&dest_id=198&dest_type=country&group_adults=2&req_adults=2&no_rooms=1&broad_search_not_eligible=1&order=score&nflt=ht_id%3D204%3Bht_id%3D213%3Bht_id%3D201%3Bht_id%3D216%3Btop_destinations%3D6006%3Bpopular_nearby_landmarks%3D900053669%3Bpopular_nearby_landmarks%3D900059236%3Bpopular_nearby_landmarks%3D900059439%3Bpopular_nearby_landmarks%3D900059238","","King Castle Lake Front By Laksam","Lake Gregory, Nuwara Eliya (Lake Gregory)","Scored 7.6","7.6","","Located in Nuwara Eliya, a 6-minute walk from Gregory Lake, King Castle Lake Front By Laksam has accommodations with a garden, free private parking, a terrace and a restaurant.","· 40 reviews","Opens in new window","Show prices","Good","Show on map","https://cf.bstatic.com/xdata/images/hotel/square600/788439599.webp?k=bf9691eca78a0302a54ed8da332f993f5a6630edabdcc88ca53114ecee590248&o="
"1777052628-144","https://www.booking.com/searchresults.html?label=bristol-XLwodozx2dVe8Ts0XeYuawS752260715469%3Apl%3Ata%3Ap1%3Ap2%3Aac%3Aap%3Aneg%3Afi%3Atikwd-869815001187%3Alp1009919%3Ali%3Adec%3Adm%3Appccp%3DUmFuZG9tSVYkc2RlIyh9YXdX6HrtnYy-Ml68sH-ljtU&aid=311984&dest_id=198&dest_type=country&group_adults=2&req_adults=2&no_rooms=1&broad_search_not_eligible=1&order=score&nflt=ht_id%3D204%3Bht_id%3D213%3Bht_id%3D201%3Bht_id%3D216%3Btop_destinations%3D6006%3Bpopular_nearby_landmarks%3D900053669%3Bpopular_nearby_landmarks%3D900059236%3Bpopular_nearby_landmarks%3D900059439%3Bpopular_nearby_landmarks%3D900059238","","Blue Moon Hotel","Nuwara Eliya City Centre, Nuwara Eliya","Scored 7.5","7.5","","Offering a barbecue and views of the mountain, Blue Moon Hotel is located just 0.6 mi from Nuwara Eliya city center. Free private parking is available on site.","· 493 reviews","Opens in new window","Show prices","Good","Show on map","https://cf.bstatic.com/xdata/images/hotel/square600/791009065.webp?k=5782b3b07468f10e1ecdfd74a4372458f7535b6b8096302c993ebfc6666b5dec&o="
"1777052628-145","https://www.booking.com/searchresults.html?label=bristol-XLwodozx2dVe8Ts0XeYuawS752260715469%3Apl%3Ata%3Ap1%3Ap2%3Aac%3Aap%3Aneg%3Afi%3Atikwd-869815001187%3Alp1009919%3Ali%3Adec%3Adm%3Appccp%3DUmFuZG9tSVYkc2RlIyh9YXdX6HrtnYy-Ml68sH-ljtU&aid=311984&dest_id=198&dest_type=country&group_adults=2&req_adults=2&no_rooms=1&broad_search_not_eligible=1&order=score&nflt=ht_id%3D204%3Bht_id%3D213%3Bht_id%3D201%3Bht_id%3D216%3Btop_destinations%3D6006%3Bpopular_nearby_landmarks%3D900053669%3Bpopular_nearby_landmarks%3D900059236%3Bpopular_nearby_landmarks%3D900059439%3Bpopular_nearby_landmarks%3D900059238","","Sapu's Mountain breeze Nuwara Eliya","Nuwara Eliya City Centre, Nuwara Eliya","Scored 7.5","7.5","","Located in Nuwara Eliya, 1.2 mi from Gregory Lake, Sapu's Mountain breeze Nuwara Eliya features accommodations with a restaurant, free private parking, a shared lounge and a garden.","· 106 reviews","Opens in new window","Show prices","Good","Show on map","https://cf.bstatic.com/xdata/images/hotel/square600/525627288.webp?k=36917502811c3bf6502ded9a93a37d45105b1dde27eec04fa5945b5eb5067152&o="
"1777052628-146","https://www.booking.com/searchresults.html?label=bristol-XLwodozx2dVe8Ts0XeYuawS752260715469%3Apl%3Ata%3Ap1%3Ap2%3Aac%3Aap%3Aneg%3Afi%3Atikwd-869815001187%3Alp1009919%3Ali%3Adec%3Adm%3Appccp%3DUmFuZG9tSVYkc2RlIyh9YXdX6HrtnYy-Ml68sH-ljtU&aid=311984&dest_id=198&dest_type=country&group_adults=2&req_adults=2&no_rooms=1&broad_search_not_eligible=1&order=score&nflt=ht_id%3D204%3Bht_id%3D213%3Bht_id%3D201%3Bht_id%3D216%3Btop_destinations%3D6006%3Bpopular_nearby_landmarks%3D900053669%3Bpopular_nearby_landmarks%3D900059236%3Bpopular_nearby_landmarks%3D900059439%3Bpopular_nearby_landmarks%3D900059238","","Shangri-La","Nuwara Eliya City Centre, Nuwara Eliya","Scored 7.5","7.5","Value for money 8.5","Shangri-La offers accommodations in Nuwara Eliya, 6 miles from Hakgala Botanical Garden. This property offers access to a balcony, free private parking, and free Wifi.","· 8 reviews","Opens in new window","Show prices","Good","Show on map","https://cf.bstatic.com/xdata/images/hotel/square600/176870938.webp?k=aa81d645e865d00c96feec1f1b5663c42a756585dafaebffaa5a6370df5c81f5&o="
"1777052628-147","https://www.booking.com/searchresults.html?label=bristol-XLwodozx2dVe8Ts0XeYuawS752260715469%3Apl%3Ata%3Ap1%3Ap2%3Aac%3Aap%3Aneg%3Afi%3Atikwd-869815001187%3Alp1009919%3Ali%3Adec%3Adm%3Appccp%3DUmFuZG9tSVYkc2RlIyh9YXdX6HrtnYy-Ml68sH-ljtU&aid=311984&dest_id=198&dest_type=country&group_adults=2&req_adults=2&no_rooms=1&broad_search_not_eligible=1&order=score&nflt=ht_id%3D204%3Bht_id%3D213%3Bht_id%3D201%3Bht_id%3D216%3Btop_destinations%3D6006%3Bpopular_nearby_landmarks%3D900053669%3Bpopular_nearby_landmarks%3D900059236%3Bpopular_nearby_landmarks%3D900059439%3Bpopular_nearby_landmarks%3D900059238","","Forest Edge Holiday Inn","Nuwara Eliya City Centre, Nuwara Eliya","Scored 7.5","7.5","","Forest Edge Holiday Inn is located in the Nuwara Eliya City Centre district of Nuwara Eliya, and is 6 miles from Hakgala Botanical Garden.","· 28 reviews","Opens in new window","Show prices","Good","Show on map","https://cf.bstatic.com/xdata/images/hotel/square600/808171933.webp?k=c2a86558b2b472726a719cbe2a46a779c27e9c9508fbd6df9505a4a48c243173&o="
"1777052628-148","https://www.booking.com/searchresults.html?label=bristol-XLwodozx2dVe8Ts0XeYuawS752260715469%3Apl%3Ata%3Ap1%3Ap2%3Aac%3Aap%3Aneg%3Afi%3Atikwd-869815001187%3Alp1009919%3Ali%3Adec%3Adm%3Appccp%3DUmFuZG9tSVYkc2RlIyh9YXdX6HrtnYy-Ml68sH-ljtU&aid=311984&dest_id=198&dest_type=country&group_adults=2&req_adults=2&no_rooms=1&broad_search_not_eligible=1&order=score&nflt=ht_id%3D204%3Bht_id%3D213%3Bht_id%3D201%3Bht_id%3D216%3Btop_destinations%3D6006%3Bpopular_nearby_landmarks%3D900053669%3Bpopular_nearby_landmarks%3D900059236%3Bpopular_nearby_landmarks%3D900059439%3Bpopular_nearby_landmarks%3D900059238","","Hazel Town House","Nuwara Eliya City Centre, Nuwara Eliya","Scored 7.5","7.5","","Hazel Town House features rooms with free Wifi in the center of Nuwara Eliya. This guest house features a shared lounge.","· 23 reviews","Opens in new window","Show prices","Good","Show on map","https://cf.bstatic.com/xdata/images/hotel/square600/637513184.webp?k=6efaeb9b024793d5fb2d703beabd5918c67a8f269111d1569d1534fc38cb4ee3&o="
"1777052628-149","https://www.booking.com/searchresults.html?label=bristol-XLwodozx2dVe8Ts0XeYuawS752260715469%3Apl%3Ata%3Ap1%3Ap2%3Aac%3Aap%3Aneg%3Afi%3Atikwd-869815001187%3Alp1009919%3Ali%3Adec%3Adm%3Appccp%3DUmFuZG9tSVYkc2RlIyh9YXdX6HrtnYy-Ml68sH-ljtU&aid=311984&dest_id=198&dest_type=country&group_adults=2&req_adults=2&no_rooms=1&broad_search_not_eligible=1&order=score&nflt=ht_id%3D204%3Bht_id%3D213%3Bht_id%3D201%3Bht_id%3D216%3Btop_destinations%3D6006%3Bpopular_nearby_landmarks%3D900053669%3Bpopular_nearby_landmarks%3D900059236%3Bpopular_nearby_landmarks%3D900059439%3Bpopular_nearby_landmarks%3D900059238","","Windsor Hotel","Nuwara Eliya City Centre, Nuwara Eliya","Scored 7.4","7.4","","Located in Nuwara Eliya, 1.9 miles from Gregory Lake, Windsor Hotel provides accommodations with a garden, free private parking, a terrace and a restaurant.","· 45 reviews","Opens in new window","Show prices","Good","Show on map","https://cf.bstatic.com/xdata/images/hotel/square600/620153665.webp?k=ff5285cb549d175682e0053416f8fbffc0d73d3aa6f9540f9f7c6dbb994d80c6&o="
"1777052628-150","https://www.booking.com/searchresults.html?label=bristol-XLwodozx2dVe8Ts0XeYuawS752260715469%3Apl%3Ata%3Ap1%3Ap2%3Aac%3Aap%3Aneg%3Afi%3Atikwd-869815001187%3Alp1009919%3Ali%3Adec%3Adm%3Appccp%3DUmFuZG9tSVYkc2RlIyh9YXdX6HrtnYy-Ml68sH-ljtU&aid=311984&dest_id=198&dest_type=country&group_adults=2&req_adults=2&no_rooms=1&broad_search_not_eligible=1&order=score&nflt=ht_id%3D204%3Bht_id%3D213%3Bht_id%3D201%3Bht_id%3D216%3Btop_destinations%3D6006%3Bpopular_nearby_landmarks%3D900053669%3Bpopular_nearby_landmarks%3D900059236%3Bpopular_nearby_landmarks%3D900059439%3Bpopular_nearby_landmarks%3D900059238","","Huddle","Nuwara Eliya City Centre, Nuwara Eliya","Scored 7.4","7.4","","In a prime location in the center of Nuwara Eliya, Huddle is within 1.8 miles of Gregory Lake and 6.1 miles of Hakgala Botanical Garden.","· 173 reviews","Opens in new window","Show prices","Good","Show on map","https://cf.bstatic.com/xdata/images/hotel/square600/258402152.webp?k=b091d268ffb131c9cbd98193ee943cb41a0dcc04c5196da5887715792501e0d4&o="
"1777052628-151","https://www.booking.com/searchresults.html?label=bristol-XLwodozx2dVe8Ts0XeYuawS752260715469%3Apl%3Ata%3Ap1%3Ap2%3Aac%3Aap%3Aneg%3Afi%3Atikwd-869815001187%3Alp1009919%3Ali%3Adec%3Adm%3Appccp%3DUmFuZG9tSVYkc2RlIyh9YXdX6HrtnYy-Ml68sH-ljtU&aid=311984&dest_id=198&dest_type=country&group_adults=2&req_adults=2&no_rooms=1&broad_search_not_eligible=1&order=score&nflt=ht_id%3D204%3Bht_id%3D213%3Bht_id%3D201%3Bht_id%3D216%3Btop_destinations%3D6006%3Bpopular_nearby_landmarks%3D900053669%3Bpopular_nearby_landmarks%3D900059236%3Bpopular_nearby_landmarks%3D900059439%3Bpopular_nearby_landmarks%3D900059238","","The Hill Cliff Bunglow","Nuwara Eliya","Scored 7.4","7.4","","The Hill Cliff Bunglow is offering accommodations in Nuwara Eliya. 1.9 miles from Gregory Lake and 6.2 miles from Hakgala Botanical Garden, the property offers a garden and a shared lounge.","· 7 reviews","Opens in new window","Show prices","Good","Show on map","https://cf.bstatic.com/xdata/images/hotel/square600/732552522.webp?k=787ee265b8d23c89c89bc3d89d7fd9381fa4a103100c2c5a3437eca170bf18cb&o="
"1777052628-152","https://www.booking.com/searchresults.html?label=bristol-XLwodozx2dVe8Ts0XeYuawS752260715469%3Apl%3Ata%3Ap1%3Ap2%3Aac%3Aap%3Aneg%3Afi%3Atikwd-869815001187%3Alp1009919%3Ali%3Adec%3Adm%3Appccp%3DUmFuZG9tSVYkc2RlIyh9YXdX6HrtnYy-Ml68sH-ljtU&aid=311984&dest_id=198&dest_type=country&group_adults=2&req_adults=2&no_rooms=1&broad_search_not_eligible=1&order=score&nflt=ht_id%3D204%3Bht_id%3D213%3Bht_id%3D201%3Bht_id%3D216%3Btop_destinations%3D6006%3Bpopular_nearby_landmarks%3D900053669%3Bpopular_nearby_landmarks%3D900059236%3Bpopular_nearby_landmarks%3D900059439%3Bpopular_nearby_landmarks%3D900059238","","Nuwara Eliya Golf Club","Nuwara Eliya City Centre, Nuwara Eliya","Scored 7.4","7.4","Location 9.5","6.1 miles from Hakgala Botanical Garden, Nuwara Eliya Golf Club provides 3-star accommodations in the Nuwara Eliya City Centre district of Nuwara Eliya.","· 5 reviews","Opens in new window","Show prices","Good","Show on map","https://cf.bstatic.com/xdata/images/hotel/square600/723813024.webp?k=3a7fb9a65db4d49185e41fe1b1cd7209179755ed8a988a7e8086a169c5149bfa&o="
"1777052628-153","https://www.booking.com/searchresults.html?label=bristol-XLwodozx2dVe8Ts0XeYuawS752260715469%3Apl%3Ata%3Ap1%3Ap2%3Aac%3Aap%3Aneg%3Afi%3Atikwd-869815001187%3Alp1009919%3Ali%3Adec%3Adm%3Appccp%3DUmFuZG9tSVYkc2RlIyh9YXdX6HrtnYy-Ml68sH-ljtU&aid=311984&dest_id=198&dest_type=country&group_adults=2&req_adults=2&no_rooms=1&broad_search_not_eligible=1&order=score&nflt=ht_id%3D204%3Bht_id%3D213%3Bht_id%3D201%3Bht_id%3D216%3Btop_destinations%3D6006%3Bpopular_nearby_landmarks%3D900053669%3Bpopular_nearby_landmarks%3D900059236%3Bpopular_nearby_landmarks%3D900059439%3Bpopular_nearby_landmarks%3D900059238","","Nive Inn","Nuwara Eliya","Scored 7.4","7.4","","Offering garden views, Nive Inn in Nuwara Eliya features accommodations and a garden. With lake views, this accommodation offers a balcony.","· 22 reviews","Opens in new window","Show prices","Good","Show on map","https://cf.bstatic.com/xdata/images/hotel/square600/445414863.webp?k=21b8d8559c3ca52da42c81ae10d2ad2009fdf188110c31407777d0c3910177bd&o="
"1777052628-154","https://www.booking.com/searchresults.html?label=bristol-XLwodozx2dVe8Ts0XeYuawS752260715469%3Apl%3Ata%3Ap1%3Ap2%3Aac%3Aap%3Aneg%3Afi%3Atikwd-869815001187%3Alp1009919%3Ali%3Adec%3Adm%3Appccp%3DUmFuZG9tSVYkc2RlIyh9YXdX6HrtnYy-Ml68sH-ljtU&aid=311984&dest_id=198&dest_type=country&group_adults=2&req_adults=2&no_rooms=1&broad_search_not_eligible=1&order=score&nflt=ht_id%3D204%3Bht_id%3D213%3Bht_id%3D201%3Bht_id%3D216%3Btop_destinations%3D6006%3Bpopular_nearby_landmarks%3D900053669%3Bpopular_nearby_landmarks%3D900059236%3Bpopular_nearby_landmarks%3D900059439%3Bpopular_nearby_landmarks%3D900059238","","Araliya Red - Budget friendly Hotel- Where you find stunning 360 panoramic view of Nuwara Eliya","Nuwara Eliya City Centre, Nuwara Eliya","Scored 7.3","7.3","","Located in Nuwara Eliya, 1.3 miles from Gregory Lake, Araliya Red - Budget friendly Hotel- Where you find stunning 360 panoramic view of Nuwara Eliya has accommodations with a fitness center, free...","· 544 reviews","Opens in new window","Show prices","Good","Show on map","https://cf.bstatic.com/xdata/images/hotel/square600/578206953.webp?k=8299c18755e8b44b603731f14eb89eef26eced0783a32acac567400baaadb4a8&o="
"1777052628-155","https://www.booking.com/searchresults.html?label=bristol-XLwodozx2dVe8Ts0XeYuawS752260715469%3Apl%3Ata%3Ap1%3Ap2%3Aac%3Aap%3Aneg%3Afi%3Atikwd-869815001187%3Alp1009919%3Ali%3Adec%3Adm%3Appccp%3DUmFuZG9tSVYkc2RlIyh9YXdX6HrtnYy-Ml68sH-ljtU&aid=311984&dest_id=198&dest_type=country&group_adults=2&req_adults=2&no_rooms=1&broad_search_not_eligible=1&order=score&nflt=ht_id%3D204%3Bht_id%3D213%3Bht_id%3D201%3Bht_id%3D216%3Btop_destinations%3D6006%3Bpopular_nearby_landmarks%3D900053669%3Bpopular_nearby_landmarks%3D900059236%3Bpopular_nearby_landmarks%3D900059439%3Bpopular_nearby_landmarks%3D900059238","","Lake Infinity Luxury Condos","Nuwara Eliya","Scored 7.2","7.2","","Offering a garden, Lake Infinity Luxury Condos provides accommodations in Nuwara Eliya. With garden views, this accommodation features a balcony.","· 586 reviews","Opens in new window","Show prices","Good","Show on map","https://cf.bstatic.com/xdata/images/hotel/square600/290532550.webp?k=6d0d5228e09cfdacb957cbf607b810036b76d18344e6c7dce3e566a2d9f00c82&o="
"1777052628-156","https://www.booking.com/searchresults.html?label=bristol-XLwodozx2dVe8Ts0XeYuawS752260715469%3Apl%3Ata%3Ap1%3Ap2%3Aac%3Aap%3Aneg%3Afi%3Atikwd-869815001187%3Alp1009919%3Ali%3Adec%3Adm%3Appccp%3DUmFuZG9tSVYkc2RlIyh9YXdX6HrtnYy-Ml68sH-ljtU&aid=311984&dest_id=198&dest_type=country&group_adults=2&req_adults=2&no_rooms=1&broad_search_not_eligible=1&order=score&nflt=ht_id%3D204%3Bht_id%3D213%3Bht_id%3D201%3Bht_id%3D216%3Btop_destinations%3D6006%3Bpopular_nearby_landmarks%3D900053669%3Bpopular_nearby_landmarks%3D900059236%3Bpopular_nearby_landmarks%3D900059439%3Bpopular_nearby_landmarks%3D900059238","","Maha Royal Hotel","Lake Gregory, Nuwara Eliya (Lake Gregory)","Scored 7.2","7.2","","Providing lake views, Maha Royal Hotel in Nuwara Eliya provides accommodations and a garden. This property offers access to a terrace, free private parking, and free Wifi.","· 53 reviews","Opens in new window","Show prices","Good","Show on map","https://cf.bstatic.com/xdata/images/hotel/square600/672301508.webp?k=a18ef1795213b0c827fa92d5bc3ace6e203a4719366f3f9c09b80fc7eff43bb4&o="
"1777052628-157","https://www.booking.com/searchresults.html?label=bristol-XLwodozx2dVe8Ts0XeYuawS752260715469%3Apl%3Ata%3Ap1%3Ap2%3Aac%3Aap%3Aneg%3Afi%3Atikwd-869815001187%3Alp1009919%3Ali%3Adec%3Adm%3Appccp%3DUmFuZG9tSVYkc2RlIyh9YXdX6HrtnYy-Ml68sH-ljtU&aid=311984&dest_id=198&dest_type=country&group_adults=2&req_adults=2&no_rooms=1&broad_search_not_eligible=1&order=score&nflt=ht_id%3D204%3Bht_id%3D213%3Bht_id%3D201%3Bht_id%3D216%3Btop_destinations%3D6006%3Bpopular_nearby_landmarks%3D900053669%3Bpopular_nearby_landmarks%3D900059236%3Bpopular_nearby_landmarks%3D900059439%3Bpopular_nearby_landmarks%3D900059238","","Siumi Rest","Centre Area, Nallathanniya","Scored 7.2","7.2","","Featuring a garden, a terrace as well as a restaurant, Siumi Rest is located in the center of Nallathanniya, a 5-minute walk from Adam's Peak.","· 42 reviews","Opens in new window","Show prices","Good","Show on map","https://cf.bstatic.com/xdata/images/hotel/square600/632453571.webp?k=4c30995cd75bbd3b7cf6d25726c1732147528d13cc012d79d4c91a8dd0504bfc&o="
"1777052628-158","https://www.booking.com/searchresults.html?label=bristol-XLwodozx2dVe8Ts0XeYuawS752260715469%3Apl%3Ata%3Ap1%3Ap2%3Aac%3Aap%3Aneg%3Afi%3Atikwd-869815001187%3Alp1009919%3Ali%3Adec%3Adm%3Appccp%3DUmFuZG9tSVYkc2RlIyh9YXdX6HrtnYy-Ml68sH-ljtU&aid=311984&dest_id=198&dest_type=country&group_adults=2&req_adults=2&no_rooms=1&broad_search_not_eligible=1&order=score&nflt=ht_id%3D204%3Bht_id%3D213%3Bht_id%3D201%3Bht_id%3D216%3Btop_destinations%3D6006%3Bpopular_nearby_landmarks%3D900053669%3Bpopular_nearby_landmarks%3D900059236%3Bpopular_nearby_landmarks%3D900059439%3Bpopular_nearby_landmarks%3D900059238","","MANUDI Glenfallsedge Rest","Nuwara Eliya","Scored 7.1","7.1","","MANUDI Glenfallsedge Rest is located just 1312 feet from the scenic Nuwara Eliya Golf Club and Royal Colombo Golf Club. Free WiFi access is available.","· 91 reviews","Opens in new window","Show prices","Good","Show on map","https://cf.bstatic.com/xdata/images/hotel/square600/416039005.webp?k=efd3551e3466b9f9db73a5836b1eb3b7f4086e841053449ae63aa3d48083d4dc&o="
"1777052628-159","https://www.booking.com/searchresults.html?label=bristol-XLwodozx2dVe8Ts0XeYuawS752260715469%3Apl%3Ata%3Ap1%3Ap2%3Aac%3Aap%3Aneg%3Afi%3Atikwd-869815001187%3Alp1009919%3Ali%3Adec%3Adm%3Appccp%3DUmFuZG9tSVYkc2RlIyh9YXdX6HrtnYy-Ml68sH-ljtU&aid=311984&dest_id=198&dest_type=country&group_adults=2&req_adults=2&no_rooms=1&broad_search_not_eligible=1&order=score&nflt=ht_id%3D204%3Bht_id%3D213%3Bht_id%3D201%3Bht_id%3D216%3Btop_destinations%3D6006%3Bpopular_nearby_landmarks%3D900053669%3Bpopular_nearby_landmarks%3D900059236%3Bpopular_nearby_landmarks%3D900059439%3Bpopular_nearby_landmarks%3D900059238","","The Queensburry City Hotel","Nuwara Eliya City Centre, Nuwara Eliya","Scored 7.1","7.1","","Featuring free WiFi and a restaurant, The Queensburry Hotel offers accommodations in Nuwara Eliya. The hotel has a terrace and views of the mountains, and guests can enjoy a meal at the restaurant.","· 197 reviews","Opens in new window","Show prices","Good","Show on map","https://cf.bstatic.com/xdata/images/hotel/square600/173093732.webp?k=8634adffa304b771974da3e1c9696b627fc49a91b46e9c803d4950fed78156ca&o="
"1777052628-160","https://www.booking.com/searchresults.html?label=bristol-XLwodozx2dVe8Ts0XeYuawS752260715469%3Apl%3Ata%3Ap1%3Ap2%3Aac%3Aap%3Aneg%3Afi%3Atikwd-869815001187%3Alp1009919%3Ali%3Adec%3Adm%3Appccp%3DUmFuZG9tSVYkc2RlIyh9YXdX6HrtnYy-Ml68sH-ljtU&aid=311984&dest_id=198&dest_type=country&group_adults=2&req_adults=2&no_rooms=1&broad_search_not_eligible=1&order=score&nflt=ht_id%3D204%3Bht_id%3D213%3Bht_id%3D201%3Bht_id%3D216%3Btop_destinations%3D6006%3Bpopular_nearby_landmarks%3D900053669%3Bpopular_nearby_landmarks%3D900059236%3Bpopular_nearby_landmarks%3D900059439%3Bpopular_nearby_landmarks%3D900059238","","White Elephant Hotel","Centre Area, Maskeliya","Scored 7.1","7.1","","Located in Maskeliya, a 11-minute walk from Adam's Peak, White Elephant Hotel provides accommodations with a garden, free private parking, a shared lounge and a restaurant.","· 20 reviews","Opens in new window","Show prices","Good","Show on map","https://cf.bstatic.com/xdata/images/hotel/square600/178093358.webp?k=b6e5930689c27c30ef6f39c800f54a329b7e5275482ab97029b68b0323e47d5e&o="
"1777052628-161","https://www.booking.com/searchresults.html?label=bristol-XLwodozx2dVe8Ts0XeYuawS752260715469%3Apl%3Ata%3Ap1%3Ap2%3Aac%3Aap%3Aneg%3Afi%3Atikwd-869815001187%3Alp1009919%3Ali%3Adec%3Adm%3Appccp%3DUmFuZG9tSVYkc2RlIyh9YXdX6HrtnYy-Ml68sH-ljtU&aid=311984&dest_id=198&dest_type=country&group_adults=2&req_adults=2&no_rooms=1&broad_search_not_eligible=1&order=score&nflt=ht_id%3D204%3Bht_id%3D213%3Bht_id%3D201%3Bht_id%3D216%3Btop_destinations%3D6006%3Bpopular_nearby_landmarks%3D900053669%3Bpopular_nearby_landmarks%3D900059236%3Bpopular_nearby_landmarks%3D900059439%3Bpopular_nearby_landmarks%3D900059238","","Eco Creations Nuwaraeliya","Lake Gregory, Nuwara Eliya (Lake Gregory)","Scored 7.0","7.0","","Located in Nuwara Eliya, a 6-minute walk from Gregory Lake, Eco Creations Nuwaraeliya has accommodations with a garden, free private parking, a shared lounge and a terrace.","· 38 reviews","Opens in new window","Show prices","Good","Show on map","https://cf.bstatic.com/xdata/images/hotel/square600/224836957.webp?k=40d9cd9e1b5740067570f98c7a35c39678933a012f34dcc846f739b4bf47365f&o="
"1777052628-162","https://www.booking.com/searchresults.html?label=bristol-XLwodozx2dVe8Ts0XeYuawS752260715469%3Apl%3Ata%3Ap1%3Ap2%3Aac%3Aap%3Aneg%3Afi%3Atikwd-869815001187%3Alp1009919%3Ali%3Adec%3Adm%3Appccp%3DUmFuZG9tSVYkc2RlIyh9YXdX6HrtnYy-Ml68sH-ljtU&aid=311984&dest_id=198&dest_type=country&group_adults=2&req_adults=2&no_rooms=1&broad_search_not_eligible=1&order=score&nflt=ht_id%3D204%3Bht_id%3D213%3Bht_id%3D201%3Bht_id%3D216%3Btop_destinations%3D6006%3Bpopular_nearby_landmarks%3D900053669%3Bpopular_nearby_landmarks%3D900059236%3Bpopular_nearby_landmarks%3D900059439%3Bpopular_nearby_landmarks%3D900059238","","The Grand Royal Luxury Apartment","Nuwara Eliya City Centre, Nuwara Eliya","Scored 7.0","7.0","","The Grand Royal Luxury Apartment offers accommodations in Nuwara Eliya, 6 miles from Hakgala Botanical Garden. This apartment features free private parking, a 24-hour front desk, and free Wifi.","· 43 reviews","Opens in new window","Show prices","Good","Show on map","https://cf.bstatic.com/xdata/images/hotel/square600/310310077.webp?k=b71bb0f1e0b9fc058ffd3f67bf341f61a76d123058d6454f791f8ac65a4c4285&o="
"1777052628-163","https://www.booking.com/searchresults.html?label=bristol-XLwodozx2dVe8Ts0XeYuawS752260715469%3Apl%3Ata%3Ap1%3Ap2%3Aac%3Aap%3Aneg%3Afi%3Atikwd-869815001187%3Alp1009919%3Ali%3Adec%3Adm%3Appccp%3DUmFuZG9tSVYkc2RlIyh9YXdX6HrtnYy-Ml68sH-ljtU&aid=311984&dest_id=198&dest_type=country&group_adults=2&req_adults=2&no_rooms=1&broad_search_not_eligible=1&order=score&nflt=ht_id%3D204%3Bht_id%3D213%3Bht_id%3D201%3Bht_id%3D216%3Btop_destinations%3D6006%3Bpopular_nearby_landmarks%3D900053669%3Bpopular_nearby_landmarks%3D900059236%3Bpopular_nearby_landmarks%3D900059439%3Bpopular_nearby_landmarks%3D900059238","","Big Mountain Havelock Cottage","Nuwara Eliya","Scored 7.0","7.0","","Big Mountain Havelock Cottage offers accommodations in Nuwara Eliya, 1.7 miles from Gregory Lake and 4.6 miles from Hakgala Botanical Garden.","· 7 reviews","Opens in new window","Show prices","Good","Show on map","https://cf.bstatic.com/xdata/images/hotel/square600/646624180.webp?k=9d19a75013b3056c57f5d030d88e2378e03a013a06d1c69ea1419353b8a7425e&o="
"1777052628-164","https://www.booking.com/searchresults.html?label=bristol-XLwodozx2dVe8Ts0XeYuawS752260715469%3Apl%3Ata%3Ap1%3Ap2%3Aac%3Aap%3Aneg%3Afi%3Atikwd-869815001187%3Alp1009919%3Ali%3Adec%3Adm%3Appccp%3DUmFuZG9tSVYkc2RlIyh9YXdX6HrtnYy-Ml68sH-ljtU&aid=311984&dest_id=198&dest_type=country&group_adults=2&req_adults=2&no_rooms=1&broad_search_not_eligible=1&order=score&nflt=ht_id%3D204%3Bht_id%3D213%3Bht_id%3D201%3Bht_id%3D216%3Btop_destinations%3D6006%3Bpopular_nearby_landmarks%3D900053669%3Bpopular_nearby_landmarks%3D900059236%3Bpopular_nearby_landmarks%3D900059439%3Bpopular_nearby_landmarks%3D900059238","","Forest View Rest Nuwaraeliya","Nuwara Eliya","Scored 7.0","7.0","","Forest View Rest Nuwaraeliya is offering accommodations in Nuwara Eliya. With free private parking, the property is 2.2 miles from Gregory Lake and 6.4 miles from Hakgala Botanical Garden.","· 6 reviews","Opens in new window","Show prices","Good","Show on map","https://cf.bstatic.com/xdata/images/hotel/square600/833946756.webp?k=1575deb636a0e768cc42eb1e0590d6467b489b20f26b3cd756b2e5b61acf18ac&o="
"1777052628-165","https://www.booking.com/searchresults.html?label=bristol-XLwodozx2dVe8Ts0XeYuawS752260715469%3Apl%3Ata%3Ap1%3Ap2%3Aac%3Aap%3Aneg%3Afi%3Atikwd-869815001187%3Alp1009919%3Ali%3Adec%3Adm%3Appccp%3DUmFuZG9tSVYkc2RlIyh9YXdX6HrtnYy-Ml68sH-ljtU&aid=311984&dest_id=198&dest_type=country&group_adults=2&req_adults=2&no_rooms=1&broad_search_not_eligible=1&order=score&nflt=ht_id%3D204%3Bht_id%3D213%3Bht_id%3D201%3Bht_id%3D216%3Btop_destinations%3D6006%3Bpopular_nearby_landmarks%3D900053669%3Bpopular_nearby_landmarks%3D900059236%3Bpopular_nearby_landmarks%3D900059439%3Bpopular_nearby_landmarks%3D900059238","","Manuka Hillwood Hotel","Nuwara Eliya City Centre, Nuwara Eliya","Scored 6.9","6.9","","Located in Nuwara Eliya, 1.3 miles from Gregory Lake, Manuka Hillwood Hotel has accommodations with a garden, free private parking, a shared lounge and a terrace.","· 33 reviews","Opens in new window","Show prices","Review score","Show on map","https://cf.bstatic.com/xdata/images/hotel/square600/296444640.webp?k=59b7d512cea5dd99e5da42244fb3696d8ef3d374ed22c327ed2cc08bf1c1d4e2&o="
"1777052628-166","https://www.booking.com/searchresults.html?label=bristol-XLwodozx2dVe8Ts0XeYuawS752260715469%3Apl%3Ata%3Ap1%3Ap2%3Aac%3Aap%3Aneg%3Afi%3Atikwd-869815001187%3Alp1009919%3Ali%3Adec%3Adm%3Appccp%3DUmFuZG9tSVYkc2RlIyh9YXdX6HrtnYy-Ml68sH-ljtU&aid=311984&dest_id=198&dest_type=country&group_adults=2&req_adults=2&no_rooms=1&broad_search_not_eligible=1&order=score&nflt=ht_id%3D204%3Bht_id%3D213%3Bht_id%3D201%3Bht_id%3D216%3Btop_destinations%3D6006%3Bpopular_nearby_landmarks%3D900053669%3Bpopular_nearby_landmarks%3D900059236%3Bpopular_nearby_landmarks%3D900059439%3Bpopular_nearby_landmarks%3D900059238","","Elegant Holiday Home","Nuwara Eliya","Scored 6.8","6.8","","Elegant Holiday Home enjoys a location in Nuwara Eliya, a 9-minute walk from Gregory Lake and 4.4 miles from Hakgala Botanical Garden. This guest house features a garden.","· 21 reviews","Opens in new window","Show prices","Review score","Show on map","https://cf.bstatic.com/xdata/images/hotel/square600/448587371.webp?k=ab4d62f51f0c89355de83078327fbc62fdea78bd32ef772f615cd2cea0668967&o="
"1777052628-167","https://www.booking.com/searchresults.html?label=bristol-XLwodozx2dVe8Ts0XeYuawS752260715469%3Apl%3Ata%3Ap1%3Ap2%3Aac%3Aap%3Aneg%3Afi%3Atikwd-869815001187%3Alp1009919%3Ali%3Adec%3Adm%3Appccp%3DUmFuZG9tSVYkc2RlIyh9YXdX6HrtnYy-Ml68sH-ljtU&aid=311984&dest_id=198&dest_type=country&group_adults=2&req_adults=2&no_rooms=1&broad_search_not_eligible=1&order=score&nflt=ht_id%3D204%3Bht_id%3D213%3Bht_id%3D201%3Bht_id%3D216%3Btop_destinations%3D6006%3Bpopular_nearby_landmarks%3D900053669%3Bpopular_nearby_landmarks%3D900059236%3Bpopular_nearby_landmarks%3D900059439%3Bpopular_nearby_landmarks%3D900059238","","Niwasa House Nuwaraeliya","Nuwara Eliya City Centre, Nuwara Eliya","Scored 6.6","6.6","","Niwasa House Nuwaraeliya offers accommodations in Nuwara Eliya, 6.5 miles from Hakgala Botanical Garden. This property offers access to a balcony, free private parking, and free Wifi.","· 211 reviews","Opens in new window","Show prices","Review score","Show on map","https://cf.bstatic.com/xdata/images/hotel/square600/414512318.webp?k=322d16738f1107e5b8585c19ae8e51355b46577c4581cc29713e15e4565009a8&o="
"1777052628-168","https://www.booking.com/searchresults.html?label=bristol-XLwodozx2dVe8Ts0XeYuawS752260715469%3Apl%3Ata%3Ap1%3Ap2%3Aac%3Aap%3Aneg%3Afi%3Atikwd-869815001187%3Alp1009919%3Ali%3Adec%3Adm%3Appccp%3DUmFuZG9tSVYkc2RlIyh9YXdX6HrtnYy-Ml68sH-ljtU&aid=311984&dest_id=198&dest_type=country&group_adults=2&req_adults=2&no_rooms=1&broad_search_not_eligible=1&order=score&nflt=ht_id%3D204%3Bht_id%3D213%3Bht_id%3D201%3Bht_id%3D216%3Btop_destinations%3D6006%3Bpopular_nearby_landmarks%3D900053669%3Bpopular_nearby_landmarks%3D900059236%3Bpopular_nearby_landmarks%3D900059439%3Bpopular_nearby_landmarks%3D900059238","","Lanka Guest","Nuwara Eliya City Centre, Nuwara Eliya","Scored 6.6","6.6","","Lanka Guest in Nuwara Eliya provides accommodations with a garden and a shared lounge. This guest house features free private parking and a shared kitchen.","· 20 reviews","Opens in new window","Show prices","Review score","Show on map","https://cf.bstatic.com/xdata/images/hotel/square600/711835724.webp?k=6c034cd49b0ebe6ac2dffd1c463440ce244c0559d3d0ee0155778afa390fede0&o="
"1777052628-169","https://www.booking.com/searchresults.html?label=bristol-XLwodozx2dVe8Ts0XeYuawS752260715469%3Apl%3Ata%3Ap1%3Ap2%3Aac%3Aap%3Aneg%3Afi%3Atikwd-869815001187%3Alp1009919%3Ali%3Adec%3Adm%3Appccp%3DUmFuZG9tSVYkc2RlIyh9YXdX6HrtnYy-Ml68sH-ljtU&aid=311984&dest_id=198&dest_type=country&group_adults=2&req_adults=2&no_rooms=1&broad_search_not_eligible=1&order=score&nflt=ht_id%3D204%3Bht_id%3D213%3Bht_id%3D201%3Bht_id%3D216%3Btop_destinations%3D6006%3Bpopular_nearby_landmarks%3D900053669%3Bpopular_nearby_landmarks%3D900059236%3Bpopular_nearby_landmarks%3D900059439%3Bpopular_nearby_landmarks%3D900059238","","White City Villa","Lake Gregory, Nuwara Eliya (Lake Gregory)","Scored 6.3","6.3","","Located in Nuwara Eliya, within a 16-minute walk of Gregory Lake and 4.9 miles of Hakgala Botanical Garden, White City Villa has accommodations with a garden and free WiFi as well as free private...","· 68 reviews","Opens in new window","Show prices","Review score","Show on map","https://cf.bstatic.com/xdata/images/hotel/square600/678896207.webp?k=5b35c881feb8c1a7f39eb96dd2519d04333801469199b7a5b84ea117d5a91e08&o="
"1777052628-170","https://www.booking.com/searchresults.html?label=bristol-XLwodozx2dVe8Ts0XeYuawS752260715469%3Apl%3Ata%3Ap1%3Ap2%3Aac%3Aap%3Aneg%3Afi%3Atikwd-869815001187%3Alp1009919%3Ali%3Adec%3Adm%3Appccp%3DUmFuZG9tSVYkc2RlIyh9YXdX6HrtnYy-Ml68sH-ljtU&aid=311984&dest_id=198&dest_type=country&group_adults=2&req_adults=2&no_rooms=1&broad_search_not_eligible=1&order=score&nflt=ht_id%3D204%3Bht_id%3D213%3Bht_id%3D201%3Bht_id%3D216%3Btop_destinations%3D6006%3Bpopular_nearby_landmarks%3D900053669%3Bpopular_nearby_landmarks%3D900059236%3Bpopular_nearby_landmarks%3D900059439%3Bpopular_nearby_landmarks%3D900059238","","Moonstone Apartment Nuwaraeliya","Nuwara Eliya","Scored 6.2","6.2","","Featuring free bikes, Moonstone Apartment Nuwaraeliya features accommodations in Nuwara Eliya.","· 8 reviews","Opens in new window","Show prices","Review score","Show on map","https://cf.bstatic.com/xdata/images/hotel/square600/757059466.webp?k=8ab2f468cd461a58e2d810b257c7e94ebbce72b1a8062df4ac124b5902a933c7&o="
"1777052628-171","https://www.booking.com/searchresults.html?label=bristol-XLwodozx2dVe8Ts0XeYuawS752260715469%3Apl%3Ata%3Ap1%3Ap2%3Aac%3Aap%3Aneg%3Afi%3Atikwd-869815001187%3Alp1009919%3Ali%3Adec%3Adm%3Appccp%3DUmFuZG9tSVYkc2RlIyh9YXdX6HrtnYy-Ml68sH-ljtU&aid=311984&dest_id=198&dest_type=country&group_adults=2&req_adults=2&no_rooms=1&broad_search_not_eligible=1&order=score&nflt=ht_id%3D204%3Bht_id%3D213%3Bht_id%3D201%3Bht_id%3D216%3Btop_destinations%3D6006%3Bpopular_nearby_landmarks%3D900053669%3Bpopular_nearby_landmarks%3D900059236%3Bpopular_nearby_landmarks%3D900059439%3Bpopular_nearby_landmarks%3D900059238","","Glenfalls Rest","Nuwara Eliya City Centre, Nuwara Eliya","Scored 5.8","5.8","","Located in Nuwara Eliya, 1.7 miles from Gregory Lake, Glenfalls Rest provides accommodations with a garden, free private parking, a shared lounge and a terrace.","· 11 reviews","Opens in new window","Show prices","Review score","Show on map","https://cf.bstatic.com/xdata/images/hotel/square600/537223096.webp?k=7b9ba0fb28faf566c37ebb8b951afa43e00311a80a5e322d13ff9ddab607da0c&o="
"1777052628-172","https://www.booking.com/searchresults.html?label=bristol-XLwodozx2dVe8Ts0XeYuawS752260715469%3Apl%3Ata%3Ap1%3Ap2%3Aac%3Aap%3Aneg%3Afi%3Atikwd-869815001187%3Alp1009919%3Ali%3Adec%3Adm%3Appccp%3DUmFuZG9tSVYkc2RlIyh9YXdX6HrtnYy-Ml68sH-ljtU&aid=311984&dest_id=198&dest_type=country&group_adults=2&req_adults=2&no_rooms=1&broad_search_not_eligible=1&order=score&nflt=ht_id%3D204%3Bht_id%3D213%3Bht_id%3D201%3Bht_id%3D216%3Btop_destinations%3D6006%3Bpopular_nearby_landmarks%3D900053669%3Bpopular_nearby_landmarks%3D900059236%3Bpopular_nearby_landmarks%3D900059439%3Bpopular_nearby_landmarks%3D900059238","","Minu's Cabana Nuwara Eliya","Lake Gregory, Nuwara Eliya (Lake Gregory)","Scored 5.6","5.6","","Minu's Cabana Nuwara Eliya is located in Nuwara Eliya, just a 18-minute walk from Gregory Lake and 4.9 miles from Hakgala Botanical Garden.","· 5 reviews","Opens in new window","Show prices","Review score","Show on map","https://cf.bstatic.com/xdata/images/hotel/square600/609554039.webp?k=c1c5080926e25547c072b7bd6f5922d830fab2b057277f7758a0a90c780b2a0d&o="
"1777052628-173","https://www.booking.com/searchresults.html?label=bristol-XLwodozx2dVe8Ts0XeYuawS752260715469%3Apl%3Ata%3Ap1%3Ap2%3Aac%3Aap%3Aneg%3Afi%3Atikwd-869815001187%3Alp1009919%3Ali%3Adec%3Adm%3Appccp%3DUmFuZG9tSVYkc2RlIyh9YXdX6HrtnYy-Ml68sH-ljtU&aid=311984&dest_id=198&dest_type=country&group_adults=2&req_adults=2&no_rooms=1&broad_search_not_eligible=1&order=score&nflt=ht_id%3D204%3Bht_id%3D213%3Bht_id%3D201%3Bht_id%3D216%3Btop_destinations%3D6006%3Bpopular_nearby_landmarks%3D900053669%3Bpopular_nearby_landmarks%3D900059236%3Bpopular_nearby_landmarks%3D900059439%3Bpopular_nearby_landmarks%3D900059238","","Eden Hill Hotel","Lake Gregory, Nuwara Eliya (Lake Gregory)","Scored 5.5","5.5","","Located in the Lake Gregory district of Nuwara Eliya, Eden Hill Hotel is a 11-minute walk from Gregory Lake and 4.8 miles from Hakgala Botanical Garden. This 5-star hotel offers room service.","· 42 reviews","Opens in new window","Show prices","Review score","Show on map","https://cf.bstatic.com/xdata/images/hotel/square600/513694230.webp?k=e817a88a31b7397cfc0be7622ab7aed968e31758fba7ba64e7449932218df11f&o="
"1777052628-174","https://www.booking.com/searchresults.html?label=bristol-XLwodozx2dVe8Ts0XeYuawS752260715469%3Apl%3Ata%3Ap1%3Ap2%3Aac%3Aap%3Aneg%3Afi%3Atikwd-869815001187%3Alp1009919%3Ali%3Adec%3Adm%3Appccp%3DUmFuZG9tSVYkc2RlIyh9YXdX6HrtnYy-Ml68sH-ljtU&aid=311984&dest_id=198&dest_type=country&group_adults=2&req_adults=2&no_rooms=1&broad_search_not_eligible=1&order=score&nflt=ht_id%3D204%3Bht_id%3D213%3Bht_id%3D201%3Bht_id%3D216%3Btop_destinations%3D6006%3Bpopular_nearby_landmarks%3D900053669%3Bpopular_nearby_landmarks%3D900059236%3Bpopular_nearby_landmarks%3D900059439%3Bpopular_nearby_landmarks%3D900059238","","Pure Land Villa","Nallathaniya","Scored 5.1","5.1","","Featuring a garden, Pure Land Villa is located in Nallathaniya in the Nuwara Eliya District region, a few steps from Adam's Peak and 19 miles from Hatton Railway Station. The inn has family rooms.","· 32 reviews","Opens in new window","Show prices","Review score","Show on map","https://cf.bstatic.com/xdata/images/hotel/square600/573162270.webp?k=10043e9e05e9e27ac300e3354ce4a6212b657e5273ff230c051931166450db16&o="
"1777052628-175","https://www.booking.com/searchresults.html?label=bristol-XLwodozx2dVe8Ts0XeYuawS752260715469%3Apl%3Ata%3Ap1%3Ap2%3Aac%3Aap%3Aneg%3Afi%3Atikwd-869815001187%3Alp1009919%3Ali%3Adec%3Adm%3Appccp%3DUmFuZG9tSVYkc2RlIyh9YXdX6HrtnYy-Ml68sH-ljtU&aid=311984&dest_id=198&dest_type=country&group_adults=2&req_adults=2&no_rooms=1&broad_search_not_eligible=1&order=score&nflt=ht_id%3D204%3Bht_id%3D213%3Bht_id%3D201%3Bht_id%3D216%3Btop_destinations%3D6006%3Bpopular_nearby_landmarks%3D900053669%3Bpopular_nearby_landmarks%3D900059236%3Bpopular_nearby_landmarks%3D900059439%3Bpopular_nearby_landmarks%3D900059238","","Lady Horton Bungalow","Lake Gregory, Nuwara Eliya (Lake Gregory)","Scored 5.0","5.0","","Lady Horton Bungalow in Nuwara Eliya provides accommodations with a garden and a shared lounge. This guest house offers free private parking, a shared kitchen, and free Wifi.","· 58 reviews","Opens in new window","Show prices","Review score","Show on map","https://cf.bstatic.com/xdata/images/hotel/square600/283859739.webp?k=28275e598e1f322872149ee513ab865384ca5900f396ad79b2529a945232a197&o="
"1777052628-176","https://www.booking.com/searchresults.html?label=bristol-XLwodozx2dVe8Ts0XeYuawS752260715469%3Apl%3Ata%3Ap1%3Ap2%3Aac%3Aap%3Aneg%3Afi%3Atikwd-869815001187%3Alp1009919%3Ali%3Adec%3Adm%3Appccp%3DUmFuZG9tSVYkc2RlIyh9YXdX6HrtnYy-Ml68sH-ljtU&aid=311984&dest_id=198&dest_type=country&group_adults=2&req_adults=2&no_rooms=1&broad_search_not_eligible=1&order=score&nflt=ht_id%3D204%3Bht_id%3D213%3Bht_id%3D201%3Bht_id%3D216%3Btop_destinations%3D6006%3Bpopular_nearby_landmarks%3D900053669%3Bpopular_nearby_landmarks%3D900059236%3Bpopular_nearby_landmarks%3D900059439%3Bpopular_nearby_landmarks%3D900059238","","Hill Paradise Nuwaraeliya","Lake Gregory, Nuwara Eliya (Lake Gregory)","Scored 4.3","4.3","","Providing a garden, Hill Paradise Nuwaraeliya features accommodations in Nuwara Eliya. There's a private entrance at the guest house for the convenience of those who stay.","· 20 reviews","Opens in new window","Show prices","Review score","Show on map","https://cf.bstatic.com/xdata/images/hotel/square600/803394679.webp?k=cdfd1da0728b667de852d5f06d825abd0fd902fa4151da2f4066210c25c28da2&o="
"1777052628-177","https://www.booking.com/searchresults.html?label=bristol-XLwodozx2dVe8Ts0XeYuawS752260715469%3Apl%3Ata%3Ap1%3Ap2%3Aac%3Aap%3Aneg%3Afi%3Atikwd-869815001187%3Alp1009919%3Ali%3Adec%3Adm%3Appccp%3DUmFuZG9tSVYkc2RlIyh9YXdX6HrtnYy-Ml68sH-ljtU&aid=311984&dest_id=198&dest_type=country&group_adults=2&req_adults=2&no_rooms=1&broad_search_not_eligible=1&order=score&nflt=ht_id%3D204%3Bht_id%3D213%3Bht_id%3D201%3Bht_id%3D216%3Btop_destinations%3D6006%3Bpopular_nearby_landmarks%3D900053669%3Bpopular_nearby_landmarks%3D900059236%3Bpopular_nearby_landmarks%3D900059439%3Bpopular_nearby_landmarks%3D900059238","","Inroma Holiday Resort","Nuwara Eliya City Centre, Nuwara Eliya","Scored 3.4","3.4","","Located in Nuwara Eliya, 1.5 miles from Gregory Lake, Inroma Holiday Resort has accommodations with a garden, free private parking, a terrace and a restaurant.","· 5 reviews","Opens in new window","Show prices","Review score","Show on map","https://cf.bstatic.com/xdata/images/hotel/square600/266238762.webp?k=1f9ceca58ee232bf91708eb0daac9f902e019034b1eade6e8b07b0f1cb0e0151&o="
"1777052628-178","https://www.booking.com/searchresults.html?label=bristol-XLwodozx2dVe8Ts0XeYuawS752260715469%3Apl%3Ata%3Ap1%3Ap2%3Aac%3Aap%3Aneg%3Afi%3Atikwd-869815001187%3Alp1009919%3Ali%3Adec%3Adm%3Appccp%3DUmFuZG9tSVYkc2RlIyh9YXdX6HrtnYy-Ml68sH-ljtU&aid=311984&dest_id=198&dest_type=country&group_adults=2&req_adults=2&no_rooms=1&broad_search_not_eligible=1&order=score&nflt=ht_id%3D204%3Bht_id%3D213%3Bht_id%3D201%3Bht_id%3D216%3Btop_destinations%3D6006%3Bpopular_nearby_landmarks%3D900053669%3Bpopular_nearby_landmarks%3D900059236%3Bpopular_nearby_landmarks%3D900059439%3Bpopular_nearby_landmarks%3D900059238","","NAT CITY Hotel","Nuwara Eliya City Centre, Nuwara Eliya","","","","In a prime location in the center of Nuwara Eliya, NAT CITY Hotel provides free WiFi throughout the property, a shared lounge and free private parking for guests who drive.","","Opens in new window","Show prices","","Show on map","https://cf.bstatic.com/xdata/images/hotel/square600/836127431.webp?k=8dd9430386054eeb90a221c7ba29429b77dde73d140967d22b46168593a6c0b0&o="
"1777052628-179","https://www.booking.com/searchresults.html?label=bristol-XLwodozx2dVe8Ts0XeYuawS752260715469%3Apl%3Ata%3Ap1%3Ap2%3Aac%3Aap%3Aneg%3Afi%3Atikwd-869815001187%3Alp1009919%3Ali%3Adec%3Adm%3Appccp%3DUmFuZG9tSVYkc2RlIyh9YXdX6HrtnYy-Ml68sH-ljtU&aid=311984&dest_id=198&dest_type=country&group_adults=2&req_adults=2&no_rooms=1&broad_search_not_eligible=1&order=score&nflt=ht_id%3D204%3Bht_id%3D213%3Bht_id%3D201%3Bht_id%3D216%3Btop_destinations%3D6006%3Bpopular_nearby_landmarks%3D900053669%3Bpopular_nearby_landmarks%3D900059236%3Bpopular_nearby_landmarks%3D900059439%3Bpopular_nearby_landmarks%3D900059238","","The Lakeside Stay","Nuwara Eliya","Scored 10","10","Value for money 10","The Lakeside Stay offers accommodations in Nuwara Eliya, 1.2 miles from Gregory Lake and 3.9 miles from Hakgala Botanical Garden.","· 2 reviews","Opens in new window","Show prices","Exceptional","Show on map","https://cf.bstatic.com/xdata/images/hotel/square600/847567738.webp?k=325994dd06075a1b1a738f8af3b94d9bb0a5cea6d1d5110366075e395a75cc6b&o="
"1777052628-180","https://www.booking.com/searchresults.html?label=bristol-XLwodozx2dVe8Ts0XeYuawS752260715469%3Apl%3Ata%3Ap1%3Ap2%3Aac%3Aap%3Aneg%3Afi%3Atikwd-869815001187%3Alp1009919%3Ali%3Adec%3Adm%3Appccp%3DUmFuZG9tSVYkc2RlIyh9YXdX6HrtnYy-Ml68sH-ljtU&aid=311984&dest_id=198&dest_type=country&group_adults=2&req_adults=2&no_rooms=1&broad_search_not_eligible=1&order=score&nflt=ht_id%3D204%3Bht_id%3D213%3Bht_id%3D201%3Bht_id%3D216%3Btop_destinations%3D6006%3Bpopular_nearby_landmarks%3D900053669%3Bpopular_nearby_landmarks%3D900059236%3Bpopular_nearby_landmarks%3D900059439%3Bpopular_nearby_landmarks%3D900059238","","Kings Valley Nuwara Eliya","Lake Gregory, Nuwara Eliya (Lake Gregory)","","","","Located in Nuwara Eliya, within a 16-minute walk of Gregory Lake and 4.8 miles of Hakgala Botanical Garden, Kings Valley Nuwara Eliya has accommodations with a garden and free WiFi throughout the...","","Opens in new window","Show prices","","Show on map","https://cf.bstatic.com/xdata/images/hotel/square600/848361355.webp?k=cf85be638a80f136fc6208557dae644ea12386ee8916390f17e104e9ed22f48c&o="
"1777052628-181","https://www.booking.com/searchresults.html?label=bristol-XLwodozx2dVe8Ts0XeYuawS752260715469%3Apl%3Ata%3Ap1%3Ap2%3Aac%3Aap%3Aneg%3Afi%3Atikwd-869815001187%3Alp1009919%3Ali%3Adec%3Adm%3Appccp%3DUmFuZG9tSVYkc2RlIyh9YXdX6HrtnYy-Ml68sH-ljtU&aid=311984&dest_id=198&dest_type=country&group_adults=2&req_adults=2&no_rooms=1&broad_search_not_eligible=1&order=score&nflt=ht_id%3D204%3Bht_id%3D213%3Bht_id%3D201%3Bht_id%3D216%3Btop_destinations%3D6006%3Bpopular_nearby_landmarks%3D900053669%3Bpopular_nearby_landmarks%3D900059236%3Bpopular_nearby_landmarks%3D900059439%3Bpopular_nearby_landmarks%3D900059238","","New Vacation Villa","Nuwara Eliya","","","","New Vacation Villa enjoys a location in Nuwara Eliya, 1.6 miles from Gregory Lake and 5.8 miles from Hakgala Botanical Garden.","","Opens in new window","Show prices","","Show on map","https://cf.bstatic.com/xdata/images/hotel/square600/825242629.webp?k=b6d08164cd6d8b8c2b5f76ad858667f00c0e2a4583d2ad2bd0ef9fd444fd2e35&o="
"1777052628-182","https://www.booking.com/searchresults.html?label=bristol-XLwodozx2dVe8Ts0XeYuawS752260715469%3Apl%3Ata%3Ap1%3Ap2%3Aac%3Aap%3Aneg%3Afi%3Atikwd-869815001187%3Alp1009919%3Ali%3Adec%3Adm%3Appccp%3DUmFuZG9tSVYkc2RlIyh9YXdX6HrtnYy-Ml68sH-ljtU&aid=311984&dest_id=198&dest_type=country&group_adults=2&req_adults=2&no_rooms=1&broad_search_not_eligible=1&order=score&nflt=ht_id%3D204%3Bht_id%3D213%3Bht_id%3D201%3Bht_id%3D216%3Btop_destinations%3D6006%3Bpopular_nearby_landmarks%3D900053669%3Bpopular_nearby_landmarks%3D900059236%3Bpopular_nearby_landmarks%3D900059439%3Bpopular_nearby_landmarks%3D900059238","","Minds Homestay","Nuwara Eliya","","","","Housed in a building dating from 2020, this apartment is a 16-minute walk from Gregory Lake and 4.8 miles from Hakgala Botanical Garden.","","Opens in new window","Show prices","","Show on map","https://cf.bstatic.com/xdata/images/hotel/square600/832294916.webp?k=e2de264b07ba9ddc6dfcb03c30a10cdce2115f1dfbd23a6aa8944aa2589de430&o="
"1777052628-183","https://www.booking.com/searchresults.html?label=bristol-XLwodozx2dVe8Ts0XeYuawS752260715469%3Apl%3Ata%3Ap1%3Ap2%3Aac%3Aap%3Aneg%3Afi%3Atikwd-869815001187%3Alp1009919%3Ali%3Adec%3Adm%3Appccp%3DUmFuZG9tSVYkc2RlIyh9YXdX6HrtnYy-Ml68sH-ljtU&aid=311984&dest_id=198&dest_type=country&group_adults=2&req_adults=2&no_rooms=1&broad_search_not_eligible=1&order=score&nflt=ht_id%3D204%3Bht_id%3D213%3Bht_id%3D201%3Bht_id%3D216%3Btop_destinations%3D6006%3Bpopular_nearby_landmarks%3D900053669%3Bpopular_nearby_landmarks%3D900059236%3Bpopular_nearby_landmarks%3D900059439%3Bpopular_nearby_landmarks%3D900059238","","Lake View by IJ - With direct View of Lake Gregory and Mountains","Lake Gregory, Nuwara Eliya (Lake Gregory)","","","","Featuring garden views, Lake View by IJ - With direct View of Lake Gregory and Mountains in Nuwara Eliya offers accommodations and a garden.","","Opens in new window","Show prices","","Show on map","https://cf.bstatic.com/xdata/images/hotel/square600/856324939.webp?k=4d9c545146f1f93cca138180e1706359b763d3643ba1246c2cce42c4e5e2dba1&o="
"1777052628-184","https://www.booking.com/searchresults.html?label=bristol-XLwodozx2dVe8Ts0XeYuawS752260715469%3Apl%3Ata%3Ap1%3Ap2%3Aac%3Aap%3Aneg%3Afi%3Atikwd-869815001187%3Alp1009919%3Ali%3Adec%3Adm%3Appccp%3DUmFuZG9tSVYkc2RlIyh9YXdX6HrtnYy-Ml68sH-ljtU&aid=311984&dest_id=198&dest_type=country&group_adults=2&req_adults=2&no_rooms=1&broad_search_not_eligible=1&order=score&nflt=ht_id%3D204%3Bht_id%3D213%3Bht_id%3D201%3Bht_id%3D216%3Btop_destinations%3D6006%3Bpopular_nearby_landmarks%3D900053669%3Bpopular_nearby_landmarks%3D900059236%3Bpopular_nearby_landmarks%3D900059439%3Bpopular_nearby_landmarks%3D900059238","","LILAC Cottage","Lake Gregory, Nuwara Eliya (Lake Gregory)","Scored 6.0","6.0","","LILAC Cottage offers accommodations in Nuwara Eliya, a 12-minute walk from Gregory Lake and 3.8 miles from Hakgala Botanical Garden. This property offers access to a terrace and free private parking.","· 1 review","Opens in new window","Show prices","Review score","Show on map","https://cf.bstatic.com/xdata/images/hotel/square600/850092290.webp?k=a53d39334c5913f17bf644c0b83793ff135bf191f4751ac8bdfca57cfed60e8a&o="
"1777052628-185","https://www.booking.com/searchresults.html?label=bristol-XLwodozx2dVe8Ts0XeYuawS752260715469%3Apl%3Ata%3Ap1%3Ap2%3Aac%3Aap%3Aneg%3Afi%3Atikwd-869815001187%3Alp1009919%3Ali%3Adec%3Adm%3Appccp%3DUmFuZG9tSVYkc2RlIyh9YXdX6HrtnYy-Ml68sH-ljtU&aid=311984&dest_id=198&dest_type=country&group_adults=2&req_adults=2&no_rooms=1&broad_search_not_eligible=1&order=score&nflt=ht_id%3D204%3Bht_id%3D213%3Bht_id%3D201%3Bht_id%3D216%3Btop_destinations%3D6006%3Bpopular_nearby_landmarks%3D900053669%3Bpopular_nearby_landmarks%3D900059236%3Bpopular_nearby_landmarks%3D900059439%3Bpopular_nearby_landmarks%3D900059238","","Villa Red Brick, Nuwara Eliya","Nuwara Eliya","","","","Villa Red Brick, Nuwara Eliya is located in Nuwara Eliya, just one mile from Gregory Lake and 4.9 miles from Hakgala Botanical Garden.","","Opens in new window","Show prices","","Show on map","https://cf.bstatic.com/xdata/images/hotel/square600/818419483.webp?k=9fb16fae9f92e9e6ac4897796dee5d173dfaf48b08366a98f484db973a4e1ff5&o="
"1777052628-186","https://www.booking.com/searchresults.html?label=bristol-XLwodozx2dVe8Ts0XeYuawS752260715469%3Apl%3Ata%3Ap1%3Ap2%3Aac%3Aap%3Aneg%3Afi%3Atikwd-869815001187%3Alp1009919%3Ali%3Adec%3Adm%3Appccp%3DUmFuZG9tSVYkc2RlIyh9YXdX6HrtnYy-Ml68sH-ljtU&aid=311984&dest_id=198&dest_type=country&group_adults=2&req_adults=2&no_rooms=1&broad_search_not_eligible=1&order=score&nflt=ht_id%3D204%3Bht_id%3D213%3Bht_id%3D201%3Bht_id%3D216%3Btop_destinations%3D6006%3Bpopular_nearby_landmarks%3D900053669%3Bpopular_nearby_landmarks%3D900059236%3Bpopular_nearby_landmarks%3D900059439%3Bpopular_nearby_landmarks%3D900059238","","Jaithra Inn","Nuwara Eliya City Centre, Nuwara Eliya","","","","Attractively set in the center of Nuwara Eliya, Jaithra Inn has free WiFi throughout the property, a terrace and free private parking for guests who drive.","","Opens in new window","Show prices","","Show on map","https://cf.bstatic.com/xdata/images/hotel/square600/736478927.webp?k=2a6881f21122f9a9f555cbe4cf18248a35cb026605e98dd2e9f14142795b4a11&o="
"1777052628-187","https://www.booking.com/searchresults.html?label=bristol-XLwodozx2dVe8Ts0XeYuawS752260715469%3Apl%3Ata%3Ap1%3Ap2%3Aac%3Aap%3Aneg%3Afi%3Atikwd-869815001187%3Alp1009919%3Ali%3Adec%3Adm%3Appccp%3DUmFuZG9tSVYkc2RlIyh9YXdX6HrtnYy-Ml68sH-ljtU&aid=311984&dest_id=198&dest_type=country&group_adults=2&req_adults=2&no_rooms=1&broad_search_not_eligible=1&order=score&nflt=ht_id%3D204%3Bht_id%3D213%3Bht_id%3D201%3Bht_id%3D216%3Btop_destinations%3D6006%3Bpopular_nearby_landmarks%3D900053669%3Bpopular_nearby_landmarks%3D900059236%3Bpopular_nearby_landmarks%3D900059439%3Bpopular_nearby_landmarks%3D900059238","","Ashley Resorts - Nuwara Eliya","Nuwara Eliya","","","","Ashley Resorts - Nuwara Eliya in Nuwara Eliya provides accommodations with a garden and a terrace. This property offers access to a balcony, free private parking, and free Wifi.","","Opens in new window","Show prices","","Show on map","https://cf.bstatic.com/xdata/images/hotel/square600/842357526.webp?k=a172279793d810b9aca612025b400478fbb01b4706dd8caf75ea205d9bb1fc20&o="
"1777052628-188","https://www.booking.com/searchresults.html?label=bristol-XLwodozx2dVe8Ts0XeYuawS752260715469%3Apl%3Ata%3Ap1%3Ap2%3Aac%3Aap%3Aneg%3Afi%3Atikwd-869815001187%3Alp1009919%3Ali%3Adec%3Adm%3Appccp%3DUmFuZG9tSVYkc2RlIyh9YXdX6HrtnYy-Ml68sH-ljtU&aid=311984&dest_id=198&dest_type=country&group_adults=2&req_adults=2&no_rooms=1&broad_search_not_eligible=1&order=score&nflt=ht_id%3D204%3Bht_id%3D213%3Bht_id%3D201%3Bht_id%3D216%3Btop_destinations%3D6006%3Bpopular_nearby_landmarks%3D900053669%3Bpopular_nearby_landmarks%3D900059236%3Bpopular_nearby_landmarks%3D900059439%3Bpopular_nearby_landmarks%3D900059238","","MGM Daisy Resorts","Nuwara Eliya","Scored 7.5","7.5","Value for money 8.8","Located in Nuwara Eliya, 2.5 miles from Gregory Lake, MGM Daisy Resorts has accommodations with a garden, free private parking and a terrace.","· 2 reviews","Opens in new window","Show prices","Good","Show on map","https://cf.bstatic.com/xdata/images/hotel/square600/837099713.webp?k=7d65da84f1d6ed7f49434e2b69b8acbeb71df5cc434b3adee430f0266548bac5&o="
"1777052628-189","https://www.booking.com/searchresults.html?label=bristol-XLwodozx2dVe8Ts0XeYuawS752260715469%3Apl%3Ata%3Ap1%3Ap2%3Aac%3Aap%3Aneg%3Afi%3Atikwd-869815001187%3Alp1009919%3Ali%3Adec%3Adm%3Appccp%3DUmFuZG9tSVYkc2RlIyh9YXdX6HrtnYy-Ml68sH-ljtU&aid=311984&dest_id=198&dest_type=country&group_adults=2&req_adults=2&no_rooms=1&broad_search_not_eligible=1&order=score&nflt=ht_id%3D204%3Bht_id%3D213%3Bht_id%3D201%3Bht_id%3D216%3Btop_destinations%3D6006%3Bpopular_nearby_landmarks%3D900053669%3Bpopular_nearby_landmarks%3D900059236%3Bpopular_nearby_landmarks%3D900059439%3Bpopular_nearby_landmarks%3D900059238","","Panthera Fort Nuwara Eliya","Nuwara Eliya City Centre, Nuwara Eliya","Scored 9.0","9.0","Value for money 10","Panthera Fort Nuwara Eliya offers accommodations in Nuwara Eliya, 5.7 miles from Hakgala Botanical Garden. This property offers access to a balcony, free private parking, and free Wifi.","· 1 review","Opens in new window","Show prices","Wonderful","Show on map","https://cf.bstatic.com/xdata/images/hotel/square600/833782679.webp?k=13a74277f0089e34ae61dbde754434ec83a843df870ed724f22783d2e75722d8&o="
"1777052628-190","https://www.booking.com/searchresults.html?label=bristol-XLwodozx2dVe8Ts0XeYuawS752260715469%3Apl%3Ata%3Ap1%3Ap2%3Aac%3Aap%3Aneg%3Afi%3Atikwd-869815001187%3Alp1009919%3Ali%3Adec%3Adm%3Appccp%3DUmFuZG9tSVYkc2RlIyh9YXdX6HrtnYy-Ml68sH-ljtU&aid=311984&dest_id=198&dest_type=country&group_adults=2&req_adults=2&no_rooms=1&broad_search_not_eligible=1&order=score&nflt=ht_id%3D204%3Bht_id%3D213%3Bht_id%3D201%3Bht_id%3D216%3Btop_destinations%3D6006%3Bpopular_nearby_landmarks%3D900053669%3Bpopular_nearby_landmarks%3D900059236%3Bpopular_nearby_landmarks%3D900059439%3Bpopular_nearby_landmarks%3D900059238","","Maples Holiday Resort","Lake Gregory, Nuwara Eliya (Lake Gregory)","","","","Located in Nuwara Eliya, a 18-minute walk from Gregory Lake, Maples Holiday Resort provides accommodations with a garden, free private parking, a shared lounge and a restaurant.","","Opens in new window","Show prices","","Show on map","https://cf.bstatic.com/xdata/images/hotel/square600/840659027.webp?k=56ef0623bb6a55eabbca35ac23e3d34db46749516f4bf3b25e285de96833d4de&o="
"1777052628-191","https://www.booking.com/searchresults.html?label=bristol-XLwodozx2dVe8Ts0XeYuawS752260715469%3Apl%3Ata%3Ap1%3Ap2%3Aac%3Aap%3Aneg%3Afi%3Atikwd-869815001187%3Alp1009919%3Ali%3Adec%3Adm%3Appccp%3DUmFuZG9tSVYkc2RlIyh9YXdX6HrtnYy-Ml68sH-ljtU&aid=311984&dest_id=198&dest_type=country&group_adults=2&req_adults=2&no_rooms=1&broad_search_not_eligible=1&order=score&nflt=ht_id%3D204%3Bht_id%3D213%3Bht_id%3D201%3Bht_id%3D216%3Btop_destinations%3D6006%3Bpopular_nearby_landmarks%3D900053669%3Bpopular_nearby_landmarks%3D900059236%3Bpopular_nearby_landmarks%3D900059439%3Bpopular_nearby_landmarks%3D900059238","","Hill Rise Luxury Villa & Stables by Edwards Collection - Nuwara Eliya","Lake Gregory, Nuwara Eliya (Lake Gregory)","","","","Hill Rise Luxury Villa & Stables by Edwards Collection - Nuwara Eliya features accommodations in Nuwara Eliya.","","Opens in new window","Show prices","","Show on map","https://cf.bstatic.com/xdata/images/hotel/square600/74307478.webp?k=441f6b5d15911f86a601b2f53148460a5e97143eb766540f448f08414c083127&o="
"1777052628-192","https://www.booking.com/searchresults.html?label=bristol-XLwodozx2dVe8Ts0XeYuawS752260715469%3Apl%3Ata%3Ap1%3Ap2%3Aac%3Aap%3Aneg%3Afi%3Atikwd-869815001187%3Alp1009919%3Ali%3Adec%3Adm%3Appccp%3DUmFuZG9tSVYkc2RlIyh9YXdX6HrtnYy-Ml68sH-ljtU&aid=311984&dest_id=198&dest_type=country&group_adults=2&req_adults=2&no_rooms=1&broad_search_not_eligible=1&order=score&nflt=ht_id%3D204%3Bht_id%3D213%3Bht_id%3D201%3Bht_id%3D216%3Btop_destinations%3D6006%3Bpopular_nearby_landmarks%3D900053669%3Bpopular_nearby_landmarks%3D900059236%3Bpopular_nearby_landmarks%3D900059439%3Bpopular_nearby_landmarks%3D900059238","","Callisto","Nuwara Eliya","","","","Located in Nuwara Eliya, a 14-minute walk from Gregory Lake, Callisto provides accommodations with a garden, free private parking and a shared lounge.","","Opens in new window","Show prices","","Show on map","https://cf.bstatic.com/xdata/images/hotel/square600/840937617.webp?k=bcca5d9431b1e2f98e002ac7cef0ec27cacc617ceea1a29f7648274907cd46a1&o="
"1777052628-193","https://www.booking.com/searchresults.html?label=bristol-XLwodozx2dVe8Ts0XeYuawS752260715469%3Apl%3Ata%3Ap1%3Ap2%3Aac%3Aap%3Aneg%3Afi%3Atikwd-869815001187%3Alp1009919%3Ali%3Adec%3Adm%3Appccp%3DUmFuZG9tSVYkc2RlIyh9YXdX6HrtnYy-Ml68sH-ljtU&aid=311984&dest_id=198&dest_type=country&group_adults=2&req_adults=2&no_rooms=1&broad_search_not_eligible=1&order=score&nflt=ht_id%3D204%3Bht_id%3D213%3Bht_id%3D201%3Bht_id%3D216%3Btop_destinations%3D6006%3Bpopular_nearby_landmarks%3D900053669%3Bpopular_nearby_landmarks%3D900059236%3Bpopular_nearby_landmarks%3D900059439%3Bpopular_nearby_landmarks%3D900059238","","Golden Lion Luxury Residency","Nuwara Eliya","Scored 10","10","Value for money 8.8","Golden Lion Luxury Residency offers accommodations in Nuwara Eliya, 1.2 miles from Gregory Lake and 3.9 miles from Hakgala Botanical Garden.","· 2 reviews","Opens in new window","Show prices","Exceptional","Show on map","https://cf.bstatic.com/xdata/images/hotel/square600/812275787.webp?k=9fbadc4574fa1184c87a02afb94f13de26fcb0fb8fb1d3501c218c28fc650275&o="
"1777052628-194","https://www.booking.com/searchresults.html?label=bristol-XLwodozx2dVe8Ts0XeYuawS752260715469%3Apl%3Ata%3Ap1%3Ap2%3Aac%3Aap%3Aneg%3Afi%3Atikwd-869815001187%3Alp1009919%3Ali%3Adec%3Adm%3Appccp%3DUmFuZG9tSVYkc2RlIyh9YXdX6HrtnYy-Ml68sH-ljtU&aid=311984&dest_id=198&dest_type=country&group_adults=2&req_adults=2&no_rooms=1&broad_search_not_eligible=1&order=score&nflt=ht_id%3D204%3Bht_id%3D213%3Bht_id%3D201%3Bht_id%3D216%3Btop_destinations%3D6006%3Bpopular_nearby_landmarks%3D900053669%3Bpopular_nearby_landmarks%3D900059236%3Bpopular_nearby_landmarks%3D900059439%3Bpopular_nearby_landmarks%3D900059238","","Siriseth Gregory Lake Inn is not just a stay it is a boutique lakefwront experience in the heart of Nuwara Eliya","Lake Gregory, Nuwara Eliya (Lake Gregory)","","","","Siriseth Gregory Lake Inn is not just a stay it is a boutique lakefwront experience in the heart of Nuwara Eliya in Nuwara Eliya provides accommodations with a garden and a terrace.","","Opens in new window","Show prices","","Show on map","https://cf.bstatic.com/xdata/images/hotel/square600/838516293.webp?k=3725ab8aa8b71a9fe58d6936f869710320286962d04004220f8942d496c7b0be&o="
"1777052628-195","https://www.booking.com/searchresults.html?label=bristol-XLwodozx2dVe8Ts0XeYuawS752260715469%3Apl%3Ata%3Ap1%3Ap2%3Aac%3Aap%3Aneg%3Afi%3Atikwd-869815001187%3Alp1009919%3Ali%3Adec%3Adm%3Appccp%3DUmFuZG9tSVYkc2RlIyh9YXdX6HrtnYy-Ml68sH-ljtU&aid=311984&dest_id=198&dest_type=country&group_adults=2&req_adults=2&no_rooms=1&broad_search_not_eligible=1&order=score&nflt=ht_id%3D204%3Bht_id%3D213%3Bht_id%3D201%3Bht_id%3D216%3Btop_destinations%3D6006%3Bpopular_nearby_landmarks%3D900053669%3Bpopular_nearby_landmarks%3D900059236%3Bpopular_nearby_landmarks%3D900059439%3Bpopular_nearby_landmarks%3D900059238","","Bluewing Apartments Nuwaraeliya","Nuwara Eliya","","","","Offering a garden, Bluewing Apartments Nuwaraeliya offers accommodations in Nuwara Eliya. This property offers access to a terrace, free private parking, and free Wifi.","","Opens in new window","Show prices","","Show on map","https://cf.bstatic.com/xdata/images/hotel/square600/835989917.webp?k=6a947ce82b406f7acb48dae4f7e458180c77a1521a9f55abebfc8742e339b206&o="
"1777052628-196","https://www.booking.com/searchresults.html?label=bristol-XLwodozx2dVe8Ts0XeYuawS752260715469%3Apl%3Ata%3Ap1%3Ap2%3Aac%3Aap%3Aneg%3Afi%3Atikwd-869815001187%3Alp1009919%3Ali%3Adec%3Adm%3Appccp%3DUmFuZG9tSVYkc2RlIyh9YXdX6HrtnYy-Ml68sH-ljtU&aid=311984&dest_id=198&dest_type=country&group_adults=2&req_adults=2&no_rooms=1&broad_search_not_eligible=1&order=score&nflt=ht_id%3D204%3Bht_id%3D213%3Bht_id%3D201%3Bht_id%3D216%3Btop_destinations%3D6006%3Bpopular_nearby_landmarks%3D900053669%3Bpopular_nearby_landmarks%3D900059236%3Bpopular_nearby_landmarks%3D900059439%3Bpopular_nearby_landmarks%3D900059238","","Peak View Cottage","Nuwara Eliya","Scored 2.3","2.3","","Located in Nuwara Eliya, within 4.5 miles of Gregory Lake and a 3-minute walk of Hakgala Botanical Garden, Peak View Cottage provides accommodations with a terrace and free WiFi throughout the...","· 3 reviews","Opens in new window","Show prices","Review score","Show on map","https://cf.bstatic.com/xdata/images/hotel/square600/759930339.webp?k=bd82c3661567559062b8f13e2171addd35f6dbf89b71f0d68aba2ee4f34e0c8b&o="
"1777052628-197","https://www.booking.com/searchresults.html?label=bristol-XLwodozx2dVe8Ts0XeYuawS752260715469%3Apl%3Ata%3Ap1%3Ap2%3Aac%3Aap%3Aneg%3Afi%3Atikwd-869815001187%3Alp1009919%3Ali%3Adec%3Adm%3Appccp%3DUmFuZG9tSVYkc2RlIyh9YXdX6HrtnYy-Ml68sH-ljtU&aid=311984&dest_id=198&dest_type=country&group_adults=2&req_adults=2&no_rooms=1&broad_search_not_eligible=1&order=score&nflt=ht_id%3D204%3Bht_id%3D213%3Bht_id%3D201%3Bht_id%3D216%3Btop_destinations%3D6006%3Bpopular_nearby_landmarks%3D900053669%3Bpopular_nearby_landmarks%3D900059236%3Bpopular_nearby_landmarks%3D900059439%3Bpopular_nearby_landmarks%3D900059238","","Mountain Breeze Cool Apartment","Nuwara Eliya","Scored 6.0","6.0","","Providing a terrace, Mountain Breeze Cool Apartment features accommodations in Nuwara Eliya.","· 2 reviews","Opens in new window","Show prices","Review score","Show on map","https://cf.bstatic.com/xdata/images/hotel/square600/702502676.webp?k=ffe5f4f1efcf702416a5fc38ad7e42300e4db6dd349d0735483cd87a0669af82&o="
"1777052628-198","https://www.booking.com/searchresults.html?label=bristol-XLwodozx2dVe8Ts0XeYuawS752260715469%3Apl%3Ata%3Ap1%3Ap2%3Aac%3Aap%3Aneg%3Afi%3Atikwd-869815001187%3Alp1009919%3Ali%3Adec%3Adm%3Appccp%3DUmFuZG9tSVYkc2RlIyh9YXdX6HrtnYy-Ml68sH-ljtU&aid=311984&dest_id=198&dest_type=country&group_adults=2&req_adults=2&no_rooms=1&broad_search_not_eligible=1&order=score&nflt=ht_id%3D204%3Bht_id%3D213%3Bht_id%3D201%3Bht_id%3D216%3Btop_destinations%3D6006%3Bpopular_nearby_landmarks%3D900053669%3Bpopular_nearby_landmarks%3D900059236%3Bpopular_nearby_landmarks%3D900059439%3Bpopular_nearby_landmarks%3D900059238","","Bluefield cottage","Nuwara Eliya City Centre, Nuwara Eliya","Scored 10","10","Value for money 10","Well situated in the center of Nuwara Eliya, Bluefield cottage has free WiFi throughout the property and free private parking for guests who drive.","· 1 review","Opens in new window","Show prices","Exceptional","Show on map","https://cf.bstatic.com/xdata/images/hotel/square600/825502591.webp?k=2ee78a343482cfca31fbd1edfdf02fba2af636138601416574f28e1d9442357e&o="
"1777052628-199","https://www.booking.com/searchresults.html?label=bristol-XLwodozx2dVe8Ts0XeYuawS752260715469%3Apl%3Ata%3Ap1%3Ap2%3Aac%3Aap%3Aneg%3Afi%3Atikwd-869815001187%3Alp1009919%3Ali%3Adec%3Adm%3Appccp%3DUmFuZG9tSVYkc2RlIyh9YXdX6HrtnYy-Ml68sH-ljtU&aid=311984&dest_id=198&dest_type=country&group_adults=2&req_adults=2&no_rooms=1&broad_search_not_eligible=1&order=score&nflt=ht_id%3D204%3Bht_id%3D213%3Bht_id%3D201%3Bht_id%3D216%3Btop_destinations%3D6006%3Bpopular_nearby_landmarks%3D900053669%3Bpopular_nearby_landmarks%3D900059236%3Bpopular_nearby_landmarks%3D900059439%3Bpopular_nearby_landmarks%3D900059238","","Galaxy Holiday Inn","Lake Gregory, Nuwara Eliya (Lake Gregory)","","","","Galaxy Holiday Inn offers accommodations in Nuwara Eliya, a 17-minute walk from Gregory Lake and 4.8 miles from Hakgala Botanical Garden.","","Opens in new window","Show prices","","Show on map","https://cf.bstatic.com/xdata/images/hotel/square600/811211324.webp?k=f5cce68d69d2af823434a611c7c8aaa5e9f4faa37cbafcb1224779356bbd7a33&o="
"1777052628-200","https://www.booking.com/searchresults.html?label=bristol-XLwodozx2dVe8Ts0XeYuawS752260715469%3Apl%3Ata%3Ap1%3Ap2%3Aac%3Aap%3Aneg%3Afi%3Atikwd-869815001187%3Alp1009919%3Ali%3Adec%3Adm%3Appccp%3DUmFuZG9tSVYkc2RlIyh9YXdX6HrtnYy-Ml68sH-ljtU&aid=311984&dest_id=198&dest_type=country&group_adults=2&req_adults=2&no_rooms=1&broad_search_not_eligible=1&order=score&nflt=ht_id%3D204%3Bht_id%3D213%3Bht_id%3D201%3Bht_id%3D216%3Btop_destinations%3D6006%3Bpopular_nearby_landmarks%3D900053669%3Bpopular_nearby_landmarks%3D900059236%3Bpopular_nearby_landmarks%3D900059439%3Bpopular_nearby_landmarks%3D900059238","","Ru Hotel & Villa","Lake Gregory, Nuwara Eliya (Lake Gregory)","Scored 10","10","Value for money 10","Located in Nuwara Eliya, 1.1 miles from Gregory Lake, Ru Hotel & Villa has accommodations with a garden, free private parking and a terrace.","· 2 reviews","Opens in new window","Show prices","Exceptional","Show on map","https://cf.bstatic.com/xdata/images/hotel/square600/819873219.webp?k=a7202bfb81a8c59c5feb4f5bf33ac50aa7e00b9ebc0174341d1d5cd32987ca44&o="
"1777052628-201","https://www.booking.com/searchresults.html?label=bristol-XLwodozx2dVe8Ts0XeYuawS752260715469%3Apl%3Ata%3Ap1%3Ap2%3Aac%3Aap%3Aneg%3Afi%3Atikwd-869815001187%3Alp1009919%3Ali%3Adec%3Adm%3Appccp%3DUmFuZG9tSVYkc2RlIyh9YXdX6HrtnYy-Ml68sH-ljtU&aid=311984&dest_id=198&dest_type=country&group_adults=2&req_adults=2&no_rooms=1&broad_search_not_eligible=1&order=score&nflt=ht_id%3D204%3Bht_id%3D213%3Bht_id%3D201%3Bht_id%3D216%3Btop_destinations%3D6006%3Bpopular_nearby_landmarks%3D900053669%3Bpopular_nearby_landmarks%3D900059236%3Bpopular_nearby_landmarks%3D900059439%3Bpopular_nearby_landmarks%3D900059238","","Royal Palace Heritage","Nuwara Eliya","","","","Offering garden views, Royal Palace Heritage in Nuwara Eliya features accommodations and a garden. This guest house offers free private parking, full-day security, and free Wifi.","","Opens in new window","Show prices","","Show on map","https://cf.bstatic.com/xdata/images/hotel/square600/818351054.webp?k=9c1bbfd867555c3d8d446baa8019b3baa7ad49ae0f0e7bfce8bdc1197a370fa6&o="
"1777052628-202","https://www.booking.com/searchresults.html?label=bristol-XLwodozx2dVe8Ts0XeYuawS752260715469%3Apl%3Ata%3Ap1%3Ap2%3Aac%3Aap%3Aneg%3Afi%3Atikwd-869815001187%3Alp1009919%3Ali%3Adec%3Adm%3Appccp%3DUmFuZG9tSVYkc2RlIyh9YXdX6HrtnYy-Ml68sH-ljtU&aid=311984&dest_id=198&dest_type=country&group_adults=2&req_adults=2&no_rooms=1&broad_search_not_eligible=1&order=score&nflt=ht_id%3D204%3Bht_id%3D213%3Bht_id%3D201%3Bht_id%3D216%3Btop_destinations%3D6006%3Bpopular_nearby_landmarks%3D900053669%3Bpopular_nearby_landmarks%3D900059236%3Bpopular_nearby_landmarks%3D900059439%3Bpopular_nearby_landmarks%3D900059238","","Hotel Three Seven","Nuwara Eliya","","","","Located in Nuwara Eliya, within 1.4 miles of Gregory Lake and 5.7 miles of Hakgala Botanical Garden, Hotel Three Seven has accommodations with a restaurant and free WiFi throughout the property as...","","Opens in new window","Show prices","","Show on map","https://cf.bstatic.com/xdata/images/hotel/square600/843068672.webp?k=3650cdba3c4645659e19b14988e1fa6dc28a76e11fb514771dc7a3cc1414de40&o="
"1777052628-203","https://www.booking.com/searchresults.html?label=bristol-XLwodozx2dVe8Ts0XeYuawS752260715469%3Apl%3Ata%3Ap1%3Ap2%3Aac%3Aap%3Aneg%3Afi%3Atikwd-869815001187%3Alp1009919%3Ali%3Adec%3Adm%3Appccp%3DUmFuZG9tSVYkc2RlIyh9YXdX6HrtnYy-Ml68sH-ljtU&aid=311984&dest_id=198&dest_type=country&group_adults=2&req_adults=2&no_rooms=1&broad_search_not_eligible=1&order=score&nflt=ht_id%3D204%3Bht_id%3D213%3Bht_id%3D201%3Bht_id%3D216%3Btop_destinations%3D6006%3Bpopular_nearby_landmarks%3D900053669%3Bpopular_nearby_landmarks%3D900059236%3Bpopular_nearby_landmarks%3D900059439%3Bpopular_nearby_landmarks%3D900059238","","Misty Inn Luxury Apartment","Nuwara Eliya City Centre, Nuwara Eliya","Scored 9.5","9.5","Location 10","Misty Inn Luxury Apartment offers accommodations in Nuwara Eliya, 6 miles from Hakgala Botanical Garden. This property offers access to a balcony, free private parking, and free Wifi.","· 2 reviews","Opens in new window","Show prices","Exceptional","Show on map","https://cf.bstatic.com/xdata/images/hotel/square600/648201595.webp?k=f351299a0073a5d28924120c2e79c0e824dbb96d0c33ed75a0f2af7246ba843e&o="
"1777052628-204","https://www.booking.com/searchresults.html?label=bristol-XLwodozx2dVe8Ts0XeYuawS752260715469%3Apl%3Ata%3Ap1%3Ap2%3Aac%3Aap%3Aneg%3Afi%3Atikwd-869815001187%3Alp1009919%3Ali%3Adec%3Adm%3Appccp%3DUmFuZG9tSVYkc2RlIyh9YXdX6HrtnYy-Ml68sH-ljtU&aid=311984&dest_id=198&dest_type=country&group_adults=2&req_adults=2&no_rooms=1&broad_search_not_eligible=1&order=score&nflt=ht_id%3D204%3Bht_id%3D213%3Bht_id%3D201%3Bht_id%3D216%3Btop_destinations%3D6006%3Bpopular_nearby_landmarks%3D900053669%3Bpopular_nearby_landmarks%3D900059236%3Bpopular_nearby_landmarks%3D900059439%3Bpopular_nearby_landmarks%3D900059238","","Glenfalls Residencies","Nuwara Eliya","Scored 3.0","3.0","","Glenfalls Residencies offers accommodations in Nuwara Eliya, 1.7 miles from Gregory Lake and 6 miles from Hakgala Botanical Garden. This property offers access to a balcony and free private parking.","· 2 reviews","Opens in new window","Show prices","Review score","Show on map","https://cf.bstatic.com/xdata/images/hotel/square600/728415157.webp?k=baf56b75b7f1f9e390727c102c6c7a96846a155e2839542e4b5a98d78fe5650f&o="
"1777052628-205","https://www.booking.com/searchresults.html?label=bristol-XLwodozx2dVe8Ts0XeYuawS752260715469%3Apl%3Ata%3Ap1%3Ap2%3Aac%3Aap%3Aneg%3Afi%3Atikwd-869815001187%3Alp1009919%3Ali%3Adec%3Adm%3Appccp%3DUmFuZG9tSVYkc2RlIyh9YXdX6HrtnYy-Ml68sH-ljtU&aid=311984&dest_id=198&dest_type=country&group_adults=2&req_adults=2&no_rooms=1&broad_search_not_eligible=1&order=score&nflt=ht_id%3D204%3Bht_id%3D213%3Bht_id%3D201%3Bht_id%3D216%3Btop_destinations%3D6006%3Bpopular_nearby_landmarks%3D900053669%3Bpopular_nearby_landmarks%3D900059236%3Bpopular_nearby_landmarks%3D900059439%3Bpopular_nearby_landmarks%3D900059238","","Siloneeds homes","Nuwara Eliya","Scored 7.0","7.0","Value for money 9.2","Siloneeds homes offers accommodations in Nuwara Eliya, 3.6 miles from Hakgala Botanical Garden. Free Wifi is available throughout the property and Gregory Lake is 1.1 miles away.","· 3 reviews","Opens in new window","Show prices","Good","Show on map","https://cf.bstatic.com/xdata/images/hotel/square600/825938787.webp?k=7fff41f28673015e175c0c26b55cb1f1dfc4fe211d4568c4186b9a0b160eeab5&o="
"1777052628-206","https://www.booking.com/searchresults.html?label=bristol-XLwodozx2dVe8Ts0XeYuawS752260715469%3Apl%3Ata%3Ap1%3Ap2%3Aac%3Aap%3Aneg%3Afi%3Atikwd-869815001187%3Alp1009919%3Ali%3Adec%3Adm%3Appccp%3DUmFuZG9tSVYkc2RlIyh9YXdX6HrtnYy-Ml68sH-ljtU&aid=311984&dest_id=198&dest_type=country&group_adults=2&req_adults=2&no_rooms=1&broad_search_not_eligible=1&order=score&nflt=ht_id%3D204%3Bht_id%3D213%3Bht_id%3D201%3Bht_id%3D216%3Btop_destinations%3D6006%3Bpopular_nearby_landmarks%3D900053669%3Bpopular_nearby_landmarks%3D900059236%3Bpopular_nearby_landmarks%3D900059439%3Bpopular_nearby_landmarks%3D900059238","","Titanium Hills","Nuwara Eliya","Scored 9.3","9.3","Value for money 10","With free private parking, the property is 2 miles from Gregory Lake and 6.3 miles from Hakgala Botanical Garden.","· 3 reviews","Opens in new window","Show prices","Wonderful","Show on map","https://cf.bstatic.com/xdata/images/hotel/square600/454310710.webp?k=052f44cacb9dded5b1dcdd4f483db472b1586c31836c3f046c621af8e0180650&o="
"1777052628-207","https://www.booking.com/searchresults.html?label=bristol-XLwodozx2dVe8Ts0XeYuawS752260715469%3Apl%3Ata%3Ap1%3Ap2%3Aac%3Aap%3Aneg%3Afi%3Atikwd-869815001187%3Alp1009919%3Ali%3Adec%3Adm%3Appccp%3DUmFuZG9tSVYkc2RlIyh9YXdX6HrtnYy-Ml68sH-ljtU&aid=311984&dest_id=198&dest_type=country&group_adults=2&req_adults=2&no_rooms=1&broad_search_not_eligible=1&order=score&nflt=ht_id%3D204%3Bht_id%3D213%3Bht_id%3D201%3Bht_id%3D216%3Btop_destinations%3D6006%3Bpopular_nearby_landmarks%3D900053669%3Bpopular_nearby_landmarks%3D900059236%3Bpopular_nearby_landmarks%3D900059439%3Bpopular_nearby_landmarks%3D900059238","","Shiny cot","Nuwara Eliya City Centre, Nuwara Eliya","Scored 1.0","1.0","","Located in the Nuwara Eliya City Centre district of Nuwara Eliya, Shiny cot is 5.4 miles from Hakgala Botanical Garden. The property is 700 yards from the city center and 1.2 miles from Gregory Lake.","· 1 review","Opens in new window","Show prices","Review score","Show on map","https://cf.bstatic.com/xdata/images/hotel/square600/844428212.webp?k=57a0ce0fcf7d2fc012f78856bb7ce9f0cb27373e37c74ceedd3c92da1bd06999&o="
"1777052628-208","https://www.booking.com/searchresults.html?label=bristol-XLwodozx2dVe8Ts0XeYuawS752260715469%3Apl%3Ata%3Ap1%3Ap2%3Aac%3Aap%3Aneg%3Afi%3Atikwd-869815001187%3Alp1009919%3Ali%3Adec%3Adm%3Appccp%3DUmFuZG9tSVYkc2RlIyh9YXdX6HrtnYy-Ml68sH-ljtU&aid=311984&dest_id=198&dest_type=country&group_adults=2&req_adults=2&no_rooms=1&broad_search_not_eligible=1&order=score&nflt=ht_id%3D204%3Bht_id%3D213%3Bht_id%3D201%3Bht_id%3D216%3Btop_destinations%3D6006%3Bpopular_nearby_landmarks%3D900053669%3Bpopular_nearby_landmarks%3D900059236%3Bpopular_nearby_landmarks%3D900059439%3Bpopular_nearby_landmarks%3D900059238","","Grand adamspeak hotel & restaurant","Centre Area, Nallathanniya","Scored 8.3","8.3","","Located in Nallathanniya, a 10-minute walk from Adam's Peak, Grand adamspeak hotel & restaurant has accommodations with an outdoor swimming pool, free private parking, a garden and a shared lounge.","· 3 reviews","Opens in new window","Show prices","Very Good","Show on map","https://cf.bstatic.com/xdata/images/hotel/square600/753101595.webp?k=7cbe9a7c030e9194ec3ce142dd5274ed11250810f605d3fe28cf6d5ee8ba6551&o="
"1777052628-209","https://www.booking.com/searchresults.html?label=bristol-XLwodozx2dVe8Ts0XeYuawS752260715469%3Apl%3Ata%3Ap1%3Ap2%3Aac%3Aap%3Aneg%3Afi%3Atikwd-869815001187%3Alp1009919%3Ali%3Adec%3Adm%3Appccp%3DUmFuZG9tSVYkc2RlIyh9YXdX6HrtnYy-Ml68sH-ljtU&aid=311984&dest_id=198&dest_type=country&group_adults=2&req_adults=2&no_rooms=1&broad_search_not_eligible=1&order=score&nflt=ht_id%3D204%3Bht_id%3D213%3Bht_id%3D201%3Bht_id%3D216%3Btop_destinations%3D6006%3Bpopular_nearby_landmarks%3D900053669%3Bpopular_nearby_landmarks%3D900059236%3Bpopular_nearby_landmarks%3D900059439%3Bpopular_nearby_landmarks%3D900059238","","Creek View Hotel and Car Rental","Lake Gregory, Nuwara Eliya (Lake Gregory)","Scored 10","10","Value for money 10","Located in Nuwara Eliya, a 12-minute walk from Gregory Lake, Creek View Hotel and Car Rental has accommodations with a garden, free private parking, a terrace and a restaurant.","· 1 review","Opens in new window","Show prices","Exceptional","Show on map","https://cf.bstatic.com/xdata/images/hotel/square600/736132421.webp?k=3853cbda0760c0bfea1a8ba2bf16b8bd06a0399b96dab9655567c23151c18bb5&o="
"1777052628-210","https://www.booking.com/searchresults.html?label=bristol-XLwodozx2dVe8Ts0XeYuawS752260715469%3Apl%3Ata%3Ap1%3Ap2%3Aac%3Aap%3Aneg%3Afi%3Atikwd-869815001187%3Alp1009919%3Ali%3Adec%3Adm%3Appccp%3DUmFuZG9tSVYkc2RlIyh9YXdX6HrtnYy-Ml68sH-ljtU&aid=311984&dest_id=198&dest_type=country&group_adults=2&req_adults=2&no_rooms=1&broad_search_not_eligible=1&order=score&nflt=ht_id%3D204%3Bht_id%3D213%3Bht_id%3D201%3Bht_id%3D216%3Btop_destinations%3D6006%3Bpopular_nearby_landmarks%3D900053669%3Bpopular_nearby_landmarks%3D900059236%3Bpopular_nearby_landmarks%3D900059439%3Bpopular_nearby_landmarks%3D900059238","","Bonavista view inn","Lake Gregory, Nuwara Eliya (Lake Gregory)","","","","Providing mountain views, Bonavista view inn in Nuwara Eliya provides accommodations and a garden.","","Opens in new window","Show prices","","Show on map","https://cf.bstatic.com/xdata/images/hotel/square600/781930980.webp?k=e89d1d552d5a82e6ee373485c185e63a9cffc85500b71d7039205c3c58eca237&o="
"1777052628-211","https://www.booking.com/searchresults.html?label=bristol-XLwodozx2dVe8Ts0XeYuawS752260715469%3Apl%3Ata%3Ap1%3Ap2%3Aac%3Aap%3Aneg%3Afi%3Atikwd-869815001187%3Alp1009919%3Ali%3Adec%3Adm%3Appccp%3DUmFuZG9tSVYkc2RlIyh9YXdX6HrtnYy-Ml68sH-ljtU&aid=311984&dest_id=198&dest_type=country&group_adults=2&req_adults=2&no_rooms=1&broad_search_not_eligible=1&order=score&nflt=ht_id%3D204%3Bht_id%3D213%3Bht_id%3D201%3Bht_id%3D216%3Btop_destinations%3D6006%3Bpopular_nearby_landmarks%3D900053669%3Bpopular_nearby_landmarks%3D900059236%3Bpopular_nearby_landmarks%3D900059439%3Bpopular_nearby_landmarks%3D900059238","","The Rosedale Grand Resort Nuwara Eliya","Nuwara Eliya","Scored 10","10","Value for money 10","Located in Nuwara Eliya, 1.1 miles from Gregory Lake, The Rosedale Grand Resort Nuwara Eliya provides accommodations with a garden, free private parking and a shared lounge.","· 1 review","Opens in new window","Show prices","Exceptional","Show on map","https://cf.bstatic.com/xdata/images/hotel/square600/827398840.webp?k=7a4334cc8f56159d061329160a2b01530675b58bcebe601094864be7fde38ba7&o="
"1777052628-212","https://www.booking.com/searchresults.html?label=bristol-XLwodozx2dVe8Ts0XeYuawS752260715469%3Apl%3Ata%3Ap1%3Ap2%3Aac%3Aap%3Aneg%3Afi%3Atikwd-869815001187%3Alp1009919%3Ali%3Adec%3Adm%3Appccp%3DUmFuZG9tSVYkc2RlIyh9YXdX6HrtnYy-Ml68sH-ljtU&aid=311984&dest_id=198&dest_type=country&group_adults=2&req_adults=2&no_rooms=1&broad_search_not_eligible=1&order=score&nflt=ht_id%3D204%3Bht_id%3D213%3Bht_id%3D201%3Bht_id%3D216%3Btop_destinations%3D6006%3Bpopular_nearby_landmarks%3D900053669%3Bpopular_nearby_landmarks%3D900059236%3Bpopular_nearby_landmarks%3D900059439%3Bpopular_nearby_landmarks%3D900059238","","Merito Grand Hotel","Nuwara Eliya City Centre, Nuwara Eliya","","","","Located in Nuwara Eliya, 1.3 miles from Gregory Lake, Merito Grand Hotel provides accommodations with a garden, free private parking, a terrace and a restaurant.","","Opens in new window","Show prices","","Show on map","https://cf.bstatic.com/xdata/images/hotel/square600/844565408.webp?k=9364694e02035848c97c967e2fc658d3f8f972e93d6d250cc1be2c7c603be606&o="
"1777052628-213","https://www.booking.com/searchresults.html?label=bristol-XLwodozx2dVe8Ts0XeYuawS752260715469%3Apl%3Ata%3Ap1%3Ap2%3Aac%3Aap%3Aneg%3Afi%3Atikwd-869815001187%3Alp1009919%3Ali%3Adec%3Adm%3Appccp%3DUmFuZG9tSVYkc2RlIyh9YXdX6HrtnYy-Ml68sH-ljtU&aid=311984&dest_id=198&dest_type=country&group_adults=2&req_adults=2&no_rooms=1&broad_search_not_eligible=1&order=score&nflt=ht_id%3D204%3Bht_id%3D213%3Bht_id%3D201%3Bht_id%3D216%3Btop_destinations%3D6006%3Bpopular_nearby_landmarks%3D900053669%3Bpopular_nearby_landmarks%3D900059236%3Bpopular_nearby_landmarks%3D900059439%3Bpopular_nearby_landmarks%3D900059238","","Olive Grand Guest House Nuwara Eliya","Nuwara Eliya City Centre, Nuwara Eliya","Scored 10","10","Value for money 10","Olive Grand Guest House Nuwara Eliya offers accommodations in Nuwara Eliya, 6.1 miles from Hakgala Botanical Garden. Both free Wifi and private parking are accessible at the guest house free of...","· 2 reviews","Opens in new window","Show prices","Exceptional","Show on map","https://cf.bstatic.com/xdata/images/hotel/square600/825198185.webp?k=8b1d5743a5d8f14ee959673d1c2c0d9ced5c3ac242b477df156bd49839f052cb&o="
"1777052628-214","https://www.booking.com/searchresults.html?label=bristol-XLwodozx2dVe8Ts0XeYuawS752260715469%3Apl%3Ata%3Ap1%3Ap2%3Aac%3Aap%3Aneg%3Afi%3Atikwd-869815001187%3Alp1009919%3Ali%3Adec%3Adm%3Appccp%3DUmFuZG9tSVYkc2RlIyh9YXdX6HrtnYy-Ml68sH-ljtU&aid=311984&dest_id=198&dest_type=country&group_adults=2&req_adults=2&no_rooms=1&broad_search_not_eligible=1&order=score&nflt=ht_id%3D204%3Bht_id%3D213%3Bht_id%3D201%3Bht_id%3D216%3Btop_destinations%3D6006%3Bpopular_nearby_landmarks%3D900053669%3Bpopular_nearby_landmarks%3D900059236%3Bpopular_nearby_landmarks%3D900059439%3Bpopular_nearby_landmarks%3D900059238","","Medalin Harmony Nest","Lake Gregory, Nuwara Eliya (Lake Gregory)","Scored 5.5","5.5","","Providing a garden, Medalin Harmony Nest provides accommodations in Nuwara Eliya.","· 2 reviews","Opens in new window","Show prices","Review score","Show on map","https://cf.bstatic.com/xdata/images/hotel/square600/540954690.webp?k=bd576140b227021b0e510ed6216c501bf3def77f400cd1598218650239d3adb7&o="
"1777052628-215","https://www.booking.com/searchresults.html?label=bristol-XLwodozx2dVe8Ts0XeYuawS752260715469%3Apl%3Ata%3Ap1%3Ap2%3Aac%3Aap%3Aneg%3Afi%3Atikwd-869815001187%3Alp1009919%3Ali%3Adec%3Adm%3Appccp%3DUmFuZG9tSVYkc2RlIyh9YXdX6HrtnYy-Ml68sH-ljtU&aid=311984&dest_id=198&dest_type=country&group_adults=2&req_adults=2&no_rooms=1&broad_search_not_eligible=1&order=score&nflt=ht_id%3D204%3Bht_id%3D213%3Bht_id%3D201%3Bht_id%3D216%3Btop_destinations%3D6006%3Bpopular_nearby_landmarks%3D900053669%3Bpopular_nearby_landmarks%3D900059236%3Bpopular_nearby_landmarks%3D900059439%3Bpopular_nearby_landmarks%3D900059238","","Mountain Breeze Apartment","Nuwara Eliya","Scored 10","10","Value for money 10","This recently renovated apartment is located 2.1 miles from Gregory Lake and 6.3 miles from Hakgala Botanical Garden.","· 1 review","Opens in new window","Show prices","Exceptional","Show on map","https://cf.bstatic.com/xdata/images/hotel/square600/639092084.webp?k=1d7071676d6758ef74427122e32e83675bb2f63b8b2d6c78364bb9be3ebaf19c&o="
"1777052628-216","https://www.booking.com/searchresults.html?label=bristol-XLwodozx2dVe8Ts0XeYuawS752260715469%3Apl%3Ata%3Ap1%3Ap2%3Aac%3Aap%3Aneg%3Afi%3Atikwd-869815001187%3Alp1009919%3Ali%3Adec%3Adm%3Appccp%3DUmFuZG9tSVYkc2RlIyh9YXdX6HrtnYy-Ml68sH-ljtU&aid=311984&dest_id=198&dest_type=country&group_adults=2&req_adults=2&no_rooms=1&broad_search_not_eligible=1&order=score&nflt=ht_id%3D204%3Bht_id%3D213%3Bht_id%3D201%3Bht_id%3D216%3Btop_destinations%3D6006%3Bpopular_nearby_landmarks%3D900053669%3Bpopular_nearby_landmarks%3D900059236%3Bpopular_nearby_landmarks%3D900059439%3Bpopular_nearby_landmarks%3D900059238","","Highland View","Nuwara Eliya City Centre, Nuwara Eliya","Scored 9.0","9.0","Value for money 9.2","Offering a garden, Highland View features accommodations in Nuwara Eliya. This property offers access to a balcony, free private parking, and free Wifi.","· 3 reviews","Opens in new window","Show prices","Wonderful","Show on map","https://cf.bstatic.com/xdata/images/hotel/square600/623143870.webp?k=782fc1d7fe386d30a5b7a0270e6352722fccfa5451f6e668532e30b9dae3fb2d&o="
"1777052628-217","https://www.booking.com/searchresults.html?label=bristol-XLwodozx2dVe8Ts0XeYuawS752260715469%3Apl%3Ata%3Ap1%3Ap2%3Aac%3Aap%3Aneg%3Afi%3Atikwd-869815001187%3Alp1009919%3Ali%3Adec%3Adm%3Appccp%3DUmFuZG9tSVYkc2RlIyh9YXdX6HrtnYy-Ml68sH-ljtU&aid=311984&dest_id=198&dest_type=country&group_adults=2&req_adults=2&no_rooms=1&broad_search_not_eligible=1&order=score&nflt=ht_id%3D204%3Bht_id%3D213%3Bht_id%3D201%3Bht_id%3D216%3Btop_destinations%3D6006%3Bpopular_nearby_landmarks%3D900053669%3Bpopular_nearby_landmarks%3D900059236%3Bpopular_nearby_landmarks%3D900059439%3Bpopular_nearby_landmarks%3D900059238","","Glenfall Serenity Stay","Nuwara Eliya City Centre, Nuwara Eliya","Scored 6.0","6.0","Value for money 10","Glenfall Serenity Stay offers accommodations in Nuwara Eliya, 5.9 miles from Hakgala Botanical Garden. This property offers access to a balcony and free private parking.","· 1 review","Opens in new window","Show prices","Review score","Show on map","https://cf.bstatic.com/xdata/images/hotel/square600/748547968.webp?k=cadca47a7a36d97be31a68c6114de8eb32aef03f5ba43290f7dd7a80101d46ae&o="
"1777052628-218","https://www.booking.com/searchresults.html?label=bristol-XLwodozx2dVe8Ts0XeYuawS752260715469%3Apl%3Ata%3Ap1%3Ap2%3Aac%3Aap%3Aneg%3Afi%3Atikwd-869815001187%3Alp1009919%3Ali%3Adec%3Adm%3Appccp%3DUmFuZG9tSVYkc2RlIyh9YXdX6HrtnYy-Ml68sH-ljtU&aid=311984&dest_id=198&dest_type=country&group_adults=2&req_adults=2&no_rooms=1&broad_search_not_eligible=1&order=score&nflt=ht_id%3D204%3Bht_id%3D213%3Bht_id%3D201%3Bht_id%3D216%3Btop_destinations%3D6006%3Bpopular_nearby_landmarks%3D900053669%3Bpopular_nearby_landmarks%3D900059236%3Bpopular_nearby_landmarks%3D900059439%3Bpopular_nearby_landmarks%3D900059238","","Misty Mount Apartment","Nuwara Eliya City Centre, Nuwara Eliya","","","","Misty Mount Apartment offers accommodations in Nuwara Eliya, 6.5 miles from Hakgala Botanical Garden. The property is 2.3 miles from Gregory Lake and within 0.6 miles of the city center.","","Opens in new window","Show prices","","Show on map","https://cf.bstatic.com/xdata/images/hotel/square600/688394362.webp?k=e0c3b018d6212ecb38302620642f693f03928de4b545404d28e993b1f2dca790&o="
"1777052628-219","https://www.booking.com/searchresults.html?label=bristol-XLwodozx2dVe8Ts0XeYuawS752260715469%3Apl%3Ata%3Ap1%3Ap2%3Aac%3Aap%3Aneg%3Afi%3Atikwd-869815001187%3Alp1009919%3Ali%3Adec%3Adm%3Appccp%3DUmFuZG9tSVYkc2RlIyh9YXdX6HrtnYy-Ml68sH-ljtU&aid=311984&dest_id=198&dest_type=country&group_adults=2&req_adults=2&no_rooms=1&broad_search_not_eligible=1&order=score&nflt=ht_id%3D204%3Bht_id%3D213%3Bht_id%3D201%3Bht_id%3D216%3Btop_destinations%3D6006%3Bpopular_nearby_landmarks%3D900053669%3Bpopular_nearby_landmarks%3D900059236%3Bpopular_nearby_landmarks%3D900059439%3Bpopular_nearby_landmarks%3D900059238","","The Sixth, Nuwara Eliya","Nuwara Eliya","","","","Featuring a garden, The Sixth, Nuwara Eliya features accommodations in Nuwara Eliya. This property offers access to a terrace, free private parking, and free Wifi.","","Opens in new window","Show prices","","Show on map","https://cf.bstatic.com/xdata/images/hotel/square600/656367628.webp?k=6ece8a017b573f621e5318baeb3cce173b02dc0ce4ca43b0f9e01e2222ec44e3&o="
"1777052628-220","https://www.booking.com/searchresults.html?label=bristol-XLwodozx2dVe8Ts0XeYuawS752260715469%3Apl%3Ata%3Ap1%3Ap2%3Aac%3Aap%3Aneg%3Afi%3Atikwd-869815001187%3Alp1009919%3Ali%3Adec%3Adm%3Appccp%3DUmFuZG9tSVYkc2RlIyh9YXdX6HrtnYy-Ml68sH-ljtU&aid=311984&dest_id=198&dest_type=country&group_adults=2&req_adults=2&no_rooms=1&broad_search_not_eligible=1&order=score&nflt=ht_id%3D204%3Bht_id%3D213%3Bht_id%3D201%3Bht_id%3D216%3Btop_destinations%3D6006%3Bpopular_nearby_landmarks%3D900053669%3Bpopular_nearby_landmarks%3D900059236%3Bpopular_nearby_landmarks%3D900059439%3Bpopular_nearby_landmarks%3D900059238","","New Pensive Villa","Lake Gregory, Nuwara Eliya (Lake Gregory)","Scored 9.0","9.0","Location 10","Located in Nuwara Eliya, within a 11-minute walk of Gregory Lake and 4.5 miles of Hakgala Botanical Garden, New Pensive Villa provides accommodations with a garden as well as free private parking for...","· 2 reviews","Opens in new window","Show prices","Wonderful","Show on map","https://cf.bstatic.com/xdata/images/hotel/square600/793701710.webp?k=1588813585c428be332bb407b34029efeb1a801e31c3a1b76af335fe9bb081f4&o="
"1777052628-221","https://www.booking.com/searchresults.html?label=bristol-XLwodozx2dVe8Ts0XeYuawS752260715469%3Apl%3Ata%3Ap1%3Ap2%3Aac%3Aap%3Aneg%3Afi%3Atikwd-869815001187%3Alp1009919%3Ali%3Adec%3Adm%3Appccp%3DUmFuZG9tSVYkc2RlIyh9YXdX6HrtnYy-Ml68sH-ljtU&aid=311984&dest_id=198&dest_type=country&group_adults=2&req_adults=2&no_rooms=1&broad_search_not_eligible=1&order=score&nflt=ht_id%3D204%3Bht_id%3D213%3Bht_id%3D201%3Bht_id%3D216%3Btop_destinations%3D6006%3Bpopular_nearby_landmarks%3D900053669%3Bpopular_nearby_landmarks%3D900059236%3Bpopular_nearby_landmarks%3D900059439%3Bpopular_nearby_landmarks%3D900059238","","Villa 01","Lake Gregory, Nuwara Eliya (Lake Gregory)","Scored 1.8","1.8","","Villa 01 enjoys a location in Nuwara Eliya, a 10-minute walk from Gregory Lake and 4.3 miles from Hakgala Botanical Garden.","· 4 reviews","Opens in new window","Show prices","Review score","Show on map","https://cf.bstatic.com/xdata/images/hotel/square600/773568521.webp?k=72b26fe61cd4495dec5b9eba5167077c71f16175f3fac6185ec3364e084e3858&o="
"1777052628-222","https://www.booking.com/searchresults.html?label=bristol-XLwodozx2dVe8Ts0XeYuawS752260715469%3Apl%3Ata%3Ap1%3Ap2%3Aac%3Aap%3Aneg%3Afi%3Atikwd-869815001187%3Alp1009919%3Ali%3Adec%3Adm%3Appccp%3DUmFuZG9tSVYkc2RlIyh9YXdX6HrtnYy-Ml68sH-ljtU&aid=311984&dest_id=198&dest_type=country&group_adults=2&req_adults=2&no_rooms=1&broad_search_not_eligible=1&order=score&nflt=ht_id%3D204%3Bht_id%3D213%3Bht_id%3D201%3Bht_id%3D216%3Btop_destinations%3D6006%3Bpopular_nearby_landmarks%3D900053669%3Bpopular_nearby_landmarks%3D900059236%3Bpopular_nearby_landmarks%3D900059439%3Bpopular_nearby_landmarks%3D900059238","","Carlton","Nuwara Eliya City Centre, Nuwara Eliya","Scored 10","10","Value for money 10","Carlton offers accommodations in Nuwara Eliya, 5.5 miles from Hakgala Botanical Garden. This property offers access to a balcony, free private parking, and free Wifi.","· 1 review","Opens in new window","Show prices","Exceptional","Show on map","https://cf.bstatic.com/xdata/images/hotel/square600/831275610.webp?k=d84bef2bca726cba0367a1ad6e9333ca06f421b6eb5eb78ba79f38fd50d864a7&o="
"1777052628-223","https://www.booking.com/searchresults.html?label=bristol-XLwodozx2dVe8Ts0XeYuawS752260715469%3Apl%3Ata%3Ap1%3Ap2%3Aac%3Aap%3Aneg%3Afi%3Atikwd-869815001187%3Alp1009919%3Ali%3Adec%3Adm%3Appccp%3DUmFuZG9tSVYkc2RlIyh9YXdX6HrtnYy-Ml68sH-ljtU&aid=311984&dest_id=198&dest_type=country&group_adults=2&req_adults=2&no_rooms=1&broad_search_not_eligible=1&order=score&nflt=ht_id%3D204%3Bht_id%3D213%3Bht_id%3D201%3Bht_id%3D216%3Btop_destinations%3D6006%3Bpopular_nearby_landmarks%3D900053669%3Bpopular_nearby_landmarks%3D900059236%3Bpopular_nearby_landmarks%3D900059439%3Bpopular_nearby_landmarks%3D900059238","","Wanderlust Gregory","Lake Gregory, Nuwara Eliya (Lake Gregory)","","","","Wanderlust Gregory is located in Nuwara Eliya, just a 15-minute walk from Gregory Lake and 3.7 miles from Hakgala Botanical Garden.","","Opens in new window","Show prices","","Show on map","https://cf.bstatic.com/xdata/images/hotel/square600/572535916.webp?k=1072dd870624f62c883999b455527f783c41a93ddb504f2c386212222b949230&o="
"1777052628-224","https://www.booking.com/searchresults.html?label=bristol-XLwodozx2dVe8Ts0XeYuawS752260715469%3Apl%3Ata%3Ap1%3Ap2%3Aac%3Aap%3Aneg%3Afi%3Atikwd-869815001187%3Alp1009919%3Ali%3Adec%3Adm%3Appccp%3DUmFuZG9tSVYkc2RlIyh9YXdX6HrtnYy-Ml68sH-ljtU&aid=311984&dest_id=198&dest_type=country&group_adults=2&req_adults=2&no_rooms=1&broad_search_not_eligible=1&order=score&nflt=ht_id%3D204%3Bht_id%3D213%3Bht_id%3D201%3Bht_id%3D216%3Btop_destinations%3D6006%3Bpopular_nearby_landmarks%3D900053669%3Bpopular_nearby_landmarks%3D900059236%3Bpopular_nearby_landmarks%3D900059439%3Bpopular_nearby_landmarks%3D900059238","","Coolborn Apartment","Nuwara Eliya","Scored 4.0","4.0","","Coolborn Apartment offers accommodations in Nuwara Eliya, 2 miles from Gregory Lake and 6.3 miles from Hakgala Botanical Garden. Offering a restaurant, the property also has a terrace.","· 3 reviews","Opens in new window","Show prices","Review score","Show on map","https://cf.bstatic.com/xdata/images/hotel/square600/124234582.webp?k=03b8555de03724f5c633159ce3e4878b317298fcd7c0cc9f8f5cc9b5960c8b06&o="
"1777052628-225","https://www.booking.com/searchresults.html?label=bristol-XLwodozx2dVe8Ts0XeYuawS752260715469%3Apl%3Ata%3Ap1%3Ap2%3Aac%3Aap%3Aneg%3Afi%3Atikwd-869815001187%3Alp1009919%3Ali%3Adec%3Adm%3Appccp%3DUmFuZG9tSVYkc2RlIyh9YXdX6HrtnYy-Ml68sH-ljtU&aid=311984&dest_id=198&dest_type=country&group_adults=2&req_adults=2&no_rooms=1&broad_search_not_eligible=1&order=score&nflt=ht_id%3D204%3Bht_id%3D213%3Bht_id%3D201%3Bht_id%3D216%3Btop_destinations%3D6006%3Bpopular_nearby_landmarks%3D900053669%3Bpopular_nearby_landmarks%3D900059236%3Bpopular_nearby_landmarks%3D900059439%3Bpopular_nearby_landmarks%3D900059238","","Nethuka Villa Nuwaraeliya","Nuwara Eliya","","","","Offering a terrace, Nethuka Villa Nuwaraeliya offers accommodations in Nuwara Eliya. With free private parking, the property is 2.1 miles from Gregory Lake and 6.3 miles from Hakgala Botanical Garden....","","Opens in new window","Show prices","","Show on map","https://cf.bstatic.com/xdata/images/hotel/square600/749723707.webp?k=d68ae8603d4077d580ef49c67aa49a7408483e19fdf81d4df49505e67cc6ccff&o="
"1777052628-226","https://www.booking.com/searchresults.html?label=bristol-XLwodozx2dVe8Ts0XeYuawS752260715469%3Apl%3Ata%3Ap1%3Ap2%3Aac%3Aap%3Aneg%3Afi%3Atikwd-869815001187%3Alp1009919%3Ali%3Adec%3Adm%3Appccp%3DUmFuZG9tSVYkc2RlIyh9YXdX6HrtnYy-Ml68sH-ljtU&aid=311984&dest_id=198&dest_type=country&group_adults=2&req_adults=2&no_rooms=1&broad_search_not_eligible=1&order=score&nflt=ht_id%3D204%3Bht_id%3D213%3Bht_id%3D201%3Bht_id%3D216%3Btop_destinations%3D6006%3Bpopular_nearby_landmarks%3D900053669%3Bpopular_nearby_landmarks%3D900059236%3Bpopular_nearby_landmarks%3D900059439%3Bpopular_nearby_landmarks%3D900059238","","Homewood Luxury Apartment","Nuwara Eliya City Centre, Nuwara Eliya","","","","Featuring a terrace, Homewood Luxury Apartment features accommodations in Nuwara Eliya. This apartment offers free private parking, an elevator, and free Wifi.","","Opens in new window","Show prices","","Show on map","https://cf.bstatic.com/xdata/images/hotel/square600/122688984.webp?k=9b5f71133747dcc5c6253c29ba766a640cca46b57ac6a72b0917d676321364ec&o="
"1777052628-227","https://www.booking.com/searchresults.html?label=bristol-XLwodozx2dVe8Ts0XeYuawS752260715469%3Apl%3Ata%3Ap1%3Ap2%3Aac%3Aap%3Aneg%3Afi%3Atikwd-869815001187%3Alp1009919%3Ali%3Adec%3Adm%3Appccp%3DUmFuZG9tSVYkc2RlIyh9YXdX6HrtnYy-Ml68sH-ljtU&aid=311984&dest_id=198&dest_type=country&group_adults=2&req_adults=2&no_rooms=1&broad_search_not_eligible=1&order=score&nflt=ht_id%3D204%3Bht_id%3D213%3Bht_id%3D201%3Bht_id%3D216%3Btop_destinations%3D6006%3Bpopular_nearby_landmarks%3D900053669%3Bpopular_nearby_landmarks%3D900059236%3Bpopular_nearby_landmarks%3D900059439%3Bpopular_nearby_landmarks%3D900059238","","Gregory Lake Inn","Lake Gregory, Nuwara Eliya (Lake Gregory)","Scored 1.0","1.0","","Providing a garden, Gregory Lake Inn provides accommodations in Nuwara Eliya. With free private parking, the property is 1.4 miles from Gregory Lake and 4.3 miles from Hakgala Botanical Garden.","· 2 reviews","Opens in new window","Show prices","Review score","Show on map","https://cf.bstatic.com/xdata/images/hotel/square600/849901745.webp?k=30c294cfde19ee1d098d4596afd561a1803fd792eed5ad12e35d932f15175f48&o="
"1777052628-228","https://www.booking.com/searchresults.html?label=bristol-XLwodozx2dVe8Ts0XeYuawS752260715469%3Apl%3Ata%3Ap1%3Ap2%3Aac%3Aap%3Aneg%3Afi%3Atikwd-869815001187%3Alp1009919%3Ali%3Adec%3Adm%3Appccp%3DUmFuZG9tSVYkc2RlIyh9YXdX6HrtnYy-Ml68sH-ljtU&aid=311984&dest_id=198&dest_type=country&group_adults=2&req_adults=2&no_rooms=1&broad_search_not_eligible=1&order=score&nflt=ht_id%3D204%3Bht_id%3D213%3Bht_id%3D201%3Bht_id%3D216%3Btop_destinations%3D6006%3Bpopular_nearby_landmarks%3D900053669%3Bpopular_nearby_landmarks%3D900059236%3Bpopular_nearby_landmarks%3D900059439%3Bpopular_nearby_landmarks%3D900059238","","Villa Nive","Nuwara Eliya","Scored 7.5","7.5","","Featuring a garden, Villa Nive features accommodations in Nuwara Eliya. This property offers access to a terrace, free private parking, and free Wifi.","· 4 reviews","Opens in new window","Show prices","Good","Show on map","https://cf.bstatic.com/xdata/images/hotel/square600/459673246.webp?k=e7b10977d3012850bafe005eac7a2225eac19839a9518e24c9a3483b85e43554&o="
"1777052628-229","https://www.booking.com/searchresults.html?label=bristol-XLwodozx2dVe8Ts0XeYuawS752260715469%3Apl%3Ata%3Ap1%3Ap2%3Aac%3Aap%3Aneg%3Afi%3Atikwd-869815001187%3Alp1009919%3Ali%3Adec%3Adm%3Appccp%3DUmFuZG9tSVYkc2RlIyh9YXdX6HrtnYy-Ml68sH-ljtU&aid=311984&dest_id=198&dest_type=country&group_adults=2&req_adults=2&no_rooms=1&broad_search_not_eligible=1&order=score&nflt=ht_id%3D204%3Bht_id%3D213%3Bht_id%3D201%3Bht_id%3D216%3Btop_destinations%3D6006%3Bpopular_nearby_landmarks%3D900053669%3Bpopular_nearby_landmarks%3D900059236%3Bpopular_nearby_landmarks%3D900059439%3Bpopular_nearby_landmarks%3D900059238","","Pavis guest inn","Centre Area, Nallathanniya","Scored 10","10","Value for money 10","Pavis guest inn offers accommodations in Nallathanniya, 18 miles from Hatton Railway Station and 29 miles from St Clair's Falls.","· 1 review","Opens in new window","Show prices","Exceptional","Show on map","https://cf.bstatic.com/xdata/images/hotel/square600/817298231.webp?k=b81ae8ad6eec17cedc27850cf70fb33bfe5f178d63014f3002c57ae353fcc272&o="
"1777052628-230","https://www.booking.com/searchresults.html?label=bristol-XLwodozx2dVe8Ts0XeYuawS752260715469%3Apl%3Ata%3Ap1%3Ap2%3Aac%3Aap%3Aneg%3Afi%3Atikwd-869815001187%3Alp1009919%3Ali%3Adec%3Adm%3Appccp%3DUmFuZG9tSVYkc2RlIyh9YXdX6HrtnYy-Ml68sH-ljtU&aid=311984&dest_id=198&dest_type=country&group_adults=2&req_adults=2&no_rooms=1&broad_search_not_eligible=1&order=score&nflt=ht_id%3D204%3Bht_id%3D213%3Bht_id%3D201%3Bht_id%3D216%3Btop_destinations%3D6006%3Bpopular_nearby_landmarks%3D900053669%3Bpopular_nearby_landmarks%3D900059236%3Bpopular_nearby_landmarks%3D900059439%3Bpopular_nearby_landmarks%3D900059238","","R R I Luxury Homestay","Nuwara Eliya","Scored 10","10","Value for money 10","Located in Nuwara Eliya, within 2.1 miles of Gregory Lake and 6.3 miles of Hakgala Botanical Garden, R R I Luxury Homestay has accommodations with a terrace and free WiFi throughout the property as...","· 1 review","Opens in new window","Show prices","Exceptional","Show on map","https://cf.bstatic.com/xdata/images/hotel/square600/778510867.webp?k=448d5301e6a7b3f413d954a97552abeb05949265b8deb570f96ce57ca531a100&o="
"1777052628-231","https://www.booking.com/searchresults.html?label=bristol-XLwodozx2dVe8Ts0XeYuawS752260715469%3Apl%3Ata%3Ap1%3Ap2%3Aac%3Aap%3Aneg%3Afi%3Atikwd-869815001187%3Alp1009919%3Ali%3Adec%3Adm%3Appccp%3DUmFuZG9tSVYkc2RlIyh9YXdX6HrtnYy-Ml68sH-ljtU&aid=311984&dest_id=198&dest_type=country&group_adults=2&req_adults=2&no_rooms=1&broad_search_not_eligible=1&order=score&nflt=ht_id%3D204%3Bht_id%3D213%3Bht_id%3D201%3Bht_id%3D216%3Btop_destinations%3D6006%3Bpopular_nearby_landmarks%3D900053669%3Bpopular_nearby_landmarks%3D900059236%3Bpopular_nearby_landmarks%3D900059439%3Bpopular_nearby_landmarks%3D900059238","","Grand Trillium Villa Lake View & Garden Retreat Family Friendly Stay, a modern and peaceful escape in the beautiful surroundings of Nuwara Eliya","Lake Gregory, Nuwara Eliya (Lake Gregory)","Scored 10","10","Value for money 10","Providing a garden, Grand Trillium Villa Lake View & Garden Retreat Family Friendly Stay, a modern and peaceful escape in the beautiful surroundings of Nuwara Eliya features accommodations in Nuwara...","· 2 reviews","Opens in new window","Show prices","Exceptional","Show on map","https://cf.bstatic.com/xdata/images/hotel/square600/685063552.webp?k=83ea06da7c88ae9e1834a62c0c62d176f551893c0adca8c139e994b087c71fac&o="
"1777052628-232","https://www.booking.com/searchresults.html?label=bristol-XLwodozx2dVe8Ts0XeYuawS752260715469%3Apl%3Ata%3Ap1%3Ap2%3Aac%3Aap%3Aneg%3Afi%3Atikwd-869815001187%3Alp1009919%3Ali%3Adec%3Adm%3Appccp%3DUmFuZG9tSVYkc2RlIyh9YXdX6HrtnYy-Ml68sH-ljtU&aid=311984&dest_id=198&dest_type=country&group_adults=2&req_adults=2&no_rooms=1&broad_search_not_eligible=1&order=score&nflt=ht_id%3D204%3Bht_id%3D213%3Bht_id%3D201%3Bht_id%3D216%3Btop_destinations%3D6006%3Bpopular_nearby_landmarks%3D900053669%3Bpopular_nearby_landmarks%3D900059236%3Bpopular_nearby_landmarks%3D900059439%3Bpopular_nearby_landmarks%3D900059238","","Sampath Blue Heaven Inn Nuwara Eliya","Nuwara Eliya City Centre, Nuwara Eliya","","","","Providing a garden, Sampath Blue Heaven Inn Nuwara Eliya features accommodations in Nuwara Eliya. Featuring complimentary private parking, the guest house is 5.5 miles from Hakgala Botanical Garden.","","Opens in new window","Show prices","","Show on map","https://cf.bstatic.com/xdata/images/hotel/square600/816038646.webp?k=19e205c21dd8c18016f62837338674c85fe83c4fcaba2606d035f30ff3320d4e&o="
"1777052628-233","https://www.booking.com/searchresults.html?label=bristol-XLwodozx2dVe8Ts0XeYuawS752260715469%3Apl%3Ata%3Ap1%3Ap2%3Aac%3Aap%3Aneg%3Afi%3Atikwd-869815001187%3Alp1009919%3Ali%3Adec%3Adm%3Appccp%3DUmFuZG9tSVYkc2RlIyh9YXdX6HrtnYy-Ml68sH-ljtU&aid=311984&dest_id=198&dest_type=country&group_adults=2&req_adults=2&no_rooms=1&broad_search_not_eligible=1&order=score&nflt=ht_id%3D204%3Bht_id%3D213%3Bht_id%3D201%3Bht_id%3D216%3Btop_destinations%3D6006%3Bpopular_nearby_landmarks%3D900053669%3Bpopular_nearby_landmarks%3D900059236%3Bpopular_nearby_landmarks%3D900059439%3Bpopular_nearby_landmarks%3D900059238","","Panoramic Holiday Apartment - Luxury Studio | Nuwara Eliya","Nuwara Eliya","Scored 6.5","6.5","","Panoramic Holiday Apartment - Luxury Studio | Nuwara Eliya is located in Nuwara Eliya, just 2 miles from Gregory Lake and 6.3 miles from Hakgala Botanical Garden.","· 4 reviews","Opens in new window","Show prices","Review score","Show on map","https://cf.bstatic.com/xdata/images/hotel/square600/26096707.webp?k=75ecdc2f28843f3849bc6bf6971cac6e4a9ff9c4556eabeff7d77f36725be486&o="
"1777052628-234","https://www.booking.com/searchresults.html?label=bristol-XLwodozx2dVe8Ts0XeYuawS752260715469%3Apl%3Ata%3Ap1%3Ap2%3Aac%3Aap%3Aneg%3Afi%3Atikwd-869815001187%3Alp1009919%3Ali%3Adec%3Adm%3Appccp%3DUmFuZG9tSVYkc2RlIyh9YXdX6HrtnYy-Ml68sH-ljtU&aid=311984&dest_id=198&dest_type=country&group_adults=2&req_adults=2&no_rooms=1&broad_search_not_eligible=1&order=score&nflt=ht_id%3D204%3Bht_id%3D213%3Bht_id%3D201%3Bht_id%3D216%3Btop_destinations%3D6006%3Bpopular_nearby_landmarks%3D900053669%3Bpopular_nearby_landmarks%3D900059236%3Bpopular_nearby_landmarks%3D900059439%3Bpopular_nearby_landmarks%3D900059238","","Kings Villa Nuwara Eliya","Lake Gregory, Nuwara Eliya (Lake Gregory)","Scored 5.5","5.5","","Located in Nuwara Eliya, within a 16-minute walk of Gregory Lake and 5.1 miles of Hakgala Botanical Garden, Kings Villa Nuwara Eliya has accommodations with a garden as well as free private parking...","· 2 reviews","Opens in new window","Show prices","Review score","Show on map","https://cf.bstatic.com/xdata/images/hotel/square600/639397106.webp?k=55bc1ecd3813ef44a72c2322ddd84f248dd817859edfa783a998d6bec6e3554c&o="
"1777052628-235","https://www.booking.com/searchresults.html?label=bristol-XLwodozx2dVe8Ts0XeYuawS752260715469%3Apl%3Ata%3Ap1%3Ap2%3Aac%3Aap%3Aneg%3Afi%3Atikwd-869815001187%3Alp1009919%3Ali%3Adec%3Adm%3Appccp%3DUmFuZG9tSVYkc2RlIyh9YXdX6HrtnYy-Ml68sH-ljtU&aid=311984&dest_id=198&dest_type=country&group_adults=2&req_adults=2&no_rooms=1&broad_search_not_eligible=1&order=score&nflt=ht_id%3D204%3Bht_id%3D213%3Bht_id%3D201%3Bht_id%3D216%3Btop_destinations%3D6006%3Bpopular_nearby_landmarks%3D900053669%3Bpopular_nearby_landmarks%3D900059236%3Bpopular_nearby_landmarks%3D900059439%3Bpopular_nearby_landmarks%3D900059238","","Sky Breeze Nuwara Eliya, Sri Lanka","Nuwara Eliya","Scored 8.0","8.0","","Sky Breeze Nuwara Eliya, Sri Lanka is located in Nuwara Eliya, just 4.4 miles from Gregory Lake and 8.7 miles from Hakgala Botanical Garden.","· 4 reviews","Opens in new window","Show prices","Very Good","Show on map","https://cf.bstatic.com/xdata/images/hotel/square600/56562809.webp?k=af9d2df5067e7b6a0dd26f9eb5c946bcf3e3e7ccf8f0ef2518150ee89c1c1d22&o="
"1777052628-236","https://www.booking.com/searchresults.html?label=bristol-XLwodozx2dVe8Ts0XeYuawS752260715469%3Apl%3Ata%3Ap1%3Ap2%3Aac%3Aap%3Aneg%3Afi%3Atikwd-869815001187%3Alp1009919%3Ali%3Adec%3Adm%3Appccp%3DUmFuZG9tSVYkc2RlIyh9YXdX6HrtnYy-Ml68sH-ljtU&aid=311984&dest_id=198&dest_type=country&group_adults=2&req_adults=2&no_rooms=1&broad_search_not_eligible=1&order=score&nflt=ht_id%3D204%3Bht_id%3D213%3Bht_id%3D201%3Bht_id%3D216%3Btop_destinations%3D6006%3Bpopular_nearby_landmarks%3D900053669%3Bpopular_nearby_landmarks%3D900059236%3Bpopular_nearby_landmarks%3D900059439%3Bpopular_nearby_landmarks%3D900059238","","Gregory River View","Lake Gregory, Nuwara Eliya (Lake Gregory)","","","","Gregory River View is located in Nuwara Eliya, just a 7-minute walk from Gregory Lake and 4.3 miles from Hakgala Botanical Garden. This property offers access to a terrace and free private parking.","","Opens in new window","Show prices","","Show on map","https://cf.bstatic.com/xdata/images/hotel/square600/764529500.webp?k=8ee9658239dc6abb3967031ae362ff1fbfdb2abce525382e5bd1cce0ba57e1e2&o="
"1777052628-237","https://www.booking.com/searchresults.html?label=bristol-XLwodozx2dVe8Ts0XeYuawS752260715469%3Apl%3Ata%3Ap1%3Ap2%3Aac%3Aap%3Aneg%3Afi%3Atikwd-869815001187%3Alp1009919%3Ali%3Adec%3Adm%3Appccp%3DUmFuZG9tSVYkc2RlIyh9YXdX6HrtnYy-Ml68sH-ljtU&aid=311984&dest_id=198&dest_type=country&group_adults=2&req_adults=2&no_rooms=1&broad_search_not_eligible=1&order=score&nflt=ht_id%3D204%3Bht_id%3D213%3Bht_id%3D201%3Bht_id%3D216%3Btop_destinations%3D6006%3Bpopular_nearby_landmarks%3D900053669%3Bpopular_nearby_landmarks%3D900059236%3Bpopular_nearby_landmarks%3D900059439%3Bpopular_nearby_landmarks%3D900059238","","Lunuwarana Hillside Apartment","Nuwara Eliya City Centre, Nuwara Eliya","","","","Lunuwarana Hillside Apartment offers accommodations in Nuwara Eliya, 6 miles from Hakgala Botanical Garden. Both free Wifi and parking on-site are available at the apartment free of charge.","","Opens in new window","Show prices","","Show on map","https://cf.bstatic.com/xdata/images/hotel/square600/642443698.webp?k=dd47a219f801dbf349dcb92acbb16d9dda79d064a13b18947bfd1e57036a6362&o="
"1777052628-238","https://www.booking.com/searchresults.html?label=bristol-XLwodozx2dVe8Ts0XeYuawS752260715469%3Apl%3Ata%3Ap1%3Ap2%3Aac%3Aap%3Aneg%3Afi%3Atikwd-869815001187%3Alp1009919%3Ali%3Adec%3Adm%3Appccp%3DUmFuZG9tSVYkc2RlIyh9YXdX6HrtnYy-Ml68sH-ljtU&aid=311984&dest_id=198&dest_type=country&group_adults=2&req_adults=2&no_rooms=1&broad_search_not_eligible=1&order=score&nflt=ht_id%3D204%3Bht_id%3D213%3Bht_id%3D201%3Bht_id%3D216%3Btop_destinations%3D6006%3Bpopular_nearby_landmarks%3D900053669%3Bpopular_nearby_landmarks%3D900059236%3Bpopular_nearby_landmarks%3D900059439%3Bpopular_nearby_landmarks%3D900059238","","Gregory Lake Inn Resort","Lake Gregory, Nuwara Eliya (Lake Gregory)","Scored 5.5","5.5","","Providing lake views, Gregory Lake Inn Resort in Nuwara Eliya offers accommodations, a garden, and a shared lounge. This property offers access to a terrace and free private parking.","· 2 reviews","Opens in new window","Show prices","Review score","Show on map","https://cf.bstatic.com/xdata/images/hotel/square600/741187278.webp?k=02f427475450d5801240f0cc3a91c0f75ed1d88fb31f6343ea28f8a74bfbb5c8&o="
"1777052628-239","https://www.booking.com/searchresults.html?label=bristol-XLwodozx2dVe8Ts0XeYuawS752260715469%3Apl%3Ata%3Ap1%3Ap2%3Aac%3Aap%3Aneg%3Afi%3Atikwd-869815001187%3Alp1009919%3Ali%3Adec%3Adm%3Appccp%3DUmFuZG9tSVYkc2RlIyh9YXdX6HrtnYy-Ml68sH-ljtU&aid=311984&dest_id=198&dest_type=country&group_adults=2&req_adults=2&no_rooms=1&broad_search_not_eligible=1&order=score&nflt=ht_id%3D204%3Bht_id%3D213%3Bht_id%3D201%3Bht_id%3D216%3Btop_destinations%3D6006%3Bpopular_nearby_landmarks%3D900053669%3Bpopular_nearby_landmarks%3D900059236%3Bpopular_nearby_landmarks%3D900059439%3Bpopular_nearby_landmarks%3D900059238","","33,gemunupura,magastota","Lake Gregory, Nuwara Eliya (Lake Gregory)","Scored 5.5","5.5","","33, gemunupura,magastota offers accommodations in Nuwara Eliya, a 11-minute walk from Gregory Lake and 3.9 miles from Hakgala Botanical Garden. The accommodation is non-smoking.","· 4 reviews","Opens in new window","Show prices","Review score","Show on map","https://cf.bstatic.com/xdata/images/hotel/square600/529222466.webp?k=3b31349a8a07ed8d79b292ace9834b8af2f04cfd1661f615dcbff366e795a9ab&o="
"1777052628-240","https://www.booking.com/searchresults.html?label=bristol-XLwodozx2dVe8Ts0XeYuawS752260715469%3Apl%3Ata%3Ap1%3Ap2%3Aac%3Aap%3Aneg%3Afi%3Atikwd-869815001187%3Alp1009919%3Ali%3Adec%3Adm%3Appccp%3DUmFuZG9tSVYkc2RlIyh9YXdX6HrtnYy-Ml68sH-ljtU&aid=311984&dest_id=198&dest_type=country&group_adults=2&req_adults=2&no_rooms=1&broad_search_not_eligible=1&order=score&nflt=ht_id%3D204%3Bht_id%3D213%3Bht_id%3D201%3Bht_id%3D216%3Btop_destinations%3D6006%3Bpopular_nearby_landmarks%3D900053669%3Bpopular_nearby_landmarks%3D900059236%3Bpopular_nearby_landmarks%3D900059439%3Bpopular_nearby_landmarks%3D900059238","","Aryans cabana","Lake Gregory, Nuwara Eliya (Lake Gregory)","Scored 8.5","8.5","Value for money 8.8","Located in the Lake Gregory district of Nuwara Eliya, Aryans cabana is a 16-minute walk from Gregory Lake and 3.7 miles from Hakgala Botanical Garden.","· 4 reviews","Opens in new window","Show prices","Very Good","Show on map","https://cf.bstatic.com/xdata/images/hotel/square600/776487561.webp?k=6b1a6790f43ea6e558ece464e1d5070af3c86318fa1effe7c65a7708321ce4b8&o="
"1777052628-241","https://www.booking.com/searchresults.html?label=bristol-XLwodozx2dVe8Ts0XeYuawS752260715469%3Apl%3Ata%3Ap1%3Ap2%3Aac%3Aap%3Aneg%3Afi%3Atikwd-869815001187%3Alp1009919%3Ali%3Adec%3Adm%3Appccp%3DUmFuZG9tSVYkc2RlIyh9YXdX6HrtnYy-Ml68sH-ljtU&aid=311984&dest_id=198&dest_type=country&group_adults=2&req_adults=2&no_rooms=1&broad_search_not_eligible=1&order=score&nflt=ht_id%3D204%3Bht_id%3D213%3Bht_id%3D201%3Bht_id%3D216%3Btop_destinations%3D6006%3Bpopular_nearby_landmarks%3D900053669%3Bpopular_nearby_landmarks%3D900059236%3Bpopular_nearby_landmarks%3D900059439%3Bpopular_nearby_landmarks%3D900059238","","Lavender Resort & WòÓd Cabin","Lake Gregory, Nuwara Eliya (Lake Gregory)","Scored 10","10","Value for money 10","Located in Nuwara Eliya, a 7-minute walk from Gregory Lake, Lavender Resort & WòÓd Cabin features views of the lake. This 4-star hotel offers room service and a 24-hour front desk.","· 1 review","Opens in new window","Show prices","Exceptional","Show on map","https://cf.bstatic.com/xdata/images/hotel/square600/797253153.webp?k=73910f877fc7c129d9adf66fbff5317a965e9d45e50b1bb58adadcea38492c45&o="
"1777052628-242","https://www.booking.com/searchresults.html?label=bristol-XLwodozx2dVe8Ts0XeYuawS752260715469%3Apl%3Ata%3Ap1%3Ap2%3Aac%3Aap%3Aneg%3Afi%3Atikwd-869815001187%3Alp1009919%3Ali%3Adec%3Adm%3Appccp%3DUmFuZG9tSVYkc2RlIyh9YXdX6HrtnYy-Ml68sH-ljtU&aid=311984&dest_id=198&dest_type=country&group_adults=2&req_adults=2&no_rooms=1&broad_search_not_eligible=1&order=score&nflt=ht_id%3D204%3Bht_id%3D213%3Bht_id%3D201%3Bht_id%3D216%3Btop_destinations%3D6006%3Bpopular_nearby_landmarks%3D900053669%3Bpopular_nearby_landmarks%3D900059236%3Bpopular_nearby_landmarks%3D900059439%3Bpopular_nearby_landmarks%3D900059238","","Galaxy Holiday Inn","Lake Gregory, Nuwara Eliya (Lake Gregory)","","","","Galaxy Holiday Inn offers accommodations in Nuwara Eliya, a 17-minute walk from Gregory Lake and 4.8 miles from Hakgala Botanical Garden. This villa features a terrace.","","Opens in new window","Show prices","","Show on map","https://cf.bstatic.com/xdata/images/hotel/square600/809768952.webp?k=9bead4f087f78683a29f4a57d302cf2def559c004c9e21671ff5a47023fef29d&o="
"1777052628-243","https://www.booking.com/searchresults.html?label=bristol-XLwodozx2dVe8Ts0XeYuawS752260715469%3Apl%3Ata%3Ap1%3Ap2%3Aac%3Aap%3Aneg%3Afi%3Atikwd-869815001187%3Alp1009919%3Ali%3Adec%3Adm%3Appccp%3DUmFuZG9tSVYkc2RlIyh9YXdX6HrtnYy-Ml68sH-ljtU&aid=311984&dest_id=198&dest_type=country&group_adults=2&req_adults=2&no_rooms=1&broad_search_not_eligible=1&order=score&nflt=ht_id%3D204%3Bht_id%3D213%3Bht_id%3D201%3Bht_id%3D216%3Btop_destinations%3D6006%3Bpopular_nearby_landmarks%3D900053669%3Bpopular_nearby_landmarks%3D900059236%3Bpopular_nearby_landmarks%3D900059439%3Bpopular_nearby_landmarks%3D900059238","","SUMMER BLISS HOTELS","Nuwara Eliya City Centre, Nuwara Eliya","","","","Located in Nuwara Eliya, 1.3 miles from Gregory Lake, SUMMER BLISS HOTELS provides accommodations with a terrace, free private parking and a restaurant.","","Opens in new window","Show prices","","Show on map","https://cf.bstatic.com/xdata/images/hotel/square600/757077627.webp?k=b3910097040e3071dbb50d76a687a6338d90856ea920feeaa22af8eb7d9d3858&o="
"1777052628-244","https://www.booking.com/searchresults.html?label=bristol-XLwodozx2dVe8Ts0XeYuawS752260715469%3Apl%3Ata%3Ap1%3Ap2%3Aac%3Aap%3Aneg%3Afi%3Atikwd-869815001187%3Alp1009919%3Ali%3Adec%3Adm%3Appccp%3DUmFuZG9tSVYkc2RlIyh9YXdX6HrtnYy-Ml68sH-ljtU&aid=311984&dest_id=198&dest_type=country&group_adults=2&req_adults=2&no_rooms=1&broad_search_not_eligible=1&order=score&nflt=ht_id%3D204%3Bht_id%3D213%3Bht_id%3D201%3Bht_id%3D216%3Btop_destinations%3D6006%3Bpopular_nearby_landmarks%3D900053669%3Bpopular_nearby_landmarks%3D900059236%3Bpopular_nearby_landmarks%3D900059439%3Bpopular_nearby_landmarks%3D900059238","","Green Garden Hotel & Restaurant","Nuwara Eliya City Centre, Nuwara Eliya","Scored 4.0","4.0","","Green Garden Hotel & Restaurant features rooms with free Wifi in the center of Nuwara Eliya.","· 1 review","Opens in new window","Show prices","Review score","Show on map","https://cf.bstatic.com/xdata/images/hotel/square600/827210364.webp?k=d517557f3a8f35b5726a7a2d532d263636cd5c5a7531f815d87a907933ca1de7&o="
"1777052628-245","https://www.booking.com/searchresults.html?label=bristol-XLwodozx2dVe8Ts0XeYuawS752260715469%3Apl%3Ata%3Ap1%3Ap2%3Aac%3Aap%3Aneg%3Afi%3Atikwd-869815001187%3Alp1009919%3Ali%3Adec%3Adm%3Appccp%3DUmFuZG9tSVYkc2RlIyh9YXdX6HrtnYy-Ml68sH-ljtU&aid=311984&dest_id=198&dest_type=country&group_adults=2&req_adults=2&no_rooms=1&broad_search_not_eligible=1&order=score&nflt=ht_id%3D204%3Bht_id%3D213%3Bht_id%3D201%3Bht_id%3D216%3Btop_destinations%3D6006%3Bpopular_nearby_landmarks%3D900053669%3Bpopular_nearby_landmarks%3D900059236%3Bpopular_nearby_landmarks%3D900059439%3Bpopular_nearby_landmarks%3D900059238","","Dinu Villa","Nuwara Eliya","","","","Dinu Villa offers accommodations in Nuwara Eliya. 1.3 miles from Gregory Lake and 5.6 miles from Hakgala Botanical Garden, the property provides a garden and a shared lounge.","","Opens in new window","Show prices","","Show on map","https://cf.bstatic.com/xdata/images/hotel/square600/822006872.webp?k=84b9480505163aa7929f6b5eaad5854802c88d0d49f2ef2503fadba285a4d868&o="
"1777052628-246","https://www.booking.com/searchresults.html?label=bristol-XLwodozx2dVe8Ts0XeYuawS752260715469%3Apl%3Ata%3Ap1%3Ap2%3Aac%3Aap%3Aneg%3Afi%3Atikwd-869815001187%3Alp1009919%3Ali%3Adec%3Adm%3Appccp%3DUmFuZG9tSVYkc2RlIyh9YXdX6HrtnYy-Ml68sH-ljtU&aid=311984&dest_id=198&dest_type=country&group_adults=2&req_adults=2&no_rooms=1&broad_search_not_eligible=1&order=score&nflt=ht_id%3D204%3Bht_id%3D213%3Bht_id%3D201%3Bht_id%3D216%3Btop_destinations%3D6006%3Bpopular_nearby_landmarks%3D900053669%3Bpopular_nearby_landmarks%3D900059236%3Bpopular_nearby_landmarks%3D900059439%3Bpopular_nearby_landmarks%3D900059238","","Galaxy Holiday Inn","Lake Gregory, Nuwara Eliya (Lake Gregory)","","","","Galaxy Holiday Inn offers accommodations in Nuwara Eliya, a 17-minute walk from Gregory Lake and 4.8 miles from Hakgala Botanical Garden.","","Opens in new window","Show prices","","Show on map","https://cf.bstatic.com/xdata/images/hotel/square600/811179252.webp?k=afccd3d2f77631882cc0bb7a27a033c1a7e8fa0c972aa45a45b088be9a089638&o="
"1777052628-247","https://www.booking.com/searchresults.html?label=bristol-XLwodozx2dVe8Ts0XeYuawS752260715469%3Apl%3Ata%3Ap1%3Ap2%3Aac%3Aap%3Aneg%3Afi%3Atikwd-869815001187%3Alp1009919%3Ali%3Adec%3Adm%3Appccp%3DUmFuZG9tSVYkc2RlIyh9YXdX6HrtnYy-Ml68sH-ljtU&aid=311984&dest_id=198&dest_type=country&group_adults=2&req_adults=2&no_rooms=1&broad_search_not_eligible=1&order=score&nflt=ht_id%3D204%3Bht_id%3D213%3Bht_id%3D201%3Bht_id%3D216%3Btop_destinations%3D6006%3Bpopular_nearby_landmarks%3D900053669%3Bpopular_nearby_landmarks%3D900059236%3Bpopular_nearby_landmarks%3D900059439%3Bpopular_nearby_landmarks%3D900059238","","Country Cottage","Nuwara Eliya City Centre, Nuwara Eliya","","","","In the center of Nuwara Eliya, Country Cottage provides rooms with free Wifi. With free private parking, the property is 1.6 miles from Gregory Lake and 5.9 miles from Hakgala Botanical Garden.","","Opens in new window","Show prices","","Show on map","https://cf.bstatic.com/xdata/images/hotel/square600/846322237.webp?k=21f109b8175677ec547c0ecdb9110f27af05bc0449197c0537aef381433d3252&o="
"1777052628-248","https://www.booking.com/searchresults.html?label=bristol-XLwodozx2dVe8Ts0XeYuawS752260715469%3Apl%3Ata%3Ap1%3Ap2%3Aac%3Aap%3Aneg%3Afi%3Atikwd-869815001187%3Alp1009919%3Ali%3Adec%3Adm%3Appccp%3DUmFuZG9tSVYkc2RlIyh9YXdX6HrtnYy-Ml68sH-ljtU&aid=311984&dest_id=198&dest_type=country&group_adults=2&req_adults=2&no_rooms=1&broad_search_not_eligible=1&order=score&nflt=ht_id%3D204%3Bht_id%3D213%3Bht_id%3D201%3Bht_id%3D216%3Btop_destinations%3D6006%3Bpopular_nearby_landmarks%3D900053669%3Bpopular_nearby_landmarks%3D900059236%3Bpopular_nearby_landmarks%3D900059439%3Bpopular_nearby_landmarks%3D900059238","","Celadon Villa","Nuwara Eliya","","","","Featuring a garden, Celadon Villa offers accommodations in Nuwara Eliya. This property offers access to a balcony, a pool table, free private parking, and free Wifi.","","Opens in new window","Show prices","","Show on map","https://cf.bstatic.com/xdata/images/hotel/square600/602828455.webp?k=7fef74b0f0064cdd1d7492b7972e4dbb637fe6ec68a0ffadbb57519e428d93f9&o="
"1777052628-249","https://www.booking.com/searchresults.html?label=bristol-XLwodozx2dVe8Ts0XeYuawS752260715469%3Apl%3Ata%3Ap1%3Ap2%3Aac%3Aap%3Aneg%3Afi%3Atikwd-869815001187%3Alp1009919%3Ali%3Adec%3Adm%3Appccp%3DUmFuZG9tSVYkc2RlIyh9YXdX6HrtnYy-Ml68sH-ljtU&aid=311984&dest_id=198&dest_type=country&group_adults=2&req_adults=2&no_rooms=1&broad_search_not_eligible=1&order=score&nflt=ht_id%3D204%3Bht_id%3D213%3Bht_id%3D201%3Bht_id%3D216%3Btop_destinations%3D6006%3Bpopular_nearby_landmarks%3D900053669%3Bpopular_nearby_landmarks%3D900059236%3Bpopular_nearby_landmarks%3D900059439%3Bpopular_nearby_landmarks%3D900059238","","Sampath Hotel Nuwara Eliya","Nuwara Eliya City Centre, Nuwara Eliya","","","","Located in Nuwara Eliya, 1.6 miles from Gregory Lake, Sampath Hotel Nuwara Eliya provides accommodations with a garden, free private parking, a shared lounge and a restaurant.","","Opens in new window","Show prices","","Show on map","https://cf.bstatic.com/xdata/images/hotel/square600/660510913.webp?k=e761ab3467c3524867893966706c0a21109d53e6c96c9c32c43001b1f1e0056c&o="
"1777052628-250","https://www.booking.com/searchresults.html?label=bristol-XLwodozx2dVe8Ts0XeYuawS752260715469%3Apl%3Ata%3Ap1%3Ap2%3Aac%3Aap%3Aneg%3Afi%3Atikwd-869815001187%3Alp1009919%3Ali%3Adec%3Adm%3Appccp%3DUmFuZG9tSVYkc2RlIyh9YXdX6HrtnYy-Ml68sH-ljtU&aid=311984&dest_id=198&dest_type=country&group_adults=2&req_adults=2&no_rooms=1&broad_search_not_eligible=1&order=score&nflt=ht_id%3D204%3Bht_id%3D213%3Bht_id%3D201%3Bht_id%3D216%3Btop_destinations%3D6006%3Bpopular_nearby_landmarks%3D900053669%3Bpopular_nearby_landmarks%3D900059236%3Bpopular_nearby_landmarks%3D900059439%3Bpopular_nearby_landmarks%3D900059238","","Craigbank Nuwaraeliya","Nuwara Eliya","","","","Craigbank Nuwaraeliya is located in Nuwara Eliya, 2.4 miles from Gregory Lake and 6.6 miles from Hakgala Botanical Garden. With free WiFi, this 5-star resort has a garden and a shared lounge.","· 60 external reviews","Opens in new window","Show prices","8.3 Very Good","Show on map","https://cf.bstatic.com/xdata/images/hotel/square600/596258685.webp?k=d80280c925f791593461c0a67d6679c8d9eafe21c0cce02c3d8c4bb0db87b61a&o="
"1777052628-251","https://www.booking.com/searchresults.html?label=bristol-XLwodozx2dVe8Ts0XeYuawS752260715469%3Apl%3Ata%3Ap1%3Ap2%3Aac%3Aap%3Aneg%3Afi%3Atikwd-869815001187%3Alp1009919%3Ali%3Adec%3Adm%3Appccp%3DUmFuZG9tSVYkc2RlIyh9YXdX6HrtnYy-Ml68sH-ljtU&aid=311984&dest_id=198&dest_type=country&group_adults=2&req_adults=2&no_rooms=1&broad_search_not_eligible=1&order=score&nflt=ht_id%3D204%3Bht_id%3D213%3Bht_id%3D201%3Bht_id%3D216%3Btop_destinations%3D6006%3Bpopular_nearby_landmarks%3D900053669%3Bpopular_nearby_landmarks%3D900059236%3Bpopular_nearby_landmarks%3D900059439%3Bpopular_nearby_landmarks%3D900059238","","Rose Dale Nuwara Eliya","Nuwara Eliya","","","","Located in Nuwara Eliya, within 1.1 miles of Gregory Lake and 5.1 miles of Hakgala Botanical Garden, Rose Dale Nuwara Eliya provides accommodations with a garden and free WiFi throughout the property...","","Opens in new window","Show prices","","Show on map","https://cf.bstatic.com/xdata/images/hotel/square600/857492679.webp?k=e3f4dee523758d0696db58f17062dbcd16efe623a1b2a5e8c85fcbeb8b8245b0&o="
"1777052628-252","https://www.booking.com/searchresults.html?label=bristol-XLwodozx2dVe8Ts0XeYuawS752260715469%3Apl%3Ata%3Ap1%3Ap2%3Aac%3Aap%3Aneg%3Afi%3Atikwd-869815001187%3Alp1009919%3Ali%3Adec%3Adm%3Appccp%3DUmFuZG9tSVYkc2RlIyh9YXdX6HrtnYy-Ml68sH-ljtU&aid=311984&dest_id=198&dest_type=country&group_adults=2&req_adults=2&no_rooms=1&broad_search_not_eligible=1&order=score&nflt=ht_id%3D204%3Bht_id%3D213%3Bht_id%3D201%3Bht_id%3D216%3Btop_destinations%3D6006%3Bpopular_nearby_landmarks%3D900053669%3Bpopular_nearby_landmarks%3D900059236%3Bpopular_nearby_landmarks%3D900059439%3Bpopular_nearby_landmarks%3D900059238","","Lake View Paradise - Nuwara Eliya","Nuwara Eliya","Scored 1.0","1.0","","Lake View Paradise - Nuwara Eliya offers accommodations in Nuwara Eliya, 1.2 miles from Gregory Lake and 3.9 miles from Hakgala Botanical Garden.","· 1 review","Opens in new window","Show prices","Review score","Show on map","https://cf.bstatic.com/xdata/images/hotel/square600/751066775.webp?k=f021db23f1ef0102f2e12c23aee20bf0ca7d46fa03096c1f03b795e923171e9c&o="
