web_scraper_order,web_scraper_start_url,pagination,data,data2,data3,data4,data5,data6,data7,data8,data9,data10,data11,data12,image
"1777054999-1","https://www.booking.com/searchresults.html?label=bristol-XLwodozx2dVe8Ts0XeYuawS752260715469%3Apl%3Ata%3Ap1%3Ap2%3Aac%3Aap%3Aneg%3Afi%3Atikwd-869815001187%3Alp1009919%3Ali%3Adec%3Adm%3Appccp%3DUmFuZG9tSVYkc2RlIyh9YXdX6HrtnYy-Ml68sH-ljtU&aid=311984&dest_id=198&dest_type=country&group_adults=2&req_adults=2&no_rooms=1&broad_search_not_eligible=1&order=score&nflt=ht_id%3D204%3Bht_id%3D213%3Bht_id%3D201%3Bht_id%3D216%3Bht_id%3D222%3Bht_id%3D221%3Bht_id%3D206%3Btop_destinations%3D6023%3Buf%3D-2237982%3Buf%3D-2235153%3Buf%3D-2213814%3Buf%3D-2216852%3Buf%3D-2213367%3Buf%3D-2234806%3Buf%3D-2221617","","Peaceful Nature Homestay","Value for money 9.5","Peaceful Nature Homestay offers air-conditioned rooms in Udawalawe. Both free Wifi and parking on-site are available at the guest house free of charge.","· 5 reviews","Opens in new window","Udawalawe","Scored 10","Show prices","10","Exceptional","Show on map","","https://cf.bstatic.com/xdata/images/hotel/square600/668725508.webp?k=6c08f44aa447cde6b9a0720dc2ba4fa17b665ef0502ef42277c1a1d5377faa96&o="
"1777054999-2","https://www.booking.com/searchresults.html?label=bristol-XLwodozx2dVe8Ts0XeYuawS752260715469%3Apl%3Ata%3Ap1%3Ap2%3Aac%3Aap%3Aneg%3Afi%3Atikwd-869815001187%3Alp1009919%3Ali%3Adec%3Adm%3Appccp%3DUmFuZG9tSVYkc2RlIyh9YXdX6HrtnYy-Ml68sH-ljtU&aid=311984&dest_id=198&dest_type=country&group_adults=2&req_adults=2&no_rooms=1&broad_search_not_eligible=1&order=score&nflt=ht_id%3D204%3Bht_id%3D213%3Bht_id%3D201%3Bht_id%3D216%3Bht_id%3D222%3Bht_id%3D221%3Bht_id%3D206%3Btop_destinations%3D6023%3Buf%3D-2237982%3Buf%3D-2235153%3Buf%3D-2213814%3Buf%3D-2216852%3Buf%3D-2213367%3Buf%3D-2234806%3Buf%3D-2221617","","Cassia Udawalawe","Value for money 10","Located in Udawalawe, 7.5 miles from Udawalawe National Park, Cassia Udawalawe has accommodations with free bikes, free private parking, a garden and a shared lounge.","· 8 reviews","Opens in new window","Udawalawe","Scored 10","Show prices","10","Exceptional","Show on map","","https://cf.bstatic.com/xdata/images/hotel/square600/131439453.webp?k=0e7874dec580eff96a5db638fa7a373c0dbc02547598c81d6df09a53e1c14d76&o="
"1777054999-3","https://www.booking.com/searchresults.html?label=bristol-XLwodozx2dVe8Ts0XeYuawS752260715469%3Apl%3Ata%3Ap1%3Ap2%3Aac%3Aap%3Aneg%3Afi%3Atikwd-869815001187%3Alp1009919%3Ali%3Adec%3Adm%3Appccp%3DUmFuZG9tSVYkc2RlIyh9YXdX6HrtnYy-Ml68sH-ljtU&aid=311984&dest_id=198&dest_type=country&group_adults=2&req_adults=2&no_rooms=1&broad_search_not_eligible=1&order=score&nflt=ht_id%3D204%3Bht_id%3D213%3Bht_id%3D201%3Bht_id%3D216%3Bht_id%3D222%3Bht_id%3D221%3Bht_id%3D206%3Btop_destinations%3D6023%3Buf%3D-2237982%3Buf%3D-2235153%3Buf%3D-2213814%3Buf%3D-2216852%3Buf%3D-2213367%3Buf%3D-2234806%3Buf%3D-2221617","","Brilliant Stay Udawalawe","Value for money 10","Brilliant Stay Udawalawe is offering accommodations in Udawalawe. Featuring a garden, the 3-star hotel has air-conditioned rooms with free WiFi, each with a private bathroom.","· 26 reviews","Opens in new window","Udawalawe","Scored 10","Show prices","10","Exceptional","Show on map","New to Booking.com","https://cf.bstatic.com/xdata/images/hotel/square600/846306481.webp?k=ffb96c0cb8063f08eb289804aae5fd35a50e49e2df1347da1fb9f13b8c85fd5a&o="
"1777054999-4","https://www.booking.com/searchresults.html?label=bristol-XLwodozx2dVe8Ts0XeYuawS752260715469%3Apl%3Ata%3Ap1%3Ap2%3Aac%3Aap%3Aneg%3Afi%3Atikwd-869815001187%3Alp1009919%3Ali%3Adec%3Adm%3Appccp%3DUmFuZG9tSVYkc2RlIyh9YXdX6HrtnYy-Ml68sH-ljtU&aid=311984&dest_id=198&dest_type=country&group_adults=2&req_adults=2&no_rooms=1&broad_search_not_eligible=1&order=score&nflt=ht_id%3D204%3Bht_id%3D213%3Bht_id%3D201%3Bht_id%3D216%3Bht_id%3D222%3Bht_id%3D221%3Bht_id%3D206%3Btop_destinations%3D6023%3Buf%3D-2237982%3Buf%3D-2235153%3Buf%3D-2213814%3Buf%3D-2216852%3Buf%3D-2213367%3Buf%3D-2234806%3Buf%3D-2221617","","Amba Kola Udawalawa","Value for money 10","Located in Udawalawe, 5.1 miles from Udawalawe National Park, Amba Kola Udawalawa has accommodations with an outdoor swimming pool, free private parking, a garden and a terrace.","· 292 reviews","Opens in new window","Udawalawe","Scored 10","Show prices","10","Exceptional","Show on map","","https://cf.bstatic.com/xdata/images/hotel/square600/748448440.webp?k=71ccd44a3e817b7c15b8f41eddf8779ba03ad5ac572546ceccd9fc940ba13b0b&o="
"1777054999-5","https://www.booking.com/searchresults.html?label=bristol-XLwodozx2dVe8Ts0XeYuawS752260715469%3Apl%3Ata%3Ap1%3Ap2%3Aac%3Aap%3Aneg%3Afi%3Atikwd-869815001187%3Alp1009919%3Ali%3Adec%3Adm%3Appccp%3DUmFuZG9tSVYkc2RlIyh9YXdX6HrtnYy-Ml68sH-ljtU&aid=311984&dest_id=198&dest_type=country&group_adults=2&req_adults=2&no_rooms=1&broad_search_not_eligible=1&order=score&nflt=ht_id%3D204%3Bht_id%3D213%3Bht_id%3D201%3Bht_id%3D216%3Bht_id%3D222%3Bht_id%3D221%3Bht_id%3D206%3Btop_destinations%3D6023%3Buf%3D-2237982%3Buf%3D-2235153%3Buf%3D-2213814%3Buf%3D-2216852%3Buf%3D-2213367%3Buf%3D-2234806%3Buf%3D-2221617","","hornbill river cottage udawalwa","Value for money 10","Located in Udawalawe, 11 miles from Udawalawe National Park, hornbill river cottage udawalwa provides accommodations with free bikes, free private parking and a restaurant.","· 9 reviews","Opens in new window","Udawalawe","Scored 10","Show prices","10","Exceptional","Show on map","","https://cf.bstatic.com/xdata/images/hotel/square600/221215039.webp?k=efe92464edbf0ab19ff0142d2069792a79429ef2b7094b9b012517f4f39148f1&o="
"1777054999-6","https://www.booking.com/searchresults.html?label=bristol-XLwodozx2dVe8Ts0XeYuawS752260715469%3Apl%3Ata%3Ap1%3Ap2%3Aac%3Aap%3Aneg%3Afi%3Atikwd-869815001187%3Alp1009919%3Ali%3Adec%3Adm%3Appccp%3DUmFuZG9tSVYkc2RlIyh9YXdX6HrtnYy-Ml68sH-ljtU&aid=311984&dest_id=198&dest_type=country&group_adults=2&req_adults=2&no_rooms=1&broad_search_not_eligible=1&order=score&nflt=ht_id%3D204%3Bht_id%3D213%3Bht_id%3D201%3Bht_id%3D216%3Bht_id%3D222%3Bht_id%3D221%3Bht_id%3D206%3Btop_destinations%3D6023%3Buf%3D-2237982%3Buf%3D-2235153%3Buf%3D-2213814%3Buf%3D-2216852%3Buf%3D-2213367%3Buf%3D-2234806%3Buf%3D-2221617","","Vibe paradise cottage","Value for money 10","Vibe paradise cottage is located in Udawalawe and features a restaurant. Featuring a garden, the 3-star hotel has air-conditioned rooms with free WiFi, each with a private bathroom.","· 17 reviews","Opens in new window","Udawalawe","Scored 10","Show prices","10","Exceptional","Show on map","New to Booking.com","https://cf.bstatic.com/xdata/images/hotel/square600/846453210.webp?k=0cdf9f769fd61aec7644e93af5b634fc6e225cd9ff9fc17084eca21736e70fb5&o="
"1777054999-7","https://www.booking.com/searchresults.html?label=bristol-XLwodozx2dVe8Ts0XeYuawS752260715469%3Apl%3Ata%3Ap1%3Ap2%3Aac%3Aap%3Aneg%3Afi%3Atikwd-869815001187%3Alp1009919%3Ali%3Adec%3Adm%3Appccp%3DUmFuZG9tSVYkc2RlIyh9YXdX6HrtnYy-Ml68sH-ljtU&aid=311984&dest_id=198&dest_type=country&group_adults=2&req_adults=2&no_rooms=1&broad_search_not_eligible=1&order=score&nflt=ht_id%3D204%3Bht_id%3D213%3Bht_id%3D201%3Bht_id%3D216%3Bht_id%3D222%3Bht_id%3D221%3Bht_id%3D206%3Btop_destinations%3D6023%3Buf%3D-2237982%3Buf%3D-2235153%3Buf%3D-2213814%3Buf%3D-2216852%3Buf%3D-2213367%3Buf%3D-2234806%3Buf%3D-2221617","","Cottage Paramount","Value for money 10","Cottage Paramount in Udawalawe provides accommodations with a garden and a terrace.","· 61 reviews","Opens in new window","Udawalawe","Scored 10","Show prices","10","Exceptional","Show on map","New to Booking.com","https://cf.bstatic.com/xdata/images/hotel/square600/846354565.webp?k=a2c666c8ea51356005d7b6a81dcda0c3a3b23a655b74c21ecd5859c903bd9c44&o="
"1777054999-8","https://www.booking.com/searchresults.html?label=bristol-XLwodozx2dVe8Ts0XeYuawS752260715469%3Apl%3Ata%3Ap1%3Ap2%3Aac%3Aap%3Aneg%3Afi%3Atikwd-869815001187%3Alp1009919%3Ali%3Adec%3Adm%3Appccp%3DUmFuZG9tSVYkc2RlIyh9YXdX6HrtnYy-Ml68sH-ljtU&aid=311984&dest_id=198&dest_type=country&group_adults=2&req_adults=2&no_rooms=1&broad_search_not_eligible=1&order=score&nflt=ht_id%3D204%3Bht_id%3D213%3Bht_id%3D201%3Bht_id%3D216%3Bht_id%3D222%3Bht_id%3D221%3Bht_id%3D206%3Btop_destinations%3D6023%3Buf%3D-2237982%3Buf%3D-2235153%3Buf%3D-2213814%3Buf%3D-2216852%3Buf%3D-2213367%3Buf%3D-2234806%3Buf%3D-2221617","","Elephant lodge","Value for money 10","Located 29 miles from Tangalle Lagoon, Elephant lodge offers a garden, a terrace and air-conditioned accommodations with a balcony and free WiFi.","· 17 reviews","Opens in new window","Udawalawe","Scored 10","Show prices","10","Exceptional","Show on map","New to Booking.com","https://cf.bstatic.com/xdata/images/hotel/square600/817946752.webp?k=2805610d51218f17592270d6021b11bb7092d787953af16c105c1d2d52768318&o="
"1777054999-9","https://www.booking.com/searchresults.html?label=bristol-XLwodozx2dVe8Ts0XeYuawS752260715469%3Apl%3Ata%3Ap1%3Ap2%3Aac%3Aap%3Aneg%3Afi%3Atikwd-869815001187%3Alp1009919%3Ali%3Adec%3Adm%3Appccp%3DUmFuZG9tSVYkc2RlIyh9YXdX6HrtnYy-Ml68sH-ljtU&aid=311984&dest_id=198&dest_type=country&group_adults=2&req_adults=2&no_rooms=1&broad_search_not_eligible=1&order=score&nflt=ht_id%3D204%3Bht_id%3D213%3Bht_id%3D201%3Bht_id%3D216%3Bht_id%3D222%3Bht_id%3D221%3Bht_id%3D206%3Btop_destinations%3D6023%3Buf%3D-2237982%3Buf%3D-2235153%3Buf%3D-2213814%3Buf%3D-2216852%3Buf%3D-2213367%3Buf%3D-2234806%3Buf%3D-2221617","","The Ivory","Value for money 10","Providing garden views, The Ivory in Udawalawe features accommodations and a garden. This guest house provides free private parking, a 24-hour front desk, and free Wifi.","· 15 reviews","Opens in new window","Udawalawe","Scored 10","Show prices","10","Exceptional","Show on map","","https://cf.bstatic.com/xdata/images/hotel/square600/739944103.webp?k=cf551685df50080845056ef3503b35323a86b713c4fbe98f2a73c1c5ecf1ae70&o="
"1777054999-10","https://www.booking.com/searchresults.html?label=bristol-XLwodozx2dVe8Ts0XeYuawS752260715469%3Apl%3Ata%3Ap1%3Ap2%3Aac%3Aap%3Aneg%3Afi%3Atikwd-869815001187%3Alp1009919%3Ali%3Adec%3Adm%3Appccp%3DUmFuZG9tSVYkc2RlIyh9YXdX6HrtnYy-Ml68sH-ljtU&aid=311984&dest_id=198&dest_type=country&group_adults=2&req_adults=2&no_rooms=1&broad_search_not_eligible=1&order=score&nflt=ht_id%3D204%3Bht_id%3D213%3Bht_id%3D201%3Bht_id%3D216%3Bht_id%3D222%3Bht_id%3D221%3Bht_id%3D206%3Btop_destinations%3D6023%3Buf%3D-2237982%3Buf%3D-2235153%3Buf%3D-2213814%3Buf%3D-2216852%3Buf%3D-2213367%3Buf%3D-2234806%3Buf%3D-2221617","","Elephant Cabana Udawalawe","Value for money 9.9","Located in Udawalawe, Elephant Cabana Udawalawe provides accommodations with a garden, free WiFi, room service, and a 24-hour front desk. There's an on-site restaurant and free private parking.","· 21 reviews","Opens in new window","Udawalawe","Scored 10","Show prices","10","Exceptional","Show on map","New to Booking.com","https://cf.bstatic.com/xdata/images/hotel/square600/813352094.webp?k=8810bf6319a642ec01463346e95c623f938e7c266a7a193c047b190e09dbbb45&o="
"1777054999-11","https://www.booking.com/searchresults.html?label=bristol-XLwodozx2dVe8Ts0XeYuawS752260715469%3Apl%3Ata%3Ap1%3Ap2%3Aac%3Aap%3Aneg%3Afi%3Atikwd-869815001187%3Alp1009919%3Ali%3Adec%3Adm%3Appccp%3DUmFuZG9tSVYkc2RlIyh9YXdX6HrtnYy-Ml68sH-ljtU&aid=311984&dest_id=198&dest_type=country&group_adults=2&req_adults=2&no_rooms=1&broad_search_not_eligible=1&order=score&nflt=ht_id%3D204%3Bht_id%3D213%3Bht_id%3D201%3Bht_id%3D216%3Bht_id%3D222%3Bht_id%3D221%3Bht_id%3D206%3Btop_destinations%3D6023%3Buf%3D-2237982%3Buf%3D-2235153%3Buf%3D-2213814%3Buf%3D-2216852%3Buf%3D-2213367%3Buf%3D-2234806%3Buf%3D-2221617","","Italiyano Safari Cottage","Value for money 10","Featuring a garden, Italiyano Safari Cottage is set in Udawalawe and also provides a terrace and a bar.","· 67 reviews","Opens in new window","Udawalawe","Scored 10","Show prices","10","Exceptional","Show on map","","https://cf.bstatic.com/xdata/images/hotel/square600/821478492.webp?k=978acc24c6cdd19ebf8f3f6135ba85b335962b36de28623be351e99465fcbce9&o="
"1777054999-12","https://www.booking.com/searchresults.html?label=bristol-XLwodozx2dVe8Ts0XeYuawS752260715469%3Apl%3Ata%3Ap1%3Ap2%3Aac%3Aap%3Aneg%3Afi%3Atikwd-869815001187%3Alp1009919%3Ali%3Adec%3Adm%3Appccp%3DUmFuZG9tSVYkc2RlIyh9YXdX6HrtnYy-Ml68sH-ljtU&aid=311984&dest_id=198&dest_type=country&group_adults=2&req_adults=2&no_rooms=1&broad_search_not_eligible=1&order=score&nflt=ht_id%3D204%3Bht_id%3D213%3Bht_id%3D201%3Bht_id%3D216%3Bht_id%3D222%3Bht_id%3D221%3Bht_id%3D206%3Btop_destinations%3D6023%3Buf%3D-2237982%3Buf%3D-2235153%3Buf%3D-2213814%3Buf%3D-2216852%3Buf%3D-2213367%3Buf%3D-2234806%3Buf%3D-2221617","","Dhanaya Safari Home","Value for money 10","Located in Udawalawe, 6.5 mi from Udawalawe National Park, Dhanaya Safari Home provides accommodations with a garden, free private parking, a shared lounge and a terrace.","· 11 reviews","Opens in new window","Udawalawe","Scored 10","Show prices","10","Exceptional","Show on map","","https://cf.bstatic.com/xdata/images/hotel/square600/635755776.webp?k=9bfc08196b4ba585c58352c5336d2a9c94930be3d1ba7b67f2bbec3af85dc625&o="
"1777054999-13","https://www.booking.com/searchresults.html?label=bristol-XLwodozx2dVe8Ts0XeYuawS752260715469%3Apl%3Ata%3Ap1%3Ap2%3Aac%3Aap%3Aneg%3Afi%3Atikwd-869815001187%3Alp1009919%3Ali%3Adec%3Adm%3Appccp%3DUmFuZG9tSVYkc2RlIyh9YXdX6HrtnYy-Ml68sH-ljtU&aid=311984&dest_id=198&dest_type=country&group_adults=2&req_adults=2&no_rooms=1&broad_search_not_eligible=1&order=score&nflt=ht_id%3D204%3Bht_id%3D213%3Bht_id%3D201%3Bht_id%3D216%3Bht_id%3D222%3Bht_id%3D221%3Bht_id%3D206%3Btop_destinations%3D6023%3Buf%3D-2237982%3Buf%3D-2235153%3Buf%3D-2213814%3Buf%3D-2216852%3Buf%3D-2213367%3Buf%3D-2234806%3Buf%3D-2221617","","Dew Safari Cottage","Value for money 10","Providing a garden, Dew Safari Cottage features accommodations in Udawalawe. This property offers access to a terrace, free private parking, and free Wifi.","· 112 reviews","Opens in new window","Udawalawe","Scored 10","Show prices","10","Exceptional","Show on map","","https://cf.bstatic.com/xdata/images/hotel/square600/247019627.webp?k=2a8546f00a22a68ed043c7cbb988e625f1fb58d0f81d4d62b8b13f71ee528c19&o="
"1777054999-14","https://www.booking.com/searchresults.html?label=bristol-XLwodozx2dVe8Ts0XeYuawS752260715469%3Apl%3Ata%3Ap1%3Ap2%3Aac%3Aap%3Aneg%3Afi%3Atikwd-869815001187%3Alp1009919%3Ali%3Adec%3Adm%3Appccp%3DUmFuZG9tSVYkc2RlIyh9YXdX6HrtnYy-Ml68sH-ljtU&aid=311984&dest_id=198&dest_type=country&group_adults=2&req_adults=2&no_rooms=1&broad_search_not_eligible=1&order=score&nflt=ht_id%3D204%3Bht_id%3D213%3Bht_id%3D201%3Bht_id%3D216%3Bht_id%3D222%3Bht_id%3D221%3Bht_id%3D206%3Btop_destinations%3D6023%3Buf%3D-2237982%3Buf%3D-2235153%3Buf%3D-2213814%3Buf%3D-2216852%3Buf%3D-2213367%3Buf%3D-2234806%3Buf%3D-2221617","","Rustic Cottages Udawalawe","Value for money 9.9","Featuring a garden, Rustic Cottages Udawalawe offers accommodations in Udawalawe. With garden views, this accommodation provides a terrace.","· 320 reviews","Opens in new window","Udawalawe","Scored 9.9","Show prices","9.9","Exceptional","Show on map","","https://cf.bstatic.com/xdata/images/hotel/square600/592801711.webp?k=4c4ba5738f9349e304a26dfe610b6b13d37b18638d1271d6ed48b62968920ab9&o="
"1777054999-15","https://www.booking.com/searchresults.html?label=bristol-XLwodozx2dVe8Ts0XeYuawS752260715469%3Apl%3Ata%3Ap1%3Ap2%3Aac%3Aap%3Aneg%3Afi%3Atikwd-869815001187%3Alp1009919%3Ali%3Adec%3Adm%3Appccp%3DUmFuZG9tSVYkc2RlIyh9YXdX6HrtnYy-Ml68sH-ljtU&aid=311984&dest_id=198&dest_type=country&group_adults=2&req_adults=2&no_rooms=1&broad_search_not_eligible=1&order=score&nflt=ht_id%3D204%3Bht_id%3D213%3Bht_id%3D201%3Bht_id%3D216%3Bht_id%3D222%3Bht_id%3D221%3Bht_id%3D206%3Btop_destinations%3D6023%3Buf%3D-2237982%3Buf%3D-2235153%3Buf%3D-2213814%3Buf%3D-2216852%3Buf%3D-2213367%3Buf%3D-2234806%3Buf%3D-2221617","","River Inn Safari Cottage","Value for money 10","Featuring a terrace, River Inn Safari Cottage is located in Udawalawe. Featuring a garden, the 3-star hotel has air-conditioned rooms with free WiFi, each with a private bathroom.","· 51 reviews","Opens in new window","Udawalawe","Scored 9.9","Show prices","9.9","Exceptional","Show on map","New to Booking.com","https://cf.bstatic.com/xdata/images/hotel/square600/833287153.webp?k=6138d26dd333148e96d429a6b352e985dabc7ed775b8bb63dfe75571170abdc3&o="
"1777054999-16","https://www.booking.com/searchresults.html?label=bristol-XLwodozx2dVe8Ts0XeYuawS752260715469%3Apl%3Ata%3Ap1%3Ap2%3Aac%3Aap%3Aneg%3Afi%3Atikwd-869815001187%3Alp1009919%3Ali%3Adec%3Adm%3Appccp%3DUmFuZG9tSVYkc2RlIyh9YXdX6HrtnYy-Ml68sH-ljtU&aid=311984&dest_id=198&dest_type=country&group_adults=2&req_adults=2&no_rooms=1&broad_search_not_eligible=1&order=score&nflt=ht_id%3D204%3Bht_id%3D213%3Bht_id%3D201%3Bht_id%3D216%3Bht_id%3D222%3Bht_id%3D221%3Bht_id%3D206%3Btop_destinations%3D6023%3Buf%3D-2237982%3Buf%3D-2235153%3Buf%3D-2213814%3Buf%3D-2216852%3Buf%3D-2213367%3Buf%3D-2234806%3Buf%3D-2221617","","Chika's Place River View Udawalawa","Value for money 9.9","Located in Udawalawe, 11 miles from Udawalawe National Park, Chika's Place River View Udawalawa has accommodations with a garden, free private parking and a terrace.","· 30 reviews","Opens in new window","Udawalawe","Scored 9.9","Show prices","9.9","Exceptional","Show on map","","https://cf.bstatic.com/xdata/images/hotel/square600/787134481.webp?k=54b0daf4a6e3547199715b3c4ce2c3379e21052597dd223b5997e355fd2606c8&o="
"1777054999-17","https://www.booking.com/searchresults.html?label=bristol-XLwodozx2dVe8Ts0XeYuawS752260715469%3Apl%3Ata%3Ap1%3Ap2%3Aac%3Aap%3Aneg%3Afi%3Atikwd-869815001187%3Alp1009919%3Ali%3Adec%3Adm%3Appccp%3DUmFuZG9tSVYkc2RlIyh9YXdX6HrtnYy-Ml68sH-ljtU&aid=311984&dest_id=198&dest_type=country&group_adults=2&req_adults=2&no_rooms=1&broad_search_not_eligible=1&order=score&nflt=ht_id%3D204%3Bht_id%3D213%3Bht_id%3D201%3Bht_id%3D216%3Bht_id%3D222%3Bht_id%3D221%3Bht_id%3D206%3Btop_destinations%3D6023%3Buf%3D-2237982%3Buf%3D-2235153%3Buf%3D-2213814%3Buf%3D-2216852%3Buf%3D-2213367%3Buf%3D-2234806%3Buf%3D-2221617","","The Glenrock Wellness Nature Resort","Value for money 9.4","The Glenrock is located in Belihul Oya, on the southern slopes of the beautiful hill country of Sri Lanka. All rooms come with a flat-screen TV, and a seating area for your convenience.","· 91 reviews","Opens in new window","Belihuloya","Scored 9.9","Show prices","9.9","Exceptional","Show on map","","https://cf.bstatic.com/xdata/images/hotel/square600/605394553.webp?k=f10ce1af801009bd98fc740d3509ecc33fb3082eb0a07d2d0dc571d4d8f7ad53&o="
"1777054999-18","https://www.booking.com/searchresults.html?label=bristol-XLwodozx2dVe8Ts0XeYuawS752260715469%3Apl%3Ata%3Ap1%3Ap2%3Aac%3Aap%3Aneg%3Afi%3Atikwd-869815001187%3Alp1009919%3Ali%3Adec%3Adm%3Appccp%3DUmFuZG9tSVYkc2RlIyh9YXdX6HrtnYy-Ml68sH-ljtU&aid=311984&dest_id=198&dest_type=country&group_adults=2&req_adults=2&no_rooms=1&broad_search_not_eligible=1&order=score&nflt=ht_id%3D204%3Bht_id%3D213%3Bht_id%3D201%3Bht_id%3D216%3Bht_id%3D222%3Bht_id%3D221%3Bht_id%3D206%3Btop_destinations%3D6023%3Buf%3D-2237982%3Buf%3D-2235153%3Buf%3D-2213814%3Buf%3D-2216852%3Buf%3D-2213367%3Buf%3D-2234806%3Buf%3D-2221617","","Royal Elephant Resort Udawalawe","Value for money 10","Featuring a garden, Royal Elephant Resort Udawalawe provides accommodations in Udawalawe. This guest house features air-conditioned accommodations with a terrace and free Wifi.","· 9 reviews","Opens in new window","Udawalawe","Scored 9.9","Show prices","9.9","Exceptional","Show on map","","https://cf.bstatic.com/xdata/images/hotel/square600/789385080.webp?k=6fcb5e2642f08efddb7178b093151b3a92b979d3dd8b7c9f47c84b58f10cd16a&o="
"1777054999-19","https://www.booking.com/searchresults.html?label=bristol-XLwodozx2dVe8Ts0XeYuawS752260715469%3Apl%3Ata%3Ap1%3Ap2%3Aac%3Aap%3Aneg%3Afi%3Atikwd-869815001187%3Alp1009919%3Ali%3Adec%3Adm%3Appccp%3DUmFuZG9tSVYkc2RlIyh9YXdX6HrtnYy-Ml68sH-ljtU&aid=311984&dest_id=198&dest_type=country&group_adults=2&req_adults=2&no_rooms=1&broad_search_not_eligible=1&order=score&nflt=ht_id%3D204%3Bht_id%3D213%3Bht_id%3D201%3Bht_id%3D216%3Bht_id%3D222%3Bht_id%3D221%3Bht_id%3D206%3Btop_destinations%3D6023%3Buf%3D-2237982%3Buf%3D-2235153%3Buf%3D-2213814%3Buf%3D-2216852%3Buf%3D-2213367%3Buf%3D-2234806%3Buf%3D-2221617","","Batu's Safari lodge Udawalawe","Value for money 9.7","Batu's Safari lodge Udawalawe features air-conditioned rooms in Udawalawe. This guest house provides free private parking and a 24-hour front desk.","· 13 reviews","Opens in new window","Udawalawe","Scored 9.9","Show prices","9.9","Exceptional","Show on map","","https://cf.bstatic.com/xdata/images/hotel/square600/609148631.webp?k=853277112fdfeb3a216510e760a0976c68780b15cc1ede689e0f41a760976f0d&o="
"1777054999-20","https://www.booking.com/searchresults.html?label=bristol-XLwodozx2dVe8Ts0XeYuawS752260715469%3Apl%3Ata%3Ap1%3Ap2%3Aac%3Aap%3Aneg%3Afi%3Atikwd-869815001187%3Alp1009919%3Ali%3Adec%3Adm%3Appccp%3DUmFuZG9tSVYkc2RlIyh9YXdX6HrtnYy-Ml68sH-ljtU&aid=311984&dest_id=198&dest_type=country&group_adults=2&req_adults=2&no_rooms=1&broad_search_not_eligible=1&order=score&nflt=ht_id%3D204%3Bht_id%3D213%3Bht_id%3D201%3Bht_id%3D216%3Bht_id%3D222%3Bht_id%3D221%3Bht_id%3D206%3Btop_destinations%3D6023%3Buf%3D-2237982%3Buf%3D-2235153%3Buf%3D-2213814%3Buf%3D-2216852%3Buf%3D-2213367%3Buf%3D-2234806%3Buf%3D-2221617","","Nature's Cottages - Belihuloya","Value for money 9.7","Featuring a garden, Nature's Cottages - Belihuloya is located in Belihuloya in the Ratnapura District region, 27 miles from Horton Plains National Park and 19 miles from Haputale Railway Station.","· 8 reviews","Opens in new window","Belihuloya","Scored 9.9","Show prices","9.9","Exceptional","Show on map","New to Booking.com","https://cf.bstatic.com/xdata/images/hotel/square600/820486857.webp?k=f8a33f77089efd2814a716bf25d2ef512a3316a9bc960fbd7430ad556da835f4&o="
"1777054999-21","https://www.booking.com/searchresults.html?label=bristol-XLwodozx2dVe8Ts0XeYuawS752260715469%3Apl%3Ata%3Ap1%3Ap2%3Aac%3Aap%3Aneg%3Afi%3Atikwd-869815001187%3Alp1009919%3Ali%3Adec%3Adm%3Appccp%3DUmFuZG9tSVYkc2RlIyh9YXdX6HrtnYy-Ml68sH-ljtU&aid=311984&dest_id=198&dest_type=country&group_adults=2&req_adults=2&no_rooms=1&broad_search_not_eligible=1&order=score&nflt=ht_id%3D204%3Bht_id%3D213%3Bht_id%3D201%3Bht_id%3D216%3Bht_id%3D222%3Bht_id%3D221%3Bht_id%3D206%3Btop_destinations%3D6023%3Buf%3D-2237982%3Buf%3D-2235153%3Buf%3D-2213814%3Buf%3D-2216852%3Buf%3D-2213367%3Buf%3D-2234806%3Buf%3D-2221617","","AMA HomeStay","Value for money 10","AMA HomeStay offers accommodations in Udawalawe, 8.8 miles from Udawalawe National Park. Both free Wifi and private parking are accessible at the guest house free of charge.","· 11 reviews","Opens in new window","Udawalawe","Scored 9.9","Show prices","9.9","Exceptional","Show on map","","https://cf.bstatic.com/xdata/images/hotel/square600/623605944.webp?k=bc7dd2d0ca2a46f73be8458c8d7fd2cf54b8f84355ca3febedef1f8b50dc802e&o="
"1777054999-22","https://www.booking.com/searchresults.html?label=bristol-XLwodozx2dVe8Ts0XeYuawS752260715469%3Apl%3Ata%3Ap1%3Ap2%3Aac%3Aap%3Aneg%3Afi%3Atikwd-869815001187%3Alp1009919%3Ali%3Adec%3Adm%3Appccp%3DUmFuZG9tSVYkc2RlIyh9YXdX6HrtnYy-Ml68sH-ljtU&aid=311984&dest_id=198&dest_type=country&group_adults=2&req_adults=2&no_rooms=1&broad_search_not_eligible=1&order=score&nflt=ht_id%3D204%3Bht_id%3D213%3Bht_id%3D201%3Bht_id%3D216%3Bht_id%3D222%3Bht_id%3D221%3Bht_id%3D206%3Btop_destinations%3D6023%3Buf%3D-2237982%3Buf%3D-2235153%3Buf%3D-2213814%3Buf%3D-2216852%3Buf%3D-2213367%3Buf%3D-2234806%3Buf%3D-2221617","","Green Paradise Cottage Udawalawa","Value for money 10","Located in Udawalawe, 10 miles from Udawalawe National Park, Green Paradise Cottage Udawalawa provides accommodations with a garden, free private parking, a shared lounge and a restaurant.","· 90 reviews","Opens in new window","Udawalawe","Scored 9.9","Show prices","9.9","Exceptional","Show on map","","https://cf.bstatic.com/xdata/images/hotel/square600/625161625.webp?k=9efecbfa571fdafcfcc5d6c454c16a837683cbe744a30d98a511a8b0026cfcda&o="
"1777054999-23","https://www.booking.com/searchresults.html?label=bristol-XLwodozx2dVe8Ts0XeYuawS752260715469%3Apl%3Ata%3Ap1%3Ap2%3Aac%3Aap%3Aneg%3Afi%3Atikwd-869815001187%3Alp1009919%3Ali%3Adec%3Adm%3Appccp%3DUmFuZG9tSVYkc2RlIyh9YXdX6HrtnYy-Ml68sH-ljtU&aid=311984&dest_id=198&dest_type=country&group_adults=2&req_adults=2&no_rooms=1&broad_search_not_eligible=1&order=score&nflt=ht_id%3D204%3Bht_id%3D213%3Bht_id%3D201%3Bht_id%3D216%3Bht_id%3D222%3Bht_id%3D221%3Bht_id%3D206%3Btop_destinations%3D6023%3Buf%3D-2237982%3Buf%3D-2235153%3Buf%3D-2213814%3Buf%3D-2216852%3Buf%3D-2213367%3Buf%3D-2234806%3Buf%3D-2221617","","Leel’s Safari Cottage","Value for money 9.9","Located in Udawalawe, 7.5 miles from Udawalawe National Park, Leel’s Safari Cottage has accommodations with a garden, free private parking, a terrace and a restaurant.","· 238 reviews","Opens in new window","Udawalawe","Scored 9.9","Show prices","9.9","Exceptional","Show on map","","https://cf.bstatic.com/xdata/images/hotel/square600/535535752.webp?k=ed22e1bb526f11a3e73ecdb5f1f8b4d36da68dc3037f5520047b1601e3946e96&o="
"1777054999-24","https://www.booking.com/searchresults.html?label=bristol-XLwodozx2dVe8Ts0XeYuawS752260715469%3Apl%3Ata%3Ap1%3Ap2%3Aac%3Aap%3Aneg%3Afi%3Atikwd-869815001187%3Alp1009919%3Ali%3Adec%3Adm%3Appccp%3DUmFuZG9tSVYkc2RlIyh9YXdX6HrtnYy-Ml68sH-ljtU&aid=311984&dest_id=198&dest_type=country&group_adults=2&req_adults=2&no_rooms=1&broad_search_not_eligible=1&order=score&nflt=ht_id%3D204%3Bht_id%3D213%3Bht_id%3D201%3Bht_id%3D216%3Bht_id%3D222%3Bht_id%3D221%3Bht_id%3D206%3Btop_destinations%3D6023%3Buf%3D-2237982%3Buf%3D-2235153%3Buf%3D-2213814%3Buf%3D-2216852%3Buf%3D-2213367%3Buf%3D-2234806%3Buf%3D-2221617","","EverGreen Resort Udawalawe","Value for money 10","Providing a garden, EverGreen Resort Udawalawe provides accommodations in Udawalawe. Both free Wifi and parking on-site are available at the guest house free of charge.","· 123 reviews","Opens in new window","Udawalawe","Scored 9.9","Show prices","9.9","Exceptional","Show on map","","https://cf.bstatic.com/xdata/images/hotel/square600/713810401.webp?k=3e514285550fb0e83869ef33c407dbdf5fed7132c2c0370c64f86decb31c05f8&o="
"1777054999-25","https://www.booking.com/searchresults.html?label=bristol-XLwodozx2dVe8Ts0XeYuawS752260715469%3Apl%3Ata%3Ap1%3Ap2%3Aac%3Aap%3Aneg%3Afi%3Atikwd-869815001187%3Alp1009919%3Ali%3Adec%3Adm%3Appccp%3DUmFuZG9tSVYkc2RlIyh9YXdX6HrtnYy-Ml68sH-ljtU&aid=311984&dest_id=198&dest_type=country&group_adults=2&req_adults=2&no_rooms=1&broad_search_not_eligible=1&order=score&nflt=ht_id%3D204%3Bht_id%3D213%3Bht_id%3D201%3Bht_id%3D216%3Bht_id%3D222%3Bht_id%3D221%3Bht_id%3D206%3Btop_destinations%3D6023%3Buf%3D-2237982%3Buf%3D-2235153%3Buf%3D-2213814%3Buf%3D-2216852%3Buf%3D-2213367%3Buf%3D-2234806%3Buf%3D-2221617","","Owls Nest","Value for money 10","9.3 miles from Udawalawe National Park, the guest house offers a garden and a shared lounge.","· 17 reviews","Opens in new window","Udawalawe","Scored 9.9","Show prices","9.9","Exceptional","Show on map","","https://cf.bstatic.com/xdata/images/hotel/square600/815952308.webp?k=255c68d40bf0d3f58b14e7f8bbb2d7f703e5caa1025852552305871d0880315e&o="
"1777054999-26","https://www.booking.com/searchresults.html?label=bristol-XLwodozx2dVe8Ts0XeYuawS752260715469%3Apl%3Ata%3Ap1%3Ap2%3Aac%3Aap%3Aneg%3Afi%3Atikwd-869815001187%3Alp1009919%3Ali%3Adec%3Adm%3Appccp%3DUmFuZG9tSVYkc2RlIyh9YXdX6HrtnYy-Ml68sH-ljtU&aid=311984&dest_id=198&dest_type=country&group_adults=2&req_adults=2&no_rooms=1&broad_search_not_eligible=1&order=score&nflt=ht_id%3D204%3Bht_id%3D213%3Bht_id%3D201%3Bht_id%3D216%3Bht_id%3D222%3Bht_id%3D221%3Bht_id%3D206%3Btop_destinations%3D6023%3Buf%3D-2237982%3Buf%3D-2235153%3Buf%3D-2213814%3Buf%3D-2216852%3Buf%3D-2213367%3Buf%3D-2234806%3Buf%3D-2221617","","Serene Retreat Udawalawa","Value for money 10","Serene Retreat Udawalawa features an outdoor swimming pool, shared lounge, a restaurant and bar in Udawalawe.","· 92 reviews","Opens in new window","Udawalawe","Scored 9.9","Show prices","9.9","Exceptional","Show on map","","https://cf.bstatic.com/xdata/images/hotel/square600/732242549.webp?k=8cac01f6e05933554daa7920551908a909afe7eddc2372461b7df0f0b3ed5bc4&o="
"1777054999-27","https://www.booking.com/searchresults.html?label=bristol-XLwodozx2dVe8Ts0XeYuawS752260715469%3Apl%3Ata%3Ap1%3Ap2%3Aac%3Aap%3Aneg%3Afi%3Atikwd-869815001187%3Alp1009919%3Ali%3Adec%3Adm%3Appccp%3DUmFuZG9tSVYkc2RlIyh9YXdX6HrtnYy-Ml68sH-ljtU&aid=311984&dest_id=198&dest_type=country&group_adults=2&req_adults=2&no_rooms=1&broad_search_not_eligible=1&order=score&nflt=ht_id%3D204%3Bht_id%3D213%3Bht_id%3D201%3Bht_id%3D216%3Bht_id%3D222%3Bht_id%3D221%3Bht_id%3D206%3Btop_destinations%3D6023%3Buf%3D-2237982%3Buf%3D-2235153%3Buf%3D-2213814%3Buf%3D-2216852%3Buf%3D-2213367%3Buf%3D-2234806%3Buf%3D-2221617","","Nature House","Value for money 9.9","Located in Udawalawe, NATURE HOUSE offers rustic accommodations with free WiFi access available at all areas. Rooms are comfortable, clean and fitted with a spacious private terrace.","· 1,683 reviews","Opens in new window","Udawalawe","Scored 9.8","Show prices","9.8","Exceptional","Show on map","","https://cf.bstatic.com/xdata/images/hotel/square600/618761438.webp?k=63b8f3d4b7174501dbe32348a31889552661e93e06dcd55bb2fbe78ed9af3967&o="
"1777054999-28","https://www.booking.com/searchresults.html?label=bristol-XLwodozx2dVe8Ts0XeYuawS752260715469%3Apl%3Ata%3Ap1%3Ap2%3Aac%3Aap%3Aneg%3Afi%3Atikwd-869815001187%3Alp1009919%3Ali%3Adec%3Adm%3Appccp%3DUmFuZG9tSVYkc2RlIyh9YXdX6HrtnYy-Ml68sH-ljtU&aid=311984&dest_id=198&dest_type=country&group_adults=2&req_adults=2&no_rooms=1&broad_search_not_eligible=1&order=score&nflt=ht_id%3D204%3Bht_id%3D213%3Bht_id%3D201%3Bht_id%3D216%3Bht_id%3D222%3Bht_id%3D221%3Bht_id%3D206%3Btop_destinations%3D6023%3Buf%3D-2237982%3Buf%3D-2235153%3Buf%3D-2213814%3Buf%3D-2216852%3Buf%3D-2213367%3Buf%3D-2234806%3Buf%3D-2221617","","Jml villa foresta","Value for money 9.7","Featuring a fitness center, Jml villa foresta features accommodations in Kalawana. This property offers access to a balcony, a pool table, free private parking, and free Wifi.","· 17 reviews","Opens in new window","Kalawana","Scored 9.8","Show prices","9.8","Exceptional","Show on map","","https://cf.bstatic.com/xdata/images/hotel/square600/540141724.webp?k=11d65ab487e629c9a3b13b595f289d178ca9c7d3d6cddf1f4c03a33da4c8ba09&o="
"1777054999-29","https://www.booking.com/searchresults.html?label=bristol-XLwodozx2dVe8Ts0XeYuawS752260715469%3Apl%3Ata%3Ap1%3Ap2%3Aac%3Aap%3Aneg%3Afi%3Atikwd-869815001187%3Alp1009919%3Ali%3Adec%3Adm%3Appccp%3DUmFuZG9tSVYkc2RlIyh9YXdX6HrtnYy-Ml68sH-ljtU&aid=311984&dest_id=198&dest_type=country&group_adults=2&req_adults=2&no_rooms=1&broad_search_not_eligible=1&order=score&nflt=ht_id%3D204%3Bht_id%3D213%3Bht_id%3D201%3Bht_id%3D216%3Bht_id%3D222%3Bht_id%3D221%3Bht_id%3D206%3Btop_destinations%3D6023%3Buf%3D-2237982%3Buf%3D-2235153%3Buf%3D-2213814%3Buf%3D-2216852%3Buf%3D-2213367%3Buf%3D-2234806%3Buf%3D-2221617","","suncity privacy cottages","Value for money 9.9","Located 8.7 miles from Udawalawe National Park, suncity privacy cottages has accommodations with a garden, a bar and free shuttle service for your convenience. Complimentary WiFi is offered.","· 86 reviews","Opens in new window","Udawalawe","Scored 9.8","Show prices","9.8","Exceptional","Show on map","","https://cf.bstatic.com/xdata/images/hotel/square600/767899183.webp?k=272787d42211814f517edec96c71c5b4f3d969e13e4f9a2e47b0f36fa9cc6bfd&o="
"1777054999-30","https://www.booking.com/searchresults.html?label=bristol-XLwodozx2dVe8Ts0XeYuawS752260715469%3Apl%3Ata%3Ap1%3Ap2%3Aac%3Aap%3Aneg%3Afi%3Atikwd-869815001187%3Alp1009919%3Ali%3Adec%3Adm%3Appccp%3DUmFuZG9tSVYkc2RlIyh9YXdX6HrtnYy-Ml68sH-ljtU&aid=311984&dest_id=198&dest_type=country&group_adults=2&req_adults=2&no_rooms=1&broad_search_not_eligible=1&order=score&nflt=ht_id%3D204%3Bht_id%3D213%3Bht_id%3D201%3Bht_id%3D216%3Bht_id%3D222%3Bht_id%3D221%3Bht_id%3D206%3Btop_destinations%3D6023%3Buf%3D-2237982%3Buf%3D-2235153%3Buf%3D-2213814%3Buf%3D-2216852%3Buf%3D-2213367%3Buf%3D-2234806%3Buf%3D-2221617","","Eco Friendly Lodge","Value for money 9.9","Offering a garden, Eco Friendly Lodge provides accommodations in Udawalawe. With garden views, this accommodation features a terrace.","· 68 reviews","Opens in new window","Udawalawe","Scored 9.8","Show prices","9.8","Exceptional","Show on map","","https://cf.bstatic.com/xdata/images/hotel/square600/664385623.webp?k=650687f8e724cce54fb3f655759025fffb721d617ba65c31fff9f819796b428b&o="
"1777054999-31","https://www.booking.com/searchresults.html?label=bristol-XLwodozx2dVe8Ts0XeYuawS752260715469%3Apl%3Ata%3Ap1%3Ap2%3Aac%3Aap%3Aneg%3Afi%3Atikwd-869815001187%3Alp1009919%3Ali%3Adec%3Adm%3Appccp%3DUmFuZG9tSVYkc2RlIyh9YXdX6HrtnYy-Ml68sH-ljtU&aid=311984&dest_id=198&dest_type=country&group_adults=2&req_adults=2&no_rooms=1&broad_search_not_eligible=1&order=score&nflt=ht_id%3D204%3Bht_id%3D213%3Bht_id%3D201%3Bht_id%3D216%3Bht_id%3D222%3Bht_id%3D221%3Bht_id%3D206%3Btop_destinations%3D6023%3Buf%3D-2237982%3Buf%3D-2235153%3Buf%3D-2213814%3Buf%3D-2216852%3Buf%3D-2213367%3Buf%3D-2234806%3Buf%3D-2221617","","Elephant paradise Safari lodge","Value for money 10","Elephant paradise Safari lodge in Udawalawe provides accommodations with a garden, a bar, and a shared lounge. There's a private entrance at the apartment for the convenience of those who stay.","· 5 reviews","Opens in new window","Udawalawe","Scored 9.8","Show prices","9.8","Exceptional","Show on map","","https://cf.bstatic.com/xdata/images/hotel/square600/829422906.webp?k=352cfb729fade3e9d9df4993462d246b6c698ad6511a22aaf88c813bbbd21141&o="
"1777054999-32","https://www.booking.com/searchresults.html?label=bristol-XLwodozx2dVe8Ts0XeYuawS752260715469%3Apl%3Ata%3Ap1%3Ap2%3Aac%3Aap%3Aneg%3Afi%3Atikwd-869815001187%3Alp1009919%3Ali%3Adec%3Adm%3Appccp%3DUmFuZG9tSVYkc2RlIyh9YXdX6HrtnYy-Ml68sH-ljtU&aid=311984&dest_id=198&dest_type=country&group_adults=2&req_adults=2&no_rooms=1&broad_search_not_eligible=1&order=score&nflt=ht_id%3D204%3Bht_id%3D213%3Bht_id%3D201%3Bht_id%3D216%3Bht_id%3D222%3Bht_id%3D221%3Bht_id%3D206%3Btop_destinations%3D6023%3Buf%3D-2237982%3Buf%3D-2235153%3Buf%3D-2213814%3Buf%3D-2216852%3Buf%3D-2213367%3Buf%3D-2234806%3Buf%3D-2221617","","Freedom Safari Lodge","Value for money 10","Offering river views, Freedom Safari Lodge in Udawalawe features accommodations and a garden. This guest house offers free private parking, room service, and free Wifi.","· 10 reviews","Opens in new window","Udawalawe","Scored 9.8","Show prices","9.8","Exceptional","Show on map","","https://cf.bstatic.com/xdata/images/hotel/square600/831915878.webp?k=7b738e1296f9fbc542b04f58991ce93095c8658dd11cac42935b8d1a1fa18a83&o="
"1777054999-33","https://www.booking.com/searchresults.html?label=bristol-XLwodozx2dVe8Ts0XeYuawS752260715469%3Apl%3Ata%3Ap1%3Ap2%3Aac%3Aap%3Aneg%3Afi%3Atikwd-869815001187%3Alp1009919%3Ali%3Adec%3Adm%3Appccp%3DUmFuZG9tSVYkc2RlIyh9YXdX6HrtnYy-Ml68sH-ljtU&aid=311984&dest_id=198&dest_type=country&group_adults=2&req_adults=2&no_rooms=1&broad_search_not_eligible=1&order=score&nflt=ht_id%3D204%3Bht_id%3D213%3Bht_id%3D201%3Bht_id%3D216%3Bht_id%3D222%3Bht_id%3D221%3Bht_id%3D206%3Btop_destinations%3D6023%3Buf%3D-2237982%3Buf%3D-2235153%3Buf%3D-2213814%3Buf%3D-2216852%3Buf%3D-2213367%3Buf%3D-2234806%3Buf%3D-2221617","","Pinnacle Safari Resort","Value for money 10","Providing a garden, Pinnacle Safari Resort offers accommodations in Udawalawe. The air-conditioned accommodation is 9.1 miles from Udawalawe National Park.","· 122 reviews","Opens in new window","Udawalawe","Scored 9.8","Show prices","9.8","Exceptional","Show on map","","https://cf.bstatic.com/xdata/images/hotel/square600/623883016.webp?k=133e8a85e667c87972fbc63ed50aac6bb01e3b82bfe26ccfe7f108b1bfd273cf&o="
"1777054999-34","https://www.booking.com/searchresults.html?label=bristol-XLwodozx2dVe8Ts0XeYuawS752260715469%3Apl%3Ata%3Ap1%3Ap2%3Aac%3Aap%3Aneg%3Afi%3Atikwd-869815001187%3Alp1009919%3Ali%3Adec%3Adm%3Appccp%3DUmFuZG9tSVYkc2RlIyh9YXdX6HrtnYy-Ml68sH-ljtU&aid=311984&dest_id=198&dest_type=country&group_adults=2&req_adults=2&no_rooms=1&broad_search_not_eligible=1&order=score&nflt=ht_id%3D204%3Bht_id%3D213%3Bht_id%3D201%3Bht_id%3D216%3Bht_id%3D222%3Bht_id%3D221%3Bht_id%3D206%3Btop_destinations%3D6023%3Buf%3D-2237982%3Buf%3D-2235153%3Buf%3D-2213814%3Buf%3D-2216852%3Buf%3D-2213367%3Buf%3D-2234806%3Buf%3D-2221617","","Diamond Resorts","Value for money 9.9","Located in Udawalawe, 10 miles from Udawalawe National Park, Diamond Resorts has accommodations with a seasonal outdoor swimming pool, free private parking, a garden and a restaurant.","· 50 reviews","Opens in new window","Udawalawe","Scored 9.8","Show prices","9.8","Exceptional","Show on map","","https://cf.bstatic.com/xdata/images/hotel/square600/816329178.webp?k=301b46349e497d116e8ed4a3ae8e7ecb19669a6801a7f87c8cdb27c9f5fd7198&o="
"1777054999-35","https://www.booking.com/searchresults.html?label=bristol-XLwodozx2dVe8Ts0XeYuawS752260715469%3Apl%3Ata%3Ap1%3Ap2%3Aac%3Aap%3Aneg%3Afi%3Atikwd-869815001187%3Alp1009919%3Ali%3Adec%3Adm%3Appccp%3DUmFuZG9tSVYkc2RlIyh9YXdX6HrtnYy-Ml68sH-ljtU&aid=311984&dest_id=198&dest_type=country&group_adults=2&req_adults=2&no_rooms=1&broad_search_not_eligible=1&order=score&nflt=ht_id%3D204%3Bht_id%3D213%3Bht_id%3D201%3Bht_id%3D216%3Bht_id%3D222%3Bht_id%3D221%3Bht_id%3D206%3Btop_destinations%3D6023%3Buf%3D-2237982%3Buf%3D-2235153%3Buf%3D-2213814%3Buf%3D-2216852%3Buf%3D-2213367%3Buf%3D-2234806%3Buf%3D-2221617","","Owl's Nest Chalet","Value for money 10","Providing complimentary private parking, Owl's Nest Chalet is 9.1 miles from Udawalawe National Park. Outdoor seating is also available at the apartment.","· 6 reviews","Opens in new window","Udawalawe","Scored 9.8","Show prices","9.8","Exceptional","Show on map","","https://cf.bstatic.com/xdata/images/hotel/square600/297145005.webp?k=d27fc12c6f690a2a59564c1bbe0769a4731797f3685a13eb200d269c04b92ee4&o="
"1777054999-36","https://www.booking.com/searchresults.html?label=bristol-XLwodozx2dVe8Ts0XeYuawS752260715469%3Apl%3Ata%3Ap1%3Ap2%3Aac%3Aap%3Aneg%3Afi%3Atikwd-869815001187%3Alp1009919%3Ali%3Adec%3Adm%3Appccp%3DUmFuZG9tSVYkc2RlIyh9YXdX6HrtnYy-Ml68sH-ljtU&aid=311984&dest_id=198&dest_type=country&group_adults=2&req_adults=2&no_rooms=1&broad_search_not_eligible=1&order=score&nflt=ht_id%3D204%3Bht_id%3D213%3Bht_id%3D201%3Bht_id%3D216%3Bht_id%3D222%3Bht_id%3D221%3Bht_id%3D206%3Btop_destinations%3D6023%3Buf%3D-2237982%3Buf%3D-2235153%3Buf%3D-2213814%3Buf%3D-2216852%3Buf%3D-2213367%3Buf%3D-2234806%3Buf%3D-2221617","","Bright Sun Safari","Value for money 9.8","Offering a garden, Bright Sun Safari offers accommodations in Udawalawe. Both free Wifi and parking on-site are accessible at the guest house free of charge. Guests can use a terrace.","· 87 reviews","Opens in new window","Udawalawe","Scored 9.8","Show prices","9.8","Exceptional","Show on map","","https://cf.bstatic.com/xdata/images/hotel/square600/783807173.webp?k=c22cf7d0f32eec0ec5a1cc7ecbabc02716bdc4de002385ea3ff5b944b980b458&o="
"1777054999-37","https://www.booking.com/searchresults.html?label=bristol-XLwodozx2dVe8Ts0XeYuawS752260715469%3Apl%3Ata%3Ap1%3Ap2%3Aac%3Aap%3Aneg%3Afi%3Atikwd-869815001187%3Alp1009919%3Ali%3Adec%3Adm%3Appccp%3DUmFuZG9tSVYkc2RlIyh9YXdX6HrtnYy-Ml68sH-ljtU&aid=311984&dest_id=198&dest_type=country&group_adults=2&req_adults=2&no_rooms=1&broad_search_not_eligible=1&order=score&nflt=ht_id%3D204%3Bht_id%3D213%3Bht_id%3D201%3Bht_id%3D216%3Bht_id%3D222%3Bht_id%3D221%3Bht_id%3D206%3Btop_destinations%3D6023%3Buf%3D-2237982%3Buf%3D-2235153%3Buf%3D-2213814%3Buf%3D-2216852%3Buf%3D-2213367%3Buf%3D-2234806%3Buf%3D-2221617","","Forest Edge Safari Villa","Value for money 9.9","Forest Edge Safari Villa is offering accommodations in Udawalawe. The air-conditioned accommodations are 10 miles from Udawalawe National Park.","· 312 reviews","Opens in new window","Udawalawe","Scored 9.8","Show prices","9.8","Exceptional","Show on map","","https://cf.bstatic.com/xdata/images/hotel/square600/324191339.webp?k=4e0fd90d9f5550110d163d3c03ecc8fbb078fb4f3b64e79c514d6ad2ce079659&o="
"1777054999-38","https://www.booking.com/searchresults.html?label=bristol-XLwodozx2dVe8Ts0XeYuawS752260715469%3Apl%3Ata%3Ap1%3Ap2%3Aac%3Aap%3Aneg%3Afi%3Atikwd-869815001187%3Alp1009919%3Ali%3Adec%3Adm%3Appccp%3DUmFuZG9tSVYkc2RlIyh9YXdX6HrtnYy-Ml68sH-ljtU&aid=311984&dest_id=198&dest_type=country&group_adults=2&req_adults=2&no_rooms=1&broad_search_not_eligible=1&order=score&nflt=ht_id%3D204%3Bht_id%3D213%3Bht_id%3D201%3Bht_id%3D216%3Bht_id%3D222%3Bht_id%3D221%3Bht_id%3D206%3Btop_destinations%3D6023%3Buf%3D-2237982%3Buf%3D-2235153%3Buf%3D-2213814%3Buf%3D-2216852%3Buf%3D-2213367%3Buf%3D-2234806%3Buf%3D-2221617","","Banana Shade Cottage","Value for money 9.7","Offering a garden, Banana Shade Cottage features accommodations in Udawalawe.","· 27 reviews","Opens in new window","Udawalawe","Scored 9.8","Show prices","9.8","Exceptional","Show on map","","https://cf.bstatic.com/xdata/images/hotel/square600/722797983.webp?k=4144c49e88d1a832a0f99a906f24790d9c1e8f414d195f4845ef8b01e9b1bfdd&o="
"1777054999-39","https://www.booking.com/searchresults.html?label=bristol-XLwodozx2dVe8Ts0XeYuawS752260715469%3Apl%3Ata%3Ap1%3Ap2%3Aac%3Aap%3Aneg%3Afi%3Atikwd-869815001187%3Alp1009919%3Ali%3Adec%3Adm%3Appccp%3DUmFuZG9tSVYkc2RlIyh9YXdX6HrtnYy-Ml68sH-ljtU&aid=311984&dest_id=198&dest_type=country&group_adults=2&req_adults=2&no_rooms=1&broad_search_not_eligible=1&order=score&nflt=ht_id%3D204%3Bht_id%3D213%3Bht_id%3D201%3Bht_id%3D216%3Bht_id%3D222%3Bht_id%3D221%3Bht_id%3D206%3Btop_destinations%3D6023%3Buf%3D-2237982%3Buf%3D-2235153%3Buf%3D-2213814%3Buf%3D-2216852%3Buf%3D-2213367%3Buf%3D-2234806%3Buf%3D-2221617","","Cinnamon River Edge","Value for money 10","Providing a garden, Cinnamon River Edge features accommodations in Udawalawe. This guest house provides air-conditioned accommodations with a terrace and free Wifi.","· 14 reviews","Opens in new window","Udawalawe","Scored 9.8","Show prices","9.8","Exceptional","Show on map","","https://cf.bstatic.com/xdata/images/hotel/square600/791198807.webp?k=7125c33616430f04d0294a86ce04ea38a487e52d3b72546dddf68e36856f788e&o="
"1777054999-40","https://www.booking.com/searchresults.html?label=bristol-XLwodozx2dVe8Ts0XeYuawS752260715469%3Apl%3Ata%3Ap1%3Ap2%3Aac%3Aap%3Aneg%3Afi%3Atikwd-869815001187%3Alp1009919%3Ali%3Adec%3Adm%3Appccp%3DUmFuZG9tSVYkc2RlIyh9YXdX6HrtnYy-Ml68sH-ljtU&aid=311984&dest_id=198&dest_type=country&group_adults=2&req_adults=2&no_rooms=1&broad_search_not_eligible=1&order=score&nflt=ht_id%3D204%3Bht_id%3D213%3Bht_id%3D201%3Bht_id%3D216%3Bht_id%3D222%3Bht_id%3D221%3Bht_id%3D206%3Btop_destinations%3D6023%3Buf%3D-2237982%3Buf%3D-2235153%3Buf%3D-2213814%3Buf%3D-2216852%3Buf%3D-2213367%3Buf%3D-2234806%3Buf%3D-2221617","","Estate Bungalow","Value for money 9.8","Providing an open-air bath, Estate Bungalow features accommodations in Ratnapura. This property offers access to a patio and free private parking.","· 13 reviews","Opens in new window","Ratnapura","Scored 9.8","Show prices","9.8","Exceptional","Show on map","","https://cf.bstatic.com/xdata/images/hotel/square600/504327015.webp?k=213634d3c008993e36e3d5d71386c90e023b59fd4042339113375e5206a178e4&o="
"1777054999-41","https://www.booking.com/searchresults.html?label=bristol-XLwodozx2dVe8Ts0XeYuawS752260715469%3Apl%3Ata%3Ap1%3Ap2%3Aac%3Aap%3Aneg%3Afi%3Atikwd-869815001187%3Alp1009919%3Ali%3Adec%3Adm%3Appccp%3DUmFuZG9tSVYkc2RlIyh9YXdX6HrtnYy-Ml68sH-ljtU&aid=311984&dest_id=198&dest_type=country&group_adults=2&req_adults=2&no_rooms=1&broad_search_not_eligible=1&order=score&nflt=ht_id%3D204%3Bht_id%3D213%3Bht_id%3D201%3Bht_id%3D216%3Bht_id%3D222%3Bht_id%3D221%3Bht_id%3D206%3Btop_destinations%3D6023%3Buf%3D-2237982%3Buf%3D-2235153%3Buf%3D-2213814%3Buf%3D-2216852%3Buf%3D-2213367%3Buf%3D-2234806%3Buf%3D-2221617","","Green View Safari Resort","Value for money 9.9","Green View Safari Resort has a garden, shared lounge, a bar and water sports facilities in Udawalawe.","· 67 reviews","Opens in new window","Udawalawe","Scored 9.7","Show prices","9.7","Exceptional","Show on map","","https://cf.bstatic.com/xdata/images/hotel/square600/833134535.webp?k=3fe48f8054d3cc0fe2de543dbccef85c5600f498a7dcc2806541ea7d493b91af&o="
"1777054999-42","https://www.booking.com/searchresults.html?label=bristol-XLwodozx2dVe8Ts0XeYuawS752260715469%3Apl%3Ata%3Ap1%3Ap2%3Aac%3Aap%3Aneg%3Afi%3Atikwd-869815001187%3Alp1009919%3Ali%3Adec%3Adm%3Appccp%3DUmFuZG9tSVYkc2RlIyh9YXdX6HrtnYy-Ml68sH-ljtU&aid=311984&dest_id=198&dest_type=country&group_adults=2&req_adults=2&no_rooms=1&broad_search_not_eligible=1&order=score&nflt=ht_id%3D204%3Bht_id%3D213%3Bht_id%3D201%3Bht_id%3D216%3Bht_id%3D222%3Bht_id%3D221%3Bht_id%3D206%3Btop_destinations%3D6023%3Buf%3D-2237982%3Buf%3D-2235153%3Buf%3D-2213814%3Buf%3D-2216852%3Buf%3D-2213367%3Buf%3D-2234806%3Buf%3D-2221617","","Mango Tree House","Value for money 9.7","Providing quiet street views, Mango Tree House in Udawalawe offers accommodations, an open-air bath, a garden, a bar, and a shared lounge.","· 997 reviews","Opens in new window","Udawalawe","Scored 9.7","Show prices","9.7","Exceptional","Show on map","","https://cf.bstatic.com/xdata/images/hotel/square600/354101837.webp?k=9149a37668482603229ea9efb15ae8259a8e914a22a0c9e935a19b705f32ba22&o="
"1777054999-43","https://www.booking.com/searchresults.html?label=bristol-XLwodozx2dVe8Ts0XeYuawS752260715469%3Apl%3Ata%3Ap1%3Ap2%3Aac%3Aap%3Aneg%3Afi%3Atikwd-869815001187%3Alp1009919%3Ali%3Adec%3Adm%3Appccp%3DUmFuZG9tSVYkc2RlIyh9YXdX6HrtnYy-Ml68sH-ljtU&aid=311984&dest_id=198&dest_type=country&group_adults=2&req_adults=2&no_rooms=1&broad_search_not_eligible=1&order=score&nflt=ht_id%3D204%3Bht_id%3D213%3Bht_id%3D201%3Bht_id%3D216%3Bht_id%3D222%3Bht_id%3D221%3Bht_id%3D206%3Btop_destinations%3D6023%3Buf%3D-2237982%3Buf%3D-2235153%3Buf%3D-2213814%3Buf%3D-2216852%3Buf%3D-2213367%3Buf%3D-2234806%3Buf%3D-2221617","","Residence Inn","Value for money 9.8","Residence Inn in Udawalawe provides accommodations with a garden and a terrace. There's a private entrance at the guest house for the convenience of those who stay.","· 87 reviews","Opens in new window","Udawalawe","Scored 9.7","Show prices","9.7","Exceptional","Show on map","","https://cf.bstatic.com/xdata/images/hotel/square600/536415598.webp?k=195534fffde147ade96550214823e604430887f6e340be9bd60da25f24fbfc03&o="
"1777054999-44","https://www.booking.com/searchresults.html?label=bristol-XLwodozx2dVe8Ts0XeYuawS752260715469%3Apl%3Ata%3Ap1%3Ap2%3Aac%3Aap%3Aneg%3Afi%3Atikwd-869815001187%3Alp1009919%3Ali%3Adec%3Adm%3Appccp%3DUmFuZG9tSVYkc2RlIyh9YXdX6HrtnYy-Ml68sH-ljtU&aid=311984&dest_id=198&dest_type=country&group_adults=2&req_adults=2&no_rooms=1&broad_search_not_eligible=1&order=score&nflt=ht_id%3D204%3Bht_id%3D213%3Bht_id%3D201%3Bht_id%3D216%3Bht_id%3D222%3Bht_id%3D221%3Bht_id%3D206%3Btop_destinations%3D6023%3Buf%3D-2237982%3Buf%3D-2235153%3Buf%3D-2213814%3Buf%3D-2216852%3Buf%3D-2213367%3Buf%3D-2234806%3Buf%3D-2221617","","Clay House","Value for money 9.9","Clay House offers a hot tub and air-conditioned accommodations in Udawalawe, 10 miles from Udawalawe National Park.","· 51 reviews","Opens in new window","Udawalawe","Scored 9.7","Show prices","9.7","Exceptional","Show on map","","https://cf.bstatic.com/xdata/images/hotel/square600/811490754.webp?k=017b81203360ffeb76596c70e7f3fd1f7a0ca0f732b68754c3c2fdb90933922a&o="
"1777054999-45","https://www.booking.com/searchresults.html?label=bristol-XLwodozx2dVe8Ts0XeYuawS752260715469%3Apl%3Ata%3Ap1%3Ap2%3Aac%3Aap%3Aneg%3Afi%3Atikwd-869815001187%3Alp1009919%3Ali%3Adec%3Adm%3Appccp%3DUmFuZG9tSVYkc2RlIyh9YXdX6HrtnYy-Ml68sH-ljtU&aid=311984&dest_id=198&dest_type=country&group_adults=2&req_adults=2&no_rooms=1&broad_search_not_eligible=1&order=score&nflt=ht_id%3D204%3Bht_id%3D213%3Bht_id%3D201%3Bht_id%3D216%3Bht_id%3D222%3Bht_id%3D221%3Bht_id%3D206%3Btop_destinations%3D6023%3Buf%3D-2237982%3Buf%3D-2235153%3Buf%3D-2213814%3Buf%3D-2216852%3Buf%3D-2213367%3Buf%3D-2234806%3Buf%3D-2221617","","Yonan River Face Safari Resort","Value for money 9.8","10 miles from Udawalawe National Park in Udawalawe, Yonan River Face Safari Resort features accommodations with access to wellness packages and beauty services.","· 179 reviews","Opens in new window","Udawalawe","Scored 9.7","Show prices","9.7","Exceptional","Show on map","","https://cf.bstatic.com/xdata/images/hotel/square600/620485832.webp?k=cb548c08ed8346998f22869654f9504cdc3cd9defce67943d092ca8d3000da45&o="
"1777054999-46","https://www.booking.com/searchresults.html?label=bristol-XLwodozx2dVe8Ts0XeYuawS752260715469%3Apl%3Ata%3Ap1%3Ap2%3Aac%3Aap%3Aneg%3Afi%3Atikwd-869815001187%3Alp1009919%3Ali%3Adec%3Adm%3Appccp%3DUmFuZG9tSVYkc2RlIyh9YXdX6HrtnYy-Ml68sH-ljtU&aid=311984&dest_id=198&dest_type=country&group_adults=2&req_adults=2&no_rooms=1&broad_search_not_eligible=1&order=score&nflt=ht_id%3D204%3Bht_id%3D213%3Bht_id%3D201%3Bht_id%3D216%3Bht_id%3D222%3Bht_id%3D221%3Bht_id%3D206%3Btop_destinations%3D6023%3Buf%3D-2237982%3Buf%3D-2235153%3Buf%3D-2213814%3Buf%3D-2216852%3Buf%3D-2213367%3Buf%3D-2234806%3Buf%3D-2221617","","Silent River Cottage","Value for money 9.8","Silent River Cottage features accommodations in Udawalawe. Offering a garden, the property is located within 10 miles of Udawalawe National Park.","· 164 reviews","Opens in new window","Udawalawe","Scored 9.7","Show prices","9.7","Exceptional","Show on map","","https://cf.bstatic.com/xdata/images/hotel/square600/248694978.webp?k=b3d2420c3a757557e8b8fd6e4400e38cca27af1f089b9a396933e13fd6c6539a&o="
"1777054999-47","https://www.booking.com/searchresults.html?label=bristol-XLwodozx2dVe8Ts0XeYuawS752260715469%3Apl%3Ata%3Ap1%3Ap2%3Aac%3Aap%3Aneg%3Afi%3Atikwd-869815001187%3Alp1009919%3Ali%3Adec%3Adm%3Appccp%3DUmFuZG9tSVYkc2RlIyh9YXdX6HrtnYy-Ml68sH-ljtU&aid=311984&dest_id=198&dest_type=country&group_adults=2&req_adults=2&no_rooms=1&broad_search_not_eligible=1&order=score&nflt=ht_id%3D204%3Bht_id%3D213%3Bht_id%3D201%3Bht_id%3D216%3Bht_id%3D222%3Bht_id%3D221%3Bht_id%3D206%3Btop_destinations%3D6023%3Buf%3D-2237982%3Buf%3D-2235153%3Buf%3D-2213814%3Buf%3D-2216852%3Buf%3D-2213367%3Buf%3D-2234806%3Buf%3D-2221617","","Vishmee Holiday Inn","Value for money 9.9","Located in Embilipitiya, 18 miles from Udawalawe National Park, Vishmee Holiday Inn provides accommodations with a garden, free private parking, a shared lounge and a terrace.","· 56 reviews","Opens in new window","Embilipitiya","Scored 9.7","Show prices","9.7","Exceptional","Show on map","","https://cf.bstatic.com/xdata/images/hotel/square600/163320190.webp?k=f5abc453bc40b87af30dcc7c46ddbdc58eef65522a9560ef963ab5bb5555a300&o="
"1777054999-48","https://www.booking.com/searchresults.html?label=bristol-XLwodozx2dVe8Ts0XeYuawS752260715469%3Apl%3Ata%3Ap1%3Ap2%3Aac%3Aap%3Aneg%3Afi%3Atikwd-869815001187%3Alp1009919%3Ali%3Adec%3Adm%3Appccp%3DUmFuZG9tSVYkc2RlIyh9YXdX6HrtnYy-Ml68sH-ljtU&aid=311984&dest_id=198&dest_type=country&group_adults=2&req_adults=2&no_rooms=1&broad_search_not_eligible=1&order=score&nflt=ht_id%3D204%3Bht_id%3D213%3Bht_id%3D201%3Bht_id%3D216%3Bht_id%3D222%3Bht_id%3D221%3Bht_id%3D206%3Btop_destinations%3D6023%3Buf%3D-2237982%3Buf%3D-2235153%3Buf%3D-2213814%3Buf%3D-2216852%3Buf%3D-2213367%3Buf%3D-2234806%3Buf%3D-2221617","","Wild Heaven Udawalawe","Value for money 9.6","Featuring a garden, Wild Heaven Udawalawe offers accommodations in Udawalawe. There's a private entrance at the guest house for the convenience of those who stay.","· 16 reviews","Opens in new window","Udawalawe","Scored 9.7","Show prices","9.7","Exceptional","Show on map","","https://cf.bstatic.com/xdata/images/hotel/square600/805694178.webp?k=848e6cfcae407267470df9adc2ecdf28805fa663682224a40cb80b4b8da3178d&o="
"1777054999-49","https://www.booking.com/searchresults.html?label=bristol-XLwodozx2dVe8Ts0XeYuawS752260715469%3Apl%3Ata%3Ap1%3Ap2%3Aac%3Aap%3Aneg%3Afi%3Atikwd-869815001187%3Alp1009919%3Ali%3Adec%3Adm%3Appccp%3DUmFuZG9tSVYkc2RlIyh9YXdX6HrtnYy-Ml68sH-ljtU&aid=311984&dest_id=198&dest_type=country&group_adults=2&req_adults=2&no_rooms=1&broad_search_not_eligible=1&order=score&nflt=ht_id%3D204%3Bht_id%3D213%3Bht_id%3D201%3Bht_id%3D216%3Bht_id%3D222%3Bht_id%3D221%3Bht_id%3D206%3Btop_destinations%3D6023%3Buf%3D-2237982%3Buf%3D-2235153%3Buf%3D-2213814%3Buf%3D-2216852%3Buf%3D-2213367%3Buf%3D-2234806%3Buf%3D-2221617","","Eagle Safari Family Bungalow","Value for money 9.8","Eagle Safari Family Bungalow is located in Udawalawe and features a restaurant and a spa & wellness center.","· 73 reviews","Opens in new window","Udawalawe","Scored 9.7","Show prices","9.7","Exceptional","Show on map","New to Booking.com","https://cf.bstatic.com/xdata/images/hotel/square600/838863995.webp?k=6afb738de05637cbea0cf638225355802d9eb46982e70c4ba9cf9839e0948610&o="
"1777054999-50","https://www.booking.com/searchresults.html?label=bristol-XLwodozx2dVe8Ts0XeYuawS752260715469%3Apl%3Ata%3Ap1%3Ap2%3Aac%3Aap%3Aneg%3Afi%3Atikwd-869815001187%3Alp1009919%3Ali%3Adec%3Adm%3Appccp%3DUmFuZG9tSVYkc2RlIyh9YXdX6HrtnYy-Ml68sH-ljtU&aid=311984&dest_id=198&dest_type=country&group_adults=2&req_adults=2&no_rooms=1&broad_search_not_eligible=1&order=score&nflt=ht_id%3D204%3Bht_id%3D213%3Bht_id%3D201%3Bht_id%3D216%3Bht_id%3D222%3Bht_id%3D221%3Bht_id%3D206%3Btop_destinations%3D6023%3Buf%3D-2237982%3Buf%3D-2235153%3Buf%3D-2213814%3Buf%3D-2216852%3Buf%3D-2213367%3Buf%3D-2234806%3Buf%3D-2221617","","Atha Safari Resort","Value for money 9.8","A recently renovated guest house, Atha Safari Resort offers accommodation in Udawalawe.","· 104 reviews","Opens in new window","Udawalawe","Scored 9.7","Show prices","9.7","Exceptional","Show on map","","https://cf.bstatic.com/xdata/images/hotel/square600/751829197.webp?k=5f50871c5416038a7d120ef861cdbcc84f92eeef7a734ac98f115b0393bb6d38&o="
"1777054999-51","https://www.booking.com/searchresults.html?label=bristol-XLwodozx2dVe8Ts0XeYuawS752260715469%3Apl%3Ata%3Ap1%3Ap2%3Aac%3Aap%3Aneg%3Afi%3Atikwd-869815001187%3Alp1009919%3Ali%3Adec%3Adm%3Appccp%3DUmFuZG9tSVYkc2RlIyh9YXdX6HrtnYy-Ml68sH-ljtU&aid=311984&dest_id=198&dest_type=country&group_adults=2&req_adults=2&no_rooms=1&broad_search_not_eligible=1&order=score&nflt=ht_id%3D204%3Bht_id%3D213%3Bht_id%3D201%3Bht_id%3D216%3Bht_id%3D222%3Bht_id%3D221%3Bht_id%3D206%3Btop_destinations%3D6023%3Buf%3D-2237982%3Buf%3D-2235153%3Buf%3D-2213814%3Buf%3D-2216852%3Buf%3D-2213367%3Buf%3D-2234806%3Buf%3D-2221617","","Cozy House","Value for money 9.9","Providing a garden, Cozy House provides accommodations in Udawalawe. Both free Wifi and parking on-site are available at the guest house free of charge. The guest house has private entrance.","· 90 reviews","Opens in new window","Udawalawe","Scored 9.7","Show prices","9.7","Exceptional","Show on map","","https://cf.bstatic.com/xdata/images/hotel/square600/596211901.webp?k=63b892346fe0511dbd40df40661742ea8744a3a2e2b78a2eea5a71a2a502b67d&o="
"1777054999-52","https://www.booking.com/searchresults.html?label=bristol-XLwodozx2dVe8Ts0XeYuawS752260715469%3Apl%3Ata%3Ap1%3Ap2%3Aac%3Aap%3Aneg%3Afi%3Atikwd-869815001187%3Alp1009919%3Ali%3Adec%3Adm%3Appccp%3DUmFuZG9tSVYkc2RlIyh9YXdX6HrtnYy-Ml68sH-ljtU&aid=311984&dest_id=198&dest_type=country&group_adults=2&req_adults=2&no_rooms=1&broad_search_not_eligible=1&order=score&nflt=ht_id%3D204%3Bht_id%3D213%3Bht_id%3D201%3Bht_id%3D216%3Bht_id%3D222%3Bht_id%3D221%3Bht_id%3D206%3Btop_destinations%3D6023%3Buf%3D-2237982%3Buf%3D-2235153%3Buf%3D-2213814%3Buf%3D-2216852%3Buf%3D-2213367%3Buf%3D-2234806%3Buf%3D-2221617","","Wild Safari Clay House","Value for money 10","Located in Udawalawe, 10 miles from Udawalawe National Park, Wild Safari Clay House has accommodations with a garden, free private parking, a terrace and a restaurant.","· 143 reviews","Opens in new window","Udawalawe","Scored 9.7","Show prices","9.7","Exceptional","Show on map","","https://cf.bstatic.com/xdata/images/hotel/square600/517176329.webp?k=f1f904be13e38255fffd38cdd3519ae6248a260686082bacbfe3ed7bdfdf16a9&o="
"1777054999-53","https://www.booking.com/searchresults.html?label=bristol-XLwodozx2dVe8Ts0XeYuawS752260715469%3Apl%3Ata%3Ap1%3Ap2%3Aac%3Aap%3Aneg%3Afi%3Atikwd-869815001187%3Alp1009919%3Ali%3Adec%3Adm%3Appccp%3DUmFuZG9tSVYkc2RlIyh9YXdX6HrtnYy-Ml68sH-ljtU&aid=311984&dest_id=198&dest_type=country&group_adults=2&req_adults=2&no_rooms=1&broad_search_not_eligible=1&order=score&nflt=ht_id%3D204%3Bht_id%3D213%3Bht_id%3D201%3Bht_id%3D216%3Bht_id%3D222%3Bht_id%3D221%3Bht_id%3D206%3Btop_destinations%3D6023%3Buf%3D-2237982%3Buf%3D-2235153%3Buf%3D-2213814%3Buf%3D-2216852%3Buf%3D-2213367%3Buf%3D-2234806%3Buf%3D-2221617","","EMERALD HAVEN SAFARI Cottages","Value for money 9.8","Offering garden views, EMERALD HAVEN SAFARI Cottages in Udawalawe has accommodations, an outdoor swimming pool, a garden, a terrace and a restaurant.","· 112 reviews","Opens in new window","Udawalawe","Scored 9.7","Show prices","9.7","Exceptional","Show on map","","https://cf.bstatic.com/xdata/images/hotel/square600/785136178.webp?k=6fb28869e336cd136ca4f158e8112f2c43ec0b48ca41c54cdbb94f9f2b2aa64b&o="
"1777054999-54","https://www.booking.com/searchresults.html?label=bristol-XLwodozx2dVe8Ts0XeYuawS752260715469%3Apl%3Ata%3Ap1%3Ap2%3Aac%3Aap%3Aneg%3Afi%3Atikwd-869815001187%3Alp1009919%3Ali%3Adec%3Adm%3Appccp%3DUmFuZG9tSVYkc2RlIyh9YXdX6HrtnYy-Ml68sH-ljtU&aid=311984&dest_id=198&dest_type=country&group_adults=2&req_adults=2&no_rooms=1&broad_search_not_eligible=1&order=score&nflt=ht_id%3D204%3Bht_id%3D213%3Bht_id%3D201%3Bht_id%3D216%3Bht_id%3D222%3Bht_id%3D221%3Bht_id%3D206%3Btop_destinations%3D6023%3Buf%3D-2237982%3Buf%3D-2235153%3Buf%3D-2213814%3Buf%3D-2216852%3Buf%3D-2213367%3Buf%3D-2234806%3Buf%3D-2221617","","Buddika Safari & Resort","Value for money 9.8","Buddika Safari & Resort provides air-conditioned rooms in Udawalawe. This property offers access to a terrace and free private parking. The guest house has private entrance.","· 444 reviews","Opens in new window","Udawalawe","Scored 9.7","Show prices","9.7","Exceptional","Show on map","","https://cf.bstatic.com/xdata/images/hotel/square600/641790418.webp?k=16cc6301dc7beba102ae58fbb5dfaeb1e7d8bfa25e41894537173a7440963461&o="
"1777054999-55","https://www.booking.com/searchresults.html?label=bristol-XLwodozx2dVe8Ts0XeYuawS752260715469%3Apl%3Ata%3Ap1%3Ap2%3Aac%3Aap%3Aneg%3Afi%3Atikwd-869815001187%3Alp1009919%3Ali%3Adec%3Adm%3Appccp%3DUmFuZG9tSVYkc2RlIyh9YXdX6HrtnYy-Ml68sH-ljtU&aid=311984&dest_id=198&dest_type=country&group_adults=2&req_adults=2&no_rooms=1&broad_search_not_eligible=1&order=score&nflt=ht_id%3D204%3Bht_id%3D213%3Bht_id%3D201%3Bht_id%3D216%3Bht_id%3D222%3Bht_id%3D221%3Bht_id%3D206%3Btop_destinations%3D6023%3Buf%3D-2237982%3Buf%3D-2235153%3Buf%3D-2213814%3Buf%3D-2216852%3Buf%3D-2213367%3Buf%3D-2234806%3Buf%3D-2221617","","Ele Ants","Value for money 9.8","Featuring a garden, Ele Ants offers accommodations in Udawalawe. This guest house features air-conditioned accommodations with a terrace and free Wifi.","· 77 reviews","Opens in new window","Udawalawe","Scored 9.7","Show prices","9.7","Exceptional","Show on map","","https://cf.bstatic.com/xdata/images/hotel/square600/663543367.webp?k=116436b5f5e683f6a69d58cec86ccbe42b05fe43c8ff983c2b6cc3626f67cfbc&o="
"1777054999-56","https://www.booking.com/searchresults.html?label=bristol-XLwodozx2dVe8Ts0XeYuawS752260715469%3Apl%3Ata%3Ap1%3Ap2%3Aac%3Aap%3Aneg%3Afi%3Atikwd-869815001187%3Alp1009919%3Ali%3Adec%3Adm%3Appccp%3DUmFuZG9tSVYkc2RlIyh9YXdX6HrtnYy-Ml68sH-ljtU&aid=311984&dest_id=198&dest_type=country&group_adults=2&req_adults=2&no_rooms=1&broad_search_not_eligible=1&order=score&nflt=ht_id%3D204%3Bht_id%3D213%3Bht_id%3D201%3Bht_id%3D216%3Bht_id%3D222%3Bht_id%3D221%3Bht_id%3D206%3Btop_destinations%3D6023%3Buf%3D-2237982%3Buf%3D-2235153%3Buf%3D-2213814%3Buf%3D-2216852%3Buf%3D-2213367%3Buf%3D-2234806%3Buf%3D-2221617","","Nature Glow Cottage","Value for money 9.8","Offering river views, Nature Glow Cottage in Udawalawe has accommodations, free bikes, a garden, a terrace, a restaurant and water sports facilities.","· 51 reviews","Opens in new window","Udawalawe","Scored 9.7","Show prices","9.7","Exceptional","Show on map","","https://cf.bstatic.com/xdata/images/hotel/square600/616916166.webp?k=9bf775e6c727dcac11307ed8c93d1ae9ebc4958f7f2de642c2e40913077dc523&o="
"1777054999-57","https://www.booking.com/searchresults.html?label=bristol-XLwodozx2dVe8Ts0XeYuawS752260715469%3Apl%3Ata%3Ap1%3Ap2%3Aac%3Aap%3Aneg%3Afi%3Atikwd-869815001187%3Alp1009919%3Ali%3Adec%3Adm%3Appccp%3DUmFuZG9tSVYkc2RlIyh9YXdX6HrtnYy-Ml68sH-ljtU&aid=311984&dest_id=198&dest_type=country&group_adults=2&req_adults=2&no_rooms=1&broad_search_not_eligible=1&order=score&nflt=ht_id%3D204%3Bht_id%3D213%3Bht_id%3D201%3Bht_id%3D216%3Bht_id%3D222%3Bht_id%3D221%3Bht_id%3D206%3Btop_destinations%3D6023%3Buf%3D-2237982%3Buf%3D-2235153%3Buf%3D-2213814%3Buf%3D-2216852%3Buf%3D-2213367%3Buf%3D-2234806%3Buf%3D-2221617","","Baby Elephant Green House","Value for money 9.9","Baby Elephant Green House offers accommodations in Udawalawe. The guest house, housed in a building dating back to 2016, is 8.6 miles from Udawalawe National Park.","· 93 reviews","Opens in new window","Udawalawe","Scored 9.7","Show prices","9.7","Exceptional","Show on map","","https://cf.bstatic.com/xdata/images/hotel/square600/126295136.webp?k=7a8de865d3d9d26f741bfcc5a156163ef947edaa4bcd3b1c8aa9c3a82ceea789&o="
"1777054999-58","https://www.booking.com/searchresults.html?label=bristol-XLwodozx2dVe8Ts0XeYuawS752260715469%3Apl%3Ata%3Ap1%3Ap2%3Aac%3Aap%3Aneg%3Afi%3Atikwd-869815001187%3Alp1009919%3Ali%3Adec%3Adm%3Appccp%3DUmFuZG9tSVYkc2RlIyh9YXdX6HrtnYy-Ml68sH-ljtU&aid=311984&dest_id=198&dest_type=country&group_adults=2&req_adults=2&no_rooms=1&broad_search_not_eligible=1&order=score&nflt=ht_id%3D204%3Bht_id%3D213%3Bht_id%3D201%3Bht_id%3D216%3Bht_id%3D222%3Bht_id%3D221%3Bht_id%3D206%3Btop_destinations%3D6023%3Buf%3D-2237982%3Buf%3D-2235153%3Buf%3D-2213814%3Buf%3D-2216852%3Buf%3D-2213367%3Buf%3D-2234806%3Buf%3D-2221617","","Nidahase Nawathena Cottage","Value for money 9.6","Offering a garden, Nidahase Nawathena Cottage provides accommodations in Balangoda. Housed in a building dating back to 2025, this guest house features free private parking.","· 7 reviews","Opens in new window","Balangoda","Scored 9.6","Show prices","9.6","Exceptional","Show on map","","https://cf.bstatic.com/xdata/images/hotel/square600/801969935.webp?k=b501d633c5957ac67183dec6c27e5adf1d577f2255fb42a1df8986b6112171b7&o="
"1777054999-59","https://www.booking.com/searchresults.html?label=bristol-XLwodozx2dVe8Ts0XeYuawS752260715469%3Apl%3Ata%3Ap1%3Ap2%3Aac%3Aap%3Aneg%3Afi%3Atikwd-869815001187%3Alp1009919%3Ali%3Adec%3Adm%3Appccp%3DUmFuZG9tSVYkc2RlIyh9YXdX6HrtnYy-Ml68sH-ljtU&aid=311984&dest_id=198&dest_type=country&group_adults=2&req_adults=2&no_rooms=1&broad_search_not_eligible=1&order=score&nflt=ht_id%3D204%3Bht_id%3D213%3Bht_id%3D201%3Bht_id%3D216%3Bht_id%3D222%3Bht_id%3D221%3Bht_id%3D206%3Btop_destinations%3D6023%3Buf%3D-2237982%3Buf%3D-2235153%3Buf%3D-2213814%3Buf%3D-2216852%3Buf%3D-2213367%3Buf%3D-2234806%3Buf%3D-2221617","","Avian Garden Udawalawe","Value for money 10","Featuring garden views, Avian Garden Udawalawe in Udawalawe provides accommodations, a garden, and a bar. This property offers access to a terrace, free private parking, and free Wifi.","· 16 reviews","Opens in new window","Udawalawe","Scored 9.6","Show prices","9.6","Exceptional","Show on map","","https://cf.bstatic.com/xdata/images/hotel/square600/187501059.webp?k=c409c3f1f44c403a593033d1ab1e54b09f1c9f7eabf65b30f30596c673d6cea1&o="
"1777054999-60","https://www.booking.com/searchresults.html?label=bristol-XLwodozx2dVe8Ts0XeYuawS752260715469%3Apl%3Ata%3Ap1%3Ap2%3Aac%3Aap%3Aneg%3Afi%3Atikwd-869815001187%3Alp1009919%3Ali%3Adec%3Adm%3Appccp%3DUmFuZG9tSVYkc2RlIyh9YXdX6HrtnYy-Ml68sH-ljtU&aid=311984&dest_id=198&dest_type=country&group_adults=2&req_adults=2&no_rooms=1&broad_search_not_eligible=1&order=score&nflt=ht_id%3D204%3Bht_id%3D213%3Bht_id%3D201%3Bht_id%3D216%3Bht_id%3D222%3Bht_id%3D221%3Bht_id%3D206%3Btop_destinations%3D6023%3Buf%3D-2237982%3Buf%3D-2235153%3Buf%3D-2213814%3Buf%3D-2216852%3Buf%3D-2213367%3Buf%3D-2234806%3Buf%3D-2221617","","Mansala Safari House","Value for money 9.8","Offering a restaurant, Mansala Safari Resort is located in Udawalawe and provides a 24-hour front desk for the convenience of the guests. Free WiFi access is available.","· 582 reviews","Opens in new window","Udawalawe","Scored 9.6","Show prices","9.6","Exceptional","Show on map","","https://cf.bstatic.com/xdata/images/hotel/square600/420943958.webp?k=4ac3a4d3c2231bfb329bd7b6e466946184fe43f978798bbf8378f8312a1330dd&o="
"1777054999-61","https://www.booking.com/searchresults.html?label=bristol-XLwodozx2dVe8Ts0XeYuawS752260715469%3Apl%3Ata%3Ap1%3Ap2%3Aac%3Aap%3Aneg%3Afi%3Atikwd-869815001187%3Alp1009919%3Ali%3Adec%3Adm%3Appccp%3DUmFuZG9tSVYkc2RlIyh9YXdX6HrtnYy-Ml68sH-ljtU&aid=311984&dest_id=198&dest_type=country&group_adults=2&req_adults=2&no_rooms=1&broad_search_not_eligible=1&order=score&nflt=ht_id%3D204%3Bht_id%3D213%3Bht_id%3D201%3Bht_id%3D216%3Bht_id%3D222%3Bht_id%3D221%3Bht_id%3D206%3Btop_destinations%3D6023%3Buf%3D-2237982%3Buf%3D-2235153%3Buf%3D-2213814%3Buf%3D-2216852%3Buf%3D-2213367%3Buf%3D-2234806%3Buf%3D-2221617","","splendid lake view safari lodge","Value for money 9.9","10 miles from Udawalawe National Park in Udawalawe, splendid lake view safari lodge provides accommodations with access to spa facilities and public bath.","· 147 reviews","Opens in new window","Udawalawe","Scored 9.6","Show prices","9.6","Exceptional","Show on map","","https://cf.bstatic.com/xdata/images/hotel/square600/726922530.webp?k=28f73ae3d455e75902d10b03bb446a673fe0c4629569866a93ef2490b58d0a92&o="
"1777054999-62","https://www.booking.com/searchresults.html?label=bristol-XLwodozx2dVe8Ts0XeYuawS752260715469%3Apl%3Ata%3Ap1%3Ap2%3Aac%3Aap%3Aneg%3Afi%3Atikwd-869815001187%3Alp1009919%3Ali%3Adec%3Adm%3Appccp%3DUmFuZG9tSVYkc2RlIyh9YXdX6HrtnYy-Ml68sH-ljtU&aid=311984&dest_id=198&dest_type=country&group_adults=2&req_adults=2&no_rooms=1&broad_search_not_eligible=1&order=score&nflt=ht_id%3D204%3Bht_id%3D213%3Bht_id%3D201%3Bht_id%3D216%3Bht_id%3D222%3Bht_id%3D221%3Bht_id%3D206%3Btop_destinations%3D6023%3Buf%3D-2237982%3Buf%3D-2235153%3Buf%3D-2213814%3Buf%3D-2216852%3Buf%3D-2213367%3Buf%3D-2234806%3Buf%3D-2221617","","Freedom Safari villa","Value for money 9.8","10 miles from Udawalawe National Park in Udawalawe, Freedom Safari villa features accommodations with access to a hot tub, spa facilities, and wellness packages.","· 20 reviews","Opens in new window","Udawalawe","Scored 9.6","Show prices","9.6","Exceptional","Show on map","","https://cf.bstatic.com/xdata/images/hotel/square600/787967545.webp?k=d574dde89112d284f64ac7901f05190b37fecdd8ce68934e20a67bab1f524b88&o="
"1777054999-63","https://www.booking.com/searchresults.html?label=bristol-XLwodozx2dVe8Ts0XeYuawS752260715469%3Apl%3Ata%3Ap1%3Ap2%3Aac%3Aap%3Aneg%3Afi%3Atikwd-869815001187%3Alp1009919%3Ali%3Adec%3Adm%3Appccp%3DUmFuZG9tSVYkc2RlIyh9YXdX6HrtnYy-Ml68sH-ljtU&aid=311984&dest_id=198&dest_type=country&group_adults=2&req_adults=2&no_rooms=1&broad_search_not_eligible=1&order=score&nflt=ht_id%3D204%3Bht_id%3D213%3Bht_id%3D201%3Bht_id%3D216%3Bht_id%3D222%3Bht_id%3D221%3Bht_id%3D206%3Btop_destinations%3D6023%3Buf%3D-2237982%3Buf%3D-2235153%3Buf%3D-2213814%3Buf%3D-2216852%3Buf%3D-2213367%3Buf%3D-2234806%3Buf%3D-2221617","","Leesa Villa Safari Resort","Value for money 10","Providing a terrace, Leesa Villa Safari Resort offers accommodations in Udawalawe. This property offers access to a balcony, free private parking, and free Wifi.","· 82 reviews","Opens in new window","Udawalawe","Scored 9.6","Show prices","9.6","Exceptional","Show on map","","https://cf.bstatic.com/xdata/images/hotel/square600/727503125.webp?k=175b6ab4ba72b458431f690e03ca1653f3d5a2e86344fe0a4a75a7dc271db391&o="
"1777054999-64","https://www.booking.com/searchresults.html?label=bristol-XLwodozx2dVe8Ts0XeYuawS752260715469%3Apl%3Ata%3Ap1%3Ap2%3Aac%3Aap%3Aneg%3Afi%3Atikwd-869815001187%3Alp1009919%3Ali%3Adec%3Adm%3Appccp%3DUmFuZG9tSVYkc2RlIyh9YXdX6HrtnYy-Ml68sH-ljtU&aid=311984&dest_id=198&dest_type=country&group_adults=2&req_adults=2&no_rooms=1&broad_search_not_eligible=1&order=score&nflt=ht_id%3D204%3Bht_id%3D213%3Bht_id%3D201%3Bht_id%3D216%3Bht_id%3D222%3Bht_id%3D221%3Bht_id%3D206%3Btop_destinations%3D6023%3Buf%3D-2237982%3Buf%3D-2235153%3Buf%3D-2213814%3Buf%3D-2216852%3Buf%3D-2213367%3Buf%3D-2234806%3Buf%3D-2221617","","Peacock Villa Resort","Value for money 9.9","Peacock Villa Resort in Udawalawe provides accommodations with a garden and a shared lounge. With garden views, this accommodation features a balcony and a swimming pool.","· 403 reviews","Opens in new window","Udawalawe","Scored 9.6","Show prices","9.6","Exceptional","Show on map","","https://cf.bstatic.com/xdata/images/hotel/square600/805688697.webp?k=d6d1cc86869e6574a9d0afc18ac02322ef69e3a9e5d98fd6b5f61ea1897a49bb&o="
"1777054999-65","https://www.booking.com/searchresults.html?label=bristol-XLwodozx2dVe8Ts0XeYuawS752260715469%3Apl%3Ata%3Ap1%3Ap2%3Aac%3Aap%3Aneg%3Afi%3Atikwd-869815001187%3Alp1009919%3Ali%3Adec%3Adm%3Appccp%3DUmFuZG9tSVYkc2RlIyh9YXdX6HrtnYy-Ml68sH-ljtU&aid=311984&dest_id=198&dest_type=country&group_adults=2&req_adults=2&no_rooms=1&broad_search_not_eligible=1&order=score&nflt=ht_id%3D204%3Bht_id%3D213%3Bht_id%3D201%3Bht_id%3D216%3Bht_id%3D222%3Bht_id%3D221%3Bht_id%3D206%3Btop_destinations%3D6023%3Buf%3D-2237982%3Buf%3D-2235153%3Buf%3D-2213814%3Buf%3D-2216852%3Buf%3D-2213367%3Buf%3D-2234806%3Buf%3D-2221617","","EdenHaven Cottage","Value for money 9.9","EdenHaven Cottage offers accommodations in Udawalawe, 8.9 miles from Udawalawe National Park. This guest house offers air-conditioned accommodations with a terrace.","· 351 reviews","Opens in new window","Udawalawe","Scored 9.6","Show prices","9.6","Exceptional","Show on map","","https://cf.bstatic.com/xdata/images/hotel/square600/504169105.webp?k=9f8a44d9bbbadc8a9fb79992fe0b3a2154356f3c61c98837993a8cf894a38074&o="
"1777054999-66","https://www.booking.com/searchresults.html?label=bristol-XLwodozx2dVe8Ts0XeYuawS752260715469%3Apl%3Ata%3Ap1%3Ap2%3Aac%3Aap%3Aneg%3Afi%3Atikwd-869815001187%3Alp1009919%3Ali%3Adec%3Adm%3Appccp%3DUmFuZG9tSVYkc2RlIyh9YXdX6HrtnYy-Ml68sH-ljtU&aid=311984&dest_id=198&dest_type=country&group_adults=2&req_adults=2&no_rooms=1&broad_search_not_eligible=1&order=score&nflt=ht_id%3D204%3Bht_id%3D213%3Bht_id%3D201%3Bht_id%3D216%3Bht_id%3D222%3Bht_id%3D221%3Bht_id%3D206%3Btop_destinations%3D6023%3Buf%3D-2237982%3Buf%3D-2235153%3Buf%3D-2213814%3Buf%3D-2216852%3Buf%3D-2213367%3Buf%3D-2234806%3Buf%3D-2221617","","Brooklyne Jungle Nest","Value for money 9.8","Featuring an outdoor swimming pool, a garden, and a shared lounge, Brooklyne Jungle Nest provides accommodations in Udawalawe with free WiFi and pool views.","· 17 reviews","Opens in new window","Udawalawe","Scored 9.6","Show prices","9.6","Exceptional","Show on map","","https://cf.bstatic.com/xdata/images/hotel/square600/841738087.webp?k=8b76db05e8a363f333a0bf688bf94bd7b2a474a32c821f90ceb5c37a456340f6&o="
"1777054999-67","https://www.booking.com/searchresults.html?label=bristol-XLwodozx2dVe8Ts0XeYuawS752260715469%3Apl%3Ata%3Ap1%3Ap2%3Aac%3Aap%3Aneg%3Afi%3Atikwd-869815001187%3Alp1009919%3Ali%3Adec%3Adm%3Appccp%3DUmFuZG9tSVYkc2RlIyh9YXdX6HrtnYy-Ml68sH-ljtU&aid=311984&dest_id=198&dest_type=country&group_adults=2&req_adults=2&no_rooms=1&broad_search_not_eligible=1&order=score&nflt=ht_id%3D204%3Bht_id%3D213%3Bht_id%3D201%3Bht_id%3D216%3Bht_id%3D222%3Bht_id%3D221%3Bht_id%3D206%3Btop_destinations%3D6023%3Buf%3D-2237982%3Buf%3D-2235153%3Buf%3D-2213814%3Buf%3D-2216852%3Buf%3D-2213367%3Buf%3D-2234806%3Buf%3D-2221617","","The Backyard Balangoda","Value for money 9.5","Located in Balangoda, 28 miles from Hatton Railway Station, The Backyard Balangoda has accommodations with a garden, free private parking, a shared lounge and a terrace.","· 54 reviews","Opens in new window","Balangoda","Scored 9.6","Show prices","9.6","Exceptional","Show on map","","https://cf.bstatic.com/xdata/images/hotel/square600/397493267.webp?k=3d248afeece28e332c3a5b59bcfd1473295d97b74e526bc8f039c6be6d07f766&o="
"1777054999-68","https://www.booking.com/searchresults.html?label=bristol-XLwodozx2dVe8Ts0XeYuawS752260715469%3Apl%3Ata%3Ap1%3Ap2%3Aac%3Aap%3Aneg%3Afi%3Atikwd-869815001187%3Alp1009919%3Ali%3Adec%3Adm%3Appccp%3DUmFuZG9tSVYkc2RlIyh9YXdX6HrtnYy-Ml68sH-ljtU&aid=311984&dest_id=198&dest_type=country&group_adults=2&req_adults=2&no_rooms=1&broad_search_not_eligible=1&order=score&nflt=ht_id%3D204%3Bht_id%3D213%3Bht_id%3D201%3Bht_id%3D216%3Bht_id%3D222%3Bht_id%3D221%3Bht_id%3D206%3Btop_destinations%3D6023%3Buf%3D-2237982%3Buf%3D-2235153%3Buf%3D-2213814%3Buf%3D-2216852%3Buf%3D-2213367%3Buf%3D-2234806%3Buf%3D-2221617","","Diamond Walawa Safari Resort","Value for money 9.7","Diamond Walawa Safari Resort features air-conditioned accommodations in Udawalawe. Both free Wifi and parking on-site are accessible at the guest house free of charge. Guests can enjoy garden views.","· 49 reviews","Opens in new window","Udawalawe","Scored 9.6","Show prices","9.6","Exceptional","Show on map","","https://cf.bstatic.com/xdata/images/hotel/square600/788226397.webp?k=4fdfb1201142e3607acf7432ab4f3e3540a62fc9ed1636cfceadc1db73fa5af9&o="
"1777054999-69","https://www.booking.com/searchresults.html?label=bristol-XLwodozx2dVe8Ts0XeYuawS752260715469%3Apl%3Ata%3Ap1%3Ap2%3Aac%3Aap%3Aneg%3Afi%3Atikwd-869815001187%3Alp1009919%3Ali%3Adec%3Adm%3Appccp%3DUmFuZG9tSVYkc2RlIyh9YXdX6HrtnYy-Ml68sH-ljtU&aid=311984&dest_id=198&dest_type=country&group_adults=2&req_adults=2&no_rooms=1&broad_search_not_eligible=1&order=score&nflt=ht_id%3D204%3Bht_id%3D213%3Bht_id%3D201%3Bht_id%3D216%3Bht_id%3D222%3Bht_id%3D221%3Bht_id%3D206%3Btop_destinations%3D6023%3Buf%3D-2237982%3Buf%3D-2235153%3Buf%3D-2213814%3Buf%3D-2216852%3Buf%3D-2213367%3Buf%3D-2234806%3Buf%3D-2221617","","Bliss Inn","Value for money 9.8","Bliss Inn in Udawalawe provides accommodations with a garden and a terrace. This property offers access to a balcony, free private parking, and free Wifi.","· 26 reviews","Opens in new window","Udawalawe","Scored 9.6","Show prices","9.6","Exceptional","Show on map","","https://cf.bstatic.com/xdata/images/hotel/square600/630480217.webp?k=535dd8b50e0a9b8cf5506db5966721c84add8514550602581fdcc36e43915da2&o="
"1777054999-70","https://www.booking.com/searchresults.html?label=bristol-XLwodozx2dVe8Ts0XeYuawS752260715469%3Apl%3Ata%3Ap1%3Ap2%3Aac%3Aap%3Aneg%3Afi%3Atikwd-869815001187%3Alp1009919%3Ali%3Adec%3Adm%3Appccp%3DUmFuZG9tSVYkc2RlIyh9YXdX6HrtnYy-Ml68sH-ljtU&aid=311984&dest_id=198&dest_type=country&group_adults=2&req_adults=2&no_rooms=1&broad_search_not_eligible=1&order=score&nflt=ht_id%3D204%3Bht_id%3D213%3Bht_id%3D201%3Bht_id%3D216%3Bht_id%3D222%3Bht_id%3D221%3Bht_id%3D206%3Btop_destinations%3D6023%3Buf%3D-2237982%3Buf%3D-2235153%3Buf%3D-2213814%3Buf%3D-2216852%3Buf%3D-2213367%3Buf%3D-2234806%3Buf%3D-2221617","","Jungle Paradise","Value for money 9.6","Located in Udawalawe, 6.5 miles from Udawalawe National Park, Jungle Paradise has accommodations with free bikes, free private parking, an outdoor swimming pool and a garden.","· 888 reviews","Opens in new window","Udawalawe","Scored 9.5","Show prices","9.5","Exceptional","Show on map","","https://cf.bstatic.com/xdata/images/hotel/square600/288194176.webp?k=fa0a7deebe48adb73d69b66a6917fffd3f3989952c3a11d3d4d72494299a6179&o="
"1777054999-71","https://www.booking.com/searchresults.html?label=bristol-XLwodozx2dVe8Ts0XeYuawS752260715469%3Apl%3Ata%3Ap1%3Ap2%3Aac%3Aap%3Aneg%3Afi%3Atikwd-869815001187%3Alp1009919%3Ali%3Adec%3Adm%3Appccp%3DUmFuZG9tSVYkc2RlIyh9YXdX6HrtnYy-Ml68sH-ljtU&aid=311984&dest_id=198&dest_type=country&group_adults=2&req_adults=2&no_rooms=1&broad_search_not_eligible=1&order=score&nflt=ht_id%3D204%3Bht_id%3D213%3Bht_id%3D201%3Bht_id%3D216%3Bht_id%3D222%3Bht_id%3D221%3Bht_id%3D206%3Btop_destinations%3D6023%3Buf%3D-2237982%3Buf%3D-2235153%3Buf%3D-2213814%3Buf%3D-2216852%3Buf%3D-2213367%3Buf%3D-2234806%3Buf%3D-2221617","","Blue Sapphire Safari Lodge, Udawalawe","Value for money 9.7","Blue Sapphire Safari Lodge, Udawalawe in Udawalawe provides accommodations with free bikes and a garden. With river views, this accommodation features a patio.","· 83 reviews","Opens in new window","Udawalawe","Scored 9.5","Show prices","9.5","Exceptional","Show on map","","https://cf.bstatic.com/xdata/images/hotel/square600/814994223.webp?k=2f67d5b136fd26ddcee8b5da1a44246db71f2d442c7275e1b22847201fc8da0f&o="
"1777054999-72","https://www.booking.com/searchresults.html?label=bristol-XLwodozx2dVe8Ts0XeYuawS752260715469%3Apl%3Ata%3Ap1%3Ap2%3Aac%3Aap%3Aneg%3Afi%3Atikwd-869815001187%3Alp1009919%3Ali%3Adec%3Adm%3Appccp%3DUmFuZG9tSVYkc2RlIyh9YXdX6HrtnYy-Ml68sH-ljtU&aid=311984&dest_id=198&dest_type=country&group_adults=2&req_adults=2&no_rooms=1&broad_search_not_eligible=1&order=score&nflt=ht_id%3D204%3Bht_id%3D213%3Bht_id%3D201%3Bht_id%3D216%3Bht_id%3D222%3Bht_id%3D221%3Bht_id%3D206%3Btop_destinations%3D6023%3Buf%3D-2237982%3Buf%3D-2235153%3Buf%3D-2213814%3Buf%3D-2216852%3Buf%3D-2213367%3Buf%3D-2234806%3Buf%3D-2221617","","Wild Lake Side","Value for money 9.7","Located in Udawalawe, 7.3 miles from Udawalawe National Park, Wild Lake Side has accommodations with a garden, free private parking and a restaurant.","· 340 reviews","Opens in new window","Udawalawe","Scored 9.5","Show prices","9.5","Exceptional","Show on map","","https://cf.bstatic.com/xdata/images/hotel/square600/246314675.webp?k=567a9cf677cc9a6d2c9d10a865aa067b031a1cc0ffa703aea667ca84c21a80ac&o="
"1777054999-73","https://www.booking.com/searchresults.html?label=bristol-XLwodozx2dVe8Ts0XeYuawS752260715469%3Apl%3Ata%3Ap1%3Ap2%3Aac%3Aap%3Aneg%3Afi%3Atikwd-869815001187%3Alp1009919%3Ali%3Adec%3Adm%3Appccp%3DUmFuZG9tSVYkc2RlIyh9YXdX6HrtnYy-Ml68sH-ljtU&aid=311984&dest_id=198&dest_type=country&group_adults=2&req_adults=2&no_rooms=1&broad_search_not_eligible=1&order=score&nflt=ht_id%3D204%3Bht_id%3D213%3Bht_id%3D201%3Bht_id%3D216%3Bht_id%3D222%3Bht_id%3D221%3Bht_id%3D206%3Btop_destinations%3D6023%3Buf%3D-2237982%3Buf%3D-2235153%3Buf%3D-2213814%3Buf%3D-2216852%3Buf%3D-2213367%3Buf%3D-2234806%3Buf%3D-2221617","","Jungle View River Camping","Value for money 9.8","Offering river views, Jungle View River Camping in Udawalawe provides accommodations and a garden. This guest house offers free private parking, room service, and free Wifi.","· 121 reviews","Opens in new window","Udawalawe","Scored 9.5","Show prices","9.5","Exceptional","Show on map","","https://cf.bstatic.com/xdata/images/hotel/square600/233499254.webp?k=64cba0ca4a563bad165a21dfff42e7aa4b21f9a3ec6c43998f8e0d6d4d80e075&o="
"1777054999-74","https://www.booking.com/searchresults.html?label=bristol-XLwodozx2dVe8Ts0XeYuawS752260715469%3Apl%3Ata%3Ap1%3Ap2%3Aac%3Aap%3Aneg%3Afi%3Atikwd-869815001187%3Alp1009919%3Ali%3Adec%3Adm%3Appccp%3DUmFuZG9tSVYkc2RlIyh9YXdX6HrtnYy-Ml68sH-ljtU&aid=311984&dest_id=198&dest_type=country&group_adults=2&req_adults=2&no_rooms=1&broad_search_not_eligible=1&order=score&nflt=ht_id%3D204%3Bht_id%3D213%3Bht_id%3D201%3Bht_id%3D216%3Bht_id%3D222%3Bht_id%3D221%3Bht_id%3D206%3Btop_destinations%3D6023%3Buf%3D-2237982%3Buf%3D-2235153%3Buf%3D-2213814%3Buf%3D-2216852%3Buf%3D-2213367%3Buf%3D-2234806%3Buf%3D-2221617","","Induwara Safari Resort","Value for money 9.9","Offering garden views, Induwara Safari Resort in Udawalawe provides accommodations and a garden. This property offers access to a balcony, free private parking, and free Wifi.","· 101 reviews","Opens in new window","Udawalawe","Scored 9.5","Show prices","9.5","Exceptional","Show on map","","https://cf.bstatic.com/xdata/images/hotel/square600/174189666.webp?k=92539ae74a510043b9354a4249c120e3a4b9260c21592995da3a973bd8d2cf89&o="
"1777054999-75","https://www.booking.com/searchresults.html?label=bristol-XLwodozx2dVe8Ts0XeYuawS752260715469%3Apl%3Ata%3Ap1%3Ap2%3Aac%3Aap%3Aneg%3Afi%3Atikwd-869815001187%3Alp1009919%3Ali%3Adec%3Adm%3Appccp%3DUmFuZG9tSVYkc2RlIyh9YXdX6HrtnYy-Ml68sH-ljtU&aid=311984&dest_id=198&dest_type=country&group_adults=2&req_adults=2&no_rooms=1&broad_search_not_eligible=1&order=score&nflt=ht_id%3D204%3Bht_id%3D213%3Bht_id%3D201%3Bht_id%3D216%3Bht_id%3D222%3Bht_id%3D221%3Bht_id%3D206%3Btop_destinations%3D6023%3Buf%3D-2237982%3Buf%3D-2235153%3Buf%3D-2213814%3Buf%3D-2216852%3Buf%3D-2213367%3Buf%3D-2234806%3Buf%3D-2221617","","Silent Bungalow","Value for money 9.7","Silent Bungalow is located in Udawalawe. Free WiFi access is available in this homestay. The accommodations will provide you with a balcony and a seating area. There is also an electric kettle.","· 208 reviews","Opens in new window","Udawalawe","Scored 9.5","Show prices","9.5","Exceptional","Show on map","","https://cf.bstatic.com/xdata/images/hotel/square600/789039723.webp?k=8386caad26579c068c70a84dc57543e5fd1ac363b6bae9793452822c9144a8b0&o="
"1777054999-76","https://www.booking.com/searchresults.html?label=bristol-XLwodozx2dVe8Ts0XeYuawS752260715469%3Apl%3Ata%3Ap1%3Ap2%3Aac%3Aap%3Aneg%3Afi%3Atikwd-869815001187%3Alp1009919%3Ali%3Adec%3Adm%3Appccp%3DUmFuZG9tSVYkc2RlIyh9YXdX6HrtnYy-Ml68sH-ljtU&aid=311984&dest_id=198&dest_type=country&group_adults=2&req_adults=2&no_rooms=1&broad_search_not_eligible=1&order=score&nflt=ht_id%3D204%3Bht_id%3D213%3Bht_id%3D201%3Bht_id%3D216%3Bht_id%3D222%3Bht_id%3D221%3Bht_id%3D206%3Btop_destinations%3D6023%3Buf%3D-2237982%3Buf%3D-2235153%3Buf%3D-2213814%3Buf%3D-2216852%3Buf%3D-2213367%3Buf%3D-2234806%3Buf%3D-2221617","","Max Safari Villa","Value for money 9.8","Max Safari Villa provides air-conditioned accommodations in Udawalawe. There's a private entrance at the guest house for the convenience of those who stay.","· 614 reviews","Opens in new window","Udawalawe","Scored 9.5","Show prices","9.5","Exceptional","Show on map","","https://cf.bstatic.com/xdata/images/hotel/square600/736950779.webp?k=97fd85e7d4aa58dc823465cffbeb528cb0cb4f84f6ae1774ca57fb1e16607672&o="
"1777054999-77","https://www.booking.com/searchresults.html?label=bristol-XLwodozx2dVe8Ts0XeYuawS752260715469%3Apl%3Ata%3Ap1%3Ap2%3Aac%3Aap%3Aneg%3Afi%3Atikwd-869815001187%3Alp1009919%3Ali%3Adec%3Adm%3Appccp%3DUmFuZG9tSVYkc2RlIyh9YXdX6HrtnYy-Ml68sH-ljtU&aid=311984&dest_id=198&dest_type=country&group_adults=2&req_adults=2&no_rooms=1&broad_search_not_eligible=1&order=score&nflt=ht_id%3D204%3Bht_id%3D213%3Bht_id%3D201%3Bht_id%3D216%3Bht_id%3D222%3Bht_id%3D221%3Bht_id%3D206%3Btop_destinations%3D6023%3Buf%3D-2237982%3Buf%3D-2235153%3Buf%3D-2213814%3Buf%3D-2216852%3Buf%3D-2213367%3Buf%3D-2234806%3Buf%3D-2221617","","The Elephant Next-Door","Value for money 9.7","The Elephant Next-Door is a recently renovated guest house in Udawalawe where guests can make the most of its outdoor swimming pool, garden, and terrace.","· 284 reviews","Opens in new window","Udawalawe","Scored 9.5","Show prices","9.5","Exceptional","Show on map","","https://cf.bstatic.com/xdata/images/hotel/square600/804912240.webp?k=accdbc97f74fcaa8882858ace6f4ed1f738d16fa60bc4dc81e9d494c4c9a5c8d&o="
"1777054999-78","https://www.booking.com/searchresults.html?label=bristol-XLwodozx2dVe8Ts0XeYuawS752260715469%3Apl%3Ata%3Ap1%3Ap2%3Aac%3Aap%3Aneg%3Afi%3Atikwd-869815001187%3Alp1009919%3Ali%3Adec%3Adm%3Appccp%3DUmFuZG9tSVYkc2RlIyh9YXdX6HrtnYy-Ml68sH-ljtU&aid=311984&dest_id=198&dest_type=country&group_adults=2&req_adults=2&no_rooms=1&broad_search_not_eligible=1&order=score&nflt=ht_id%3D204%3Bht_id%3D213%3Bht_id%3D201%3Bht_id%3D216%3Bht_id%3D222%3Bht_id%3D221%3Bht_id%3D206%3Btop_destinations%3D6023%3Buf%3D-2237982%3Buf%3D-2235153%3Buf%3D-2213814%3Buf%3D-2216852%3Buf%3D-2213367%3Buf%3D-2234806%3Buf%3D-2221617","","Imperial Resort","Value for money 9.8","Located in Udawalawe, 10 miles from Udawalawe National Park, Imperial Resort provides accommodations with a garden, free private parking and a restaurant.","· 58 reviews","Opens in new window","Udawalawe","Scored 9.5","Show prices","9.5","Exceptional","Show on map","","https://cf.bstatic.com/xdata/images/hotel/square600/618207296.webp?k=431de3558fb83d3e1c9d39ab5b82121a06dd3fe1fa75afa038c84885a326e68b&o="
"1777054999-79","https://www.booking.com/searchresults.html?label=bristol-XLwodozx2dVe8Ts0XeYuawS752260715469%3Apl%3Ata%3Ap1%3Ap2%3Aac%3Aap%3Aneg%3Afi%3Atikwd-869815001187%3Alp1009919%3Ali%3Adec%3Adm%3Appccp%3DUmFuZG9tSVYkc2RlIyh9YXdX6HrtnYy-Ml68sH-ljtU&aid=311984&dest_id=198&dest_type=country&group_adults=2&req_adults=2&no_rooms=1&broad_search_not_eligible=1&order=score&nflt=ht_id%3D204%3Bht_id%3D213%3Bht_id%3D201%3Bht_id%3D216%3Bht_id%3D222%3Bht_id%3D221%3Bht_id%3D206%3Btop_destinations%3D6023%3Buf%3D-2237982%3Buf%3D-2235153%3Buf%3D-2213814%3Buf%3D-2216852%3Buf%3D-2213367%3Buf%3D-2234806%3Buf%3D-2221617","","Terrace Cinnamon View","Value for money 9.5","Terrace Cinnamon View has a garden, terrace and restaurant in Ratnapura. Featuring an outdoor swimming pool, the 3-star hotel has air-conditioned rooms with free WiFi, each with a private bathroom.","· 122 reviews","Opens in new window","Ratnapura","Scored 9.5","Show prices","9.5","Exceptional","Show on map","","https://cf.bstatic.com/xdata/images/hotel/square600/290267584.webp?k=ce3360002e2f2e24caef3fb606fb9b66b2c81639e499cbfd31a85e71835c757c&o="
"1777054999-80","https://www.booking.com/searchresults.html?label=bristol-XLwodozx2dVe8Ts0XeYuawS752260715469%3Apl%3Ata%3Ap1%3Ap2%3Aac%3Aap%3Aneg%3Afi%3Atikwd-869815001187%3Alp1009919%3Ali%3Adec%3Adm%3Appccp%3DUmFuZG9tSVYkc2RlIyh9YXdX6HrtnYy-Ml68sH-ljtU&aid=311984&dest_id=198&dest_type=country&group_adults=2&req_adults=2&no_rooms=1&broad_search_not_eligible=1&order=score&nflt=ht_id%3D204%3Bht_id%3D213%3Bht_id%3D201%3Bht_id%3D216%3Bht_id%3D222%3Bht_id%3D221%3Bht_id%3D206%3Btop_destinations%3D6023%3Buf%3D-2237982%3Buf%3D-2235153%3Buf%3D-2213814%3Buf%3D-2216852%3Buf%3D-2213367%3Buf%3D-2234806%3Buf%3D-2221617","","Hotel Gayan's","Value for money 9.7","Offering a restaurant, Hotel Gayan's provides free WiFi access in its public areas. The Udawalawa National Park entrance is just a minute drive away.","· 163 reviews","Opens in new window","Udawalawe","Scored 9.5","Show prices","9.5","Exceptional","Show on map","","https://cf.bstatic.com/xdata/images/hotel/square600/52548422.webp?k=120990c915928b4511668a6b1655abdcadef0d37dd4d1df7adf067ccea708cd6&o="
"1777054999-81","https://www.booking.com/searchresults.html?label=bristol-XLwodozx2dVe8Ts0XeYuawS752260715469%3Apl%3Ata%3Ap1%3Ap2%3Aac%3Aap%3Aneg%3Afi%3Atikwd-869815001187%3Alp1009919%3Ali%3Adec%3Adm%3Appccp%3DUmFuZG9tSVYkc2RlIyh9YXdX6HrtnYy-Ml68sH-ljtU&aid=311984&dest_id=198&dest_type=country&group_adults=2&req_adults=2&no_rooms=1&broad_search_not_eligible=1&order=score&nflt=ht_id%3D204%3Bht_id%3D213%3Bht_id%3D201%3Bht_id%3D216%3Bht_id%3D222%3Bht_id%3D221%3Bht_id%3D206%3Btop_destinations%3D6023%3Buf%3D-2237982%3Buf%3D-2235153%3Buf%3D-2213814%3Buf%3D-2216852%3Buf%3D-2213367%3Buf%3D-2234806%3Buf%3D-2221617","","Mango Safari Camping Udawalawe","Value for money 9.3","Providing a garden, Mango Safari Camping Udawalawe provides accommodations in Udawalawe. Both free Wifi and parking on-site are available at the guest house free of charge. Guests can use a terrace.","· 24 reviews","Opens in new window","Udawalawe","Scored 9.5","Show prices","9.5","Exceptional","Show on map","","https://cf.bstatic.com/xdata/images/hotel/square600/695744664.webp?k=1f7330170b8fa6bbe297c12ff88246d6831aafbfa8d0e4075a3cbc5ab59ef8a2&o="
"1777054999-82","https://www.booking.com/searchresults.html?label=bristol-XLwodozx2dVe8Ts0XeYuawS752260715469%3Apl%3Ata%3Ap1%3Ap2%3Aac%3Aap%3Aneg%3Afi%3Atikwd-869815001187%3Alp1009919%3Ali%3Adec%3Adm%3Appccp%3DUmFuZG9tSVYkc2RlIyh9YXdX6HrtnYy-Ml68sH-ljtU&aid=311984&dest_id=198&dest_type=country&group_adults=2&req_adults=2&no_rooms=1&broad_search_not_eligible=1&order=score&nflt=ht_id%3D204%3Bht_id%3D213%3Bht_id%3D201%3Bht_id%3D216%3Bht_id%3D222%3Bht_id%3D221%3Bht_id%3D206%3Btop_destinations%3D6023%3Buf%3D-2237982%3Buf%3D-2235153%3Buf%3D-2213814%3Buf%3D-2216852%3Buf%3D-2213367%3Buf%3D-2234806%3Buf%3D-2221617","","Lotus Udawalawe","Value for money 9.7","Featuring garden views, Lotus Udawalawe in Udawalawe features accommodations and a garden. This property offers access to a terrace, free private parking, and free Wifi.","· 29 reviews","Opens in new window","Udawalawe","Scored 9.5","Show prices","9.5","Exceptional","Show on map","","https://cf.bstatic.com/xdata/images/hotel/square600/770865741.webp?k=c0c7ef5fc43493e0ac6bbda60178b7f1b0a16a1440372287910b0acfd73f035c&o="
"1777054999-83","https://www.booking.com/searchresults.html?label=bristol-XLwodozx2dVe8Ts0XeYuawS752260715469%3Apl%3Ata%3Ap1%3Ap2%3Aac%3Aap%3Aneg%3Afi%3Atikwd-869815001187%3Alp1009919%3Ali%3Adec%3Adm%3Appccp%3DUmFuZG9tSVYkc2RlIyh9YXdX6HrtnYy-Ml68sH-ljtU&aid=311984&dest_id=198&dest_type=country&group_adults=2&req_adults=2&no_rooms=1&broad_search_not_eligible=1&order=score&nflt=ht_id%3D204%3Bht_id%3D213%3Bht_id%3D201%3Bht_id%3D216%3Bht_id%3D222%3Bht_id%3D221%3Bht_id%3D206%3Btop_destinations%3D6023%3Buf%3D-2237982%3Buf%3D-2235153%3Buf%3D-2213814%3Buf%3D-2216852%3Buf%3D-2213367%3Buf%3D-2234806%3Buf%3D-2221617","","Walawe Palm Villa","Value for money 10","Located in Udawalawe, 10 miles from Udawalawe National Park, Walawe Palm Villa provides accommodations with a garden, free private parking, a terrace and a restaurant.","· 11 reviews","Opens in new window","Udawalawe","Scored 9.5","Show prices","9.5","Exceptional","Show on map","","https://cf.bstatic.com/xdata/images/hotel/square600/650830742.webp?k=9f7225c881817848cbb5c19d8c978fe83724ec5a4688ff8c95be6df07e9f6292&o="
"1777054999-84","https://www.booking.com/searchresults.html?label=bristol-XLwodozx2dVe8Ts0XeYuawS752260715469%3Apl%3Ata%3Ap1%3Ap2%3Aac%3Aap%3Aneg%3Afi%3Atikwd-869815001187%3Alp1009919%3Ali%3Adec%3Adm%3Appccp%3DUmFuZG9tSVYkc2RlIyh9YXdX6HrtnYy-Ml68sH-ljtU&aid=311984&dest_id=198&dest_type=country&group_adults=2&req_adults=2&no_rooms=1&broad_search_not_eligible=1&order=score&nflt=ht_id%3D204%3Bht_id%3D213%3Bht_id%3D201%3Bht_id%3D216%3Bht_id%3D222%3Bht_id%3D221%3Bht_id%3D206%3Btop_destinations%3D6023%3Buf%3D-2237982%3Buf%3D-2235153%3Buf%3D-2213814%3Buf%3D-2216852%3Buf%3D-2213367%3Buf%3D-2234806%3Buf%3D-2221617","","Chill House safari resort","Value for money 9.8","Chill House safari resort provides spa facilities and wellness packages, as well as air-conditioned accommodations in Udawalawe, 7.5 miles from Udawalawe National Park.","· 125 reviews","Opens in new window","Udawalawe","Scored 9.5","Show prices","9.5","Exceptional","Show on map","","https://cf.bstatic.com/xdata/images/hotel/square600/507969947.webp?k=3e5074fa3eca4cb38bc64070e980761b68c10b345fadb617fc81e9da352ea500&o="
"1777054999-85","https://www.booking.com/searchresults.html?label=bristol-XLwodozx2dVe8Ts0XeYuawS752260715469%3Apl%3Ata%3Ap1%3Ap2%3Aac%3Aap%3Aneg%3Afi%3Atikwd-869815001187%3Alp1009919%3Ali%3Adec%3Adm%3Appccp%3DUmFuZG9tSVYkc2RlIyh9YXdX6HrtnYy-Ml68sH-ljtU&aid=311984&dest_id=198&dest_type=country&group_adults=2&req_adults=2&no_rooms=1&broad_search_not_eligible=1&order=score&nflt=ht_id%3D204%3Bht_id%3D213%3Bht_id%3D201%3Bht_id%3D216%3Bht_id%3D222%3Bht_id%3D221%3Bht_id%3D206%3Btop_destinations%3D6023%3Buf%3D-2237982%3Buf%3D-2235153%3Buf%3D-2213814%3Buf%3D-2216852%3Buf%3D-2213367%3Buf%3D-2234806%3Buf%3D-2221617","","Tappers' Village Nature Resort & Retreat Centre, Kiriella","Value for money 9.4","Located in Ratnapura, 25 miles from Leisure World, Tappers' Village Nature Resort & Retreat Centre, Kiriella provides accommodations with an outdoor swimming pool, free private parking, a garden and a...","· 10 reviews","Opens in new window","Ratnapura","Scored 9.5","Show prices","9.5","Exceptional","Show on map","","https://cf.bstatic.com/xdata/images/hotel/square600/719972323.webp?k=36c30de48f8edb73f608e228175b9b4e38c03037a4664150697128302286ccc7&o="
"1777054999-86","https://www.booking.com/searchresults.html?label=bristol-XLwodozx2dVe8Ts0XeYuawS752260715469%3Apl%3Ata%3Ap1%3Ap2%3Aac%3Aap%3Aneg%3Afi%3Atikwd-869815001187%3Alp1009919%3Ali%3Adec%3Adm%3Appccp%3DUmFuZG9tSVYkc2RlIyh9YXdX6HrtnYy-Ml68sH-ljtU&aid=311984&dest_id=198&dest_type=country&group_adults=2&req_adults=2&no_rooms=1&broad_search_not_eligible=1&order=score&nflt=ht_id%3D204%3Bht_id%3D213%3Bht_id%3D201%3Bht_id%3D216%3Bht_id%3D222%3Bht_id%3D221%3Bht_id%3D206%3Btop_destinations%3D6023%3Buf%3D-2237982%3Buf%3D-2235153%3Buf%3D-2213814%3Buf%3D-2216852%3Buf%3D-2213367%3Buf%3D-2234806%3Buf%3D-2221617","","The Elite","Value for money 9.7","Providing a garden, The Elite offers accommodations in Udawalawe. This guest house provides air-conditioned accommodations with a terrace and free Wifi.","· 54 reviews","Opens in new window","Udawalawe","Scored 9.5","Show prices","9.5","Exceptional","Show on map","","https://cf.bstatic.com/xdata/images/hotel/square600/625862847.webp?k=5fac7fc28663f8d34a85f04cf1f8b96e85b1d6be8a85922aa3193722d4a1e2a1&o="
"1777054999-87","https://www.booking.com/searchresults.html?label=bristol-XLwodozx2dVe8Ts0XeYuawS752260715469%3Apl%3Ata%3Ap1%3Ap2%3Aac%3Aap%3Aneg%3Afi%3Atikwd-869815001187%3Alp1009919%3Ali%3Adec%3Adm%3Appccp%3DUmFuZG9tSVYkc2RlIyh9YXdX6HrtnYy-Ml68sH-ljtU&aid=311984&dest_id=198&dest_type=country&group_adults=2&req_adults=2&no_rooms=1&broad_search_not_eligible=1&order=score&nflt=ht_id%3D204%3Bht_id%3D213%3Bht_id%3D201%3Bht_id%3D216%3Bht_id%3D222%3Bht_id%3D221%3Bht_id%3D206%3Btop_destinations%3D6023%3Buf%3D-2237982%3Buf%3D-2235153%3Buf%3D-2213814%3Buf%3D-2216852%3Buf%3D-2213367%3Buf%3D-2234806%3Buf%3D-2221617","","Monkey Jungle Cottage","Value for money 9.6","Located in Udawalawe, 10 miles from Udawalawe National Park, Monkey Jungle Cottage has accommodations with a garden, free private parking, a shared lounge and a restaurant.","· 48 reviews","Opens in new window","Udawalawe","Scored 9.4","Show prices","9.4","Wonderful","Show on map","","https://cf.bstatic.com/xdata/images/hotel/square600/646912806.webp?k=59cc2721bdcbcfbca66733dfc6d11543229de20a9d4a85f9ffd188879c21aa2e&o="
"1777054999-88","https://www.booking.com/searchresults.html?label=bristol-XLwodozx2dVe8Ts0XeYuawS752260715469%3Apl%3Ata%3Ap1%3Ap2%3Aac%3Aap%3Aneg%3Afi%3Atikwd-869815001187%3Alp1009919%3Ali%3Adec%3Adm%3Appccp%3DUmFuZG9tSVYkc2RlIyh9YXdX6HrtnYy-Ml68sH-ljtU&aid=311984&dest_id=198&dest_type=country&group_adults=2&req_adults=2&no_rooms=1&broad_search_not_eligible=1&order=score&nflt=ht_id%3D204%3Bht_id%3D213%3Bht_id%3D201%3Bht_id%3D216%3Bht_id%3D222%3Bht_id%3D221%3Bht_id%3D206%3Btop_destinations%3D6023%3Buf%3D-2237982%3Buf%3D-2235153%3Buf%3D-2213814%3Buf%3D-2216852%3Buf%3D-2213367%3Buf%3D-2234806%3Buf%3D-2221617","","Grand Toscana","Value for money 9.5","Located in Udawalawe, Grand Toscana provides a garden. Among the facilities at this property are room service and a concierge service, along with free WiFi throughout the property.","· 55 reviews","Opens in new window","Udawalawe","Scored 9.4","Show prices","9.4","Wonderful","Show on map","","https://cf.bstatic.com/xdata/images/hotel/square600/847399910.webp?k=25d76c9c01729eb102be74cf03e2ea1c6920ed7923a66bfb05e31529e649a6f8&o="
"1777054999-89","https://www.booking.com/searchresults.html?label=bristol-XLwodozx2dVe8Ts0XeYuawS752260715469%3Apl%3Ata%3Ap1%3Ap2%3Aac%3Aap%3Aneg%3Afi%3Atikwd-869815001187%3Alp1009919%3Ali%3Adec%3Adm%3Appccp%3DUmFuZG9tSVYkc2RlIyh9YXdX6HrtnYy-Ml68sH-ljtU&aid=311984&dest_id=198&dest_type=country&group_adults=2&req_adults=2&no_rooms=1&broad_search_not_eligible=1&order=score&nflt=ht_id%3D204%3Bht_id%3D213%3Bht_id%3D201%3Bht_id%3D216%3Bht_id%3D222%3Bht_id%3D221%3Bht_id%3D206%3Btop_destinations%3D6023%3Buf%3D-2237982%3Buf%3D-2235153%3Buf%3D-2213814%3Buf%3D-2216852%3Buf%3D-2213367%3Buf%3D-2234806%3Buf%3D-2221617","","Butterfly Homestead Hotel","Value for money 9.5","Located in Udawalawe, 4.5 miles from Udawalawe National Park, Butterfly Homestead Hotel has accommodations with a garden, free private parking, a terrace and a restaurant.","· 45 reviews","Opens in new window","Udawalawe","Scored 9.4","Show prices","9.4","Wonderful","Show on map","","https://cf.bstatic.com/xdata/images/hotel/square600/121633509.webp?k=18d2bbc35debca387a30a011538d4964b936e19bf18dbd07096a8e8d8ede211f&o="
"1777054999-90","https://www.booking.com/searchresults.html?label=bristol-XLwodozx2dVe8Ts0XeYuawS752260715469%3Apl%3Ata%3Ap1%3Ap2%3Aac%3Aap%3Aneg%3Afi%3Atikwd-869815001187%3Alp1009919%3Ali%3Adec%3Adm%3Appccp%3DUmFuZG9tSVYkc2RlIyh9YXdX6HrtnYy-Ml68sH-ljtU&aid=311984&dest_id=198&dest_type=country&group_adults=2&req_adults=2&no_rooms=1&broad_search_not_eligible=1&order=score&nflt=ht_id%3D204%3Bht_id%3D213%3Bht_id%3D201%3Bht_id%3D216%3Bht_id%3D222%3Bht_id%3D221%3Bht_id%3D206%3Btop_destinations%3D6023%3Buf%3D-2237982%3Buf%3D-2235153%3Buf%3D-2213814%3Buf%3D-2216852%3Buf%3D-2213367%3Buf%3D-2234806%3Buf%3D-2221617","","La Casa Safari Paradise","Value for money 9.5","La Casa Safari Paradise offers accommodations in Udawalawe, 6.8 miles from Udawalawe National Park. With inner courtyard views, this accommodation provides a terrace.","· 421 reviews","Opens in new window","Udawalawe","Scored 9.4","Show prices","9.4","Wonderful","Show on map","","https://cf.bstatic.com/xdata/images/hotel/square600/695190569.webp?k=303819132cac7b301dc6f8ee508345200c32ea03aaa3c271035145809a24b762&o="
"1777054999-91","https://www.booking.com/searchresults.html?label=bristol-XLwodozx2dVe8Ts0XeYuawS752260715469%3Apl%3Ata%3Ap1%3Ap2%3Aac%3Aap%3Aneg%3Afi%3Atikwd-869815001187%3Alp1009919%3Ali%3Adec%3Adm%3Appccp%3DUmFuZG9tSVYkc2RlIyh9YXdX6HrtnYy-Ml68sH-ljtU&aid=311984&dest_id=198&dest_type=country&group_adults=2&req_adults=2&no_rooms=1&broad_search_not_eligible=1&order=score&nflt=ht_id%3D204%3Bht_id%3D213%3Bht_id%3D201%3Bht_id%3D216%3Bht_id%3D222%3Bht_id%3D221%3Bht_id%3D206%3Btop_destinations%3D6023%3Buf%3D-2237982%3Buf%3D-2235153%3Buf%3D-2213814%3Buf%3D-2216852%3Buf%3D-2213367%3Buf%3D-2234806%3Buf%3D-2221617","","Green Park and Eco Tree House","Value for money 9.6","Green Park and Eco Tree House in Udawalawe provides accommodations with a garden and a shared lounge. Guests staying at this guest house have access to a balcony.","· 76 reviews","Opens in new window","Udawalawe","Scored 9.4","Show prices","9.4","Wonderful","Show on map","","https://cf.bstatic.com/xdata/images/hotel/square600/733228672.webp?k=923936b992d46c3f06471109ecdd8d0187b6ea0d07cd780a92f6bb9ccff134a0&o="
"1777054999-92","https://www.booking.com/searchresults.html?label=bristol-XLwodozx2dVe8Ts0XeYuawS752260715469%3Apl%3Ata%3Ap1%3Ap2%3Aac%3Aap%3Aneg%3Afi%3Atikwd-869815001187%3Alp1009919%3Ali%3Adec%3Adm%3Appccp%3DUmFuZG9tSVYkc2RlIyh9YXdX6HrtnYy-Ml68sH-ljtU&aid=311984&dest_id=198&dest_type=country&group_adults=2&req_adults=2&no_rooms=1&broad_search_not_eligible=1&order=score&nflt=ht_id%3D204%3Bht_id%3D213%3Bht_id%3D201%3Bht_id%3D216%3Bht_id%3D222%3Bht_id%3D221%3Bht_id%3D206%3Btop_destinations%3D6023%3Buf%3D-2237982%3Buf%3D-2235153%3Buf%3D-2213814%3Buf%3D-2216852%3Buf%3D-2213367%3Buf%3D-2234806%3Buf%3D-2221617","","Vimanra Udawalawa","Value for money 9.8","Located in Udawalawe, 13 miles from Udawalawe National Park, Vimanra Udawalawa provides accommodations with an outdoor swimming pool, free private parking, a garden and a terrace.","· 308 reviews","Opens in new window","Udawalawe","Scored 9.4","Show prices","9.4","Wonderful","Show on map","","https://cf.bstatic.com/xdata/images/hotel/square600/329083038.webp?k=bd7e7a401a3d240df8111406492667872eb65d2d29c22ab6210f876d9094ef89&o="
"1777054999-93","https://www.booking.com/searchresults.html?label=bristol-XLwodozx2dVe8Ts0XeYuawS752260715469%3Apl%3Ata%3Ap1%3Ap2%3Aac%3Aap%3Aneg%3Afi%3Atikwd-869815001187%3Alp1009919%3Ali%3Adec%3Adm%3Appccp%3DUmFuZG9tSVYkc2RlIyh9YXdX6HrtnYy-Ml68sH-ljtU&aid=311984&dest_id=198&dest_type=country&group_adults=2&req_adults=2&no_rooms=1&broad_search_not_eligible=1&order=score&nflt=ht_id%3D204%3Bht_id%3D213%3Bht_id%3D201%3Bht_id%3D216%3Bht_id%3D222%3Bht_id%3D221%3Bht_id%3D206%3Btop_destinations%3D6023%3Buf%3D-2237982%3Buf%3D-2235153%3Buf%3D-2213814%3Buf%3D-2216852%3Buf%3D-2213367%3Buf%3D-2234806%3Buf%3D-2221617","","Summerland Residence","Value for money 9.6","Summerland Residence in Udawalawe provides accommodations with a garden and a terrace. This guest house provides free private parking, a 24-hour front desk, and free Wifi.","· 9 reviews","Opens in new window","Udawalawe","Scored 9.4","Show prices","9.4","Wonderful","Show on map","","https://cf.bstatic.com/xdata/images/hotel/square600/833941827.webp?k=ef80acdbe2db005348c97263033a9a7ffe8a30a5d2786dfaec9a2e8d84575ede&o="
"1777054999-94","https://www.booking.com/searchresults.html?label=bristol-XLwodozx2dVe8Ts0XeYuawS752260715469%3Apl%3Ata%3Ap1%3Ap2%3Aac%3Aap%3Aneg%3Afi%3Atikwd-869815001187%3Alp1009919%3Ali%3Adec%3Adm%3Appccp%3DUmFuZG9tSVYkc2RlIyh9YXdX6HrtnYy-Ml68sH-ljtU&aid=311984&dest_id=198&dest_type=country&group_adults=2&req_adults=2&no_rooms=1&broad_search_not_eligible=1&order=score&nflt=ht_id%3D204%3Bht_id%3D213%3Bht_id%3D201%3Bht_id%3D216%3Bht_id%3D222%3Bht_id%3D221%3Bht_id%3D206%3Btop_destinations%3D6023%3Buf%3D-2237982%3Buf%3D-2235153%3Buf%3D-2213814%3Buf%3D-2216852%3Buf%3D-2213367%3Buf%3D-2234806%3Buf%3D-2221617","","Kalawathi Retreat Inn","Value for money 9.5","Kalawathi Retreat Inn has an outdoor swimming pool, garden, a terrace and restaurant in Ratnapura. This 3-star hotel offers room service and a 24-hour front desk.","· 96 reviews","Opens in new window","Ratnapura","Scored 9.4","Show prices","9.4","Wonderful","Show on map","","https://cf.bstatic.com/xdata/images/hotel/square600/753653236.webp?k=63f9edf6ed2ef7de190b949d94cb8e231db8e3314c5fe8dc6e42cdd326d9081c&o="
"1777054999-95","https://www.booking.com/searchresults.html?label=bristol-XLwodozx2dVe8Ts0XeYuawS752260715469%3Apl%3Ata%3Ap1%3Ap2%3Aac%3Aap%3Aneg%3Afi%3Atikwd-869815001187%3Alp1009919%3Ali%3Adec%3Adm%3Appccp%3DUmFuZG9tSVYkc2RlIyh9YXdX6HrtnYy-Ml68sH-ljtU&aid=311984&dest_id=198&dest_type=country&group_adults=2&req_adults=2&no_rooms=1&broad_search_not_eligible=1&order=score&nflt=ht_id%3D204%3Bht_id%3D213%3Bht_id%3D201%3Bht_id%3D216%3Bht_id%3D222%3Bht_id%3D221%3Bht_id%3D206%3Btop_destinations%3D6023%3Buf%3D-2237982%3Buf%3D-2235153%3Buf%3D-2213814%3Buf%3D-2216852%3Buf%3D-2213367%3Buf%3D-2234806%3Buf%3D-2221617","","Thought Blooming","Value for money 9.8","Thought Blooming features air-conditioned rooms in Udawalawe. This guest house provides free private parking and a 24-hour front desk.","· 45 reviews","Opens in new window","Udawalawe","Scored 9.4","Show prices","9.4","Wonderful","Show on map","","https://cf.bstatic.com/xdata/images/hotel/square600/541099341.webp?k=3a75fd665d070d817686428b75124204d2f6c95192dac1471228394cdb0cd5ca&o="
"1777054999-96","https://www.booking.com/searchresults.html?label=bristol-XLwodozx2dVe8Ts0XeYuawS752260715469%3Apl%3Ata%3Ap1%3Ap2%3Aac%3Aap%3Aneg%3Afi%3Atikwd-869815001187%3Alp1009919%3Ali%3Adec%3Adm%3Appccp%3DUmFuZG9tSVYkc2RlIyh9YXdX6HrtnYy-Ml68sH-ljtU&aid=311984&dest_id=198&dest_type=country&group_adults=2&req_adults=2&no_rooms=1&broad_search_not_eligible=1&order=score&nflt=ht_id%3D204%3Bht_id%3D213%3Bht_id%3D201%3Bht_id%3D216%3Bht_id%3D222%3Bht_id%3D221%3Bht_id%3D206%3Btop_destinations%3D6023%3Buf%3D-2237982%3Buf%3D-2235153%3Buf%3D-2213814%3Buf%3D-2216852%3Buf%3D-2213367%3Buf%3D-2234806%3Buf%3D-2221617","","Ivory Safari Lodge","Value for money 9.8","10 miles from Udawalawe National Park in Udawalawe, Ivory Safari Lodge provides accommodations with access to beauty services.","· 60 reviews","Opens in new window","Udawalawe","Scored 9.4","Show prices","9.4","Wonderful","Show on map","","https://cf.bstatic.com/xdata/images/hotel/square600/624746465.webp?k=bf4298fcc3d25b138a5422767c63deae3470fb67dcbc5bb84805df07858dd593&o="
"1777054999-97","https://www.booking.com/searchresults.html?label=bristol-XLwodozx2dVe8Ts0XeYuawS752260715469%3Apl%3Ata%3Ap1%3Ap2%3Aac%3Aap%3Aneg%3Afi%3Atikwd-869815001187%3Alp1009919%3Ali%3Adec%3Adm%3Appccp%3DUmFuZG9tSVYkc2RlIyh9YXdX6HrtnYy-Ml68sH-ljtU&aid=311984&dest_id=198&dest_type=country&group_adults=2&req_adults=2&no_rooms=1&broad_search_not_eligible=1&order=score&nflt=ht_id%3D204%3Bht_id%3D213%3Bht_id%3D201%3Bht_id%3D216%3Bht_id%3D222%3Bht_id%3D221%3Bht_id%3D206%3Btop_destinations%3D6023%3Buf%3D-2237982%3Buf%3D-2235153%3Buf%3D-2213814%3Buf%3D-2216852%3Buf%3D-2213367%3Buf%3D-2234806%3Buf%3D-2221617","","Eco Lodge Udawalawe","Value for money 9.6","Eco Lodge Udawalawe is a recently renovated guest house in Udawalawe where guests can make the most of its garden and terrace.","· 18 reviews","Opens in new window","Udawalawe","Scored 9.3","Show prices","9.3","Wonderful","Show on map","","https://cf.bstatic.com/xdata/images/hotel/square600/851758245.webp?k=5603730fd93138dd5a6b539b61aff1b4780bf66ba417fc0bcf545b7ecf0f794d&o="
"1777054999-98","https://www.booking.com/searchresults.html?label=bristol-XLwodozx2dVe8Ts0XeYuawS752260715469%3Apl%3Ata%3Ap1%3Ap2%3Aac%3Aap%3Aneg%3Afi%3Atikwd-869815001187%3Alp1009919%3Ali%3Adec%3Adm%3Appccp%3DUmFuZG9tSVYkc2RlIyh9YXdX6HrtnYy-Ml68sH-ljtU&aid=311984&dest_id=198&dest_type=country&group_adults=2&req_adults=2&no_rooms=1&broad_search_not_eligible=1&order=score&nflt=ht_id%3D204%3Bht_id%3D213%3Bht_id%3D201%3Bht_id%3D216%3Bht_id%3D222%3Bht_id%3D221%3Bht_id%3D206%3Btop_destinations%3D6023%3Buf%3D-2237982%3Buf%3D-2235153%3Buf%3D-2213814%3Buf%3D-2216852%3Buf%3D-2213367%3Buf%3D-2234806%3Buf%3D-2221617","","Forest Dew Udawalawa","Value for money 9.5","Featuring garden views, Forest Dew Udawalawa in Udawalawe offers accommodations, an infinity pool, a garden, and a bar. This property offers access to a balcony, free private parking, and free Wifi.","· 114 reviews","Opens in new window","Udawalawe","Scored 9.3","Show prices","9.3","Wonderful","Show on map","","https://cf.bstatic.com/xdata/images/hotel/square600/746789637.webp?k=c137df80695890a6b18cdda326cba8b21663c43d9d85454421ff14892ff8cc3c&o="
"1777054999-99","https://www.booking.com/searchresults.html?label=bristol-XLwodozx2dVe8Ts0XeYuawS752260715469%3Apl%3Ata%3Ap1%3Ap2%3Aac%3Aap%3Aneg%3Afi%3Atikwd-869815001187%3Alp1009919%3Ali%3Adec%3Adm%3Appccp%3DUmFuZG9tSVYkc2RlIyh9YXdX6HrtnYy-Ml68sH-ljtU&aid=311984&dest_id=198&dest_type=country&group_adults=2&req_adults=2&no_rooms=1&broad_search_not_eligible=1&order=score&nflt=ht_id%3D204%3Bht_id%3D213%3Bht_id%3D201%3Bht_id%3D216%3Bht_id%3D222%3Bht_id%3D221%3Bht_id%3D206%3Btop_destinations%3D6023%3Buf%3D-2237982%3Buf%3D-2235153%3Buf%3D-2213814%3Buf%3D-2216852%3Buf%3D-2213367%3Buf%3D-2234806%3Buf%3D-2221617","","Canal Side Safari Resort","Value for money 10","Providing lake views, Canal Side Safari Resort in Udawalawe features accommodations and a garden.","· 12 reviews","Opens in new window","Udawalawe","Scored 9.3","Show prices","9.3","Wonderful","Show on map","","https://cf.bstatic.com/xdata/images/hotel/square600/794476537.webp?k=6b183d6a12365aa2967677a93b8bbb693a989be7c8c2c8c3d506bc9e0e0908d6&o="
"1777054999-100","https://www.booking.com/searchresults.html?label=bristol-XLwodozx2dVe8Ts0XeYuawS752260715469%3Apl%3Ata%3Ap1%3Ap2%3Aac%3Aap%3Aneg%3Afi%3Atikwd-869815001187%3Alp1009919%3Ali%3Adec%3Adm%3Appccp%3DUmFuZG9tSVYkc2RlIyh9YXdX6HrtnYy-Ml68sH-ljtU&aid=311984&dest_id=198&dest_type=country&group_adults=2&req_adults=2&no_rooms=1&broad_search_not_eligible=1&order=score&nflt=ht_id%3D204%3Bht_id%3D213%3Bht_id%3D201%3Bht_id%3D216%3Bht_id%3D222%3Bht_id%3D221%3Bht_id%3D206%3Btop_destinations%3D6023%3Buf%3D-2237982%3Buf%3D-2235153%3Buf%3D-2213814%3Buf%3D-2216852%3Buf%3D-2213367%3Buf%3D-2234806%3Buf%3D-2221617","","Jungle Edge Cottage","Value for money 9.8","Featuring a garden, Jungle Edge Cottage offers accommodations in Udawalawe.","· 36 reviews","Opens in new window","Udawalawe","Scored 9.3","Show prices","9.3","Wonderful","Show on map","","https://cf.bstatic.com/xdata/images/hotel/square600/632504850.webp?k=17903809c05d1e562fce7e2954c9ef6e3080e98aad2aaaa04056a4748a9cf352&o="
"1777054999-101","https://www.booking.com/searchresults.html?label=bristol-XLwodozx2dVe8Ts0XeYuawS752260715469%3Apl%3Ata%3Ap1%3Ap2%3Aac%3Aap%3Aneg%3Afi%3Atikwd-869815001187%3Alp1009919%3Ali%3Adec%3Adm%3Appccp%3DUmFuZG9tSVYkc2RlIyh9YXdX6HrtnYy-Ml68sH-ljtU&aid=311984&dest_id=198&dest_type=country&group_adults=2&req_adults=2&no_rooms=1&broad_search_not_eligible=1&order=score&nflt=ht_id%3D204%3Bht_id%3D213%3Bht_id%3D201%3Bht_id%3D216%3Bht_id%3D222%3Bht_id%3D221%3Bht_id%3D206%3Btop_destinations%3D6023%3Buf%3D-2237982%3Buf%3D-2235153%3Buf%3D-2213814%3Buf%3D-2216852%3Buf%3D-2213367%3Buf%3D-2234806%3Buf%3D-2221617","","Elephant Side Safari Bungalow","Value for money 9.6","9 miles from Udawalawe National Park in Udawalawe, Elephant Side Safari Bungalow offers accommodations with access to spa facilities and public bath.","· 89 reviews","Opens in new window","Udawalawe","Scored 9.3","Show prices","9.3","Wonderful","Show on map","","https://cf.bstatic.com/xdata/images/hotel/square600/751900409.webp?k=8e7b22eeac3f176ef8af23951ce20fdc21297d32f5589647482facaa499151cb&o="
"1777054999-102","https://www.booking.com/searchresults.html?label=bristol-XLwodozx2dVe8Ts0XeYuawS752260715469%3Apl%3Ata%3Ap1%3Ap2%3Aac%3Aap%3Aneg%3Afi%3Atikwd-869815001187%3Alp1009919%3Ali%3Adec%3Adm%3Appccp%3DUmFuZG9tSVYkc2RlIyh9YXdX6HrtnYy-Ml68sH-ljtU&aid=311984&dest_id=198&dest_type=country&group_adults=2&req_adults=2&no_rooms=1&broad_search_not_eligible=1&order=score&nflt=ht_id%3D204%3Bht_id%3D213%3Bht_id%3D201%3Bht_id%3D216%3Bht_id%3D222%3Bht_id%3D221%3Bht_id%3D206%3Btop_destinations%3D6023%3Buf%3D-2237982%3Buf%3D-2235153%3Buf%3D-2213814%3Buf%3D-2216852%3Buf%3D-2213367%3Buf%3D-2234806%3Buf%3D-2221617","","Wild River Side","Value for money 9.7","Located in Udawalawe in the Ratnapura District region, Wild River Side provides accommodations with free WiFi and free private parking, as well as access to a hot tub.","· 135 reviews","Opens in new window","Udawalawe","Scored 9.3","Show prices","9.3","Wonderful","Show on map","","https://cf.bstatic.com/xdata/images/hotel/square600/536286631.webp?k=59ca9b406dbd30b2dda45a7e6d5f09cc4f0a36bbab94569a59ab482098daceaf&o="
"1777054999-103","https://www.booking.com/searchresults.html?label=bristol-XLwodozx2dVe8Ts0XeYuawS752260715469%3Apl%3Ata%3Ap1%3Ap2%3Aac%3Aap%3Aneg%3Afi%3Atikwd-869815001187%3Alp1009919%3Ali%3Adec%3Adm%3Appccp%3DUmFuZG9tSVYkc2RlIyh9YXdX6HrtnYy-Ml68sH-ljtU&aid=311984&dest_id=198&dest_type=country&group_adults=2&req_adults=2&no_rooms=1&broad_search_not_eligible=1&order=score&nflt=ht_id%3D204%3Bht_id%3D213%3Bht_id%3D201%3Bht_id%3D216%3Bht_id%3D222%3Bht_id%3D221%3Bht_id%3D206%3Btop_destinations%3D6023%3Buf%3D-2237982%3Buf%3D-2235153%3Buf%3D-2213814%3Buf%3D-2216852%3Buf%3D-2213367%3Buf%3D-2234806%3Buf%3D-2221617","","udawalawa safari resort","Value for money 10","Located in Udawalawe, 10 miles from Udawalawe National Park, udawalawa safari resort provides accommodations with a garden, free private parking, a terrace and a restaurant.","· 8 reviews","Opens in new window","Udawalawe","Scored 9.3","Show prices","9.3","Wonderful","Show on map","","https://cf.bstatic.com/xdata/images/hotel/square600/651618194.webp?k=5dc7a62240645bb2956fb9b5da27714a0fb31996b80910eb061bd6a21a695d7d&o="
"1777054999-104","https://www.booking.com/searchresults.html?label=bristol-XLwodozx2dVe8Ts0XeYuawS752260715469%3Apl%3Ata%3Ap1%3Ap2%3Aac%3Aap%3Aneg%3Afi%3Atikwd-869815001187%3Alp1009919%3Ali%3Adec%3Adm%3Appccp%3DUmFuZG9tSVYkc2RlIyh9YXdX6HrtnYy-Ml68sH-ljtU&aid=311984&dest_id=198&dest_type=country&group_adults=2&req_adults=2&no_rooms=1&broad_search_not_eligible=1&order=score&nflt=ht_id%3D204%3Bht_id%3D213%3Bht_id%3D201%3Bht_id%3D216%3Bht_id%3D222%3Bht_id%3D221%3Bht_id%3D206%3Btop_destinations%3D6023%3Buf%3D-2237982%3Buf%3D-2235153%3Buf%3D-2213814%3Buf%3D-2216852%3Buf%3D-2213367%3Buf%3D-2234806%3Buf%3D-2221617","","Ceylon Safari Cottage","Value for money 9.8","Providing garden views, Ceylon Safari Cottage in Udawalawe offers accommodations and a garden. The guest house provides rooms with air conditioning, free private parking, and free Wifi.","· 57 reviews","Opens in new window","Udawalawe","Scored 9.2","Show prices","9.2","Wonderful","Show on map","","https://cf.bstatic.com/xdata/images/hotel/square600/671776430.webp?k=f3defc0e9bdd54524f7bd38fb6202f3cbf621aca7253359834884ff864992289&o="
"1777054999-105","https://www.booking.com/searchresults.html?label=bristol-XLwodozx2dVe8Ts0XeYuawS752260715469%3Apl%3Ata%3Ap1%3Ap2%3Aac%3Aap%3Aneg%3Afi%3Atikwd-869815001187%3Alp1009919%3Ali%3Adec%3Adm%3Appccp%3DUmFuZG9tSVYkc2RlIyh9YXdX6HrtnYy-Ml68sH-ljtU&aid=311984&dest_id=198&dest_type=country&group_adults=2&req_adults=2&no_rooms=1&broad_search_not_eligible=1&order=score&nflt=ht_id%3D204%3Bht_id%3D213%3Bht_id%3D201%3Bht_id%3D216%3Bht_id%3D222%3Bht_id%3D221%3Bht_id%3D206%3Btop_destinations%3D6023%3Buf%3D-2237982%3Buf%3D-2235153%3Buf%3D-2213814%3Buf%3D-2216852%3Buf%3D-2213367%3Buf%3D-2234806%3Buf%3D-2221617","","Lizard Safari Lodge","Value for money 9.7","With Udawalawe National Park reachable in 8.8 miles, Lizard Safari Lodge provides accommodations, a restaurant, a garden, a shared lounge and a bar.","· 110 reviews","Opens in new window","Udawalawe","Scored 9.2","Show prices","9.2","Wonderful","Show on map","","https://cf.bstatic.com/xdata/images/hotel/square600/154805340.webp?k=6cc3245ccb60cb769829bc24baaa4ffc777ead620e2a936c78391cca69dbdddf&o="
"1777054999-106","https://www.booking.com/searchresults.html?label=bristol-XLwodozx2dVe8Ts0XeYuawS752260715469%3Apl%3Ata%3Ap1%3Ap2%3Aac%3Aap%3Aneg%3Afi%3Atikwd-869815001187%3Alp1009919%3Ali%3Adec%3Adm%3Appccp%3DUmFuZG9tSVYkc2RlIyh9YXdX6HrtnYy-Ml68sH-ljtU&aid=311984&dest_id=198&dest_type=country&group_adults=2&req_adults=2&no_rooms=1&broad_search_not_eligible=1&order=score&nflt=ht_id%3D204%3Bht_id%3D213%3Bht_id%3D201%3Bht_id%3D216%3Bht_id%3D222%3Bht_id%3D221%3Bht_id%3D206%3Btop_destinations%3D6023%3Buf%3D-2237982%3Buf%3D-2235153%3Buf%3D-2213814%3Buf%3D-2216852%3Buf%3D-2213367%3Buf%3D-2234806%3Buf%3D-2221617","","Sheran Safari House","Value for money 9.5","Sheran Safari House in Udawalawe provides accommodations with free bikes and a garden. Both free Wifi and parking on-site are available at the homestay free of charge.","· 37 reviews","Opens in new window","Udawalawe","Scored 9.2","Show prices","9.2","Wonderful","Show on map","","https://cf.bstatic.com/xdata/images/hotel/square600/625593165.webp?k=9218aadf3d75c0457985b842b4813cfa277515b2a713cdca855b1e5997211940&o="
"1777054999-107","https://www.booking.com/searchresults.html?label=bristol-XLwodozx2dVe8Ts0XeYuawS752260715469%3Apl%3Ata%3Ap1%3Ap2%3Aac%3Aap%3Aneg%3Afi%3Atikwd-869815001187%3Alp1009919%3Ali%3Adec%3Adm%3Appccp%3DUmFuZG9tSVYkc2RlIyh9YXdX6HrtnYy-Ml68sH-ljtU&aid=311984&dest_id=198&dest_type=country&group_adults=2&req_adults=2&no_rooms=1&broad_search_not_eligible=1&order=score&nflt=ht_id%3D204%3Bht_id%3D213%3Bht_id%3D201%3Bht_id%3D216%3Bht_id%3D222%3Bht_id%3D221%3Bht_id%3D206%3Btop_destinations%3D6023%3Buf%3D-2237982%3Buf%3D-2235153%3Buf%3D-2213814%3Buf%3D-2216852%3Buf%3D-2213367%3Buf%3D-2234806%3Buf%3D-2221617","","Nature World Udawalawe","Value for money 9.8","Nature World Udawalawe in Udawalawe provides accommodations with an outdoor swimming pool, a garden, and a bar. There's a private entrance at the guest house for the convenience of those who stay.","· 247 reviews","Opens in new window","Udawalawe","Scored 9.2","Show prices","9.2","Wonderful","Show on map","","https://cf.bstatic.com/xdata/images/hotel/square600/701431679.webp?k=7902f0ce8aa48c8225c8e232af91c5c9e3635c1d47f8110a47377b68ffc2146c&o="
"1777054999-108","https://www.booking.com/searchresults.html?label=bristol-XLwodozx2dVe8Ts0XeYuawS752260715469%3Apl%3Ata%3Ap1%3Ap2%3Aac%3Aap%3Aneg%3Afi%3Atikwd-869815001187%3Alp1009919%3Ali%3Adec%3Adm%3Appccp%3DUmFuZG9tSVYkc2RlIyh9YXdX6HrtnYy-Ml68sH-ljtU&aid=311984&dest_id=198&dest_type=country&group_adults=2&req_adults=2&no_rooms=1&broad_search_not_eligible=1&order=score&nflt=ht_id%3D204%3Bht_id%3D213%3Bht_id%3D201%3Bht_id%3D216%3Bht_id%3D222%3Bht_id%3D221%3Bht_id%3D206%3Btop_destinations%3D6023%3Buf%3D-2237982%3Buf%3D-2235153%3Buf%3D-2213814%3Buf%3D-2216852%3Buf%3D-2213367%3Buf%3D-2234806%3Buf%3D-2221617","","The Anex","Value for money 9.7","Featuring a garden, The Anex features accommodations in Kalawana. This property offers access to a balcony, free private parking, and free Wifi.","· 9 reviews","Opens in new window","Kalawana","Scored 9.2","Show prices","9.2","Wonderful","Show on map","","https://cf.bstatic.com/xdata/images/hotel/square600/734307707.webp?k=ffef93390770449f7dcd33dcb46cf41a76e040f13e5d4b4d11e47b3a65184c65&o="
"1777054999-109","https://www.booking.com/searchresults.html?label=bristol-XLwodozx2dVe8Ts0XeYuawS752260715469%3Apl%3Ata%3Ap1%3Ap2%3Aac%3Aap%3Aneg%3Afi%3Atikwd-869815001187%3Alp1009919%3Ali%3Adec%3Adm%3Appccp%3DUmFuZG9tSVYkc2RlIyh9YXdX6HrtnYy-Ml68sH-ljtU&aid=311984&dest_id=198&dest_type=country&group_adults=2&req_adults=2&no_rooms=1&broad_search_not_eligible=1&order=score&nflt=ht_id%3D204%3Bht_id%3D213%3Bht_id%3D201%3Bht_id%3D216%3Bht_id%3D222%3Bht_id%3D221%3Bht_id%3D206%3Btop_destinations%3D6023%3Buf%3D-2237982%3Buf%3D-2235153%3Buf%3D-2213814%3Buf%3D-2216852%3Buf%3D-2213367%3Buf%3D-2234806%3Buf%3D-2221617","","Ali Weta Safari Resort","Value for money 9.5","Located in Udawalawe, 4.3 miles from Udawalawe National Park, Ali Weta Safari Resort has accommodations with an outdoor swimming pool, free private parking, a garden and a shared lounge.","· 407 reviews","Opens in new window","Udawalawe","Scored 9.2","Show prices","9.2","Wonderful","Show on map","","https://cf.bstatic.com/xdata/images/hotel/square600/398580377.webp?k=0f4d8b7b68882eb9d261972568c6e371f5f9a84f3e761e9f411a6a83e2dbbb7f&o="
"1777054999-110","https://www.booking.com/searchresults.html?label=bristol-XLwodozx2dVe8Ts0XeYuawS752260715469%3Apl%3Ata%3Ap1%3Ap2%3Aac%3Aap%3Aneg%3Afi%3Atikwd-869815001187%3Alp1009919%3Ali%3Adec%3Adm%3Appccp%3DUmFuZG9tSVYkc2RlIyh9YXdX6HrtnYy-Ml68sH-ljtU&aid=311984&dest_id=198&dest_type=country&group_adults=2&req_adults=2&no_rooms=1&broad_search_not_eligible=1&order=score&nflt=ht_id%3D204%3Bht_id%3D213%3Bht_id%3D201%3Bht_id%3D216%3Bht_id%3D222%3Bht_id%3D221%3Bht_id%3D206%3Btop_destinations%3D6023%3Buf%3D-2237982%3Buf%3D-2235153%3Buf%3D-2213814%3Buf%3D-2216852%3Buf%3D-2213367%3Buf%3D-2234806%3Buf%3D-2221617","","Summer Ridge - Homestay","Value for money 9.4","Summer Ridge - Homestay is offering accommodations in Ratnapura. 28 miles from Avissawella Railway Station, the guest house provides a garden and a shared lounge.","· 101 reviews","Opens in new window","Ratnapura","Scored 9.2","Show prices","9.2","Wonderful","Show on map","","https://cf.bstatic.com/xdata/images/hotel/square600/494467616.webp?k=9177b5a1a516f728ca8322bc31638a33f29c5b54c399718032a0e9aaa66f1c20&o="
"1777054999-111","https://www.booking.com/searchresults.html?label=bristol-XLwodozx2dVe8Ts0XeYuawS752260715469%3Apl%3Ata%3Ap1%3Ap2%3Aac%3Aap%3Aneg%3Afi%3Atikwd-869815001187%3Alp1009919%3Ali%3Adec%3Adm%3Appccp%3DUmFuZG9tSVYkc2RlIyh9YXdX6HrtnYy-Ml68sH-ljtU&aid=311984&dest_id=198&dest_type=country&group_adults=2&req_adults=2&no_rooms=1&broad_search_not_eligible=1&order=score&nflt=ht_id%3D204%3Bht_id%3D213%3Bht_id%3D201%3Bht_id%3D216%3Bht_id%3D222%3Bht_id%3D221%3Bht_id%3D206%3Btop_destinations%3D6023%3Buf%3D-2237982%3Buf%3D-2235153%3Buf%3D-2213814%3Buf%3D-2216852%3Buf%3D-2213367%3Buf%3D-2234806%3Buf%3D-2221617","","Jungle Lodge","Value for money 9.2","Featuring garden views, Jungle Lodge in Udawalawe offers accommodations, a garden, and a terrace. There's a private entrance at the guest house for the convenience of those who stay.","· 37 reviews","Opens in new window","Udawalawe","Scored 9.2","Show prices","9.2","Wonderful","Show on map","","https://cf.bstatic.com/xdata/images/hotel/square600/799365308.webp?k=1a9736bf3de642fb5d228403e83c74bf8ac00e0ed3ce4469477438d38d123f57&o="
"1777054999-112","https://www.booking.com/searchresults.html?label=bristol-XLwodozx2dVe8Ts0XeYuawS752260715469%3Apl%3Ata%3Ap1%3Ap2%3Aac%3Aap%3Aneg%3Afi%3Atikwd-869815001187%3Alp1009919%3Ali%3Adec%3Adm%3Appccp%3DUmFuZG9tSVYkc2RlIyh9YXdX6HrtnYy-Ml68sH-ljtU&aid=311984&dest_id=198&dest_type=country&group_adults=2&req_adults=2&no_rooms=1&broad_search_not_eligible=1&order=score&nflt=ht_id%3D204%3Bht_id%3D213%3Bht_id%3D201%3Bht_id%3D216%3Bht_id%3D222%3Bht_id%3D221%3Bht_id%3D206%3Btop_destinations%3D6023%3Buf%3D-2237982%3Buf%3D-2235153%3Buf%3D-2213814%3Buf%3D-2216852%3Buf%3D-2213367%3Buf%3D-2234806%3Buf%3D-2221617","","Star Guest","Value for money 9.6","Providing a garden, Star Guest offers accommodations in Balangoda. There's a private entrance at the guest house for the convenience of those who stay.","· 60 reviews","Opens in new window","Balangoda","Scored 9.2","Show prices","9.2","Wonderful","Show on map","","https://cf.bstatic.com/xdata/images/hotel/square600/340334380.webp?k=33e1b6b69e50a15e6a0137eccc6aeea28e35b342cc5700952aa6f46af736c698&o="
"1777054999-113","https://www.booking.com/searchresults.html?label=bristol-XLwodozx2dVe8Ts0XeYuawS752260715469%3Apl%3Ata%3Ap1%3Ap2%3Aac%3Aap%3Aneg%3Afi%3Atikwd-869815001187%3Alp1009919%3Ali%3Adec%3Adm%3Appccp%3DUmFuZG9tSVYkc2RlIyh9YXdX6HrtnYy-Ml68sH-ljtU&aid=311984&dest_id=198&dest_type=country&group_adults=2&req_adults=2&no_rooms=1&broad_search_not_eligible=1&order=score&nflt=ht_id%3D204%3Bht_id%3D213%3Bht_id%3D201%3Bht_id%3D216%3Bht_id%3D222%3Bht_id%3D221%3Bht_id%3D206%3Btop_destinations%3D6023%3Buf%3D-2237982%3Buf%3D-2235153%3Buf%3D-2213814%3Buf%3D-2216852%3Buf%3D-2213367%3Buf%3D-2234806%3Buf%3D-2221617","","Coconut Tree House","Value for money 9.8","Providing garden views, Coconut Tree House in Udawalawe features accommodations, an outdoor swimming pool, a garden, a terrace, and a bar.","· 55 reviews","Opens in new window","Udawalawe","Scored 9.2","Show prices","9.2","Wonderful","Show on map","","https://cf.bstatic.com/xdata/images/hotel/square600/772528508.webp?k=bb5d43bf2157d2216e6fd5c3cafa8121d44ded36c9539729fb4e3ad63cb907f7&o="
"1777054999-114","https://www.booking.com/searchresults.html?label=bristol-XLwodozx2dVe8Ts0XeYuawS752260715469%3Apl%3Ata%3Ap1%3Ap2%3Aac%3Aap%3Aneg%3Afi%3Atikwd-869815001187%3Alp1009919%3Ali%3Adec%3Adm%3Appccp%3DUmFuZG9tSVYkc2RlIyh9YXdX6HrtnYy-Ml68sH-ljtU&aid=311984&dest_id=198&dest_type=country&group_adults=2&req_adults=2&no_rooms=1&broad_search_not_eligible=1&order=score&nflt=ht_id%3D204%3Bht_id%3D213%3Bht_id%3D201%3Bht_id%3D216%3Bht_id%3D222%3Bht_id%3D221%3Bht_id%3D206%3Btop_destinations%3D6023%3Buf%3D-2237982%3Buf%3D-2235153%3Buf%3D-2213814%3Buf%3D-2216852%3Buf%3D-2213367%3Buf%3D-2234806%3Buf%3D-2221617","","Dinesh Safari Homestay","Value for money 10","Featuring garden views, Dinesh Safari Homestay in Udawalawe offers accommodations, a garden, a terrace, and a shared lounge.","· 5 reviews","Opens in new window","Udawalawe","Scored 9.2","Show prices","9.2","Wonderful","Show on map","","https://cf.bstatic.com/xdata/images/hotel/square600/520965856.webp?k=de18da49f71b83ea2ac5591afa36fed772282cb3a8a3e18fe2fbaa978ae175fd&o="
"1777054999-115","https://www.booking.com/searchresults.html?label=bristol-XLwodozx2dVe8Ts0XeYuawS752260715469%3Apl%3Ata%3Ap1%3Ap2%3Aac%3Aap%3Aneg%3Afi%3Atikwd-869815001187%3Alp1009919%3Ali%3Adec%3Adm%3Appccp%3DUmFuZG9tSVYkc2RlIyh9YXdX6HrtnYy-Ml68sH-ljtU&aid=311984&dest_id=198&dest_type=country&group_adults=2&req_adults=2&no_rooms=1&broad_search_not_eligible=1&order=score&nflt=ht_id%3D204%3Bht_id%3D213%3Bht_id%3D201%3Bht_id%3D216%3Bht_id%3D222%3Bht_id%3D221%3Bht_id%3D206%3Btop_destinations%3D6023%3Buf%3D-2237982%3Buf%3D-2235153%3Buf%3D-2213814%3Buf%3D-2216852%3Buf%3D-2213367%3Buf%3D-2234806%3Buf%3D-2221617","","Nil Bawana Nature Resort","Value for money 9.5","Located in Udawalawe, 6.9 miles from Udawalawe National Park, Nil Bawana Nature Resort provides accommodations with a garden, free private parking, a terrace and a restaurant.","· 32 reviews","Opens in new window","Udawalawe","Scored 9.2","Show prices","9.2","Wonderful","Show on map","","https://cf.bstatic.com/xdata/images/hotel/square600/289727093.webp?k=0bae194fbcee06431f4f847cbdf615d4df1b6d01b9addf4e040528656a8e570b&o="
"1777054999-116","https://www.booking.com/searchresults.html?label=bristol-XLwodozx2dVe8Ts0XeYuawS752260715469%3Apl%3Ata%3Ap1%3Ap2%3Aac%3Aap%3Aneg%3Afi%3Atikwd-869815001187%3Alp1009919%3Ali%3Adec%3Adm%3Appccp%3DUmFuZG9tSVYkc2RlIyh9YXdX6HrtnYy-Ml68sH-ljtU&aid=311984&dest_id=198&dest_type=country&group_adults=2&req_adults=2&no_rooms=1&broad_search_not_eligible=1&order=score&nflt=ht_id%3D204%3Bht_id%3D213%3Bht_id%3D201%3Bht_id%3D216%3Bht_id%3D222%3Bht_id%3D221%3Bht_id%3D206%3Btop_destinations%3D6023%3Buf%3D-2237982%3Buf%3D-2235153%3Buf%3D-2213814%3Buf%3D-2216852%3Buf%3D-2213367%3Buf%3D-2234806%3Buf%3D-2221617","","Pelican Lake safari resort","Value for money 9.4","Located in Udawalawe, 9.3 miles from Udawalawe National Park, Pelican Lake safari resort provides accommodations with a garden, free private parking, a terrace and a restaurant.","· 51 reviews","Opens in new window","Udawalawe","Scored 9.1","Show prices","9.1","Wonderful","Show on map","","https://cf.bstatic.com/xdata/images/hotel/square600/204038695.webp?k=767dc5ff8e42f2a8f53033da33cde4fdadbb60c939ab47e16fed68b0fd6ea84d&o="
"1777054999-117","https://www.booking.com/searchresults.html?label=bristol-XLwodozx2dVe8Ts0XeYuawS752260715469%3Apl%3Ata%3Ap1%3Ap2%3Aac%3Aap%3Aneg%3Afi%3Atikwd-869815001187%3Alp1009919%3Ali%3Adec%3Adm%3Appccp%3DUmFuZG9tSVYkc2RlIyh9YXdX6HrtnYy-Ml68sH-ljtU&aid=311984&dest_id=198&dest_type=country&group_adults=2&req_adults=2&no_rooms=1&broad_search_not_eligible=1&order=score&nflt=ht_id%3D204%3Bht_id%3D213%3Bht_id%3D201%3Bht_id%3D216%3Bht_id%3D222%3Bht_id%3D221%3Bht_id%3D206%3Btop_destinations%3D6023%3Buf%3D-2237982%3Buf%3D-2235153%3Buf%3D-2213814%3Buf%3D-2216852%3Buf%3D-2213367%3Buf%3D-2234806%3Buf%3D-2221617","","Hasthi Safari Cottage","Value for money 9.6","Hasthi Safari Cottage is a recently renovated guest house in Udawalawe where guests can make the most of its spa and wellness center and open-air bath.","· 389 reviews","Opens in new window","Udawalawe","Scored 9.1","Show prices","9.1","Wonderful","Show on map","","https://cf.bstatic.com/xdata/images/hotel/square600/340244103.webp?k=e9222429d62203d15efb61e738d12a1fe082c5e821eca3a9c3000776af862fd3&o="
"1777054999-118","https://www.booking.com/searchresults.html?label=bristol-XLwodozx2dVe8Ts0XeYuawS752260715469%3Apl%3Ata%3Ap1%3Ap2%3Aac%3Aap%3Aneg%3Afi%3Atikwd-869815001187%3Alp1009919%3Ali%3Adec%3Adm%3Appccp%3DUmFuZG9tSVYkc2RlIyh9YXdX6HrtnYy-Ml68sH-ljtU&aid=311984&dest_id=198&dest_type=country&group_adults=2&req_adults=2&no_rooms=1&broad_search_not_eligible=1&order=score&nflt=ht_id%3D204%3Bht_id%3D213%3Bht_id%3D201%3Bht_id%3D216%3Bht_id%3D222%3Bht_id%3D221%3Bht_id%3D206%3Btop_destinations%3D6023%3Buf%3D-2237982%3Buf%3D-2235153%3Buf%3D-2213814%3Buf%3D-2216852%3Buf%3D-2213367%3Buf%3D-2234806%3Buf%3D-2221617","","Gileemale Walawwa & Estate","Value for money 8.8","Gileemale Walawwa & Estate has free bikes, garden, a shared lounge and terrace in Ratnapura. Guests can enjoy American and Local dishes at the restaurant or have a drink at the snack bar.","· 8 reviews","Opens in new window","Ratnapura","Scored 9.1","Show prices","9.1","Wonderful","Show on map","","https://cf.bstatic.com/xdata/images/hotel/square600/331943830.webp?k=ac8e98d19ee8be71598b649bb3345c7f01efe61edd6849b5d6d11f4f4a596c1a&o="
"1777054999-119","https://www.booking.com/searchresults.html?label=bristol-XLwodozx2dVe8Ts0XeYuawS752260715469%3Apl%3Ata%3Ap1%3Ap2%3Aac%3Aap%3Aneg%3Afi%3Atikwd-869815001187%3Alp1009919%3Ali%3Adec%3Adm%3Appccp%3DUmFuZG9tSVYkc2RlIyh9YXdX6HrtnYy-Ml68sH-ljtU&aid=311984&dest_id=198&dest_type=country&group_adults=2&req_adults=2&no_rooms=1&broad_search_not_eligible=1&order=score&nflt=ht_id%3D204%3Bht_id%3D213%3Bht_id%3D201%3Bht_id%3D216%3Bht_id%3D222%3Bht_id%3D221%3Bht_id%3D206%3Btop_destinations%3D6023%3Buf%3D-2237982%3Buf%3D-2235153%3Buf%3D-2213814%3Buf%3D-2216852%3Buf%3D-2213367%3Buf%3D-2234806%3Buf%3D-2221617","","Hantara Udawalawa","Value for money 9.5","Located in Udawalawe, 6.5 miles from Udawalawe National Park, Hantara Udawalawa has accommodations with an outdoor swimming pool, free private parking, a garden and a terrace.","· 279 reviews","Opens in new window","Udawalawe","Scored 9.1","Show prices","9.1","Wonderful","Show on map","","https://cf.bstatic.com/xdata/images/hotel/square600/236813479.webp?k=c513d0e6f10b82fdb8f9c2a16765edb6dcb7ef2d75d8d6bf1b24ac3b6c8de04e&o="
"1777054999-120","https://www.booking.com/searchresults.html?label=bristol-XLwodozx2dVe8Ts0XeYuawS752260715469%3Apl%3Ata%3Ap1%3Ap2%3Aac%3Aap%3Aneg%3Afi%3Atikwd-869815001187%3Alp1009919%3Ali%3Adec%3Adm%3Appccp%3DUmFuZG9tSVYkc2RlIyh9YXdX6HrtnYy-Ml68sH-ljtU&aid=311984&dest_id=198&dest_type=country&group_adults=2&req_adults=2&no_rooms=1&broad_search_not_eligible=1&order=score&nflt=ht_id%3D204%3Bht_id%3D213%3Bht_id%3D201%3Bht_id%3D216%3Bht_id%3D222%3Bht_id%3D221%3Bht_id%3D206%3Btop_destinations%3D6023%3Buf%3D-2237982%3Buf%3D-2235153%3Buf%3D-2213814%3Buf%3D-2216852%3Buf%3D-2213367%3Buf%3D-2234806%3Buf%3D-2221617","","White House Udawalawe","Value for money 9.2","White House Udawalawe in Udawalawe provides accommodations with a bar and a shared lounge. With a garden, the 2-star homestay has air-conditioned rooms with free Wifi, each with a private bathroom.","· 136 reviews","Opens in new window","Udawalawe","Scored 9.1","Show prices","9.1","Wonderful","Show on map","","https://cf.bstatic.com/xdata/images/hotel/square600/799970299.webp?k=8361db3c66001e05a027b7fb36265504df8f451badb1958bc7c9216c06bc6c5e&o="
"1777054999-121","https://www.booking.com/searchresults.html?label=bristol-XLwodozx2dVe8Ts0XeYuawS752260715469%3Apl%3Ata%3Ap1%3Ap2%3Aac%3Aap%3Aneg%3Afi%3Atikwd-869815001187%3Alp1009919%3Ali%3Adec%3Adm%3Appccp%3DUmFuZG9tSVYkc2RlIyh9YXdX6HrtnYy-Ml68sH-ljtU&aid=311984&dest_id=198&dest_type=country&group_adults=2&req_adults=2&no_rooms=1&broad_search_not_eligible=1&order=score&nflt=ht_id%3D204%3Bht_id%3D213%3Bht_id%3D201%3Bht_id%3D216%3Bht_id%3D222%3Bht_id%3D221%3Bht_id%3D206%3Btop_destinations%3D6023%3Buf%3D-2237982%3Buf%3D-2235153%3Buf%3D-2213814%3Buf%3D-2216852%3Buf%3D-2213367%3Buf%3D-2234806%3Buf%3D-2221617","","Landa Holiday House","Value for money 9.1","Landa Holiday House in Belihuloya features 1-star accommodations with a garden, a terrace and a restaurant. Free WiFi and room service are provided. At the hotel, all rooms include a closet.","· 16 reviews","Opens in new window","Belihuloya","Scored 9.1","Show prices","9.1","Wonderful","Show on map","","https://cf.bstatic.com/xdata/images/hotel/square600/11976574.webp?k=9158531296a614a5d8ebd6c1a924fd16df4018083ddeccbfba1b13af9685f2d0&o="
"1777054999-122","https://www.booking.com/searchresults.html?label=bristol-XLwodozx2dVe8Ts0XeYuawS752260715469%3Apl%3Ata%3Ap1%3Ap2%3Aac%3Aap%3Aneg%3Afi%3Atikwd-869815001187%3Alp1009919%3Ali%3Adec%3Adm%3Appccp%3DUmFuZG9tSVYkc2RlIyh9YXdX6HrtnYy-Ml68sH-ljtU&aid=311984&dest_id=198&dest_type=country&group_adults=2&req_adults=2&no_rooms=1&broad_search_not_eligible=1&order=score&nflt=ht_id%3D204%3Bht_id%3D213%3Bht_id%3D201%3Bht_id%3D216%3Bht_id%3D222%3Bht_id%3D221%3Bht_id%3D206%3Btop_destinations%3D6023%3Buf%3D-2237982%3Buf%3D-2235153%3Buf%3D-2213814%3Buf%3D-2216852%3Buf%3D-2213367%3Buf%3D-2234806%3Buf%3D-2221617","","Ibis","Value for money 9.3","Providing garden views, Ibis in Udawalawe offers accommodations, a garden, a bar, and a shared lounge.","· 112 reviews","Opens in new window","Udawalawe","Scored 9.1","Show prices","9.1","Wonderful","Show on map","","https://cf.bstatic.com/xdata/images/hotel/square600/808557002.webp?k=23f52a474344676ac16317951efb22bda5fd862e1965c1be4febbab60c62260b&o="
"1777054999-123","https://www.booking.com/searchresults.html?label=bristol-XLwodozx2dVe8Ts0XeYuawS752260715469%3Apl%3Ata%3Ap1%3Ap2%3Aac%3Aap%3Aneg%3Afi%3Atikwd-869815001187%3Alp1009919%3Ali%3Adec%3Adm%3Appccp%3DUmFuZG9tSVYkc2RlIyh9YXdX6HrtnYy-Ml68sH-ljtU&aid=311984&dest_id=198&dest_type=country&group_adults=2&req_adults=2&no_rooms=1&broad_search_not_eligible=1&order=score&nflt=ht_id%3D204%3Bht_id%3D213%3Bht_id%3D201%3Bht_id%3D216%3Bht_id%3D222%3Bht_id%3D221%3Bht_id%3D206%3Btop_destinations%3D6023%3Buf%3D-2237982%3Buf%3D-2235153%3Buf%3D-2213814%3Buf%3D-2216852%3Buf%3D-2213367%3Buf%3D-2234806%3Buf%3D-2221617","","Sunrise Udawalawe Resort","Value for money 9.5","Located in Udawalawe, 6.4 miles from Udawalawe National Park, Sunrise Udawalawe Resort has accommodations with an outdoor swimming pool, free private parking, a garden and a restaurant.","· 33 reviews","Opens in new window","Udawalawe","Scored 9.1","Show prices","9.1","Wonderful","Show on map","","https://cf.bstatic.com/xdata/images/hotel/square600/778315103.webp?k=b60b40f1dffb3d2da18df2c4e9bff0a328b01c9ddf505b6a92b8bd1d6109b87b&o="
"1777054999-124","https://www.booking.com/searchresults.html?label=bristol-XLwodozx2dVe8Ts0XeYuawS752260715469%3Apl%3Ata%3Ap1%3Ap2%3Aac%3Aap%3Aneg%3Afi%3Atikwd-869815001187%3Alp1009919%3Ali%3Adec%3Adm%3Appccp%3DUmFuZG9tSVYkc2RlIyh9YXdX6HrtnYy-Ml68sH-ljtU&aid=311984&dest_id=198&dest_type=country&group_adults=2&req_adults=2&no_rooms=1&broad_search_not_eligible=1&order=score&nflt=ht_id%3D204%3Bht_id%3D213%3Bht_id%3D201%3Bht_id%3D216%3Bht_id%3D222%3Bht_id%3D221%3Bht_id%3D206%3Btop_destinations%3D6023%3Buf%3D-2237982%3Buf%3D-2235153%3Buf%3D-2213814%3Buf%3D-2216852%3Buf%3D-2213367%3Buf%3D-2234806%3Buf%3D-2221617","","Tara Waterfall","Value for money 8.8","Tara Waterfall in Rakwana features 3-star accommodations with a garden, a terrace and a restaurant. The hotel also provides free WiFi and free private parking.","· 33 reviews","Opens in new window","Rakwana","Scored 9.1","Show prices","9.1","Wonderful","Show on map","","https://cf.bstatic.com/xdata/images/hotel/square600/540145065.webp?k=3c05219d3616c53aa7c3cf94ccf48e4023ab929c4fdbd09dce800919049c98e6&o="
"1777054999-125","https://www.booking.com/searchresults.html?label=bristol-XLwodozx2dVe8Ts0XeYuawS752260715469%3Apl%3Ata%3Ap1%3Ap2%3Aac%3Aap%3Aneg%3Afi%3Atikwd-869815001187%3Alp1009919%3Ali%3Adec%3Adm%3Appccp%3DUmFuZG9tSVYkc2RlIyh9YXdX6HrtnYy-Ml68sH-ljtU&aid=311984&dest_id=198&dest_type=country&group_adults=2&req_adults=2&no_rooms=1&broad_search_not_eligible=1&order=score&nflt=ht_id%3D204%3Bht_id%3D213%3Bht_id%3D201%3Bht_id%3D216%3Bht_id%3D222%3Bht_id%3D221%3Bht_id%3D206%3Btop_destinations%3D6023%3Buf%3D-2237982%3Buf%3D-2235153%3Buf%3D-2213814%3Buf%3D-2216852%3Buf%3D-2213367%3Buf%3D-2234806%3Buf%3D-2221617","","Nature World Jungle Paradise","Value for money 9.8","Nature World Jungle Paradise in Udawalawe provides accommodations with a garden, a terrace, and a bar. With garden views, this accommodation features a balcony and a swimming pool.","· 102 reviews","Opens in new window","Udawalawe","Scored 9.1","Show prices","9.1","Wonderful","Show on map","","https://cf.bstatic.com/xdata/images/hotel/square600/701488155.webp?k=80c96a503b682ad665629dd7b795ad615c674b74e9b235952432ef4e955abcf4&o="
"1777054999-126","https://www.booking.com/searchresults.html?label=bristol-XLwodozx2dVe8Ts0XeYuawS752260715469%3Apl%3Ata%3Ap1%3Ap2%3Aac%3Aap%3Aneg%3Afi%3Atikwd-869815001187%3Alp1009919%3Ali%3Adec%3Adm%3Appccp%3DUmFuZG9tSVYkc2RlIyh9YXdX6HrtnYy-Ml68sH-ljtU&aid=311984&dest_id=198&dest_type=country&group_adults=2&req_adults=2&no_rooms=1&broad_search_not_eligible=1&order=score&nflt=ht_id%3D204%3Bht_id%3D213%3Bht_id%3D201%3Bht_id%3D216%3Bht_id%3D222%3Bht_id%3D221%3Bht_id%3D206%3Btop_destinations%3D6023%3Buf%3D-2237982%3Buf%3D-2235153%3Buf%3D-2213814%3Buf%3D-2216852%3Buf%3D-2213367%3Buf%3D-2234806%3Buf%3D-2221617","","Sri pa Resort","Value for money 8.9","Providing garden views, Sri pa Resort in Ratnapura provides accommodations, a garden, a shared lounge and a restaurant. The accommodations feature a hot tub.","· 14 reviews","Opens in new window","Ratnapura","Scored 9.1","Show prices","9.1","Wonderful","Show on map","","https://cf.bstatic.com/xdata/images/hotel/square600/740619136.webp?k=9ef3338ffcf8641adeff9f22e1244aff94ad1c7dae28069f03ab0fc549692b13&o="
"1777054999-127","https://www.booking.com/searchresults.html?label=bristol-XLwodozx2dVe8Ts0XeYuawS752260715469%3Apl%3Ata%3Ap1%3Ap2%3Aac%3Aap%3Aneg%3Afi%3Atikwd-869815001187%3Alp1009919%3Ali%3Adec%3Adm%3Appccp%3DUmFuZG9tSVYkc2RlIyh9YXdX6HrtnYy-Ml68sH-ljtU&aid=311984&dest_id=198&dest_type=country&group_adults=2&req_adults=2&no_rooms=1&broad_search_not_eligible=1&order=score&nflt=ht_id%3D204%3Bht_id%3D213%3Bht_id%3D201%3Bht_id%3D216%3Bht_id%3D222%3Bht_id%3D221%3Bht_id%3D206%3Btop_destinations%3D6023%3Buf%3D-2237982%3Buf%3D-2235153%3Buf%3D-2213814%3Buf%3D-2216852%3Buf%3D-2213367%3Buf%3D-2234806%3Buf%3D-2221617","","The Pearl Safari Resort","Value for money 9.6","Located in Udawalawe, The Pearl Safari Resort has free bikes, garden, terrace, and free WiFi. There's free private parking and the property has free airport shuttle service.","· 7 reviews","Opens in new window","Udawalawe","Scored 9.1","Show prices","9.1","Wonderful","Show on map","","https://cf.bstatic.com/xdata/images/hotel/square600/733831955.webp?k=333e75ee6758840f2f3f0354c14337e3e29a332ef09117a55f1ebb684f45de2c&o="
"1777054999-128","https://www.booking.com/searchresults.html?label=bristol-XLwodozx2dVe8Ts0XeYuawS752260715469%3Apl%3Ata%3Ap1%3Ap2%3Aac%3Aap%3Aneg%3Afi%3Atikwd-869815001187%3Alp1009919%3Ali%3Adec%3Adm%3Appccp%3DUmFuZG9tSVYkc2RlIyh9YXdX6HrtnYy-Ml68sH-ljtU&aid=311984&dest_id=198&dest_type=country&group_adults=2&req_adults=2&no_rooms=1&broad_search_not_eligible=1&order=score&nflt=ht_id%3D204%3Bht_id%3D213%3Bht_id%3D201%3Bht_id%3D216%3Bht_id%3D222%3Bht_id%3D221%3Bht_id%3D206%3Btop_destinations%3D6023%3Buf%3D-2237982%3Buf%3D-2235153%3Buf%3D-2213814%3Buf%3D-2216852%3Buf%3D-2213367%3Buf%3D-2234806%3Buf%3D-2221617","","Hotel Herb Garden","Value for money 8.5","Located in Udawalawe, 9.3 miles from Udawalawe National Park, Hotel Herb Garden has accommodations with an outdoor swimming pool, free private parking, a garden and a terrace.","· 11 reviews","Opens in new window","Udawalawe","Scored 9.1","Show prices","9.1","Wonderful","Show on map","","https://cf.bstatic.com/xdata/images/hotel/square600/643123272.webp?k=6d52d0bc8a5f4122786990a095424a5c89bbf2957f31590b1a9b8a2fcec0e82d&o="
"1777054999-129","https://www.booking.com/searchresults.html?label=bristol-XLwodozx2dVe8Ts0XeYuawS752260715469%3Apl%3Ata%3Ap1%3Ap2%3Aac%3Aap%3Aneg%3Afi%3Atikwd-869815001187%3Alp1009919%3Ali%3Adec%3Adm%3Appccp%3DUmFuZG9tSVYkc2RlIyh9YXdX6HrtnYy-Ml68sH-ljtU&aid=311984&dest_id=198&dest_type=country&group_adults=2&req_adults=2&no_rooms=1&broad_search_not_eligible=1&order=score&nflt=ht_id%3D204%3Bht_id%3D213%3Bht_id%3D201%3Bht_id%3D216%3Bht_id%3D222%3Bht_id%3D221%3Bht_id%3D206%3Btop_destinations%3D6023%3Buf%3D-2237982%3Buf%3D-2235153%3Buf%3D-2213814%3Buf%3D-2216852%3Buf%3D-2213367%3Buf%3D-2234806%3Buf%3D-2221617","","Doola River Edge","Value for money 9.3","Located in Udawalawe, 6.9 miles from Udawalawe National Park, Doola River Edge has accommodations with an outdoor swimming pool, free private parking, a garden and a shared lounge.","· 446 reviews","Opens in new window","Udawalawe","Scored 9.0","Show prices","9.0","Wonderful","Show on map","","https://cf.bstatic.com/xdata/images/hotel/square600/463251816.webp?k=c938e6081b425720dfa38be608e66b0c5fb1ad67cbbc6c7462bb89cb559d6e0b&o="
"1777054999-130","https://www.booking.com/searchresults.html?label=bristol-XLwodozx2dVe8Ts0XeYuawS752260715469%3Apl%3Ata%3Ap1%3Ap2%3Aac%3Aap%3Aneg%3Afi%3Atikwd-869815001187%3Alp1009919%3Ali%3Adec%3Adm%3Appccp%3DUmFuZG9tSVYkc2RlIyh9YXdX6HrtnYy-Ml68sH-ljtU&aid=311984&dest_id=198&dest_type=country&group_adults=2&req_adults=2&no_rooms=1&broad_search_not_eligible=1&order=score&nflt=ht_id%3D204%3Bht_id%3D213%3Bht_id%3D201%3Bht_id%3D216%3Bht_id%3D222%3Bht_id%3D221%3Bht_id%3D206%3Btop_destinations%3D6023%3Buf%3D-2237982%3Buf%3D-2235153%3Buf%3D-2213814%3Buf%3D-2216852%3Buf%3D-2213367%3Buf%3D-2234806%3Buf%3D-2221617","","World's End Base Eco-Village","Value for money 9.2","World's End Base Eco-Village has an outdoor swimming pool, garden, a shared lounge and restaurant in Belihuloya.","· 58 reviews","Opens in new window","Belihuloya","Scored 9.0","Show prices","9.0","Wonderful","Show on map","","https://cf.bstatic.com/xdata/images/hotel/square600/763122283.webp?k=d70a152866a730ea9160e21c1695ea59735b388fcf74385bbe6a9915f215922f&o="
"1777054999-131","https://www.booking.com/searchresults.html?label=bristol-XLwodozx2dVe8Ts0XeYuawS752260715469%3Apl%3Ata%3Ap1%3Ap2%3Aac%3Aap%3Aneg%3Afi%3Atikwd-869815001187%3Alp1009919%3Ali%3Adec%3Adm%3Appccp%3DUmFuZG9tSVYkc2RlIyh9YXdX6HrtnYy-Ml68sH-ljtU&aid=311984&dest_id=198&dest_type=country&group_adults=2&req_adults=2&no_rooms=1&broad_search_not_eligible=1&order=score&nflt=ht_id%3D204%3Bht_id%3D213%3Bht_id%3D201%3Bht_id%3D216%3Bht_id%3D222%3Bht_id%3D221%3Bht_id%3D206%3Btop_destinations%3D6023%3Buf%3D-2237982%3Buf%3D-2235153%3Buf%3D-2213814%3Buf%3D-2216852%3Buf%3D-2213367%3Buf%3D-2234806%3Buf%3D-2221617","","Palabaddala Tea and Eco Lodge","Value for money 9.0","Located in Ratnapura, Palabaddala Tea and Eco Lodge offers 3-star accommodations with an outdoor swimming pool, a garden and a restaurant.","· 63 reviews","Opens in new window","Ratnapura","Scored 9.0","Show prices","9.0","Wonderful","Show on map","","https://cf.bstatic.com/xdata/images/hotel/square600/629851549.webp?k=de6678c56e033efc0a430a647822b237ce0c185571a1d33246597f1b01a47719&o="
"1777054999-132","https://www.booking.com/searchresults.html?label=bristol-XLwodozx2dVe8Ts0XeYuawS752260715469%3Apl%3Ata%3Ap1%3Ap2%3Aac%3Aap%3Aneg%3Afi%3Atikwd-869815001187%3Alp1009919%3Ali%3Adec%3Adm%3Appccp%3DUmFuZG9tSVYkc2RlIyh9YXdX6HrtnYy-Ml68sH-ljtU&aid=311984&dest_id=198&dest_type=country&group_adults=2&req_adults=2&no_rooms=1&broad_search_not_eligible=1&order=score&nflt=ht_id%3D204%3Bht_id%3D213%3Bht_id%3D201%3Bht_id%3D216%3Bht_id%3D222%3Bht_id%3D221%3Bht_id%3D206%3Btop_destinations%3D6023%3Buf%3D-2237982%3Buf%3D-2235153%3Buf%3D-2213814%3Buf%3D-2216852%3Buf%3D-2213367%3Buf%3D-2234806%3Buf%3D-2221617","","Seeing Green Udawalawa","Value for money 9.2","Located in Udawalawe, 7.6 miles from Udawalawe National Park, Seeing Green Udawalawa has accommodations with an outdoor swimming pool, free private parking, a garden and a restaurant.","· 22 reviews","Opens in new window","Udawalawe","Scored 9.0","Show prices","9.0","Wonderful","Show on map","","https://cf.bstatic.com/xdata/images/hotel/square600/797689638.webp?k=f42b6fcd0d9e93bc0d995d9f6ce3f4ea91ff10dcbbd6ee09e8a3d147028361b2&o="
"1777054999-133","https://www.booking.com/searchresults.html?label=bristol-XLwodozx2dVe8Ts0XeYuawS752260715469%3Apl%3Ata%3Ap1%3Ap2%3Aac%3Aap%3Aneg%3Afi%3Atikwd-869815001187%3Alp1009919%3Ali%3Adec%3Adm%3Appccp%3DUmFuZG9tSVYkc2RlIyh9YXdX6HrtnYy-Ml68sH-ljtU&aid=311984&dest_id=198&dest_type=country&group_adults=2&req_adults=2&no_rooms=1&broad_search_not_eligible=1&order=score&nflt=ht_id%3D204%3Bht_id%3D213%3Bht_id%3D201%3Bht_id%3D216%3Bht_id%3D222%3Bht_id%3D221%3Bht_id%3D206%3Btop_destinations%3D6023%3Buf%3D-2237982%3Buf%3D-2235153%3Buf%3D-2213814%3Buf%3D-2216852%3Buf%3D-2213367%3Buf%3D-2234806%3Buf%3D-2221617","","The Jungle Pearl Hotel","Value for money 9.0","Located in Udawalawe, 7.1 miles from Udawalawe National Park, The Jungle Pearl Hotel has accommodations with an outdoor swimming pool, free private parking, a garden and a terrace.","· 37 reviews","Opens in new window","Udawalawe","Scored 9.0","Show prices","9.0","Wonderful","Show on map","","https://cf.bstatic.com/xdata/images/hotel/square600/822569915.webp?k=8b6e319149a24a45f082ee5a7b19214df35d8af3c84d966ddadda72fba4d6066&o="
"1777054999-134","https://www.booking.com/searchresults.html?label=bristol-XLwodozx2dVe8Ts0XeYuawS752260715469%3Apl%3Ata%3Ap1%3Ap2%3Aac%3Aap%3Aneg%3Afi%3Atikwd-869815001187%3Alp1009919%3Ali%3Adec%3Adm%3Appccp%3DUmFuZG9tSVYkc2RlIyh9YXdX6HrtnYy-Ml68sH-ljtU&aid=311984&dest_id=198&dest_type=country&group_adults=2&req_adults=2&no_rooms=1&broad_search_not_eligible=1&order=score&nflt=ht_id%3D204%3Bht_id%3D213%3Bht_id%3D201%3Bht_id%3D216%3Bht_id%3D222%3Bht_id%3D221%3Bht_id%3D206%3Btop_destinations%3D6023%3Buf%3D-2237982%3Buf%3D-2235153%3Buf%3D-2213814%3Buf%3D-2216852%3Buf%3D-2213367%3Buf%3D-2234806%3Buf%3D-2221617","","Maka Safari Village Resort","Value for money 8.8","Featuring a garden, Maka Safari Village Resort offers accommodations in Udawalawe. This guest house features air-conditioned accommodations with a terrace and free Wifi.","· 6 reviews","Opens in new window","Udawalawe","Scored 9.0","Show prices","9.0","Wonderful","Show on map","","https://cf.bstatic.com/xdata/images/hotel/square600/641032004.webp?k=93e33d951fdc523242408e938f95f9ea2ef112e6ab65e79fc89caf70226ddecf&o="
"1777054999-135","https://www.booking.com/searchresults.html?label=bristol-XLwodozx2dVe8Ts0XeYuawS752260715469%3Apl%3Ata%3Ap1%3Ap2%3Aac%3Aap%3Aneg%3Afi%3Atikwd-869815001187%3Alp1009919%3Ali%3Adec%3Adm%3Appccp%3DUmFuZG9tSVYkc2RlIyh9YXdX6HrtnYy-Ml68sH-ljtU&aid=311984&dest_id=198&dest_type=country&group_adults=2&req_adults=2&no_rooms=1&broad_search_not_eligible=1&order=score&nflt=ht_id%3D204%3Bht_id%3D213%3Bht_id%3D201%3Bht_id%3D216%3Bht_id%3D222%3Bht_id%3D221%3Bht_id%3D206%3Btop_destinations%3D6023%3Buf%3D-2237982%3Buf%3D-2235153%3Buf%3D-2213814%3Buf%3D-2216852%3Buf%3D-2213367%3Buf%3D-2234806%3Buf%3D-2221617","","Belihuloya Bloom Fort Villa","Value for money 8.7","Belihuloya Bloom Fort Villa is located in Belihuloya, just 25 miles from Horton Plains National Park and 17 miles from Haputale Railway Station.","· 18 reviews","Opens in new window","Belihuloya","Scored 9.0","Show prices","9.0","Wonderful","Show on map","","https://cf.bstatic.com/xdata/images/hotel/square600/749190225.webp?k=edb389a46f4ec26568104b1b9edde18d997a41fe10ae701cb13c9cc538b429de&o="
"1777054999-136","https://www.booking.com/searchresults.html?label=bristol-XLwodozx2dVe8Ts0XeYuawS752260715469%3Apl%3Ata%3Ap1%3Ap2%3Aac%3Aap%3Aneg%3Afi%3Atikwd-869815001187%3Alp1009919%3Ali%3Adec%3Adm%3Appccp%3DUmFuZG9tSVYkc2RlIyh9YXdX6HrtnYy-Ml68sH-ljtU&aid=311984&dest_id=198&dest_type=country&group_adults=2&req_adults=2&no_rooms=1&broad_search_not_eligible=1&order=score&nflt=ht_id%3D204%3Bht_id%3D213%3Bht_id%3D201%3Bht_id%3D216%3Bht_id%3D222%3Bht_id%3D221%3Bht_id%3D206%3Btop_destinations%3D6023%3Buf%3D-2237982%3Buf%3D-2235153%3Buf%3D-2213814%3Buf%3D-2216852%3Buf%3D-2213367%3Buf%3D-2234806%3Buf%3D-2221617","","Citrine Belihuloya","Value for money 9.1","Citrine Belihuloya in Belihuloya has 3-star accommodations with a garden. Featuring room service, this property also welcomes guests with a restaurant, a water park and a terrace.","· 34 reviews","Opens in new window","Belihuloya","Scored 9.0","Show prices","9.0","Wonderful","Show on map","","https://cf.bstatic.com/xdata/images/hotel/square600/565380229.webp?k=0cc3fe92f51a2bf444625d12c5f52efa6c20d2c09bcb51bcd58336edd311cc45&o="
"1777054999-137","https://www.booking.com/searchresults.html?label=bristol-XLwodozx2dVe8Ts0XeYuawS752260715469%3Apl%3Ata%3Ap1%3Ap2%3Aac%3Aap%3Aneg%3Afi%3Atikwd-869815001187%3Alp1009919%3Ali%3Adec%3Adm%3Appccp%3DUmFuZG9tSVYkc2RlIyh9YXdX6HrtnYy-Ml68sH-ljtU&aid=311984&dest_id=198&dest_type=country&group_adults=2&req_adults=2&no_rooms=1&broad_search_not_eligible=1&order=score&nflt=ht_id%3D204%3Bht_id%3D213%3Bht_id%3D201%3Bht_id%3D216%3Bht_id%3D222%3Bht_id%3D221%3Bht_id%3D206%3Btop_destinations%3D6023%3Buf%3D-2237982%3Buf%3D-2235153%3Buf%3D-2213814%3Buf%3D-2216852%3Buf%3D-2213367%3Buf%3D-2234806%3Buf%3D-2221617","","Walawe Park View Hotel","Value for money 9.5","Located in Udawalawe, 9 miles from Udawalawe National Park, Walawe Park View Hotel has accommodations with a garden, free private parking, a shared lounge and a restaurant.","· 49 reviews","Opens in new window","Udawalawe","Scored 9.0","Show prices","9.0","Wonderful","Show on map","","https://cf.bstatic.com/xdata/images/hotel/square600/45600313.webp?k=b56ecf571d0144d5b9e51b37c7c8d189b446132d9f22636122e372478f6c8391&o="
"1777054999-138","https://www.booking.com/searchresults.html?label=bristol-XLwodozx2dVe8Ts0XeYuawS752260715469%3Apl%3Ata%3Ap1%3Ap2%3Aac%3Aap%3Aneg%3Afi%3Atikwd-869815001187%3Alp1009919%3Ali%3Adec%3Adm%3Appccp%3DUmFuZG9tSVYkc2RlIyh9YXdX6HrtnYy-Ml68sH-ljtU&aid=311984&dest_id=198&dest_type=country&group_adults=2&req_adults=2&no_rooms=1&broad_search_not_eligible=1&order=score&nflt=ht_id%3D204%3Bht_id%3D213%3Bht_id%3D201%3Bht_id%3D216%3Bht_id%3D222%3Bht_id%3D221%3Bht_id%3D206%3Btop_destinations%3D6023%3Buf%3D-2237982%3Buf%3D-2235153%3Buf%3D-2213814%3Buf%3D-2216852%3Buf%3D-2213367%3Buf%3D-2234806%3Buf%3D-2221617","","Kavi Guest Belihuloya","Value for money 9.0","Providing a garden, Kavi Guest Belihuloya offers accommodations in Belihuloya. This guest house provides free private parking, full-day security, and free Wifi.","· 5 reviews","Opens in new window","Belihuloya","Scored 9.0","Show prices","9.0","Wonderful","Show on map","","https://cf.bstatic.com/xdata/images/hotel/square600/740044428.webp?k=fb4511637ba9e6115e1f7518c16a4c9d600a3677fed651da73f3a8872b3594f8&o="
"1777054999-139","https://www.booking.com/searchresults.html?label=bristol-XLwodozx2dVe8Ts0XeYuawS752260715469%3Apl%3Ata%3Ap1%3Ap2%3Aac%3Aap%3Aneg%3Afi%3Atikwd-869815001187%3Alp1009919%3Ali%3Adec%3Adm%3Appccp%3DUmFuZG9tSVYkc2RlIyh9YXdX6HrtnYy-Ml68sH-ljtU&aid=311984&dest_id=198&dest_type=country&group_adults=2&req_adults=2&no_rooms=1&broad_search_not_eligible=1&order=score&nflt=ht_id%3D204%3Bht_id%3D213%3Bht_id%3D201%3Bht_id%3D216%3Bht_id%3D222%3Bht_id%3D221%3Bht_id%3D206%3Btop_destinations%3D6023%3Buf%3D-2237982%3Buf%3D-2235153%3Buf%3D-2213814%3Buf%3D-2216852%3Buf%3D-2213367%3Buf%3D-2234806%3Buf%3D-2221617","","Dhalaya Resort Udawalawe","Value for money 9.0","Located in Udawalawe, 8.7 miles from Udawalawe National Park, Dhalaya Resort Udawalawe has accommodations with an outdoor swimming pool, free private parking, a garden and a restaurant.","· 161 reviews","Opens in new window","Udawalawe","Scored 9.0","Show prices","9.0","Wonderful","Show on map","","https://cf.bstatic.com/xdata/images/hotel/square600/646640781.webp?k=8b45e8a13336c6234118d6e528f55c1eefce43ef7e90452bd8477d16c12f5a4a&o="
"1777054999-140","https://www.booking.com/searchresults.html?label=bristol-XLwodozx2dVe8Ts0XeYuawS752260715469%3Apl%3Ata%3Ap1%3Ap2%3Aac%3Aap%3Aneg%3Afi%3Atikwd-869815001187%3Alp1009919%3Ali%3Adec%3Adm%3Appccp%3DUmFuZG9tSVYkc2RlIyh9YXdX6HrtnYy-Ml68sH-ljtU&aid=311984&dest_id=198&dest_type=country&group_adults=2&req_adults=2&no_rooms=1&broad_search_not_eligible=1&order=score&nflt=ht_id%3D204%3Bht_id%3D213%3Bht_id%3D201%3Bht_id%3D216%3Bht_id%3D222%3Bht_id%3D221%3Bht_id%3D206%3Btop_destinations%3D6023%3Buf%3D-2237982%3Buf%3D-2235153%3Buf%3D-2213814%3Buf%3D-2216852%3Buf%3D-2213367%3Buf%3D-2234806%3Buf%3D-2221617","","Maika Safari Lodge","Value for money 9.7","With Udawalawe National Park reachable in 10 miles, Maika Safari Lodge provides accommodations, a restaurant, an outdoor swimming pool, a garden and a terrace.","· 410 reviews","Opens in new window","Udawalawe","Scored 9.0","Show prices","9.0","Wonderful","Show on map","","https://cf.bstatic.com/xdata/images/hotel/square600/635765260.webp?k=87c440dffb77ba651333d8e9a4727f51e5a891a1f21011a666dc3e0e01833f48&o="
"1777054999-141","https://www.booking.com/searchresults.html?label=bristol-XLwodozx2dVe8Ts0XeYuawS752260715469%3Apl%3Ata%3Ap1%3Ap2%3Aac%3Aap%3Aneg%3Afi%3Atikwd-869815001187%3Alp1009919%3Ali%3Adec%3Adm%3Appccp%3DUmFuZG9tSVYkc2RlIyh9YXdX6HrtnYy-Ml68sH-ljtU&aid=311984&dest_id=198&dest_type=country&group_adults=2&req_adults=2&no_rooms=1&broad_search_not_eligible=1&order=score&nflt=ht_id%3D204%3Bht_id%3D213%3Bht_id%3D201%3Bht_id%3D216%3Bht_id%3D222%3Bht_id%3D221%3Bht_id%3D206%3Btop_destinations%3D6023%3Buf%3D-2237982%3Buf%3D-2235153%3Buf%3D-2213814%3Buf%3D-2216852%3Buf%3D-2213367%3Buf%3D-2234806%3Buf%3D-2221617","","The Mammoth udawalawe","Value for money 9.4","Located in Udawalawe, The Mammoth udawalawe features an outdoor swimming pool, garden, restaurant, and free WiFi throughout the property.","· 44 reviews","Opens in new window","Udawalawe","Scored 9.0","Show prices","9.0","Wonderful","Show on map","","https://cf.bstatic.com/xdata/images/hotel/square600/773923649.webp?k=5eacd286003239291b8d1a7f1dbe79e484abdcd8134d543a72b0ab610a4a2c22&o="
"1777054999-142","https://www.booking.com/searchresults.html?label=bristol-XLwodozx2dVe8Ts0XeYuawS752260715469%3Apl%3Ata%3Ap1%3Ap2%3Aac%3Aap%3Aneg%3Afi%3Atikwd-869815001187%3Alp1009919%3Ali%3Adec%3Adm%3Appccp%3DUmFuZG9tSVYkc2RlIyh9YXdX6HrtnYy-Ml68sH-ljtU&aid=311984&dest_id=198&dest_type=country&group_adults=2&req_adults=2&no_rooms=1&broad_search_not_eligible=1&order=score&nflt=ht_id%3D204%3Bht_id%3D213%3Bht_id%3D201%3Bht_id%3D216%3Bht_id%3D222%3Bht_id%3D221%3Bht_id%3D206%3Btop_destinations%3D6023%3Buf%3D-2237982%3Buf%3D-2235153%3Buf%3D-2213814%3Buf%3D-2216852%3Buf%3D-2213367%3Buf%3D-2234806%3Buf%3D-2221617","","Roam Wings Safari Hotel","Value for money 9.5","Providing garden views, Roam Wings Safari Hotel in Udawalawe provides accommodations and massage services. This property offers access to a terrace and free private parking.","· 78 reviews","Opens in new window","Udawalawe","Scored 9.0","Show prices","9.0","Wonderful","Show on map","","https://cf.bstatic.com/xdata/images/hotel/square600/539061551.webp?k=787e83d2654cf25063b18b29dc50a24c34d7ce14f43867b73c7a9870147cbb75&o="
"1777054999-143","https://www.booking.com/searchresults.html?label=bristol-XLwodozx2dVe8Ts0XeYuawS752260715469%3Apl%3Ata%3Ap1%3Ap2%3Aac%3Aap%3Aneg%3Afi%3Atikwd-869815001187%3Alp1009919%3Ali%3Adec%3Adm%3Appccp%3DUmFuZG9tSVYkc2RlIyh9YXdX6HrtnYy-Ml68sH-ljtU&aid=311984&dest_id=198&dest_type=country&group_adults=2&req_adults=2&no_rooms=1&broad_search_not_eligible=1&order=score&nflt=ht_id%3D204%3Bht_id%3D213%3Bht_id%3D201%3Bht_id%3D216%3Bht_id%3D222%3Bht_id%3D221%3Bht_id%3D206%3Btop_destinations%3D6023%3Buf%3D-2237982%3Buf%3D-2235153%3Buf%3D-2213814%3Buf%3D-2216852%3Buf%3D-2213367%3Buf%3D-2234806%3Buf%3D-2221617","","Senaya Homestay","Value for money 9.3","Offering garden views, Senaya Homestay in Belihuloya provides accommodations and a garden. This homestay offers free private parking and room service. Outdoor seating is also available at the...","· 12 reviews","Opens in new window","Belihuloya","Scored 9.0","Show prices","9.0","Wonderful","Show on map","","https://cf.bstatic.com/xdata/images/hotel/square600/648029872.webp?k=f2698aa6c64487c5aa3ede3ea58e56dbf788773f84d6480561693707e7ed229f&o="
"1777054999-144","https://www.booking.com/searchresults.html?label=bristol-XLwodozx2dVe8Ts0XeYuawS752260715469%3Apl%3Ata%3Ap1%3Ap2%3Aac%3Aap%3Aneg%3Afi%3Atikwd-869815001187%3Alp1009919%3Ali%3Adec%3Adm%3Appccp%3DUmFuZG9tSVYkc2RlIyh9YXdX6HrtnYy-Ml68sH-ljtU&aid=311984&dest_id=198&dest_type=country&group_adults=2&req_adults=2&no_rooms=1&broad_search_not_eligible=1&order=score&nflt=ht_id%3D204%3Bht_id%3D213%3Bht_id%3D201%3Bht_id%3D216%3Bht_id%3D222%3Bht_id%3D221%3Bht_id%3D206%3Btop_destinations%3D6023%3Buf%3D-2237982%3Buf%3D-2235153%3Buf%3D-2213814%3Buf%3D-2216852%3Buf%3D-2213367%3Buf%3D-2234806%3Buf%3D-2221617","","Gaya Family Resort","Value for money 9.5","Featuring a garden, Gaya Family Resort features accommodations in Udawalawe. Both free Wifi and parking on-site are accessible at the guest house free of charge.","· 16 reviews","Opens in new window","Udawalawe","Scored 9.0","Show prices","9.0","Wonderful","Show on map","","https://cf.bstatic.com/xdata/images/hotel/square600/843819262.webp?k=a0920a3e80bccdb394d5c47931310cf442e6e296e16887497f842fbf69ec0b0d&o="
"1777054999-145","https://www.booking.com/searchresults.html?label=bristol-XLwodozx2dVe8Ts0XeYuawS752260715469%3Apl%3Ata%3Ap1%3Ap2%3Aac%3Aap%3Aneg%3Afi%3Atikwd-869815001187%3Alp1009919%3Ali%3Adec%3Adm%3Appccp%3DUmFuZG9tSVYkc2RlIyh9YXdX6HrtnYy-Ml68sH-ljtU&aid=311984&dest_id=198&dest_type=country&group_adults=2&req_adults=2&no_rooms=1&broad_search_not_eligible=1&order=score&nflt=ht_id%3D204%3Bht_id%3D213%3Bht_id%3D201%3Bht_id%3D216%3Bht_id%3D222%3Bht_id%3D221%3Bht_id%3D206%3Btop_destinations%3D6023%3Buf%3D-2237982%3Buf%3D-2235153%3Buf%3D-2213814%3Buf%3D-2216852%3Buf%3D-2213367%3Buf%3D-2234806%3Buf%3D-2221617","","Eagle Wings Holiday","Value for money 9.5","Located in Belihuloya, Eagle Wings Holiday provides accommodations with free WiFi, air conditioning and access to a garden. The accommodations feature a sauna.","· 5 reviews","Opens in new window","Belihuloya","Scored 9.0","Show prices","9.0","Wonderful","Show on map","","https://cf.bstatic.com/xdata/images/hotel/square600/159402004.webp?k=89563fd5b766def0846450f5a79fabdb272c2d4883b43f38faae5bc92dac9bf5&o="
"1777054999-146","https://www.booking.com/searchresults.html?label=bristol-XLwodozx2dVe8Ts0XeYuawS752260715469%3Apl%3Ata%3Ap1%3Ap2%3Aac%3Aap%3Aneg%3Afi%3Atikwd-869815001187%3Alp1009919%3Ali%3Adec%3Adm%3Appccp%3DUmFuZG9tSVYkc2RlIyh9YXdX6HrtnYy-Ml68sH-ljtU&aid=311984&dest_id=198&dest_type=country&group_adults=2&req_adults=2&no_rooms=1&broad_search_not_eligible=1&order=score&nflt=ht_id%3D204%3Bht_id%3D213%3Bht_id%3D201%3Bht_id%3D216%3Bht_id%3D222%3Bht_id%3D221%3Bht_id%3D206%3Btop_destinations%3D6023%3Buf%3D-2237982%3Buf%3D-2235153%3Buf%3D-2213814%3Buf%3D-2216852%3Buf%3D-2213367%3Buf%3D-2234806%3Buf%3D-2221617","","The Aliya Safari Villa","Value for money 9.3","Located in Udawalawe, 10 miles from Udawalawe National Park, The Aliya Safari Villa has accommodations with a garden, free private parking and a restaurant.","· 20 reviews","Opens in new window","Udawalawe","Scored 9.0","Show prices","9.0","Wonderful","Show on map","","https://cf.bstatic.com/xdata/images/hotel/square600/804056791.webp?k=b4b9a4cffcb8c7ae811b07dba9549d514713477e9ca8ef2dcf631d2e192991dd&o="
"1777054999-147","https://www.booking.com/searchresults.html?label=bristol-XLwodozx2dVe8Ts0XeYuawS752260715469%3Apl%3Ata%3Ap1%3Ap2%3Aac%3Aap%3Aneg%3Afi%3Atikwd-869815001187%3Alp1009919%3Ali%3Adec%3Adm%3Appccp%3DUmFuZG9tSVYkc2RlIyh9YXdX6HrtnYy-Ml68sH-ljtU&aid=311984&dest_id=198&dest_type=country&group_adults=2&req_adults=2&no_rooms=1&broad_search_not_eligible=1&order=score&nflt=ht_id%3D204%3Bht_id%3D213%3Bht_id%3D201%3Bht_id%3D216%3Bht_id%3D222%3Bht_id%3D221%3Bht_id%3D206%3Btop_destinations%3D6023%3Buf%3D-2237982%3Buf%3D-2235153%3Buf%3D-2213814%3Buf%3D-2216852%3Buf%3D-2213367%3Buf%3D-2234806%3Buf%3D-2221617","","Yoma Wild Hotel","Value for money 9.5","Featuring a garden and views of garden, Yoma Wild Hotel is located in Udawalawe, 29 miles from Tangalle Lagoon. The property has a shared kitchen and room service for guests.","· 8 reviews","Opens in new window","Udawalawe","Scored 9.0","Show prices","9.0","Wonderful","Show on map","","https://cf.bstatic.com/xdata/images/hotel/square600/520056259.webp?k=e0604a19b2af73cca06d00355209b0676746aef074790878a17ae726d8aa6ed9&o="
"1777054999-148","https://www.booking.com/searchresults.html?label=bristol-XLwodozx2dVe8Ts0XeYuawS752260715469%3Apl%3Ata%3Ap1%3Ap2%3Aac%3Aap%3Aneg%3Afi%3Atikwd-869815001187%3Alp1009919%3Ali%3Adec%3Adm%3Appccp%3DUmFuZG9tSVYkc2RlIyh9YXdX6HrtnYy-Ml68sH-ljtU&aid=311984&dest_id=198&dest_type=country&group_adults=2&req_adults=2&no_rooms=1&broad_search_not_eligible=1&order=score&nflt=ht_id%3D204%3Bht_id%3D213%3Bht_id%3D201%3Bht_id%3D216%3Bht_id%3D222%3Bht_id%3D221%3Bht_id%3D206%3Btop_destinations%3D6023%3Buf%3D-2237982%3Buf%3D-2235153%3Buf%3D-2213814%3Buf%3D-2216852%3Buf%3D-2213367%3Buf%3D-2234806%3Buf%3D-2221617","","Peacock Riverside Eco Lodge","Value for money 8.9","Located in Udawalawe in the Ratnapura District region, Peacock Riverside Eco Lodge provides accommodations with free private parking. Some units include a terrace and/or a balcony with river views.","· 27 reviews","Opens in new window","Udawalawe","Scored 9.0","Show prices","9.0","Wonderful","Show on map","","https://cf.bstatic.com/xdata/images/hotel/square600/444062108.webp?k=c5204698c9b6ed4bf2ba68aff9a8d73c7080c77946efc8d1c060399344ddc241&o="
"1777054999-149","https://www.booking.com/searchresults.html?label=bristol-XLwodozx2dVe8Ts0XeYuawS752260715469%3Apl%3Ata%3Ap1%3Ap2%3Aac%3Aap%3Aneg%3Afi%3Atikwd-869815001187%3Alp1009919%3Ali%3Adec%3Adm%3Appccp%3DUmFuZG9tSVYkc2RlIyh9YXdX6HrtnYy-Ml68sH-ljtU&aid=311984&dest_id=198&dest_type=country&group_adults=2&req_adults=2&no_rooms=1&broad_search_not_eligible=1&order=score&nflt=ht_id%3D204%3Bht_id%3D213%3Bht_id%3D201%3Bht_id%3D216%3Bht_id%3D222%3Bht_id%3D221%3Bht_id%3D206%3Btop_destinations%3D6023%3Buf%3D-2237982%3Buf%3D-2235153%3Buf%3D-2213814%3Buf%3D-2216852%3Buf%3D-2213367%3Buf%3D-2234806%3Buf%3D-2221617","","Grand Silver Ray","Value for money 8.9","Located in Ratnapura, Grand Silver Ray features a garden, shared lounge and free WiFi. There's a restaurant serving Chinese cuisine, and free private parking is available.","· 72 reviews","Opens in new window","Ratnapura","Scored 8.9","Show prices","8.9","Excellent","Show on map","","https://cf.bstatic.com/xdata/images/hotel/square600/660296751.webp?k=6199486a58f99ee98f0fc229434d41e4fbb99c53ca2080ee3589e291938b3c48&o="
"1777054999-150","https://www.booking.com/searchresults.html?label=bristol-XLwodozx2dVe8Ts0XeYuawS752260715469%3Apl%3Ata%3Ap1%3Ap2%3Aac%3Aap%3Aneg%3Afi%3Atikwd-869815001187%3Alp1009919%3Ali%3Adec%3Adm%3Appccp%3DUmFuZG9tSVYkc2RlIyh9YXdX6HrtnYy-Ml68sH-ljtU&aid=311984&dest_id=198&dest_type=country&group_adults=2&req_adults=2&no_rooms=1&broad_search_not_eligible=1&order=score&nflt=ht_id%3D204%3Bht_id%3D213%3Bht_id%3D201%3Bht_id%3D216%3Bht_id%3D222%3Bht_id%3D221%3Bht_id%3D206%3Btop_destinations%3D6023%3Buf%3D-2237982%3Buf%3D-2235153%3Buf%3D-2213814%3Buf%3D-2216852%3Buf%3D-2213367%3Buf%3D-2234806%3Buf%3D-2221617","","Lily Safari Resort Udawalwa","Value for money 9.3","Located in Udawalawe, 19 miles from Udawalawe National Park, Lily Safari Resort Udawalwa features views of the garden.","· 97 reviews","Opens in new window","Udawalawe","Scored 8.9","Show prices","8.9","Excellent","Show on map","","https://cf.bstatic.com/xdata/images/hotel/square600/729975349.webp?k=f4003a7cea93fad61210308f57dde88ae1b0c54c43d4870eef2632799e487de8&o="
"1777054999-151","https://www.booking.com/searchresults.html?label=bristol-XLwodozx2dVe8Ts0XeYuawS752260715469%3Apl%3Ata%3Ap1%3Ap2%3Aac%3Aap%3Aneg%3Afi%3Atikwd-869815001187%3Alp1009919%3Ali%3Adec%3Adm%3Appccp%3DUmFuZG9tSVYkc2RlIyh9YXdX6HrtnYy-Ml68sH-ljtU&aid=311984&dest_id=198&dest_type=country&group_adults=2&req_adults=2&no_rooms=1&broad_search_not_eligible=1&order=score&nflt=ht_id%3D204%3Bht_id%3D213%3Bht_id%3D201%3Bht_id%3D216%3Bht_id%3D222%3Bht_id%3D221%3Bht_id%3D206%3Btop_destinations%3D6023%3Buf%3D-2237982%3Buf%3D-2235153%3Buf%3D-2213814%3Buf%3D-2216852%3Buf%3D-2213367%3Buf%3D-2234806%3Buf%3D-2221617","","Diora Hotel","Value for money 9.4","Located in Ratnapura, 27 miles from Avissawella Railway Station, Diora Hotel has accommodations with a shared lounge, free private parking and a terrace.","· 100 reviews","Opens in new window","Ratnapura","Scored 8.9","Show prices","8.9","Excellent","Show on map","","https://cf.bstatic.com/xdata/images/hotel/square600/656787160.webp?k=65e2b18a6b42ef187cd260c407ed3e389a1d6e910a651dce3bd164e4e7cfa408&o="
"1777054999-152","https://www.booking.com/searchresults.html?label=bristol-XLwodozx2dVe8Ts0XeYuawS752260715469%3Apl%3Ata%3Ap1%3Ap2%3Aac%3Aap%3Aneg%3Afi%3Atikwd-869815001187%3Alp1009919%3Ali%3Adec%3Adm%3Appccp%3DUmFuZG9tSVYkc2RlIyh9YXdX6HrtnYy-Ml68sH-ljtU&aid=311984&dest_id=198&dest_type=country&group_adults=2&req_adults=2&no_rooms=1&broad_search_not_eligible=1&order=score&nflt=ht_id%3D204%3Bht_id%3D213%3Bht_id%3D201%3Bht_id%3D216%3Bht_id%3D222%3Bht_id%3D221%3Bht_id%3D206%3Btop_destinations%3D6023%3Buf%3D-2237982%3Buf%3D-2235153%3Buf%3D-2213814%3Buf%3D-2216852%3Buf%3D-2213367%3Buf%3D-2234806%3Buf%3D-2221617","","Eliyanth Udawalawe","Value for money 9.1","Located in Udawalawe, 7.5 miles from Udawalawe National Park, Eliyanth Udawalawe provides accommodations with an outdoor swimming pool, free private parking, a garden and a terrace.","· 723 reviews","Opens in new window","Udawalawe","Scored 8.9","Show prices","8.9","Excellent","Show on map","","https://cf.bstatic.com/xdata/images/hotel/square600/632560905.webp?k=d28dea0b3721b3902f6b4a0bd9ef01e74199c02562c7a4d4c164626ee626c960&o="
"1777054999-153","https://www.booking.com/searchresults.html?label=bristol-XLwodozx2dVe8Ts0XeYuawS752260715469%3Apl%3Ata%3Ap1%3Ap2%3Aac%3Aap%3Aneg%3Afi%3Atikwd-869815001187%3Alp1009919%3Ali%3Adec%3Adm%3Appccp%3DUmFuZG9tSVYkc2RlIyh9YXdX6HrtnYy-Ml68sH-ljtU&aid=311984&dest_id=198&dest_type=country&group_adults=2&req_adults=2&no_rooms=1&broad_search_not_eligible=1&order=score&nflt=ht_id%3D204%3Bht_id%3D213%3Bht_id%3D201%3Bht_id%3D216%3Bht_id%3D222%3Bht_id%3D221%3Bht_id%3D206%3Btop_destinations%3D6023%3Buf%3D-2237982%3Buf%3D-2235153%3Buf%3D-2213814%3Buf%3D-2216852%3Buf%3D-2213367%3Buf%3D-2234806%3Buf%3D-2221617","","Treehouse Chalets - A Curated Experience of Unique Waterfall Treks and Scenic Hikes","Value for money 9.1","Located in Belihuloya, 28 miles from Demodara Nine Arch Bridge, Treehouse Chalets - A Curated Experience of Unique Waterfall Treks and Scenic Hikes provides accommodations with free bikes, free...","· 43 reviews","Opens in new window","Belihuloya","Scored 8.9","Show prices","8.9","Excellent","Show on map","","https://cf.bstatic.com/xdata/images/hotel/square600/539933825.webp?k=7f1759ade072db99f46c507608033cb2ba5d443e6c0bbca3435d6b3f9e8f40d7&o="
"1777054999-154","https://www.booking.com/searchresults.html?label=bristol-XLwodozx2dVe8Ts0XeYuawS752260715469%3Apl%3Ata%3Ap1%3Ap2%3Aac%3Aap%3Aneg%3Afi%3Atikwd-869815001187%3Alp1009919%3Ali%3Adec%3Adm%3Appccp%3DUmFuZG9tSVYkc2RlIyh9YXdX6HrtnYy-Ml68sH-ljtU&aid=311984&dest_id=198&dest_type=country&group_adults=2&req_adults=2&no_rooms=1&broad_search_not_eligible=1&order=score&nflt=ht_id%3D204%3Bht_id%3D213%3Bht_id%3D201%3Bht_id%3D216%3Bht_id%3D222%3Bht_id%3D221%3Bht_id%3D206%3Btop_destinations%3D6023%3Buf%3D-2237982%3Buf%3D-2235153%3Buf%3D-2213814%3Buf%3D-2216852%3Buf%3D-2213367%3Buf%3D-2234806%3Buf%3D-2221617","","Mount Seven Holiday Inn","Value for money 8.8","Mount Seven Holiday Inn features a garden, shared lounge, a terrace and restaurant in Belihuloya.","· 33 reviews","Opens in new window","Belihuloya","Scored 8.9","Show prices","8.9","Excellent","Show on map","","https://cf.bstatic.com/xdata/images/hotel/square600/620842364.webp?k=d1dd82b75149e72c219de14de5e601623fe4695e8ca32ace9836cece1b8cf34e&o="
"1777054999-155","https://www.booking.com/searchresults.html?label=bristol-XLwodozx2dVe8Ts0XeYuawS752260715469%3Apl%3Ata%3Ap1%3Ap2%3Aac%3Aap%3Aneg%3Afi%3Atikwd-869815001187%3Alp1009919%3Ali%3Adec%3Adm%3Appccp%3DUmFuZG9tSVYkc2RlIyh9YXdX6HrtnYy-Ml68sH-ljtU&aid=311984&dest_id=198&dest_type=country&group_adults=2&req_adults=2&no_rooms=1&broad_search_not_eligible=1&order=score&nflt=ht_id%3D204%3Bht_id%3D213%3Bht_id%3D201%3Bht_id%3D216%3Bht_id%3D222%3Bht_id%3D221%3Bht_id%3D206%3Btop_destinations%3D6023%3Buf%3D-2237982%3Buf%3D-2235153%3Buf%3D-2213814%3Buf%3D-2216852%3Buf%3D-2213367%3Buf%3D-2234806%3Buf%3D-2221617","","Olivi Palace","Value for money 8.9","Located in Udawalawe, 8.6 miles from Udawalawe National Park, Olivi Palace provides accommodations with a garden, free private parking, a terrace and a restaurant.","· 56 reviews","Opens in new window","Udawalawe","Scored 8.9","Show prices","8.9","Excellent","Show on map","","https://cf.bstatic.com/xdata/images/hotel/square600/728390256.webp?k=d8b7cb26b70fc6b02887c553c4674002111b9433fd0010f0cd258df478e72189&o="
"1777054999-156","https://www.booking.com/searchresults.html?label=bristol-XLwodozx2dVe8Ts0XeYuawS752260715469%3Apl%3Ata%3Ap1%3Ap2%3Aac%3Aap%3Aneg%3Afi%3Atikwd-869815001187%3Alp1009919%3Ali%3Adec%3Adm%3Appccp%3DUmFuZG9tSVYkc2RlIyh9YXdX6HrtnYy-Ml68sH-ljtU&aid=311984&dest_id=198&dest_type=country&group_adults=2&req_adults=2&no_rooms=1&broad_search_not_eligible=1&order=score&nflt=ht_id%3D204%3Bht_id%3D213%3Bht_id%3D201%3Bht_id%3D216%3Bht_id%3D222%3Bht_id%3D221%3Bht_id%3D206%3Btop_destinations%3D6023%3Buf%3D-2237982%3Buf%3D-2235153%3Buf%3D-2213814%3Buf%3D-2216852%3Buf%3D-2213367%3Buf%3D-2234806%3Buf%3D-2221617","","Belihuloya Hideout Villa","Location 10","Offering mountain views, Belihuloya Hideout Villa in Belihuloya has accommodations, an outdoor swimming pool, a garden, a shared lounge and a restaurant.","· 6 reviews","Opens in new window","Belihuloya","Scored 8.9","Show prices","8.9","Excellent","Show on map","","https://cf.bstatic.com/xdata/images/hotel/square600/600152882.webp?k=8f1d162309310e980da151c8cc1819cfa2aa085dc3af11094984ac8d7d6702fc&o="
"1777054999-157","https://www.booking.com/searchresults.html?label=bristol-XLwodozx2dVe8Ts0XeYuawS752260715469%3Apl%3Ata%3Ap1%3Ap2%3Aac%3Aap%3Aneg%3Afi%3Atikwd-869815001187%3Alp1009919%3Ali%3Adec%3Adm%3Appccp%3DUmFuZG9tSVYkc2RlIyh9YXdX6HrtnYy-Ml68sH-ljtU&aid=311984&dest_id=198&dest_type=country&group_adults=2&req_adults=2&no_rooms=1&broad_search_not_eligible=1&order=score&nflt=ht_id%3D204%3Bht_id%3D213%3Bht_id%3D201%3Bht_id%3D216%3Bht_id%3D222%3Bht_id%3D221%3Bht_id%3D206%3Btop_destinations%3D6023%3Buf%3D-2237982%3Buf%3D-2235153%3Buf%3D-2213814%3Buf%3D-2216852%3Buf%3D-2213367%3Buf%3D-2234806%3Buf%3D-2221617","","Kale Cottage Belihuloya","","Kale Cottage Belihuloya is located in Belihuloya and features a garden and barbecue facilities. There's a terrace and guests can use free WiFi and free private parking.","· 41 reviews","Opens in new window","Belihuloya","Scored 8.9","Show prices","8.9","Excellent","Show on map","","https://cf.bstatic.com/xdata/images/hotel/square600/471608358.webp?k=e3c3a55971826a37ce947764479a2c78b0a1b41723e9e4433338b26200f0e373&o="
"1777054999-158","https://www.booking.com/searchresults.html?label=bristol-XLwodozx2dVe8Ts0XeYuawS752260715469%3Apl%3Ata%3Ap1%3Ap2%3Aac%3Aap%3Aneg%3Afi%3Atikwd-869815001187%3Alp1009919%3Ali%3Adec%3Adm%3Appccp%3DUmFuZG9tSVYkc2RlIyh9YXdX6HrtnYy-Ml68sH-ljtU&aid=311984&dest_id=198&dest_type=country&group_adults=2&req_adults=2&no_rooms=1&broad_search_not_eligible=1&order=score&nflt=ht_id%3D204%3Bht_id%3D213%3Bht_id%3D201%3Bht_id%3D216%3Bht_id%3D222%3Bht_id%3D221%3Bht_id%3D206%3Btop_destinations%3D6023%3Buf%3D-2237982%3Buf%3D-2235153%3Buf%3D-2213814%3Buf%3D-2216852%3Buf%3D-2213367%3Buf%3D-2234806%3Buf%3D-2221617","","Kottawatta River Bank Resort","Value for money 9.2","Located in Udawalawe, 11 miles from Udawalawe National Park, Kottawatta River Bank Resort has accommodations with an outdoor swimming pool, free private parking, a garden and a shared lounge.","· 1,712 reviews","Opens in new window","Udawalawe","Scored 8.8","Show prices","8.8","Excellent","Show on map","","https://cf.bstatic.com/xdata/images/hotel/square600/238227737.webp?k=38e0a93fde4df70506e80d88cf8247fead8054cfef89cf7a05fcae04cead3562&o="
"1777054999-159","https://www.booking.com/searchresults.html?label=bristol-XLwodozx2dVe8Ts0XeYuawS752260715469%3Apl%3Ata%3Ap1%3Ap2%3Aac%3Aap%3Aneg%3Afi%3Atikwd-869815001187%3Alp1009919%3Ali%3Adec%3Adm%3Appccp%3DUmFuZG9tSVYkc2RlIyh9YXdX6HrtnYy-Ml68sH-ljtU&aid=311984&dest_id=198&dest_type=country&group_adults=2&req_adults=2&no_rooms=1&broad_search_not_eligible=1&order=score&nflt=ht_id%3D204%3Bht_id%3D213%3Bht_id%3D201%3Bht_id%3D216%3Bht_id%3D222%3Bht_id%3D221%3Bht_id%3D206%3Btop_destinations%3D6023%3Buf%3D-2237982%3Buf%3D-2235153%3Buf%3D-2213814%3Buf%3D-2216852%3Buf%3D-2213367%3Buf%3D-2234806%3Buf%3D-2221617","","Ele Camp Udawalawe","Value for money 9.1","Located in Udawalawe, 6.3 miles from Udawalawe National Park, Ele Camp Udawalawe provides accommodations with an outdoor swimming pool, free private parking, a garden and a terrace.","· 330 reviews","Opens in new window","Udawalawe","Scored 8.8","Show prices","8.8","Excellent","Show on map","","https://cf.bstatic.com/xdata/images/hotel/square600/751928426.webp?k=73de984b9a721582550f1f441900641b147deeb98f4499d1002119617c421aa2&o="
"1777054999-160","https://www.booking.com/searchresults.html?label=bristol-XLwodozx2dVe8Ts0XeYuawS752260715469%3Apl%3Ata%3Ap1%3Ap2%3Aac%3Aap%3Aneg%3Afi%3Atikwd-869815001187%3Alp1009919%3Ali%3Adec%3Adm%3Appccp%3DUmFuZG9tSVYkc2RlIyh9YXdX6HrtnYy-Ml68sH-ljtU&aid=311984&dest_id=198&dest_type=country&group_adults=2&req_adults=2&no_rooms=1&broad_search_not_eligible=1&order=score&nflt=ht_id%3D204%3Bht_id%3D213%3Bht_id%3D201%3Bht_id%3D216%3Bht_id%3D222%3Bht_id%3D221%3Bht_id%3D206%3Btop_destinations%3D6023%3Buf%3D-2237982%3Buf%3D-2235153%3Buf%3D-2213814%3Buf%3D-2216852%3Buf%3D-2213367%3Buf%3D-2234806%3Buf%3D-2221617","","Waraka - Udawalawe by Thema Collection","Value for money 8.6","Located in Udawalawe, 10 miles from Udawalawe National Park, Waraka - Udawalawe by Thema Collection has accommodations with an outdoor swimming pool, free private parking, a garden and a terrace.","· 119 reviews","Opens in new window","Udawalawe","Scored 8.8","Show prices","8.8","Excellent","Show on map","","https://cf.bstatic.com/xdata/images/hotel/square600/579877372.webp?k=97b08ace91ad54715538f1d00bce053752af91171d730bb23e08b6c39add658e&o="
"1777054999-161","https://www.booking.com/searchresults.html?label=bristol-XLwodozx2dVe8Ts0XeYuawS752260715469%3Apl%3Ata%3Ap1%3Ap2%3Aac%3Aap%3Aneg%3Afi%3Atikwd-869815001187%3Alp1009919%3Ali%3Adec%3Adm%3Appccp%3DUmFuZG9tSVYkc2RlIyh9YXdX6HrtnYy-Ml68sH-ljtU&aid=311984&dest_id=198&dest_type=country&group_adults=2&req_adults=2&no_rooms=1&broad_search_not_eligible=1&order=score&nflt=ht_id%3D204%3Bht_id%3D213%3Bht_id%3D201%3Bht_id%3D216%3Bht_id%3D222%3Bht_id%3D221%3Bht_id%3D206%3Btop_destinations%3D6023%3Buf%3D-2237982%3Buf%3D-2235153%3Buf%3D-2213814%3Buf%3D-2216852%3Buf%3D-2213367%3Buf%3D-2234806%3Buf%3D-2221617","","Terico resort","Value for money 9.5","Located in Belihuloya, 28 miles from Horton Plains National Park, Terico resort has accommodations with a garden, free private parking and a restaurant.","· 5 reviews","Opens in new window","Belihuloya","Scored 8.8","Show prices","8.8","Excellent","Show on map","","https://cf.bstatic.com/xdata/images/hotel/square600/807648105.webp?k=18e992ebcf55e7e8bfcc834e5acdf7d81ca78c3a5980a80d16a9041bf85e277b&o="
"1777054999-162","https://www.booking.com/searchresults.html?label=bristol-XLwodozx2dVe8Ts0XeYuawS752260715469%3Apl%3Ata%3Ap1%3Ap2%3Aac%3Aap%3Aneg%3Afi%3Atikwd-869815001187%3Alp1009919%3Ali%3Adec%3Adm%3Appccp%3DUmFuZG9tSVYkc2RlIyh9YXdX6HrtnYy-Ml68sH-ljtU&aid=311984&dest_id=198&dest_type=country&group_adults=2&req_adults=2&no_rooms=1&broad_search_not_eligible=1&order=score&nflt=ht_id%3D204%3Bht_id%3D213%3Bht_id%3D201%3Bht_id%3D216%3Bht_id%3D222%3Bht_id%3D221%3Bht_id%3D206%3Btop_destinations%3D6023%3Buf%3D-2237982%3Buf%3D-2235153%3Buf%3D-2213814%3Buf%3D-2216852%3Buf%3D-2213367%3Buf%3D-2234806%3Buf%3D-2221617","","Cottage Home Belihuloya","Value for money 9.1","A good location for a relaxing stay in Balangoda, Cottage Home Belihuloya is an apartment surrounded by views of the garden.","· 64 reviews","Opens in new window","Balangoda","Scored 8.8","Show prices","8.8","Excellent","Show on map","","https://cf.bstatic.com/xdata/images/hotel/square600/580028287.webp?k=e893e0b1f5dacb5d78848aaea5b5656df0e59975a7da348bdf5ff9ce2beb2f6c&o="
"1777054999-163","https://www.booking.com/searchresults.html?label=bristol-XLwodozx2dVe8Ts0XeYuawS752260715469%3Apl%3Ata%3Ap1%3Ap2%3Aac%3Aap%3Aneg%3Afi%3Atikwd-869815001187%3Alp1009919%3Ali%3Adec%3Adm%3Appccp%3DUmFuZG9tSVYkc2RlIyh9YXdX6HrtnYy-Ml68sH-ljtU&aid=311984&dest_id=198&dest_type=country&group_adults=2&req_adults=2&no_rooms=1&broad_search_not_eligible=1&order=score&nflt=ht_id%3D204%3Bht_id%3D213%3Bht_id%3D201%3Bht_id%3D216%3Bht_id%3D222%3Bht_id%3D221%3Bht_id%3D206%3Btop_destinations%3D6023%3Buf%3D-2237982%3Buf%3D-2235153%3Buf%3D-2213814%3Buf%3D-2216852%3Buf%3D-2213367%3Buf%3D-2234806%3Buf%3D-2221617","","Elite Safari Resort","Value for money 9.2","Elite Safari Resort in Udawalawe provides accommodations with a garden and a bar. Providing free private parking, the guest house is 10 miles from Udawalawe National Park.","· 58 reviews","Opens in new window","Udawalawe","Scored 8.8","Show prices","8.8","Excellent","Show on map","","https://cf.bstatic.com/xdata/images/hotel/square600/525941306.webp?k=df64de6be59a42a10343cf76d5565dc62e620d3eec37e9ed1a7c499056e0c0fb&o="
"1777054999-164","https://www.booking.com/searchresults.html?label=bristol-XLwodozx2dVe8Ts0XeYuawS752260715469%3Apl%3Ata%3Ap1%3Ap2%3Aac%3Aap%3Aneg%3Afi%3Atikwd-869815001187%3Alp1009919%3Ali%3Adec%3Adm%3Appccp%3DUmFuZG9tSVYkc2RlIyh9YXdX6HrtnYy-Ml68sH-ljtU&aid=311984&dest_id=198&dest_type=country&group_adults=2&req_adults=2&no_rooms=1&broad_search_not_eligible=1&order=score&nflt=ht_id%3D204%3Bht_id%3D213%3Bht_id%3D201%3Bht_id%3D216%3Bht_id%3D222%3Bht_id%3D221%3Bht_id%3D206%3Btop_destinations%3D6023%3Buf%3D-2237982%3Buf%3D-2235153%3Buf%3D-2213814%3Buf%3D-2216852%3Buf%3D-2213367%3Buf%3D-2234806%3Buf%3D-2221617","","Walawa Reach hotel","Value for money 9.3","Located in Udawalawe, 4.1 miles from Udawalawe National Park, Walawa Reach hotel provides accommodations with an outdoor swimming pool, free private parking, a garden and a restaurant.","· 253 reviews","Opens in new window","Udawalawe","Scored 8.8","Show prices","8.8","Excellent","Show on map","","https://cf.bstatic.com/xdata/images/hotel/square600/508725129.webp?k=03f68f5d4edb6b0eba13622e7e92720a0035bab7cd5d31c5b5066df7de69b99a&o="
"1777054999-165","https://www.booking.com/searchresults.html?label=bristol-XLwodozx2dVe8Ts0XeYuawS752260715469%3Apl%3Ata%3Ap1%3Ap2%3Aac%3Aap%3Aneg%3Afi%3Atikwd-869815001187%3Alp1009919%3Ali%3Adec%3Adm%3Appccp%3DUmFuZG9tSVYkc2RlIyh9YXdX6HrtnYy-Ml68sH-ljtU&aid=311984&dest_id=198&dest_type=country&group_adults=2&req_adults=2&no_rooms=1&broad_search_not_eligible=1&order=score&nflt=ht_id%3D204%3Bht_id%3D213%3Bht_id%3D201%3Bht_id%3D216%3Bht_id%3D222%3Bht_id%3D221%3Bht_id%3D206%3Btop_destinations%3D6023%3Buf%3D-2237982%3Buf%3D-2235153%3Buf%3D-2213814%3Buf%3D-2216852%3Buf%3D-2213367%3Buf%3D-2234806%3Buf%3D-2221617","","Lake Forest Cabana","Value for money 9.0","Featuring garden views, Lake Forest Cabana in Udawalawe offers accommodations, water sports facilities, a garden, and a shared lounge. There's a restaurant, and guests can enjoy the water park.","· 29 reviews","Opens in new window","Udawalawe","Scored 8.8","Show prices","8.8","Excellent","Show on map","","https://cf.bstatic.com/xdata/images/hotel/square600/826191438.webp?k=c67300737a3d105149acc7268478ca4017426cff255a21645b3cfcc4227718f8&o="
"1777054999-166","https://www.booking.com/searchresults.html?label=bristol-XLwodozx2dVe8Ts0XeYuawS752260715469%3Apl%3Ata%3Ap1%3Ap2%3Aac%3Aap%3Aneg%3Afi%3Atikwd-869815001187%3Alp1009919%3Ali%3Adec%3Adm%3Appccp%3DUmFuZG9tSVYkc2RlIyh9YXdX6HrtnYy-Ml68sH-ljtU&aid=311984&dest_id=198&dest_type=country&group_adults=2&req_adults=2&no_rooms=1&broad_search_not_eligible=1&order=score&nflt=ht_id%3D204%3Bht_id%3D213%3Bht_id%3D201%3Bht_id%3D216%3Bht_id%3D222%3Bht_id%3D221%3Bht_id%3D206%3Btop_destinations%3D6023%3Buf%3D-2237982%3Buf%3D-2235153%3Buf%3D-2213814%3Buf%3D-2216852%3Buf%3D-2213367%3Buf%3D-2234806%3Buf%3D-2221617","","Centauria Wild Resort","Value for money 8.8","Offering a spa center and sauna, Centauria Wild Resort is located in Udawalawe, 0.6 mi from Udawalawe National Park.","· 237 reviews","Opens in new window","Udawalawe","Scored 8.7","Show prices","8.7","Excellent","Show on map","","https://cf.bstatic.com/xdata/images/hotel/square600/286368146.webp?k=cba663f702cd47a731a2e12cb7bb002cd628c1d1806d47703c736a3d19ac148f&o="
"1777054999-167","https://www.booking.com/searchresults.html?label=bristol-XLwodozx2dVe8Ts0XeYuawS752260715469%3Apl%3Ata%3Ap1%3Ap2%3Aac%3Aap%3Aneg%3Afi%3Atikwd-869815001187%3Alp1009919%3Ali%3Adec%3Adm%3Appccp%3DUmFuZG9tSVYkc2RlIyh9YXdX6HrtnYy-Ml68sH-ljtU&aid=311984&dest_id=198&dest_type=country&group_adults=2&req_adults=2&no_rooms=1&broad_search_not_eligible=1&order=score&nflt=ht_id%3D204%3Bht_id%3D213%3Bht_id%3D201%3Bht_id%3D216%3Bht_id%3D222%3Bht_id%3D221%3Bht_id%3D206%3Btop_destinations%3D6023%3Buf%3D-2237982%3Buf%3D-2235153%3Buf%3D-2213814%3Buf%3D-2216852%3Buf%3D-2213367%3Buf%3D-2234806%3Buf%3D-2221617","","Hotel Grand Amanee","Value for money 8.8","Located in Ratnapura, 28 miles from Avissawella Railway Station, Hotel Grand Amanee has accommodations with an outdoor swimming pool, free private parking, a garden and a restaurant.","· 33 reviews","Opens in new window","Ratnapura","Scored 8.7","Show prices","8.7","Excellent","Show on map","","https://cf.bstatic.com/xdata/images/hotel/square600/646832604.webp?k=8e03ffb1396326fe260d4fdecd3611ed9ca5991f81710aeabb2e7f9bf0a2d9b6&o="
"1777054999-168","https://www.booking.com/searchresults.html?label=bristol-XLwodozx2dVe8Ts0XeYuawS752260715469%3Apl%3Ata%3Ap1%3Ap2%3Aac%3Aap%3Aneg%3Afi%3Atikwd-869815001187%3Alp1009919%3Ali%3Adec%3Adm%3Appccp%3DUmFuZG9tSVYkc2RlIyh9YXdX6HrtnYy-Ml68sH-ljtU&aid=311984&dest_id=198&dest_type=country&group_adults=2&req_adults=2&no_rooms=1&broad_search_not_eligible=1&order=score&nflt=ht_id%3D204%3Bht_id%3D213%3Bht_id%3D201%3Bht_id%3D216%3Bht_id%3D222%3Bht_id%3D221%3Bht_id%3D206%3Btop_destinations%3D6023%3Buf%3D-2237982%3Buf%3D-2235153%3Buf%3D-2213814%3Buf%3D-2216852%3Buf%3D-2213367%3Buf%3D-2234806%3Buf%3D-2221617","","Wildlife Safari House","Value for money 9.3","Wildlife Safari House offers accommodations in Udawalawe, 10 miles from Udawalawe National Park. This property offers access to a balcony and free private parking.","· 112 reviews","Opens in new window","Udawalawe","Scored 8.7","Show prices","8.7","Excellent","Show on map","","https://cf.bstatic.com/xdata/images/hotel/square600/806455491.webp?k=1b977bfbd4a39bf226e9f83e4d8ceed8abc984c45ab5ceb186235efb54b2c4ea&o="
"1777054999-169","https://www.booking.com/searchresults.html?label=bristol-XLwodozx2dVe8Ts0XeYuawS752260715469%3Apl%3Ata%3Ap1%3Ap2%3Aac%3Aap%3Aneg%3Afi%3Atikwd-869815001187%3Alp1009919%3Ali%3Adec%3Adm%3Appccp%3DUmFuZG9tSVYkc2RlIyh9YXdX6HrtnYy-Ml68sH-ljtU&aid=311984&dest_id=198&dest_type=country&group_adults=2&req_adults=2&no_rooms=1&broad_search_not_eligible=1&order=score&nflt=ht_id%3D204%3Bht_id%3D213%3Bht_id%3D201%3Bht_id%3D216%3Bht_id%3D222%3Bht_id%3D221%3Bht_id%3D206%3Btop_destinations%3D6023%3Buf%3D-2237982%3Buf%3D-2235153%3Buf%3D-2213814%3Buf%3D-2216852%3Buf%3D-2213367%3Buf%3D-2234806%3Buf%3D-2221617","","Sanctuary Resort","Value for money 8.5","Sanctuary Resort features a hot tub and air-conditioned accommodations in Rakwana, 29 miles from Udawalawe National Park. It provides free Wifi, pool with a view, free bikes, and a restaurant.","· 23 reviews","Opens in new window","Rakwana","Scored 8.7","Show prices","8.7","Excellent","Show on map","","https://cf.bstatic.com/xdata/images/hotel/square600/342807389.webp?k=eb57576a19168d35e59ff3bdd6417de836ee2c9b54dcbad914d21cd1e7ec8f1c&o="
"1777054999-170","https://www.booking.com/searchresults.html?label=bristol-XLwodozx2dVe8Ts0XeYuawS752260715469%3Apl%3Ata%3Ap1%3Ap2%3Aac%3Aap%3Aneg%3Afi%3Atikwd-869815001187%3Alp1009919%3Ali%3Adec%3Adm%3Appccp%3DUmFuZG9tSVYkc2RlIyh9YXdX6HrtnYy-Ml68sH-ljtU&aid=311984&dest_id=198&dest_type=country&group_adults=2&req_adults=2&no_rooms=1&broad_search_not_eligible=1&order=score&nflt=ht_id%3D204%3Bht_id%3D213%3Bht_id%3D201%3Bht_id%3D216%3Bht_id%3D222%3Bht_id%3D221%3Bht_id%3D206%3Btop_destinations%3D6023%3Buf%3D-2237982%3Buf%3D-2235153%3Buf%3D-2213814%3Buf%3D-2216852%3Buf%3D-2213367%3Buf%3D-2234806%3Buf%3D-2221617","","Ivory Safari House","Value for money 9.3","Located in Udawalawe, 10 miles from Udawalawe National Park, Ivory Safari House provides accommodations with an outdoor swimming pool, free private parking, a garden and a terrace.","· 65 reviews","Opens in new window","Udawalawe","Scored 8.7","Show prices","8.7","Excellent","Show on map","","https://cf.bstatic.com/xdata/images/hotel/square600/748569799.webp?k=dac0f88c8de1c89e273300a5122b1e6d71ce3e493c0afb66820ae24003975070&o="
"1777054999-171","https://www.booking.com/searchresults.html?label=bristol-XLwodozx2dVe8Ts0XeYuawS752260715469%3Apl%3Ata%3Ap1%3Ap2%3Aac%3Aap%3Aneg%3Afi%3Atikwd-869815001187%3Alp1009919%3Ali%3Adec%3Adm%3Appccp%3DUmFuZG9tSVYkc2RlIyh9YXdX6HrtnYy-Ml68sH-ljtU&aid=311984&dest_id=198&dest_type=country&group_adults=2&req_adults=2&no_rooms=1&broad_search_not_eligible=1&order=score&nflt=ht_id%3D204%3Bht_id%3D213%3Bht_id%3D201%3Bht_id%3D216%3Bht_id%3D222%3Bht_id%3D221%3Bht_id%3D206%3Btop_destinations%3D6023%3Buf%3D-2237982%3Buf%3D-2235153%3Buf%3D-2213814%3Buf%3D-2216852%3Buf%3D-2213367%3Buf%3D-2234806%3Buf%3D-2221617","","Illukawela Walauwa","Value for money 9.3","Located in Embilipitiya, 18 miles from Udawalawe National Park, Illukawela Walauwa has accommodations with an outdoor swimming pool, free private parking, a garden and a shared lounge.","· 38 reviews","Opens in new window","Embilipitiya","Scored 8.7","Show prices","8.7","Excellent","Show on map","","https://cf.bstatic.com/xdata/images/hotel/square600/770878104.webp?k=145d197edf9955b0f806046fdd74d0c3fede6af2655bd5c3a685f93da99b07d9&o="
"1777054999-172","https://www.booking.com/searchresults.html?label=bristol-XLwodozx2dVe8Ts0XeYuawS752260715469%3Apl%3Ata%3Ap1%3Ap2%3Aac%3Aap%3Aneg%3Afi%3Atikwd-869815001187%3Alp1009919%3Ali%3Adec%3Adm%3Appccp%3DUmFuZG9tSVYkc2RlIyh9YXdX6HrtnYy-Ml68sH-ljtU&aid=311984&dest_id=198&dest_type=country&group_adults=2&req_adults=2&no_rooms=1&broad_search_not_eligible=1&order=score&nflt=ht_id%3D204%3Bht_id%3D213%3Bht_id%3D201%3Bht_id%3D216%3Bht_id%3D222%3Bht_id%3D221%3Bht_id%3D206%3Btop_destinations%3D6023%3Buf%3D-2237982%3Buf%3D-2235153%3Buf%3D-2213814%3Buf%3D-2216852%3Buf%3D-2213367%3Buf%3D-2234806%3Buf%3D-2221617","","Kottawatta Village","Value for money 9.2","Steps from Udawalawe National Park, Kottawatta Village offers a peaceful and scenic getaway from the city and night camping. Free Wi-Fi is available in public areas.","· 2,345 reviews","Opens in new window","Udawalawe","Scored 8.6","Show prices","8.6","Excellent","Show on map","","https://cf.bstatic.com/xdata/images/hotel/square600/87181545.webp?k=73fa6bb8a9ab238a49948c12967577fda1b26edc31b12e7f11516e437d0608af&o="
"1777054999-173","https://www.booking.com/searchresults.html?label=bristol-XLwodozx2dVe8Ts0XeYuawS752260715469%3Apl%3Ata%3Ap1%3Ap2%3Aac%3Aap%3Aneg%3Afi%3Atikwd-869815001187%3Alp1009919%3Ali%3Adec%3Adm%3Appccp%3DUmFuZG9tSVYkc2RlIyh9YXdX6HrtnYy-Ml68sH-ljtU&aid=311984&dest_id=198&dest_type=country&group_adults=2&req_adults=2&no_rooms=1&broad_search_not_eligible=1&order=score&nflt=ht_id%3D204%3Bht_id%3D213%3Bht_id%3D201%3Bht_id%3D216%3Bht_id%3D222%3Bht_id%3D221%3Bht_id%3D206%3Btop_destinations%3D6023%3Buf%3D-2237982%3Buf%3D-2235153%3Buf%3D-2213814%3Buf%3D-2216852%3Buf%3D-2213367%3Buf%3D-2234806%3Buf%3D-2221617","","Tikla safari lodge","Value for money 9.0","Tikla safari lodge provides air-conditioned accommodations in Udawalawe. This property offers access to a terrace and free private parking.","· 47 reviews","Opens in new window","Udawalawe","Scored 8.6","Show prices","8.6","Excellent","Show on map","","https://cf.bstatic.com/xdata/images/hotel/square600/821610666.webp?k=ca805c695a10cf1bd44b64c135651fabfe0d1c405dbd3d16398fed4dfb8a8251&o="
"1777054999-174","https://www.booking.com/searchresults.html?label=bristol-XLwodozx2dVe8Ts0XeYuawS752260715469%3Apl%3Ata%3Ap1%3Ap2%3Aac%3Aap%3Aneg%3Afi%3Atikwd-869815001187%3Alp1009919%3Ali%3Adec%3Adm%3Appccp%3DUmFuZG9tSVYkc2RlIyh9YXdX6HrtnYy-Ml68sH-ljtU&aid=311984&dest_id=198&dest_type=country&group_adults=2&req_adults=2&no_rooms=1&broad_search_not_eligible=1&order=score&nflt=ht_id%3D204%3Bht_id%3D213%3Bht_id%3D201%3Bht_id%3D216%3Bht_id%3D222%3Bht_id%3D221%3Bht_id%3D206%3Btop_destinations%3D6023%3Buf%3D-2237982%3Buf%3D-2235153%3Buf%3D-2213814%3Buf%3D-2216852%3Buf%3D-2213367%3Buf%3D-2234806%3Buf%3D-2221617","","Kalu's Hideaway Udawalawe","","Spread across 5 acres of beautifully landscaped gardens, Kalu’s Hideaway Udawalawe is a perfect spot for a relaxed family getaway.","· 184 reviews","Opens in new window","Udawalawe","Scored 8.6","Show prices","8.6","Excellent","Show on map","","https://cf.bstatic.com/xdata/images/hotel/square600/388258896.webp?k=7702b06ab17a1d828eafedc6273aa3fac69aadbb32f74fcdffadaf6422a7b3ee&o="
"1777054999-175","https://www.booking.com/searchresults.html?label=bristol-XLwodozx2dVe8Ts0XeYuawS752260715469%3Apl%3Ata%3Ap1%3Ap2%3Aac%3Aap%3Aneg%3Afi%3Atikwd-869815001187%3Alp1009919%3Ali%3Adec%3Adm%3Appccp%3DUmFuZG9tSVYkc2RlIyh9YXdX6HrtnYy-Ml68sH-ljtU&aid=311984&dest_id=198&dest_type=country&group_adults=2&req_adults=2&no_rooms=1&broad_search_not_eligible=1&order=score&nflt=ht_id%3D204%3Bht_id%3D213%3Bht_id%3D201%3Bht_id%3D216%3Bht_id%3D222%3Bht_id%3D221%3Bht_id%3D206%3Btop_destinations%3D6023%3Buf%3D-2237982%3Buf%3D-2235153%3Buf%3D-2213814%3Buf%3D-2216852%3Buf%3D-2213367%3Buf%3D-2234806%3Buf%3D-2221617","","Nice View Safari villa","Value for money 9.7","Nice View Safari villa features spa facilities and air-conditioned accommodations in Udawalawe, 10 miles from Udawalawe National Park. This property offers access to a balcony and free private...","· 78 reviews","Opens in new window","Udawalawe","Scored 8.6","Show prices","8.6","Excellent","Show on map","","https://cf.bstatic.com/xdata/images/hotel/square600/654095619.webp?k=63d9a9f1a341e7512798e1cf7983158ed7fbef9818fa92418ee676477ce43b9f&o="
"1777054999-176","https://www.booking.com/searchresults.html?label=bristol-XLwodozx2dVe8Ts0XeYuawS752260715469%3Apl%3Ata%3Ap1%3Ap2%3Aac%3Aap%3Aneg%3Afi%3Atikwd-869815001187%3Alp1009919%3Ali%3Adec%3Adm%3Appccp%3DUmFuZG9tSVYkc2RlIyh9YXdX6HrtnYy-Ml68sH-ljtU&aid=311984&dest_id=198&dest_type=country&group_adults=2&req_adults=2&no_rooms=1&broad_search_not_eligible=1&order=score&nflt=ht_id%3D204%3Bht_id%3D213%3Bht_id%3D201%3Bht_id%3D216%3Bht_id%3D222%3Bht_id%3D221%3Bht_id%3D206%3Btop_destinations%3D6023%3Buf%3D-2237982%3Buf%3D-2235153%3Buf%3D-2213814%3Buf%3D-2216852%3Buf%3D-2213367%3Buf%3D-2234806%3Buf%3D-2221617","","Elephant Orphanage Edge Hotel","Value for money 9.6","Elephant Orphanage Edge Hotel is a recently renovated apartment in Udawalawe where guests can make the most of its garden and terrace.","· 71 reviews","Opens in new window","Udawalawe","Scored 8.5","Show prices","8.5","Very Good","Show on map","","https://cf.bstatic.com/xdata/images/hotel/square600/791001901.webp?k=b2de355a67a345ad4950fa63f7e60f1dd369669a3d83bc399045aef1ad124d2a&o="
"1777054999-177","https://www.booking.com/searchresults.html?label=bristol-XLwodozx2dVe8Ts0XeYuawS752260715469%3Apl%3Ata%3Ap1%3Ap2%3Aac%3Aap%3Aneg%3Afi%3Atikwd-869815001187%3Alp1009919%3Ali%3Adec%3Adm%3Appccp%3DUmFuZG9tSVYkc2RlIyh9YXdX6HrtnYy-Ml68sH-ljtU&aid=311984&dest_id=198&dest_type=country&group_adults=2&req_adults=2&no_rooms=1&broad_search_not_eligible=1&order=score&nflt=ht_id%3D204%3Bht_id%3D213%3Bht_id%3D201%3Bht_id%3D216%3Bht_id%3D222%3Bht_id%3D221%3Bht_id%3D206%3Btop_destinations%3D6023%3Buf%3D-2237982%3Buf%3D-2235153%3Buf%3D-2213814%3Buf%3D-2216852%3Buf%3D-2213367%3Buf%3D-2234806%3Buf%3D-2221617","","Kethumathee Hotel & Banquet","Value for money 8.7","Located in Ratnapura and with Avissawella Railway Station reachable within 27 miles, Kethumathee Hotel & Banquet has concierge services, non-smoking rooms, a garden, free WiFi and a terrace.","· 17 reviews","Opens in new window","Ratnapura","Scored 8.5","Show prices","8.5","Very Good","Show on map","","https://cf.bstatic.com/xdata/images/hotel/square600/262769082.webp?k=2c732408a7495e17b24ef3473730aa51aaf9b5941f0c90080500c41ba2d9e9f6&o="
"1777054999-178","https://www.booking.com/searchresults.html?label=bristol-XLwodozx2dVe8Ts0XeYuawS752260715469%3Apl%3Ata%3Ap1%3Ap2%3Aac%3Aap%3Aneg%3Afi%3Atikwd-869815001187%3Alp1009919%3Ali%3Adec%3Adm%3Appccp%3DUmFuZG9tSVYkc2RlIyh9YXdX6HrtnYy-Ml68sH-ljtU&aid=311984&dest_id=198&dest_type=country&group_adults=2&req_adults=2&no_rooms=1&broad_search_not_eligible=1&order=score&nflt=ht_id%3D204%3Bht_id%3D213%3Bht_id%3D201%3Bht_id%3D216%3Bht_id%3D222%3Bht_id%3D221%3Bht_id%3D206%3Btop_destinations%3D6023%3Buf%3D-2237982%3Buf%3D-2235153%3Buf%3D-2213814%3Buf%3D-2216852%3Buf%3D-2213367%3Buf%3D-2234806%3Buf%3D-2221617","","jungle safari home stay","Value for money 9.1","Featuring mountain views, jungle safari home stay in Udawalawe offers accommodations, massage services, a garden, and a terrace.","· 19 reviews","Opens in new window","Udawalawe","Scored 8.5","Show prices","8.5","Very Good","Show on map","","https://cf.bstatic.com/xdata/images/hotel/square600/681613574.webp?k=26340ce0e2909cc24a6bfef2017aacd0d3a6a432ccd3d672c7b20b0fb7f28e38&o="
"1777054999-179","https://www.booking.com/searchresults.html?label=bristol-XLwodozx2dVe8Ts0XeYuawS752260715469%3Apl%3Ata%3Ap1%3Ap2%3Aac%3Aap%3Aneg%3Afi%3Atikwd-869815001187%3Alp1009919%3Ali%3Adec%3Adm%3Appccp%3DUmFuZG9tSVYkc2RlIyh9YXdX6HrtnYy-Ml68sH-ljtU&aid=311984&dest_id=198&dest_type=country&group_adults=2&req_adults=2&no_rooms=1&broad_search_not_eligible=1&order=score&nflt=ht_id%3D204%3Bht_id%3D213%3Bht_id%3D201%3Bht_id%3D216%3Bht_id%3D222%3Bht_id%3D221%3Bht_id%3D206%3Btop_destinations%3D6023%3Buf%3D-2237982%3Buf%3D-2235153%3Buf%3D-2213814%3Buf%3D-2216852%3Buf%3D-2213367%3Buf%3D-2234806%3Buf%3D-2221617","","Royal Reach Udawalawe","Value for money 8.5","Located in Udawalawe, 13 miles from Udawalawe National Park, Royal Reach Udawalawe has accommodations with an outdoor swimming pool, free private parking, a fitness center and a garden.","· 181 reviews","Opens in new window","Udawalawe","Scored 8.4","Show prices","8.4","Very Good","Show on map","","https://cf.bstatic.com/xdata/images/hotel/square600/417455623.webp?k=d222da5aa6c796c6ce324014d94450d75557cce2f3d0316bc4053aff68d031c6&o="
"1777054999-180","https://www.booking.com/searchresults.html?label=bristol-XLwodozx2dVe8Ts0XeYuawS752260715469%3Apl%3Ata%3Ap1%3Ap2%3Aac%3Aap%3Aneg%3Afi%3Atikwd-869815001187%3Alp1009919%3Ali%3Adec%3Adm%3Appccp%3DUmFuZG9tSVYkc2RlIyh9YXdX6HrtnYy-Ml68sH-ljtU&aid=311984&dest_id=198&dest_type=country&group_adults=2&req_adults=2&no_rooms=1&broad_search_not_eligible=1&order=score&nflt=ht_id%3D204%3Bht_id%3D213%3Bht_id%3D201%3Bht_id%3D216%3Bht_id%3D222%3Bht_id%3D221%3Bht_id%3D206%3Btop_destinations%3D6023%3Buf%3D-2237982%3Buf%3D-2235153%3Buf%3D-2213814%3Buf%3D-2216852%3Buf%3D-2213367%3Buf%3D-2234806%3Buf%3D-2221617","","Athgira River Camping - Udawalawe","","Athgira River Camp is located at the door step of Udawalawe National Park with views of Rakwana River. It’s very close to Udawalawe reservoir and to the Elephant Orphanage.","· 284 reviews","Opens in new window","Udawalawe","Scored 8.4","Show prices","8.4","Very Good","Show on map","","https://cf.bstatic.com/xdata/images/hotel/square600/699169578.webp?k=00e934f7dc945caa749caf486aebff824d9dc3107ca83980876ad88a9396a11f&o="
"1777054999-181","https://www.booking.com/searchresults.html?label=bristol-XLwodozx2dVe8Ts0XeYuawS752260715469%3Apl%3Ata%3Ap1%3Ap2%3Aac%3Aap%3Aneg%3Afi%3Atikwd-869815001187%3Alp1009919%3Ali%3Adec%3Adm%3Appccp%3DUmFuZG9tSVYkc2RlIyh9YXdX6HrtnYy-Ml68sH-ljtU&aid=311984&dest_id=198&dest_type=country&group_adults=2&req_adults=2&no_rooms=1&broad_search_not_eligible=1&order=score&nflt=ht_id%3D204%3Bht_id%3D213%3Bht_id%3D201%3Bht_id%3D216%3Bht_id%3D222%3Bht_id%3D221%3Bht_id%3D206%3Btop_destinations%3D6023%3Buf%3D-2237982%3Buf%3D-2235153%3Buf%3D-2213814%3Buf%3D-2216852%3Buf%3D-2213367%3Buf%3D-2234806%3Buf%3D-2221617","","Elephant Rest Udawalawa","Value for money 8.9","Located in Udawalawe, 4 miles from Udawalawe National Park, Elephant Rest Udawalawa has accommodations with an outdoor swimming pool, free private parking, a garden and a terrace.","· 192 reviews","Opens in new window","Udawalawe","Scored 8.4","Show prices","8.4","Very Good","Show on map","","https://cf.bstatic.com/xdata/images/hotel/square600/519778839.webp?k=4c87a17056be52a1a784a44d7acc64c62f5fb17424610371f1677f35c4abd5d7&o="
"1777054999-182","https://www.booking.com/searchresults.html?label=bristol-XLwodozx2dVe8Ts0XeYuawS752260715469%3Apl%3Ata%3Ap1%3Ap2%3Aac%3Aap%3Aneg%3Afi%3Atikwd-869815001187%3Alp1009919%3Ali%3Adec%3Adm%3Appccp%3DUmFuZG9tSVYkc2RlIyh9YXdX6HrtnYy-Ml68sH-ljtU&aid=311984&dest_id=198&dest_type=country&group_adults=2&req_adults=2&no_rooms=1&broad_search_not_eligible=1&order=score&nflt=ht_id%3D204%3Bht_id%3D213%3Bht_id%3D201%3Bht_id%3D216%3Bht_id%3D222%3Bht_id%3D221%3Bht_id%3D206%3Btop_destinations%3D6023%3Buf%3D-2237982%3Buf%3D-2235153%3Buf%3D-2213814%3Buf%3D-2216852%3Buf%3D-2213367%3Buf%3D-2234806%3Buf%3D-2221617","","Peacock Riverside","Value for money 10","Located in Udawalawe, 7.5 miles from Udawalawe National Park, Peacock Riverside has accommodations with a garden and free private parking.","· 27 reviews","Opens in new window","Udawalawe","Scored 8.4","Show prices","8.4","Very Good","Show on map","","https://cf.bstatic.com/xdata/images/hotel/square600/587369648.webp?k=c6b6f89a2f35da05adaa046b03c8cb543d0886b387b6f859cb6eac20ed22b36f&o="
"1777054999-183","https://www.booking.com/searchresults.html?label=bristol-XLwodozx2dVe8Ts0XeYuawS752260715469%3Apl%3Ata%3Ap1%3Ap2%3Aac%3Aap%3Aneg%3Afi%3Atikwd-869815001187%3Alp1009919%3Ali%3Adec%3Adm%3Appccp%3DUmFuZG9tSVYkc2RlIyh9YXdX6HrtnYy-Ml68sH-ljtU&aid=311984&dest_id=198&dest_type=country&group_adults=2&req_adults=2&no_rooms=1&broad_search_not_eligible=1&order=score&nflt=ht_id%3D204%3Bht_id%3D213%3Bht_id%3D201%3Bht_id%3D216%3Bht_id%3D222%3Bht_id%3D221%3Bht_id%3D206%3Btop_destinations%3D6023%3Buf%3D-2237982%3Buf%3D-2235153%3Buf%3D-2213814%3Buf%3D-2216852%3Buf%3D-2213367%3Buf%3D-2234806%3Buf%3D-2221617","","Sunglow Safari Resort","Value for money 9.1","Sunglow Safari Resort in Udawalawe provides accommodations with a garden and a bar. There's a sun terrace and guests can access free Wifi and free private parking.","· 39 reviews","Opens in new window","Udawalawe","Scored 8.4","Show prices","8.4","Very Good","Show on map","","https://cf.bstatic.com/xdata/images/hotel/square600/766149072.webp?k=d2c49d4fba87e6ee935f99c0429960cde4423b189efba0fa26dfd17dd17aaa38&o="
"1777054999-184","https://www.booking.com/searchresults.html?label=bristol-XLwodozx2dVe8Ts0XeYuawS752260715469%3Apl%3Ata%3Ap1%3Ap2%3Aac%3Aap%3Aneg%3Afi%3Atikwd-869815001187%3Alp1009919%3Ali%3Adec%3Adm%3Appccp%3DUmFuZG9tSVYkc2RlIyh9YXdX6HrtnYy-Ml68sH-ljtU&aid=311984&dest_id=198&dest_type=country&group_adults=2&req_adults=2&no_rooms=1&broad_search_not_eligible=1&order=score&nflt=ht_id%3D204%3Bht_id%3D213%3Bht_id%3D201%3Bht_id%3D216%3Bht_id%3D222%3Bht_id%3D221%3Bht_id%3D206%3Btop_destinations%3D6023%3Buf%3D-2237982%3Buf%3D-2235153%3Buf%3D-2213814%3Buf%3D-2216852%3Buf%3D-2213367%3Buf%3D-2234806%3Buf%3D-2221617","","Sandalwood Cottage","Value for money 9.7","Located in Udawalawe, 11 miles from Udawalawe National Park, Sandalwood Cottage provides accommodations with a garden, free private parking, a terrace and a restaurant.","· 40 reviews","Opens in new window","Udawalawe","Scored 8.4","Show prices","8.4","Very Good","Show on map","","https://cf.bstatic.com/xdata/images/hotel/square600/347179756.webp?k=1a9476c166acc4a39d983643e6e3629eb64f00f2366a29a2f93baeec8d24e261&o="
"1777054999-185","https://www.booking.com/searchresults.html?label=bristol-XLwodozx2dVe8Ts0XeYuawS752260715469%3Apl%3Ata%3Ap1%3Ap2%3Aac%3Aap%3Aneg%3Afi%3Atikwd-869815001187%3Alp1009919%3Ali%3Adec%3Adm%3Appccp%3DUmFuZG9tSVYkc2RlIyh9YXdX6HrtnYy-Ml68sH-ljtU&aid=311984&dest_id=198&dest_type=country&group_adults=2&req_adults=2&no_rooms=1&broad_search_not_eligible=1&order=score&nflt=ht_id%3D204%3Bht_id%3D213%3Bht_id%3D201%3Bht_id%3D216%3Bht_id%3D222%3Bht_id%3D221%3Bht_id%3D206%3Btop_destinations%3D6023%3Buf%3D-2237982%3Buf%3D-2235153%3Buf%3D-2213814%3Buf%3D-2216852%3Buf%3D-2213367%3Buf%3D-2234806%3Buf%3D-2221617","","Birds Paradise Inn","Value for money 8.6","Located in Udawalawe, 6.3 miles from Udawalawe National Park, Birds Paradise Inn provides accommodations with an outdoor swimming pool, free private parking, a garden and a shared lounge.","· 67 reviews","Opens in new window","Udawalawe","Scored 8.3","Show prices","8.3","Very Good","Show on map","","https://cf.bstatic.com/xdata/images/hotel/square600/232437523.webp?k=a58983477fa06c18757eed1b5c9c6499b6289dff334bdf9da2473cef4b41ae1b&o="
"1777054999-186","https://www.booking.com/searchresults.html?label=bristol-XLwodozx2dVe8Ts0XeYuawS752260715469%3Apl%3Ata%3Ap1%3Ap2%3Aac%3Aap%3Aneg%3Afi%3Atikwd-869815001187%3Alp1009919%3Ali%3Adec%3Adm%3Appccp%3DUmFuZG9tSVYkc2RlIyh9YXdX6HrtnYy-Ml68sH-ljtU&aid=311984&dest_id=198&dest_type=country&group_adults=2&req_adults=2&no_rooms=1&broad_search_not_eligible=1&order=score&nflt=ht_id%3D204%3Bht_id%3D213%3Bht_id%3D201%3Bht_id%3D216%3Bht_id%3D222%3Bht_id%3D221%3Bht_id%3D206%3Btop_destinations%3D6023%3Buf%3D-2237982%3Buf%3D-2235153%3Buf%3D-2213814%3Buf%3D-2216852%3Buf%3D-2213367%3Buf%3D-2234806%3Buf%3D-2221617","","Kurunduketiya Private Rainforest Resort","Location 9.7","Providing an open-air bath, Kurunduketiya Private Rainforest Resort offers accommodations in Kalawana. Guests can benefit from a balcony and an outdoor fireplace.","· 31 reviews","Opens in new window","Kalawana","Scored 8.3","Show prices","8.3","Very Good","Show on map","","https://cf.bstatic.com/xdata/images/hotel/square600/548346797.webp?k=ce0d52d4f3e4217e5c78313eb757aa8b5049c77f9b6c1d16de3a0651a63685ac&o="
"1777054999-187","https://www.booking.com/searchresults.html?label=bristol-XLwodozx2dVe8Ts0XeYuawS752260715469%3Apl%3Ata%3Ap1%3Ap2%3Aac%3Aap%3Aneg%3Afi%3Atikwd-869815001187%3Alp1009919%3Ali%3Adec%3Adm%3Appccp%3DUmFuZG9tSVYkc2RlIyh9YXdX6HrtnYy-Ml68sH-ljtU&aid=311984&dest_id=198&dest_type=country&group_adults=2&req_adults=2&no_rooms=1&broad_search_not_eligible=1&order=score&nflt=ht_id%3D204%3Bht_id%3D213%3Bht_id%3D201%3Bht_id%3D216%3Bht_id%3D222%3Bht_id%3D221%3Bht_id%3D206%3Btop_destinations%3D6023%3Buf%3D-2237982%3Buf%3D-2235153%3Buf%3D-2213814%3Buf%3D-2216852%3Buf%3D-2213367%3Buf%3D-2234806%3Buf%3D-2221617","","Hotel Athgira","Value for money 8.5","Hotel Athgira features accommodations with an outdoor swimming pool. With a garden, the property also features a shared lounge. The accommodations offers a 24-hour front desk as well as free WiFi.","· 71 reviews","Opens in new window","Udawalawe","Scored 8.2","Show prices","8.2","Very Good","Show on map","","https://cf.bstatic.com/xdata/images/hotel/square600/497917552.webp?k=a04ac8f27891a554ab3a45a778cb3f4a6835e9a3a7349a2fc29f42ae0dd7f072&o="
"1777054999-188","https://www.booking.com/searchresults.html?label=bristol-XLwodozx2dVe8Ts0XeYuawS752260715469%3Apl%3Ata%3Ap1%3Ap2%3Aac%3Aap%3Aneg%3Afi%3Atikwd-869815001187%3Alp1009919%3Ali%3Adec%3Adm%3Appccp%3DUmFuZG9tSVYkc2RlIyh9YXdX6HrtnYy-Ml68sH-ljtU&aid=311984&dest_id=198&dest_type=country&group_adults=2&req_adults=2&no_rooms=1&broad_search_not_eligible=1&order=score&nflt=ht_id%3D204%3Bht_id%3D213%3Bht_id%3D201%3Bht_id%3D216%3Bht_id%3D222%3Bht_id%3D221%3Bht_id%3D206%3Btop_destinations%3D6023%3Buf%3D-2237982%3Buf%3D-2235153%3Buf%3D-2213814%3Buf%3D-2216852%3Buf%3D-2213367%3Buf%3D-2234806%3Buf%3D-2221617","","Centauria Lake Resort","Value for money 9.0","Located in Embilipitiya and with Udawalawe National Park reachable within 21 miles, Centauria Lake Resort provides concierge services, non-smoking rooms, a garden, free WiFi and a shared lounge.","· 37 reviews","Opens in new window","Embilipitiya","Scored 8.2","Show prices","8.2","Very Good","Show on map","","https://cf.bstatic.com/xdata/images/hotel/square600/679808445.webp?k=d99add3a5d977137bf05dfacd5df91f8afa95693c5890e142c09110a4034707e&o="
"1777054999-189","https://www.booking.com/searchresults.html?label=bristol-XLwodozx2dVe8Ts0XeYuawS752260715469%3Apl%3Ata%3Ap1%3Ap2%3Aac%3Aap%3Aneg%3Afi%3Atikwd-869815001187%3Alp1009919%3Ali%3Adec%3Adm%3Appccp%3DUmFuZG9tSVYkc2RlIyh9YXdX6HrtnYy-Ml68sH-ljtU&aid=311984&dest_id=198&dest_type=country&group_adults=2&req_adults=2&no_rooms=1&broad_search_not_eligible=1&order=score&nflt=ht_id%3D204%3Bht_id%3D213%3Bht_id%3D201%3Bht_id%3D216%3Bht_id%3D222%3Bht_id%3D221%3Bht_id%3D206%3Btop_destinations%3D6023%3Buf%3D-2237982%3Buf%3D-2235153%3Buf%3D-2213814%3Buf%3D-2216852%3Buf%3D-2213367%3Buf%3D-2234806%3Buf%3D-2221617","","Grand Udawalawe Safari Resort","","Located within a 10-minute drive from the famous Udawalawe National Park, Grand Udawalawe Safari Resort features an outdoor swimming pool and offers spacious rooms with views of the surrounding...","· 200 reviews","Opens in new window","Udawalawe","Scored 8.2","Show prices","8.2","Very Good","Show on map","","https://cf.bstatic.com/xdata/images/hotel/square600/66248630.webp?k=f4d1716ca9a8cc52416efcf4034a3e7a0b835356937e797c5dd06d269dd3ff2e&o="
"1777054999-190","https://www.booking.com/searchresults.html?label=bristol-XLwodozx2dVe8Ts0XeYuawS752260715469%3Apl%3Ata%3Ap1%3Ap2%3Aac%3Aap%3Aneg%3Afi%3Atikwd-869815001187%3Alp1009919%3Ali%3Adec%3Adm%3Appccp%3DUmFuZG9tSVYkc2RlIyh9YXdX6HrtnYy-Ml68sH-ljtU&aid=311984&dest_id=198&dest_type=country&group_adults=2&req_adults=2&no_rooms=1&broad_search_not_eligible=1&order=score&nflt=ht_id%3D204%3Bht_id%3D213%3Bht_id%3D201%3Bht_id%3D216%3Bht_id%3D222%3Bht_id%3D221%3Bht_id%3D206%3Btop_destinations%3D6023%3Buf%3D-2237982%3Buf%3D-2235153%3Buf%3D-2213814%3Buf%3D-2216852%3Buf%3D-2213367%3Buf%3D-2234806%3Buf%3D-2221617","","Traget safari home stay","Value for money 8.7","Traget safari home stay offers air-conditioned rooms in Udawalawe. This property offers access to a terrace and free private parking.","· 50 reviews","Opens in new window","Udawalawe","Scored 8.2","Show prices","8.2","Very Good","Show on map","","https://cf.bstatic.com/xdata/images/hotel/square600/821477879.webp?k=637c2d7285c495b4e5c24d346a2489702df01b21ae0622242f3ed216ae19557d&o="
"1777054999-191","https://www.booking.com/searchresults.html?label=bristol-XLwodozx2dVe8Ts0XeYuawS752260715469%3Apl%3Ata%3Ap1%3Ap2%3Aac%3Aap%3Aneg%3Afi%3Atikwd-869815001187%3Alp1009919%3Ali%3Adec%3Adm%3Appccp%3DUmFuZG9tSVYkc2RlIyh9YXdX6HrtnYy-Ml68sH-ljtU&aid=311984&dest_id=198&dest_type=country&group_adults=2&req_adults=2&no_rooms=1&broad_search_not_eligible=1&order=score&nflt=ht_id%3D204%3Bht_id%3D213%3Bht_id%3D201%3Bht_id%3D216%3Bht_id%3D222%3Bht_id%3D221%3Bht_id%3D206%3Btop_destinations%3D6023%3Buf%3D-2237982%3Buf%3D-2235153%3Buf%3D-2213814%3Buf%3D-2216852%3Buf%3D-2213367%3Buf%3D-2234806%3Buf%3D-2221617","","ground eco lodge","Value for money 9.1","Featuring a garden, ground eco lodge provides accommodations in Belihuloya. This property offers access to a balcony, free private parking, and free Wifi.","· 21 reviews","Opens in new window","Belihuloya","Scored 8.2","Show prices","8.2","Very Good","Show on map","","https://cf.bstatic.com/xdata/images/hotel/square600/573273335.webp?k=03a58061a83be3458db4624cf40a603e1aa8c8d898ffe23af14f83f4ba945a98&o="
"1777054999-192","https://www.booking.com/searchresults.html?label=bristol-XLwodozx2dVe8Ts0XeYuawS752260715469%3Apl%3Ata%3Ap1%3Ap2%3Aac%3Aap%3Aneg%3Afi%3Atikwd-869815001187%3Alp1009919%3Ali%3Adec%3Adm%3Appccp%3DUmFuZG9tSVYkc2RlIyh9YXdX6HrtnYy-Ml68sH-ljtU&aid=311984&dest_id=198&dest_type=country&group_adults=2&req_adults=2&no_rooms=1&broad_search_not_eligible=1&order=score&nflt=ht_id%3D204%3Bht_id%3D213%3Bht_id%3D201%3Bht_id%3D216%3Bht_id%3D222%3Bht_id%3D221%3Bht_id%3D206%3Btop_destinations%3D6023%3Buf%3D-2237982%3Buf%3D-2235153%3Buf%3D-2213814%3Buf%3D-2216852%3Buf%3D-2213367%3Buf%3D-2234806%3Buf%3D-2221617","","Windy Hills Glamping","Value for money 8.5","Offering mountain views, Windy Hills Glamping in Belihuloya has accommodations, an outdoor swimming pool, a garden, a shared lounge, a terrace and a restaurant.","· 7 reviews","Opens in new window","Belihuloya","Scored 8.2","Show prices","8.2","Very Good","Show on map","","https://cf.bstatic.com/xdata/images/hotel/square600/753030952.webp?k=1e8bc03a867cb1f66485eca2a15fa20f0bdefffc33d3a931636086c3029b7055&o="
"1777054999-193","https://www.booking.com/searchresults.html?label=bristol-XLwodozx2dVe8Ts0XeYuawS752260715469%3Apl%3Ata%3Ap1%3Ap2%3Aac%3Aap%3Aneg%3Afi%3Atikwd-869815001187%3Alp1009919%3Ali%3Adec%3Adm%3Appccp%3DUmFuZG9tSVYkc2RlIyh9YXdX6HrtnYy-Ml68sH-ljtU&aid=311984&dest_id=198&dest_type=country&group_adults=2&req_adults=2&no_rooms=1&broad_search_not_eligible=1&order=score&nflt=ht_id%3D204%3Bht_id%3D213%3Bht_id%3D201%3Bht_id%3D216%3Bht_id%3D222%3Bht_id%3D221%3Bht_id%3D206%3Btop_destinations%3D6023%3Buf%3D-2237982%3Buf%3D-2235153%3Buf%3D-2213814%3Buf%3D-2216852%3Buf%3D-2213367%3Buf%3D-2234806%3Buf%3D-2221617","","Laya Leisure Resort & Spa","","A short drive from Colombo’s city center, Laya Leisure Resort & Spa welcomes guests with an outdoor swimming pool and panoramic nature views.","· 5 reviews","Opens in new window","Kalawana","Scored 8.2","Show prices","8.2","Very Good","Show on map","","https://cf.bstatic.com/xdata/images/hotel/square600/348005029.webp?k=2aec204cf48c30b4159fef8dac10f1312ba44e0a9ae5e17579314418a956919f&o="
"1777054999-194","https://www.booking.com/searchresults.html?label=bristol-XLwodozx2dVe8Ts0XeYuawS752260715469%3Apl%3Ata%3Ap1%3Ap2%3Aac%3Aap%3Aneg%3Afi%3Atikwd-869815001187%3Alp1009919%3Ali%3Adec%3Adm%3Appccp%3DUmFuZG9tSVYkc2RlIyh9YXdX6HrtnYy-Ml68sH-ljtU&aid=311984&dest_id=198&dest_type=country&group_adults=2&req_adults=2&no_rooms=1&broad_search_not_eligible=1&order=score&nflt=ht_id%3D204%3Bht_id%3D213%3Bht_id%3D201%3Bht_id%3D216%3Bht_id%3D222%3Bht_id%3D221%3Bht_id%3D206%3Btop_destinations%3D6023%3Buf%3D-2237982%3Buf%3D-2235153%3Buf%3D-2213814%3Buf%3D-2216852%3Buf%3D-2213367%3Buf%3D-2234806%3Buf%3D-2221617","","Siyambala Resort - Udawalawa","Value for money 8.9","Located in Udawalawe, 6.8 miles from Udawalawe National Park, Siyambala Resort - Udawalawa has accommodations with a garden, free private parking, a terrace and a bar.","· 78 reviews","Opens in new window","Udawalawe","Scored 8.1","Show prices","8.1","Very Good","Show on map","","https://cf.bstatic.com/xdata/images/hotel/square600/625366487.webp?k=19ecd6d8543927ca7e930e4051baa1e821a8402427b0864d845389cfd7b7f69e&o="
"1777054999-195","https://www.booking.com/searchresults.html?label=bristol-XLwodozx2dVe8Ts0XeYuawS752260715469%3Apl%3Ata%3Ap1%3Ap2%3Aac%3Aap%3Aneg%3Afi%3Atikwd-869815001187%3Alp1009919%3Ali%3Adec%3Adm%3Appccp%3DUmFuZG9tSVYkc2RlIyh9YXdX6HrtnYy-Ml68sH-ljtU&aid=311984&dest_id=198&dest_type=country&group_adults=2&req_adults=2&no_rooms=1&broad_search_not_eligible=1&order=score&nflt=ht_id%3D204%3Bht_id%3D213%3Bht_id%3D201%3Bht_id%3D216%3Bht_id%3D222%3Bht_id%3D221%3Bht_id%3D206%3Btop_destinations%3D6023%3Buf%3D-2237982%3Buf%3D-2235153%3Buf%3D-2213814%3Buf%3D-2216852%3Buf%3D-2213367%3Buf%3D-2234806%3Buf%3D-2221617","","Elephant Trail","","Offering an outdoor swimming pool, Elephant Trails provides free WiFi access in the public areas of the property.","· 365 reviews","Opens in new window","Udawalawe","Scored 8.1","Show prices","8.1","Very Good","Show on map","","https://cf.bstatic.com/xdata/images/hotel/square600/321074787.webp?k=1fb30c74b59fdb145f020b697a448dfa67789be0f2551c304bdd8b3113a56b36&o="
"1777054999-196","https://www.booking.com/searchresults.html?label=bristol-XLwodozx2dVe8Ts0XeYuawS752260715469%3Apl%3Ata%3Ap1%3Ap2%3Aac%3Aap%3Aneg%3Afi%3Atikwd-869815001187%3Alp1009919%3Ali%3Adec%3Adm%3Appccp%3DUmFuZG9tSVYkc2RlIyh9YXdX6HrtnYy-Ml68sH-ljtU&aid=311984&dest_id=198&dest_type=country&group_adults=2&req_adults=2&no_rooms=1&broad_search_not_eligible=1&order=score&nflt=ht_id%3D204%3Bht_id%3D213%3Bht_id%3D201%3Bht_id%3D216%3Bht_id%3D222%3Bht_id%3D221%3Bht_id%3D206%3Btop_destinations%3D6023%3Buf%3D-2237982%3Buf%3D-2235153%3Buf%3D-2213814%3Buf%3D-2216852%3Buf%3D-2213367%3Buf%3D-2234806%3Buf%3D-2221617","","Nil Diya Mankada Safari Lodge","","Nil Diya Mankada Safari Lodge is located in Udawalawe, 5.6 mi from Udawalawe National Park. Guests can enjoy the on-site restaurant.","· 58 reviews","Opens in new window","Udawalawe","Scored 8.1","Show prices","8.1","Very Good","Show on map","","https://cf.bstatic.com/xdata/images/hotel/square600/793985466.webp?k=b2bd0414596cfc23d2088362cb6aaf71c82cabbdce3a79c85f20a38ad5067cde&o="
"1777054999-197","https://www.booking.com/searchresults.html?label=bristol-XLwodozx2dVe8Ts0XeYuawS752260715469%3Apl%3Ata%3Ap1%3Ap2%3Aac%3Aap%3Aneg%3Afi%3Atikwd-869815001187%3Alp1009919%3Ali%3Adec%3Adm%3Appccp%3DUmFuZG9tSVYkc2RlIyh9YXdX6HrtnYy-Ml68sH-ljtU&aid=311984&dest_id=198&dest_type=country&group_adults=2&req_adults=2&no_rooms=1&broad_search_not_eligible=1&order=score&nflt=ht_id%3D204%3Bht_id%3D213%3Bht_id%3D201%3Bht_id%3D216%3Bht_id%3D222%3Bht_id%3D221%3Bht_id%3D206%3Btop_destinations%3D6023%3Buf%3D-2237982%3Buf%3D-2235153%3Buf%3D-2213814%3Buf%3D-2216852%3Buf%3D-2213367%3Buf%3D-2234806%3Buf%3D-2221617","","Tsuru Villa","","23 miles from Udawalawe National Park in Udawalawe, Tsuru Villa provides accommodations with access to an open-air bath. With mountain views, this accommodation features a swimming pool.","· 41 reviews","Opens in new window","Udawalawe","Scored 8.1","Show prices","8.1","Very Good","Show on map","","https://cf.bstatic.com/xdata/images/hotel/square600/594225651.webp?k=4a0b62b608f9221f744bc0a1430f6e81a0184c2b745e1393b4faef65c61b43ad&o="
"1777054999-198","https://www.booking.com/searchresults.html?label=bristol-XLwodozx2dVe8Ts0XeYuawS752260715469%3Apl%3Ata%3Ap1%3Ap2%3Aac%3Aap%3Aneg%3Afi%3Atikwd-869815001187%3Alp1009919%3Ali%3Adec%3Adm%3Appccp%3DUmFuZG9tSVYkc2RlIyh9YXdX6HrtnYy-Ml68sH-ljtU&aid=311984&dest_id=198&dest_type=country&group_adults=2&req_adults=2&no_rooms=1&broad_search_not_eligible=1&order=score&nflt=ht_id%3D204%3Bht_id%3D213%3Bht_id%3D201%3Bht_id%3D216%3Bht_id%3D222%3Bht_id%3D221%3Bht_id%3D206%3Btop_destinations%3D6023%3Buf%3D-2237982%3Buf%3D-2235153%3Buf%3D-2213814%3Buf%3D-2216852%3Buf%3D-2213367%3Buf%3D-2234806%3Buf%3D-2221617","","Rathna Gems Halt","Value for money 8.5","Rathna Gems Halt offers accommodations in Ratnapura, 26 miles from Avissawella Railway Station. This guest house provides free private parking and luggage storage space.","· 142 reviews","Opens in new window","Ratnapura","Scored 8.1","Show prices","8.1","Very Good","Show on map","","https://cf.bstatic.com/xdata/images/hotel/square600/164552889.webp?k=d04cffce0c25e42c76d4b1d143b6a3a376ef9091780a1fe16e4a0c496749a0f2&o="
"1777054999-199","https://www.booking.com/searchresults.html?label=bristol-XLwodozx2dVe8Ts0XeYuawS752260715469%3Apl%3Ata%3Ap1%3Ap2%3Aac%3Aap%3Aneg%3Afi%3Atikwd-869815001187%3Alp1009919%3Ali%3Adec%3Adm%3Appccp%3DUmFuZG9tSVYkc2RlIyh9YXdX6HrtnYy-Ml68sH-ljtU&aid=311984&dest_id=198&dest_type=country&group_adults=2&req_adults=2&no_rooms=1&broad_search_not_eligible=1&order=score&nflt=ht_id%3D204%3Bht_id%3D213%3Bht_id%3D201%3Bht_id%3D216%3Bht_id%3D222%3Bht_id%3D221%3Bht_id%3D206%3Btop_destinations%3D6023%3Buf%3D-2237982%3Buf%3D-2235153%3Buf%3D-2213814%3Buf%3D-2216852%3Buf%3D-2213367%3Buf%3D-2234806%3Buf%3D-2221617","","Discovery resort","Value for money 8.6","Located in Ratnapura, 29 miles from Avissawella Railway Station, Discovery resort provides accommodations with a garden, free private parking, a terrace and a restaurant.","· 96 reviews","Opens in new window","Ratnapura","Scored 7.9","Show prices","7.9","Good","Show on map","","https://cf.bstatic.com/xdata/images/hotel/square600/427680276.webp?k=f1b4c2962bcb121abfca8a6b9f161acf67ca2b28f3d7c99369b7ece61bdfe7f5&o="
"1777054999-200","https://www.booking.com/searchresults.html?label=bristol-XLwodozx2dVe8Ts0XeYuawS752260715469%3Apl%3Ata%3Ap1%3Ap2%3Aac%3Aap%3Aneg%3Afi%3Atikwd-869815001187%3Alp1009919%3Ali%3Adec%3Adm%3Appccp%3DUmFuZG9tSVYkc2RlIyh9YXdX6HrtnYy-Ml68sH-ljtU&aid=311984&dest_id=198&dest_type=country&group_adults=2&req_adults=2&no_rooms=1&broad_search_not_eligible=1&order=score&nflt=ht_id%3D204%3Bht_id%3D213%3Bht_id%3D201%3Bht_id%3D216%3Bht_id%3D222%3Bht_id%3D221%3Bht_id%3D206%3Btop_destinations%3D6023%3Buf%3D-2237982%3Buf%3D-2235153%3Buf%3D-2213814%3Buf%3D-2216852%3Buf%3D-2213367%3Buf%3D-2234806%3Buf%3D-2221617","","Greenwood Udawalawa Safari Resort","","Greenwood Udawalawa Safari Resort in Udawalawe provides adults-only accommodations with a garden, a terrace, and a bar.","· 49 reviews","Opens in new window","Udawalawe","Scored 7.9","Show prices","7.9","Good","Show on map","","https://cf.bstatic.com/xdata/images/hotel/square600/80700837.webp?k=1bae3122c55afa6f646134669fb990c2084e1ff217afd8db693b9abe9016131d&o="
"1777054999-201","https://www.booking.com/searchresults.html?label=bristol-XLwodozx2dVe8Ts0XeYuawS752260715469%3Apl%3Ata%3Ap1%3Ap2%3Aac%3Aap%3Aneg%3Afi%3Atikwd-869815001187%3Alp1009919%3Ali%3Adec%3Adm%3Appccp%3DUmFuZG9tSVYkc2RlIyh9YXdX6HrtnYy-Ml68sH-ljtU&aid=311984&dest_id=198&dest_type=country&group_adults=2&req_adults=2&no_rooms=1&broad_search_not_eligible=1&order=score&nflt=ht_id%3D204%3Bht_id%3D213%3Bht_id%3D201%3Bht_id%3D216%3Bht_id%3D222%3Bht_id%3D221%3Bht_id%3D206%3Btop_destinations%3D6023%3Buf%3D-2237982%3Buf%3D-2235153%3Buf%3D-2213814%3Buf%3D-2216852%3Buf%3D-2213367%3Buf%3D-2234806%3Buf%3D-2221617","","Le riya udawalawa safari villa","Value for money 9.0","A good location for a hassle-free stay in Udawalawe, Le riya udawalawa safari villa is a guest house surrounded by views of the pool.","· 36 reviews","Opens in new window","Udawalawe","Scored 7.9","Show prices","7.9","Good","Show on map","","https://cf.bstatic.com/xdata/images/hotel/square600/807891198.webp?k=3287c94ff10d8ae6d5fd106b80c9e0a3e18e447aeeb8c0c5f19d3a023ddcfadc&o="
"1777054999-202","https://www.booking.com/searchresults.html?label=bristol-XLwodozx2dVe8Ts0XeYuawS752260715469%3Apl%3Ata%3Ap1%3Ap2%3Aac%3Aap%3Aneg%3Afi%3Atikwd-869815001187%3Alp1009919%3Ali%3Adec%3Adm%3Appccp%3DUmFuZG9tSVYkc2RlIyh9YXdX6HrtnYy-Ml68sH-ljtU&aid=311984&dest_id=198&dest_type=country&group_adults=2&req_adults=2&no_rooms=1&broad_search_not_eligible=1&order=score&nflt=ht_id%3D204%3Bht_id%3D213%3Bht_id%3D201%3Bht_id%3D216%3Bht_id%3D222%3Bht_id%3D221%3Bht_id%3D206%3Btop_destinations%3D6023%3Buf%3D-2237982%3Buf%3D-2235153%3Buf%3D-2213814%3Buf%3D-2216852%3Buf%3D-2213367%3Buf%3D-2234806%3Buf%3D-2221617","","Peacock's Paradise Safari Hostel","Value for money 8.8","Offering a garden, Peacock's Paradise Safari Hostel provides accommodations in Udawalawe. There's a private entrance at the guest house for the convenience of those who stay.","· 57 reviews","Opens in new window","Udawalawe","Scored 7.9","Show prices","7.9","Good","Show on map","","https://cf.bstatic.com/xdata/images/hotel/square600/539278671.webp?k=db8f4207bb5b0d8e9cc46fc813b0b308e253dfb66a02f54866ca62aeb18a1284&o="
"1777054999-203","https://www.booking.com/searchresults.html?label=bristol-XLwodozx2dVe8Ts0XeYuawS752260715469%3Apl%3Ata%3Ap1%3Ap2%3Aac%3Aap%3Aneg%3Afi%3Atikwd-869815001187%3Alp1009919%3Ali%3Adec%3Adm%3Appccp%3DUmFuZG9tSVYkc2RlIyh9YXdX6HrtnYy-Ml68sH-ljtU&aid=311984&dest_id=198&dest_type=country&group_adults=2&req_adults=2&no_rooms=1&broad_search_not_eligible=1&order=score&nflt=ht_id%3D204%3Bht_id%3D213%3Bht_id%3D201%3Bht_id%3D216%3Bht_id%3D222%3Bht_id%3D221%3Bht_id%3D206%3Btop_destinations%3D6023%3Buf%3D-2237982%3Buf%3D-2235153%3Buf%3D-2213814%3Buf%3D-2216852%3Buf%3D-2213367%3Buf%3D-2234806%3Buf%3D-2221617","","Lotus Safari Bungalow","Value for money 9.6","Lotus Safari Bungalow offers a garden, as well as accommodations with a kitchen in Udawalawe. This homestay provides free private parking and free shuttle service.","· 13 reviews","Opens in new window","Udawalawe","Scored 7.9","Show prices","7.9","Good","Show on map","","https://cf.bstatic.com/xdata/images/hotel/square600/805220800.webp?k=0491ff21bd8010fce0192007e0943681b071b0b68c1e1cecc131bf65fa1964fa&o="
"1777054999-204","https://www.booking.com/searchresults.html?label=bristol-XLwodozx2dVe8Ts0XeYuawS752260715469%3Apl%3Ata%3Ap1%3Ap2%3Aac%3Aap%3Aneg%3Afi%3Atikwd-869815001187%3Alp1009919%3Ali%3Adec%3Adm%3Appccp%3DUmFuZG9tSVYkc2RlIyh9YXdX6HrtnYy-Ml68sH-ljtU&aid=311984&dest_id=198&dest_type=country&group_adults=2&req_adults=2&no_rooms=1&broad_search_not_eligible=1&order=score&nflt=ht_id%3D204%3Bht_id%3D213%3Bht_id%3D201%3Bht_id%3D216%3Bht_id%3D222%3Bht_id%3D221%3Bht_id%3D206%3Btop_destinations%3D6023%3Buf%3D-2237982%3Buf%3D-2235153%3Buf%3D-2213814%3Buf%3D-2216852%3Buf%3D-2213367%3Buf%3D-2234806%3Buf%3D-2221617","","The river face safari resort","Value for money 8.5","Featuring lake views, The river face safari resort in Udawalawe provides accommodations and a garden. This property offers access to a balcony and free private parking.","· 8 reviews","Opens in new window","Udawalawe","Scored 7.8","Show prices","7.8","Good","Show on map","","https://cf.bstatic.com/xdata/images/hotel/square600/769100072.webp?k=5d99b4d44aad4be17ccb4ff410b0852b54dca9fd263f5ca72663fa8fa5029747&o="
"1777054999-205","https://www.booking.com/searchresults.html?label=bristol-XLwodozx2dVe8Ts0XeYuawS752260715469%3Apl%3Ata%3Ap1%3Ap2%3Aac%3Aap%3Aneg%3Afi%3Atikwd-869815001187%3Alp1009919%3Ali%3Adec%3Adm%3Appccp%3DUmFuZG9tSVYkc2RlIyh9YXdX6HrtnYy-Ml68sH-ljtU&aid=311984&dest_id=198&dest_type=country&group_adults=2&req_adults=2&no_rooms=1&broad_search_not_eligible=1&order=score&nflt=ht_id%3D204%3Bht_id%3D213%3Bht_id%3D201%3Bht_id%3D216%3Bht_id%3D222%3Bht_id%3D221%3Bht_id%3D206%3Btop_destinations%3D6023%3Buf%3D-2237982%3Buf%3D-2235153%3Buf%3D-2213814%3Buf%3D-2216852%3Buf%3D-2213367%3Buf%3D-2234806%3Buf%3D-2221617","","Sennya Resorts","","Sennya Resorts has an outdoor swimming pool, garden, a shared lounge and terrace in Belihuloya. Featuring a restaurant, the 5-star hotel has air-conditioned rooms with a private bathroom.","· 11 reviews","Opens in new window","Belihuloya","Scored 7.8","Show prices","7.8","Good","Show on map","","https://cf.bstatic.com/xdata/images/hotel/square600/565652095.webp?k=c4bfe150620973ab17753a5082a872216483b20578e87e036e77420c3c2ab5a7&o="
"1777054999-206","https://www.booking.com/searchresults.html?label=bristol-XLwodozx2dVe8Ts0XeYuawS752260715469%3Apl%3Ata%3Ap1%3Ap2%3Aac%3Aap%3Aneg%3Afi%3Atikwd-869815001187%3Alp1009919%3Ali%3Adec%3Adm%3Appccp%3DUmFuZG9tSVYkc2RlIyh9YXdX6HrtnYy-Ml68sH-ljtU&aid=311984&dest_id=198&dest_type=country&group_adults=2&req_adults=2&no_rooms=1&broad_search_not_eligible=1&order=score&nflt=ht_id%3D204%3Bht_id%3D213%3Bht_id%3D201%3Bht_id%3D216%3Bht_id%3D222%3Bht_id%3D221%3Bht_id%3D206%3Btop_destinations%3D6023%3Buf%3D-2237982%3Buf%3D-2235153%3Buf%3D-2213814%3Buf%3D-2216852%3Buf%3D-2213367%3Buf%3D-2234806%3Buf%3D-2221617","","Green Village Safari Resort","Value for money 8.6","Green Village Safari Resort in Udawalawe provides accommodations with a garden and a bar. There's a private entrance at the guest house for the convenience of those who stay.","· 13 reviews","Opens in new window","Udawalawe","Scored 7.8","Show prices","7.8","Good","Show on map","","https://cf.bstatic.com/xdata/images/hotel/square600/483286614.webp?k=54cba152210a3460276eec9a24ac0d0ab17b8b3f9c9634bf86091ce9caedd34d&o="
"1777054999-207","https://www.booking.com/searchresults.html?label=bristol-XLwodozx2dVe8Ts0XeYuawS752260715469%3Apl%3Ata%3Ap1%3Ap2%3Aac%3Aap%3Aneg%3Afi%3Atikwd-869815001187%3Alp1009919%3Ali%3Adec%3Adm%3Appccp%3DUmFuZG9tSVYkc2RlIyh9YXdX6HrtnYy-Ml68sH-ljtU&aid=311984&dest_id=198&dest_type=country&group_adults=2&req_adults=2&no_rooms=1&broad_search_not_eligible=1&order=score&nflt=ht_id%3D204%3Bht_id%3D213%3Bht_id%3D201%3Bht_id%3D216%3Bht_id%3D222%3Bht_id%3D221%3Bht_id%3D206%3Btop_destinations%3D6023%3Buf%3D-2237982%3Buf%3D-2235153%3Buf%3D-2213814%3Buf%3D-2216852%3Buf%3D-2213367%3Buf%3D-2234806%3Buf%3D-2221617","","Chamaya Holiday Inn","Value for money 8.7","Chamaya Holiday Inn has a garden, shared lounge, a terrace and restaurant in Balangoda. The hotel features family rooms.","· 22 reviews","Opens in new window","Balangoda","Scored 7.8","Show prices","7.8","Good","Show on map","","https://cf.bstatic.com/xdata/images/hotel/square600/333988392.webp?k=0c1575584c07b4b27efee38e9f9d55023fd391ed34631ecb3a48cb62ead1ffc1&o="
"1777054999-208","https://www.booking.com/searchresults.html?label=bristol-XLwodozx2dVe8Ts0XeYuawS752260715469%3Apl%3Ata%3Ap1%3Ap2%3Aac%3Aap%3Aneg%3Afi%3Atikwd-869815001187%3Alp1009919%3Ali%3Adec%3Adm%3Appccp%3DUmFuZG9tSVYkc2RlIyh9YXdX6HrtnYy-Ml68sH-ljtU&aid=311984&dest_id=198&dest_type=country&group_adults=2&req_adults=2&no_rooms=1&broad_search_not_eligible=1&order=score&nflt=ht_id%3D204%3Bht_id%3D213%3Bht_id%3D201%3Bht_id%3D216%3Bht_id%3D222%3Bht_id%3D221%3Bht_id%3D206%3Btop_destinations%3D6023%3Buf%3D-2237982%3Buf%3D-2235153%3Buf%3D-2213814%3Buf%3D-2216852%3Buf%3D-2213367%3Buf%3D-2234806%3Buf%3D-2221617","","Centauria City Hotel","","Located in Embilipitiya, 18 miles from Udawalawe National Park, Centauria City Hotel has accommodations with a garden, free private parking, a terrace and a restaurant.","· 80 reviews","Opens in new window","Embilipitiya","Scored 7.7","Show prices","7.7","Good","Show on map","","https://cf.bstatic.com/xdata/images/hotel/square600/222854866.webp?k=d26df7ba63e4fcaad93497dbc90506c226ad3566a57cd4156e992b48c4c4a9d7&o="
"1777054999-209","https://www.booking.com/searchresults.html?label=bristol-XLwodozx2dVe8Ts0XeYuawS752260715469%3Apl%3Ata%3Ap1%3Ap2%3Aac%3Aap%3Aneg%3Afi%3Atikwd-869815001187%3Alp1009919%3Ali%3Adec%3Adm%3Appccp%3DUmFuZG9tSVYkc2RlIyh9YXdX6HrtnYy-Ml68sH-ljtU&aid=311984&dest_id=198&dest_type=country&group_adults=2&req_adults=2&no_rooms=1&broad_search_not_eligible=1&order=score&nflt=ht_id%3D204%3Bht_id%3D213%3Bht_id%3D201%3Bht_id%3D216%3Bht_id%3D222%3Bht_id%3D221%3Bht_id%3D206%3Btop_destinations%3D6023%3Buf%3D-2237982%3Buf%3D-2235153%3Buf%3D-2213814%3Buf%3D-2216852%3Buf%3D-2213367%3Buf%3D-2234806%3Buf%3D-2221617","","Pavana Resort","","Pavana Resort in Embilipitiya provides accommodations with a garden and a shared lounge. There's a private entrance at the guest house for the convenience of those who stay.","· 24 reviews","Opens in new window","Embilipitiya","Scored 7.7","Show prices","7.7","Good","Show on map","","https://cf.bstatic.com/xdata/images/hotel/square600/141670621.webp?k=26b4ae13fe2fe3a2cc45347672edc32c2542b62a41334562e620dcaac792de33&o="
"1777054999-210","https://www.booking.com/searchresults.html?label=bristol-XLwodozx2dVe8Ts0XeYuawS752260715469%3Apl%3Ata%3Ap1%3Ap2%3Aac%3Aap%3Aneg%3Afi%3Atikwd-869815001187%3Alp1009919%3Ali%3Adec%3Adm%3Appccp%3DUmFuZG9tSVYkc2RlIyh9YXdX6HrtnYy-Ml68sH-ljtU&aid=311984&dest_id=198&dest_type=country&group_adults=2&req_adults=2&no_rooms=1&broad_search_not_eligible=1&order=score&nflt=ht_id%3D204%3Bht_id%3D213%3Bht_id%3D201%3Bht_id%3D216%3Bht_id%3D222%3Bht_id%3D221%3Bht_id%3D206%3Btop_destinations%3D6023%3Buf%3D-2237982%3Buf%3D-2235153%3Buf%3D-2213814%3Buf%3D-2216852%3Buf%3D-2213367%3Buf%3D-2234806%3Buf%3D-2221617","","River Garden Resort","","River Garden Resort in Belihuloya has a garden and a restaurant. The property has a 24-hour front desk, airport transportation, room service and free WiFi. At the hotel, the rooms include a closet.","· 93 reviews","Opens in new window","Belihuloya","Scored 7.6","Show prices","7.6","Good","Show on map","","https://cf.bstatic.com/xdata/images/hotel/square600/275431847.webp?k=23e67630df247a900721187562ac025dc81a586b414fec4fbda5f7f9764cba33&o="
"1777054999-211","https://www.booking.com/searchresults.html?label=bristol-XLwodozx2dVe8Ts0XeYuawS752260715469%3Apl%3Ata%3Ap1%3Ap2%3Aac%3Aap%3Aneg%3Afi%3Atikwd-869815001187%3Alp1009919%3Ali%3Adec%3Adm%3Appccp%3DUmFuZG9tSVYkc2RlIyh9YXdX6HrtnYy-Ml68sH-ljtU&aid=311984&dest_id=198&dest_type=country&group_adults=2&req_adults=2&no_rooms=1&broad_search_not_eligible=1&order=score&nflt=ht_id%3D204%3Bht_id%3D213%3Bht_id%3D201%3Bht_id%3D216%3Bht_id%3D222%3Bht_id%3D221%3Bht_id%3D206%3Btop_destinations%3D6023%3Buf%3D-2237982%3Buf%3D-2235153%3Buf%3D-2213814%3Buf%3D-2216852%3Buf%3D-2213367%3Buf%3D-2234806%3Buf%3D-2221617","","Volunteer Ceylon","","Volunteer Ceylon offers accommodations in Ratnapura, 28 miles from Avissawella Railway Station. This property offers access to a terrace, free private parking, and free Wifi.","· 72 reviews","Opens in new window","Ratnapura","Scored 7.0","Show prices","7.0","Good","Show on map","","https://cf.bstatic.com/xdata/images/hotel/square600/102954020.webp?k=80b9234bc15bd201613d0af190c8246d9d545c8b5d0b522a9a14f190a0dc5260&o="
"1777054999-212","https://www.booking.com/searchresults.html?label=bristol-XLwodozx2dVe8Ts0XeYuawS752260715469%3Apl%3Ata%3Ap1%3Ap2%3Aac%3Aap%3Aneg%3Afi%3Atikwd-869815001187%3Alp1009919%3Ali%3Adec%3Adm%3Appccp%3DUmFuZG9tSVYkc2RlIyh9YXdX6HrtnYy-Ml68sH-ljtU&aid=311984&dest_id=198&dest_type=country&group_adults=2&req_adults=2&no_rooms=1&broad_search_not_eligible=1&order=score&nflt=ht_id%3D204%3Bht_id%3D213%3Bht_id%3D201%3Bht_id%3D216%3Bht_id%3D222%3Bht_id%3D221%3Bht_id%3D206%3Btop_destinations%3D6023%3Buf%3D-2237982%3Buf%3D-2235153%3Buf%3D-2213814%3Buf%3D-2216852%3Buf%3D-2213367%3Buf%3D-2234806%3Buf%3D-2221617","","A B C Hotel","","A B C Hotel in Udawalawe has 2-star accommodations with a garden, a terrace and a restaurant.","· 11 reviews","Opens in new window","Udawalawe","Scored 6.9","Show prices","6.9","Review score","Show on map","","https://cf.bstatic.com/xdata/images/hotel/square600/521086236.webp?k=3cd5d86039a7bffb9986566d5be4e4854a59af79c3ac056869c077b4011c0eaa&o="
"1777054999-213","https://www.booking.com/searchresults.html?label=bristol-XLwodozx2dVe8Ts0XeYuawS752260715469%3Apl%3Ata%3Ap1%3Ap2%3Aac%3Aap%3Aneg%3Afi%3Atikwd-869815001187%3Alp1009919%3Ali%3Adec%3Adm%3Appccp%3DUmFuZG9tSVYkc2RlIyh9YXdX6HrtnYy-Ml68sH-ljtU&aid=311984&dest_id=198&dest_type=country&group_adults=2&req_adults=2&no_rooms=1&broad_search_not_eligible=1&order=score&nflt=ht_id%3D204%3Bht_id%3D213%3Bht_id%3D201%3Bht_id%3D216%3Bht_id%3D222%3Bht_id%3D221%3Bht_id%3D206%3Btop_destinations%3D6023%3Buf%3D-2237982%3Buf%3D-2235153%3Buf%3D-2213814%3Buf%3D-2216852%3Buf%3D-2213367%3Buf%3D-2234806%3Buf%3D-2221617","","Hotel 4u Udawalawe","","Hotel 4u Udawalawe features an outdoor swimming pool, garden, a terrace and restaurant in Udawalawe. Featuring a bar, the 3-star hotel has air-conditioned rooms with a private bathroom.","· 51 reviews","Opens in new window","Udawalawe","Scored 6.9","Show prices","6.9","Review score","Show on map","","https://cf.bstatic.com/xdata/images/hotel/square600/829688845.webp?k=6a5742a53efca6e072a5ba6571d9a6f67cf7fbe5bff1a9c6c54f5a4a42ac748d&o="
"1777054999-214","https://www.booking.com/searchresults.html?label=bristol-XLwodozx2dVe8Ts0XeYuawS752260715469%3Apl%3Ata%3Ap1%3Ap2%3Aac%3Aap%3Aneg%3Afi%3Atikwd-869815001187%3Alp1009919%3Ali%3Adec%3Adm%3Appccp%3DUmFuZG9tSVYkc2RlIyh9YXdX6HrtnYy-Ml68sH-ljtU&aid=311984&dest_id=198&dest_type=country&group_adults=2&req_adults=2&no_rooms=1&broad_search_not_eligible=1&order=score&nflt=ht_id%3D204%3Bht_id%3D213%3Bht_id%3D201%3Bht_id%3D216%3Bht_id%3D222%3Bht_id%3D221%3Bht_id%3D206%3Btop_destinations%3D6023%3Buf%3D-2237982%3Buf%3D-2235153%3Buf%3D-2213814%3Buf%3D-2216852%3Buf%3D-2213367%3Buf%3D-2234806%3Buf%3D-2221617","","Meridian Holiday Resort","","Located in Ratnapura, 27 miles from Avissawella Railway Station, Meridian Holiday Resort provides accommodations with a garden, free private parking and a terrace.","· 21 reviews","Opens in new window","Ratnapura","Scored 6.9","Show prices","6.9","Review score","Show on map","","https://cf.bstatic.com/xdata/images/hotel/square600/592586040.webp?k=4c68e214aa64b9578200963a6c3931ad133a5de45d7edeb200e35d2b961f5214&o="
"1777054999-215","https://www.booking.com/searchresults.html?label=bristol-XLwodozx2dVe8Ts0XeYuawS752260715469%3Apl%3Ata%3Ap1%3Ap2%3Aac%3Aap%3Aneg%3Afi%3Atikwd-869815001187%3Alp1009919%3Ali%3Adec%3Adm%3Appccp%3DUmFuZG9tSVYkc2RlIyh9YXdX6HrtnYy-Ml68sH-ljtU&aid=311984&dest_id=198&dest_type=country&group_adults=2&req_adults=2&no_rooms=1&broad_search_not_eligible=1&order=score&nflt=ht_id%3D204%3Bht_id%3D213%3Bht_id%3D201%3Bht_id%3D216%3Bht_id%3D222%3Bht_id%3D221%3Bht_id%3D206%3Btop_destinations%3D6023%3Buf%3D-2237982%3Buf%3D-2235153%3Buf%3D-2213814%3Buf%3D-2216852%3Buf%3D-2213367%3Buf%3D-2234806%3Buf%3D-2221617","","The Royal Peak Resort","","The Royal Peak Resort is located in Ratnapura, 23 miles from Avissawella Railway Station. At the resort, each room is equipped with a closet.","· 8 reviews","Opens in new window","Ratnapura","Scored 6.9","Show prices","6.9","Review score","Show on map","","https://cf.bstatic.com/xdata/images/hotel/square600/754867292.webp?k=607f863c662629829002978ad1d8c109e1e2972729123ae7a8c6f2b94cadf761&o="
"1777054999-216","https://www.booking.com/searchresults.html?label=bristol-XLwodozx2dVe8Ts0XeYuawS752260715469%3Apl%3Ata%3Ap1%3Ap2%3Aac%3Aap%3Aneg%3Afi%3Atikwd-869815001187%3Alp1009919%3Ali%3Adec%3Adm%3Appccp%3DUmFuZG9tSVYkc2RlIyh9YXdX6HrtnYy-Ml68sH-ljtU&aid=311984&dest_id=198&dest_type=country&group_adults=2&req_adults=2&no_rooms=1&broad_search_not_eligible=1&order=score&nflt=ht_id%3D204%3Bht_id%3D213%3Bht_id%3D201%3Bht_id%3D216%3Bht_id%3D222%3Bht_id%3D221%3Bht_id%3D206%3Btop_destinations%3D6023%3Buf%3D-2237982%3Buf%3D-2235153%3Buf%3D-2213814%3Buf%3D-2216852%3Buf%3D-2213367%3Buf%3D-2234806%3Buf%3D-2221617","","Lake Side Safari Bungalow","","Featuring a garden, Lake Side Safari Bungalow provides accommodations in Udawalawe. The homestay features rooms with air conditioning, free private parking, and free Wifi.","· 5 reviews","Opens in new window","Udawalawe","Scored 6.6","Show prices","6.6","Review score","Show on map","","https://cf.bstatic.com/xdata/images/hotel/square600/767909927.webp?k=02762fd192eeb629ce2b69a1fc3f89cf5fcc0def6153a6e75d7b07c17607b9f1&o="
"1777054999-217","https://www.booking.com/searchresults.html?label=bristol-XLwodozx2dVe8Ts0XeYuawS752260715469%3Apl%3Ata%3Ap1%3Ap2%3Aac%3Aap%3Aneg%3Afi%3Atikwd-869815001187%3Alp1009919%3Ali%3Adec%3Adm%3Appccp%3DUmFuZG9tSVYkc2RlIyh9YXdX6HrtnYy-Ml68sH-ljtU&aid=311984&dest_id=198&dest_type=country&group_adults=2&req_adults=2&no_rooms=1&broad_search_not_eligible=1&order=score&nflt=ht_id%3D204%3Bht_id%3D213%3Bht_id%3D201%3Bht_id%3D216%3Bht_id%3D222%3Bht_id%3D221%3Bht_id%3D206%3Btop_destinations%3D6023%3Buf%3D-2237982%3Buf%3D-2235153%3Buf%3D-2213814%3Buf%3D-2216852%3Buf%3D-2213367%3Buf%3D-2234806%3Buf%3D-2221617","","Boulder Garden","","Boulder Garden has an outdoor swimming pool, garden, a terrace and restaurant in Kalawana. The property has a 24-hour front desk, a shuttle service, room service and free WiFi.","· 9 reviews","Opens in new window","Kalawana","Scored 6.6","Show prices","6.6","Review score","Show on map","","https://cf.bstatic.com/xdata/images/hotel/square600/25341054.webp?k=ba4d37303611e674f098bdf280c73021d0fdfefa2b2815804ec55be97f0522db&o="
"1777054999-218","https://www.booking.com/searchresults.html?label=bristol-XLwodozx2dVe8Ts0XeYuawS752260715469%3Apl%3Ata%3Ap1%3Ap2%3Aac%3Aap%3Aneg%3Afi%3Atikwd-869815001187%3Alp1009919%3Ali%3Adec%3Adm%3Appccp%3DUmFuZG9tSVYkc2RlIyh9YXdX6HrtnYy-Ml68sH-ljtU&aid=311984&dest_id=198&dest_type=country&group_adults=2&req_adults=2&no_rooms=1&broad_search_not_eligible=1&order=score&nflt=ht_id%3D204%3Bht_id%3D213%3Bht_id%3D201%3Bht_id%3D216%3Bht_id%3D222%3Bht_id%3D221%3Bht_id%3D206%3Btop_destinations%3D6023%3Buf%3D-2237982%3Buf%3D-2235153%3Buf%3D-2213814%3Buf%3D-2216852%3Buf%3D-2213367%3Buf%3D-2234806%3Buf%3D-2221617","","Queens Resort Udawalawa","","Located in Udawalawe, 9.4 miles from Udawalawe National Park, Queens Resort Udawalawa has accommodations with a garden, free private parking, a shared lounge and a terrace.","· 12 reviews","Opens in new window","Udawalawe","Scored 6.6","Show prices","6.6","Review score","Show on map","","https://cf.bstatic.com/xdata/images/hotel/square600/771436749.webp?k=023b78fd7131f7437aa31590a9a3fddea34c1041fffa3db63a9cf24b9c037cbc&o="
"1777054999-219","https://www.booking.com/searchresults.html?label=bristol-XLwodozx2dVe8Ts0XeYuawS752260715469%3Apl%3Ata%3Ap1%3Ap2%3Aac%3Aap%3Aneg%3Afi%3Atikwd-869815001187%3Alp1009919%3Ali%3Adec%3Adm%3Appccp%3DUmFuZG9tSVYkc2RlIyh9YXdX6HrtnYy-Ml68sH-ljtU&aid=311984&dest_id=198&dest_type=country&group_adults=2&req_adults=2&no_rooms=1&broad_search_not_eligible=1&order=score&nflt=ht_id%3D204%3Bht_id%3D213%3Bht_id%3D201%3Bht_id%3D216%3Bht_id%3D222%3Bht_id%3D221%3Bht_id%3D206%3Btop_destinations%3D6023%3Buf%3D-2237982%3Buf%3D-2235153%3Buf%3D-2213814%3Buf%3D-2216852%3Buf%3D-2213367%3Buf%3D-2234806%3Buf%3D-2221617","","Travellers Halt","","Featuring mountain views, Travellers Halt in Ratnapura features accommodations, an outdoor swimming pool, a garden, and a shared lounge.","· 10 reviews","Opens in new window","Ratnapura","Scored 6.4","Show prices","6.4","Review score","Show on map","","https://cf.bstatic.com/xdata/images/hotel/square600/141340157.webp?k=fc01ce3926e91f8e0850541201e4f833b83a2d4caac85e327d039cc9315500a5&o="
"1777054999-220","https://www.booking.com/searchresults.html?label=bristol-XLwodozx2dVe8Ts0XeYuawS752260715469%3Apl%3Ata%3Ap1%3Ap2%3Aac%3Aap%3Aneg%3Afi%3Atikwd-869815001187%3Alp1009919%3Ali%3Adec%3Adm%3Appccp%3DUmFuZG9tSVYkc2RlIyh9YXdX6HrtnYy-Ml68sH-ljtU&aid=311984&dest_id=198&dest_type=country&group_adults=2&req_adults=2&no_rooms=1&broad_search_not_eligible=1&order=score&nflt=ht_id%3D204%3Bht_id%3D213%3Bht_id%3D201%3Bht_id%3D216%3Bht_id%3D222%3Bht_id%3D221%3Bht_id%3D206%3Btop_destinations%3D6023%3Buf%3D-2237982%3Buf%3D-2235153%3Buf%3D-2213814%3Buf%3D-2216852%3Buf%3D-2213367%3Buf%3D-2234806%3Buf%3D-2221617","","Family Bricks Bungalow","","Providing a garden, Family Bricks Bungalow provides accommodations in Ratnapura. With free private parking, the property is 31 miles from Leisure World and 22 miles from Avissawella Railway Station.","· 8 reviews","Opens in new window","Ratnapura","Scored 6.4","Show prices","6.4","Review score","Show on map","","https://cf.bstatic.com/xdata/images/hotel/square600/666730247.webp?k=5c6e8fa9aa58807f43876dbd80eceae103259e34ef900916471937abf112d3d1&o="
"1777054999-221","https://www.booking.com/searchresults.html?label=bristol-XLwodozx2dVe8Ts0XeYuawS752260715469%3Apl%3Ata%3Ap1%3Ap2%3Aac%3Aap%3Aneg%3Afi%3Atikwd-869815001187%3Alp1009919%3Ali%3Adec%3Adm%3Appccp%3DUmFuZG9tSVYkc2RlIyh9YXdX6HrtnYy-Ml68sH-ljtU&aid=311984&dest_id=198&dest_type=country&group_adults=2&req_adults=2&no_rooms=1&broad_search_not_eligible=1&order=score&nflt=ht_id%3D204%3Bht_id%3D213%3Bht_id%3D201%3Bht_id%3D216%3Bht_id%3D222%3Bht_id%3D221%3Bht_id%3D206%3Btop_destinations%3D6023%3Buf%3D-2237982%3Buf%3D-2235153%3Buf%3D-2213814%3Buf%3D-2216852%3Buf%3D-2213367%3Buf%3D-2234806%3Buf%3D-2221617","","Share Safari Family Bungalow","","Share Safari Family Bungalow has a garden, terrace, a restaurant and bar in Udawalawe.","· 15 reviews","Opens in new window","Udawalawe","Scored 3.9","Show prices","3.9","Review score","Show on map","","https://cf.bstatic.com/xdata/images/hotel/square600/825914248.webp?k=3b869837879e8ae70e16ed55faccbe580ea7bf86b204c5cf4e796f473b75ebc2&o="
"1777054999-222","https://www.booking.com/searchresults.html?label=bristol-XLwodozx2dVe8Ts0XeYuawS752260715469%3Apl%3Ata%3Ap1%3Ap2%3Aac%3Aap%3Aneg%3Afi%3Atikwd-869815001187%3Alp1009919%3Ali%3Adec%3Adm%3Appccp%3DUmFuZG9tSVYkc2RlIyh9YXdX6HrtnYy-Ml68sH-ljtU&aid=311984&dest_id=198&dest_type=country&group_adults=2&req_adults=2&no_rooms=1&broad_search_not_eligible=1&order=score&nflt=ht_id%3D204%3Bht_id%3D213%3Bht_id%3D201%3Bht_id%3D216%3Bht_id%3D222%3Bht_id%3D221%3Bht_id%3D206%3Btop_destinations%3D6023%3Buf%3D-2237982%3Buf%3D-2235153%3Buf%3D-2213814%3Buf%3D-2216852%3Buf%3D-2213367%3Buf%3D-2234806%3Buf%3D-2221617","","Great Victoria Palace","","Located in Ratnapura, 30 miles from Leisure World, Great Victoria Palace provides accommodations with a garden, free private parking, a terrace and a restaurant.","· 3 reviews","Opens in new window","Ratnapura","Scored 7.0","Show prices","7.0","Good","Show on map","","https://cf.bstatic.com/xdata/images/hotel/square600/771561572.webp?k=ab1222bac1ee5329bd6908ca959023b939e13d826c647324a7087d1313adda11&o="
"1777054999-223","https://www.booking.com/searchresults.html?label=bristol-XLwodozx2dVe8Ts0XeYuawS752260715469%3Apl%3Ata%3Ap1%3Ap2%3Aac%3Aap%3Aneg%3Afi%3Atikwd-869815001187%3Alp1009919%3Ali%3Adec%3Adm%3Appccp%3DUmFuZG9tSVYkc2RlIyh9YXdX6HrtnYy-Ml68sH-ljtU&aid=311984&dest_id=198&dest_type=country&group_adults=2&req_adults=2&no_rooms=1&broad_search_not_eligible=1&order=score&nflt=ht_id%3D204%3Bht_id%3D213%3Bht_id%3D201%3Bht_id%3D216%3Bht_id%3D222%3Bht_id%3D221%3Bht_id%3D206%3Btop_destinations%3D6023%3Buf%3D-2237982%3Buf%3D-2235153%3Buf%3D-2213814%3Buf%3D-2216852%3Buf%3D-2213367%3Buf%3D-2234806%3Buf%3D-2221617","","Sinharaja Tea Garden Hotel","","Located in Rakwana, 30 miles from Udawalawe National Park, Sinharaja Tea Garden Hotel provides accommodations with a garden and free private parking.","· 3 reviews","Opens in new window","Rakwana","Scored 7.0","Show prices","7.0","Good","Show on map","","https://cf.bstatic.com/xdata/images/hotel/square600/499045492.webp?k=deb2934510e964008d1e066f8bf73e507e2972ba85d9283707c8db4705deef6b&o="
"1777054999-224","https://www.booking.com/searchresults.html?label=bristol-XLwodozx2dVe8Ts0XeYuawS752260715469%3Apl%3Ata%3Ap1%3Ap2%3Aac%3Aap%3Aneg%3Afi%3Atikwd-869815001187%3Alp1009919%3Ali%3Adec%3Adm%3Appccp%3DUmFuZG9tSVYkc2RlIyh9YXdX6HrtnYy-Ml68sH-ljtU&aid=311984&dest_id=198&dest_type=country&group_adults=2&req_adults=2&no_rooms=1&broad_search_not_eligible=1&order=score&nflt=ht_id%3D204%3Bht_id%3D213%3Bht_id%3D201%3Bht_id%3D216%3Bht_id%3D222%3Bht_id%3D221%3Bht_id%3D206%3Btop_destinations%3D6023%3Buf%3D-2237982%3Buf%3D-2235153%3Buf%3D-2213814%3Buf%3D-2216852%3Buf%3D-2213367%3Buf%3D-2234806%3Buf%3D-2221617","","Ratnapura Adventure Hub & Local Stay","","Featuring a garden, Ratnapura Adventure Hub & Local Stay features accommodations in Ratnapura. This property offers access to a balcony, free private parking, and free Wifi. Guests can use a terrace.","","Opens in new window","Ratnapura","","Show prices","","","Show on map","New to Booking.com","https://cf.bstatic.com/xdata/images/hotel/square600/839040421.webp?k=930fa9363e4e1f9337f92a290e7cc4b07df095f3a3d067b5a53aa59019f7b4f4&o="
"1777054999-225","https://www.booking.com/searchresults.html?label=bristol-XLwodozx2dVe8Ts0XeYuawS752260715469%3Apl%3Ata%3Ap1%3Ap2%3Aac%3Aap%3Aneg%3Afi%3Atikwd-869815001187%3Alp1009919%3Ali%3Adec%3Adm%3Appccp%3DUmFuZG9tSVYkc2RlIyh9YXdX6HrtnYy-Ml68sH-ljtU&aid=311984&dest_id=198&dest_type=country&group_adults=2&req_adults=2&no_rooms=1&broad_search_not_eligible=1&order=score&nflt=ht_id%3D204%3Bht_id%3D213%3Bht_id%3D201%3Bht_id%3D216%3Bht_id%3D222%3Bht_id%3D221%3Bht_id%3D206%3Btop_destinations%3D6023%3Buf%3D-2237982%3Buf%3D-2235153%3Buf%3D-2213814%3Buf%3D-2216852%3Buf%3D-2213367%3Buf%3D-2234806%3Buf%3D-2221617","","Greenwood Bungalow Kalawana","","Located in Ratnapura, Greenwood Bungalow Kalawana has free WiFi, and guests can enjoy a garden, a terrace and a restaurant. There's a fully equipped private bathroom with shower and a hairdryer.","","Opens in new window","Ratnapura","","Show prices","","","Show on map","New to Booking.com","https://cf.bstatic.com/xdata/images/hotel/square600/837219714.webp?k=2d0385226dcc3edf6dc26fe34d39e2b0cd6fcecb2c453517569fc8ab0bebe657&o="
"1777054999-226","https://www.booking.com/searchresults.html?label=bristol-XLwodozx2dVe8Ts0XeYuawS752260715469%3Apl%3Ata%3Ap1%3Ap2%3Aac%3Aap%3Aneg%3Afi%3Atikwd-869815001187%3Alp1009919%3Ali%3Adec%3Adm%3Appccp%3DUmFuZG9tSVYkc2RlIyh9YXdX6HrtnYy-Ml68sH-ljtU&aid=311984&dest_id=198&dest_type=country&group_adults=2&req_adults=2&no_rooms=1&broad_search_not_eligible=1&order=score&nflt=ht_id%3D204%3Bht_id%3D213%3Bht_id%3D201%3Bht_id%3D216%3Bht_id%3D222%3Bht_id%3D221%3Bht_id%3D206%3Btop_destinations%3D6023%3Buf%3D-2237982%3Buf%3D-2235153%3Buf%3D-2213814%3Buf%3D-2216852%3Buf%3D-2213367%3Buf%3D-2234806%3Buf%3D-2221617","","Green Savannah","","Offering garden views, Green Savannah in Udawalawe features accommodations, a garden, and a terrace. This guest house offers free private parking, room service, and free Wifi.","","Opens in new window","Udawalawe","","Show prices","","","Show on map","New to Booking.com","https://cf.bstatic.com/xdata/images/hotel/square600/825329880.webp?k=c4f7194acc65c5e47e4080ce41fddf557f84ebb5c0ba5651ba9a24f27c9f9d6a&o="
"1777054999-227","https://www.booking.com/searchresults.html?label=bristol-XLwodozx2dVe8Ts0XeYuawS752260715469%3Apl%3Ata%3Ap1%3Ap2%3Aac%3Aap%3Aneg%3Afi%3Atikwd-869815001187%3Alp1009919%3Ali%3Adec%3Adm%3Appccp%3DUmFuZG9tSVYkc2RlIyh9YXdX6HrtnYy-Ml68sH-ljtU&aid=311984&dest_id=198&dest_type=country&group_adults=2&req_adults=2&no_rooms=1&broad_search_not_eligible=1&order=score&nflt=ht_id%3D204%3Bht_id%3D213%3Bht_id%3D201%3Bht_id%3D216%3Bht_id%3D222%3Bht_id%3D221%3Bht_id%3D206%3Btop_destinations%3D6023%3Buf%3D-2237982%3Buf%3D-2235153%3Buf%3D-2213814%3Buf%3D-2216852%3Buf%3D-2213367%3Buf%3D-2234806%3Buf%3D-2221617","","Safari lodge","","Located in Udawalawe, Safari lodge has accommodations with free WiFi, air conditioning and access to a garden with a terrace. There's a water park on site and guests can enjoy the on-site restaurant.","","Opens in new window","Udawalawe","","Show prices","","","Show on map","","https://cf.bstatic.com/xdata/images/hotel/square600/807987658.webp?k=97809f5be3b7bfee0c496c5c3260024afe959270d4e6b5d61ff39c62f98723a1&o="
"1777054999-228","https://www.booking.com/searchresults.html?label=bristol-XLwodozx2dVe8Ts0XeYuawS752260715469%3Apl%3Ata%3Ap1%3Ap2%3Aac%3Aap%3Aneg%3Afi%3Atikwd-869815001187%3Alp1009919%3Ali%3Adec%3Adm%3Appccp%3DUmFuZG9tSVYkc2RlIyh9YXdX6HrtnYy-Ml68sH-ljtU&aid=311984&dest_id=198&dest_type=country&group_adults=2&req_adults=2&no_rooms=1&broad_search_not_eligible=1&order=score&nflt=ht_id%3D204%3Bht_id%3D213%3Bht_id%3D201%3Bht_id%3D216%3Bht_id%3D222%3Bht_id%3D221%3Bht_id%3D206%3Btop_destinations%3D6023%3Buf%3D-2237982%3Buf%3D-2235153%3Buf%3D-2213814%3Buf%3D-2216852%3Buf%3D-2213367%3Buf%3D-2234806%3Buf%3D-2221617","","Misty Nature Resort","","Located in Ratnapura, Misty Nature Resort has 3-star accommodations with private balconies. At the hotel, all rooms include a closet and a flat-screen TV.","","Opens in new window","Ratnapura","","Show prices","","","Show on map","","https://cf.bstatic.com/xdata/images/hotel/square600/722877172.webp?k=8b9b1a1cd22d4371d6ba1c03f0f2d216f7798b1af340336f5b932844112de494&o="
"1777054999-229","https://www.booking.com/searchresults.html?label=bristol-XLwodozx2dVe8Ts0XeYuawS752260715469%3Apl%3Ata%3Ap1%3Ap2%3Aac%3Aap%3Aneg%3Afi%3Atikwd-869815001187%3Alp1009919%3Ali%3Adec%3Adm%3Appccp%3DUmFuZG9tSVYkc2RlIyh9YXdX6HrtnYy-Ml68sH-ljtU&aid=311984&dest_id=198&dest_type=country&group_adults=2&req_adults=2&no_rooms=1&broad_search_not_eligible=1&order=score&nflt=ht_id%3D204%3Bht_id%3D213%3Bht_id%3D201%3Bht_id%3D216%3Bht_id%3D222%3Bht_id%3D221%3Bht_id%3D206%3Btop_destinations%3D6023%3Buf%3D-2237982%3Buf%3D-2235153%3Buf%3D-2213814%3Buf%3D-2216852%3Buf%3D-2213367%3Buf%3D-2234806%3Buf%3D-2221617","","Dhanu Safari Cottage","","There's free private parking, and the property offers a paid airport shuttle service. With free Wifi, this 1-bedroom villa features a flat-screen TV and a fully equipped kitchenette with a minibar.","","Opens in new window","Udawalawe","","Show prices","","","Show on map","New to Booking.com","https://cf.bstatic.com/xdata/images/hotel/square600/821483910.webp?k=8764ee50e64e016c471cfccd856b4287394e270cdf30a0e4e6df8efbd39956f3&o="
"1777054999-230","https://www.booking.com/searchresults.html?label=bristol-XLwodozx2dVe8Ts0XeYuawS752260715469%3Apl%3Ata%3Ap1%3Ap2%3Aac%3Aap%3Aneg%3Afi%3Atikwd-869815001187%3Alp1009919%3Ali%3Adec%3Adm%3Appccp%3DUmFuZG9tSVYkc2RlIyh9YXdX6HrtnYy-Ml68sH-ljtU&aid=311984&dest_id=198&dest_type=country&group_adults=2&req_adults=2&no_rooms=1&broad_search_not_eligible=1&order=score&nflt=ht_id%3D204%3Bht_id%3D213%3Bht_id%3D201%3Bht_id%3D216%3Bht_id%3D222%3Bht_id%3D221%3Bht_id%3D206%3Btop_destinations%3D6023%3Buf%3D-2237982%3Buf%3D-2235153%3Buf%3D-2213814%3Buf%3D-2216852%3Buf%3D-2213367%3Buf%3D-2234806%3Buf%3D-2221617","","The Orchard Villa","","The Orchard Villa is located in Ratnapura, 23 miles from Avissawella Railway Station. Featuring a garden, the 2-star hotel has air-conditioned rooms with free WiFi, each with a private bathroom.","","Opens in new window","Ratnapura","","Show prices","","","Show on map","New to Booking.com","https://cf.bstatic.com/xdata/images/hotel/square600/823882011.webp?k=fb1713502fa74d3570e5e6a27ea5324744ce49d9055ddb81c5df19a82c1abb2f&o="
"1777054999-231","https://www.booking.com/searchresults.html?label=bristol-XLwodozx2dVe8Ts0XeYuawS752260715469%3Apl%3Ata%3Ap1%3Ap2%3Aac%3Aap%3Aneg%3Afi%3Atikwd-869815001187%3Alp1009919%3Ali%3Adec%3Adm%3Appccp%3DUmFuZG9tSVYkc2RlIyh9YXdX6HrtnYy-Ml68sH-ljtU&aid=311984&dest_id=198&dest_type=country&group_adults=2&req_adults=2&no_rooms=1&broad_search_not_eligible=1&order=score&nflt=ht_id%3D204%3Bht_id%3D213%3Bht_id%3D201%3Bht_id%3D216%3Bht_id%3D222%3Bht_id%3D221%3Bht_id%3D206%3Btop_destinations%3D6023%3Buf%3D-2237982%3Buf%3D-2235153%3Buf%3D-2213814%3Buf%3D-2216852%3Buf%3D-2213367%3Buf%3D-2234806%3Buf%3D-2221617","","Kings Holiday Resort","","Located in Embilipitiya in the Ratnapura District region, Kings Holiday Resort features a balcony. This lodge provides free private parking, room service and free WiFi.","","Opens in new window","Embilipitiya","","Show prices","","","Show on map","","https://cf.bstatic.com/xdata/images/hotel/square600/799095719.webp?k=83db0ed4b22d46ac6a664f691fac945ac9114a0de618698262c1b6f34ad072d3&o="
"1777054999-232","https://www.booking.com/searchresults.html?label=bristol-XLwodozx2dVe8Ts0XeYuawS752260715469%3Apl%3Ata%3Ap1%3Ap2%3Aac%3Aap%3Aneg%3Afi%3Atikwd-869815001187%3Alp1009919%3Ali%3Adec%3Adm%3Appccp%3DUmFuZG9tSVYkc2RlIyh9YXdX6HrtnYy-Ml68sH-ljtU&aid=311984&dest_id=198&dest_type=country&group_adults=2&req_adults=2&no_rooms=1&broad_search_not_eligible=1&order=score&nflt=ht_id%3D204%3Bht_id%3D213%3Bht_id%3D201%3Bht_id%3D216%3Bht_id%3D222%3Bht_id%3D221%3Bht_id%3D206%3Btop_destinations%3D6023%3Buf%3D-2237982%3Buf%3D-2235153%3Buf%3D-2213814%3Buf%3D-2216852%3Buf%3D-2213367%3Buf%3D-2234806%3Buf%3D-2221617","","Leopard Home Stay","","Leopard Home Stay in Udawalawe provides accommodations with a garden and a terrace. Both free Wifi and parking on-site are available at the guest house free of charge.","","Opens in new window","Udawalawe","","Show prices","","","Show on map","","https://cf.bstatic.com/xdata/images/hotel/square600/658104121.webp?k=fc2aef1b901ffb854d8974f654508e0a050c5ce2f91838178b8bf2da8674257c&o="
"1777054999-233","https://www.booking.com/searchresults.html?label=bristol-XLwodozx2dVe8Ts0XeYuawS752260715469%3Apl%3Ata%3Ap1%3Ap2%3Aac%3Aap%3Aneg%3Afi%3Atikwd-869815001187%3Alp1009919%3Ali%3Adec%3Adm%3Appccp%3DUmFuZG9tSVYkc2RlIyh9YXdX6HrtnYy-Ml68sH-ljtU&aid=311984&dest_id=198&dest_type=country&group_adults=2&req_adults=2&no_rooms=1&broad_search_not_eligible=1&order=score&nflt=ht_id%3D204%3Bht_id%3D213%3Bht_id%3D201%3Bht_id%3D216%3Bht_id%3D222%3Bht_id%3D221%3Bht_id%3D206%3Btop_destinations%3D6023%3Buf%3D-2237982%3Buf%3D-2235153%3Buf%3D-2213814%3Buf%3D-2216852%3Buf%3D-2213367%3Buf%3D-2234806%3Buf%3D-2221617","","Green heaven safari resort Udawalawa","Value for money 10","Located in Udawalawe, 9.3 miles from Udawalawe National Park, Green heaven safari resort Udawalawa has accommodations with a garden, free private parking, a shared lounge and a terrace.","· 2 reviews","Opens in new window","Udawalawe","Scored 10","Show prices","10","Exceptional","Show on map","","https://cf.bstatic.com/xdata/images/hotel/square600/807034042.webp?k=a45042b6b80c187ba2d78a2ecde880972089c3da16f2e12b99be6d48bb2d0662&o="
"1777054999-234","https://www.booking.com/searchresults.html?label=bristol-XLwodozx2dVe8Ts0XeYuawS752260715469%3Apl%3Ata%3Ap1%3Ap2%3Aac%3Aap%3Aneg%3Afi%3Atikwd-869815001187%3Alp1009919%3Ali%3Adec%3Adm%3Appccp%3DUmFuZG9tSVYkc2RlIyh9YXdX6HrtnYy-Ml68sH-ljtU&aid=311984&dest_id=198&dest_type=country&group_adults=2&req_adults=2&no_rooms=1&broad_search_not_eligible=1&order=score&nflt=ht_id%3D204%3Bht_id%3D213%3Bht_id%3D201%3Bht_id%3D216%3Bht_id%3D222%3Bht_id%3D221%3Bht_id%3D206%3Btop_destinations%3D6023%3Buf%3D-2237982%3Buf%3D-2235153%3Buf%3D-2213814%3Buf%3D-2216852%3Buf%3D-2213367%3Buf%3D-2234806%3Buf%3D-2221617","","River side resort","","River side resort features accommodations in Balangoda. The property offers free private parking. Guests can enjoy river views. At the guest house, the units include a desk.","","Opens in new window","Balangoda","","Show prices","","","Show on map","","https://cf.bstatic.com/xdata/images/hotel/square600/775826812.webp?k=868e88fc0a8ed5ae5a033651ddd2c837579477f4024724925d85ab8cad3b7af7&o="
"1777054999-235","https://www.booking.com/searchresults.html?label=bristol-XLwodozx2dVe8Ts0XeYuawS752260715469%3Apl%3Ata%3Ap1%3Ap2%3Aac%3Aap%3Aneg%3Afi%3Atikwd-869815001187%3Alp1009919%3Ali%3Adec%3Adm%3Appccp%3DUmFuZG9tSVYkc2RlIyh9YXdX6HrtnYy-Ml68sH-ljtU&aid=311984&dest_id=198&dest_type=country&group_adults=2&req_adults=2&no_rooms=1&broad_search_not_eligible=1&order=score&nflt=ht_id%3D204%3Bht_id%3D213%3Bht_id%3D201%3Bht_id%3D216%3Bht_id%3D222%3Bht_id%3D221%3Bht_id%3D206%3Btop_destinations%3D6023%3Buf%3D-2237982%3Buf%3D-2235153%3Buf%3D-2213814%3Buf%3D-2216852%3Buf%3D-2213367%3Buf%3D-2234806%3Buf%3D-2221617","","Eco Stay Lodge Safari Udawalawa","","Eco Stay Lodge Safari Udawalawa offers accommodations in Udawalawe. Offering complimentary private parking, the guest house is 9.1 miles from Udawalawe National Park.","","Opens in new window","Udawalawe","","Show prices","","","Show on map","","https://cf.bstatic.com/xdata/images/hotel/square600/718459728.webp?k=c0a45dd492c75de1b0883fa739bd9cdfc1a9cb69dcc8eddc745079d7f2806494&o="
"1777054999-236","https://www.booking.com/searchresults.html?label=bristol-XLwodozx2dVe8Ts0XeYuawS752260715469%3Apl%3Ata%3Ap1%3Ap2%3Aac%3Aap%3Aneg%3Afi%3Atikwd-869815001187%3Alp1009919%3Ali%3Adec%3Adm%3Appccp%3DUmFuZG9tSVYkc2RlIyh9YXdX6HrtnYy-Ml68sH-ljtU&aid=311984&dest_id=198&dest_type=country&group_adults=2&req_adults=2&no_rooms=1&broad_search_not_eligible=1&order=score&nflt=ht_id%3D204%3Bht_id%3D213%3Bht_id%3D201%3Bht_id%3D216%3Bht_id%3D222%3Bht_id%3D221%3Bht_id%3D206%3Btop_destinations%3D6023%3Buf%3D-2237982%3Buf%3D-2235153%3Buf%3D-2213814%3Buf%3D-2216852%3Buf%3D-2213367%3Buf%3D-2234806%3Buf%3D-2221617","","Safari Garden Rest Udawalawa","","Safari Garden Rest Udawalawa is offering accommodations in Udawalawe. 10 miles from Udawalawe National Park, the homestay provides a garden and a shared lounge.","","Opens in new window","Udawalawe","","Show prices","","","Show on map","","https://cf.bstatic.com/xdata/images/hotel/square600/445572362.webp?k=06318423894eaebd5d86db6972bff53e875ab3dc1d3014bc9446a9c5c5a4c66b&o="
"1777054999-237","https://www.booking.com/searchresults.html?label=bristol-XLwodozx2dVe8Ts0XeYuawS752260715469%3Apl%3Ata%3Ap1%3Ap2%3Aac%3Aap%3Aneg%3Afi%3Atikwd-869815001187%3Alp1009919%3Ali%3Adec%3Adm%3Appccp%3DUmFuZG9tSVYkc2RlIyh9YXdX6HrtnYy-Ml68sH-ljtU&aid=311984&dest_id=198&dest_type=country&group_adults=2&req_adults=2&no_rooms=1&broad_search_not_eligible=1&order=score&nflt=ht_id%3D204%3Bht_id%3D213%3Bht_id%3D201%3Bht_id%3D216%3Bht_id%3D222%3Bht_id%3D221%3Bht_id%3D206%3Btop_destinations%3D6023%3Buf%3D-2237982%3Buf%3D-2235153%3Buf%3D-2213814%3Buf%3D-2216852%3Buf%3D-2213367%3Buf%3D-2234806%3Buf%3D-2221617","","Drivers' , Guides' & Family Rooms","","Offering garden views, Drivers', Guides' & Family Rooms in Udawalawe offers accommodations and a garden. Both free Wifi and private parking are available at the guest house free of charge.","","Opens in new window","Udawalawe","","Show prices","","","Show on map","","https://cf.bstatic.com/xdata/images/hotel/square600/806614487.webp?k=ebfe65d519c4ea0454a3aeaf21ad025b5ff0f298ff4fbb7b579222c29f56b4fb&o="
"1777054999-238","https://www.booking.com/searchresults.html?label=bristol-XLwodozx2dVe8Ts0XeYuawS752260715469%3Apl%3Ata%3Ap1%3Ap2%3Aac%3Aap%3Aneg%3Afi%3Atikwd-869815001187%3Alp1009919%3Ali%3Adec%3Adm%3Appccp%3DUmFuZG9tSVYkc2RlIyh9YXdX6HrtnYy-Ml68sH-ljtU&aid=311984&dest_id=198&dest_type=country&group_adults=2&req_adults=2&no_rooms=1&broad_search_not_eligible=1&order=score&nflt=ht_id%3D204%3Bht_id%3D213%3Bht_id%3D201%3Bht_id%3D216%3Bht_id%3D222%3Bht_id%3D221%3Bht_id%3D206%3Btop_destinations%3D6023%3Buf%3D-2237982%3Buf%3D-2235153%3Buf%3D-2213814%3Buf%3D-2216852%3Buf%3D-2213367%3Buf%3D-2234806%3Buf%3D-2221617","","Green Garniya Hotel","Value for money 10","Located in Belihuloya, 21 miles from Horton Plains National Park, Green Garniya Hotel provides accommodations with a garden, free private parking, a terrace and a restaurant.","· 1 review","Opens in new window","Belihuloya","Scored 10","Show prices","10","Exceptional","Show on map","","https://cf.bstatic.com/xdata/images/hotel/square600/771831863.webp?k=bea99678138b14c0953ec6b02d3b453c792de819dc86853665c65d1cf490a1d3&o="
"1777054999-239","https://www.booking.com/searchresults.html?label=bristol-XLwodozx2dVe8Ts0XeYuawS752260715469%3Apl%3Ata%3Ap1%3Ap2%3Aac%3Aap%3Aneg%3Afi%3Atikwd-869815001187%3Alp1009919%3Ali%3Adec%3Adm%3Appccp%3DUmFuZG9tSVYkc2RlIyh9YXdX6HrtnYy-Ml68sH-ljtU&aid=311984&dest_id=198&dest_type=country&group_adults=2&req_adults=2&no_rooms=1&broad_search_not_eligible=1&order=score&nflt=ht_id%3D204%3Bht_id%3D213%3Bht_id%3D201%3Bht_id%3D216%3Bht_id%3D222%3Bht_id%3D221%3Bht_id%3D206%3Btop_destinations%3D6023%3Buf%3D-2237982%3Buf%3D-2235153%3Buf%3D-2213814%3Buf%3D-2216852%3Buf%3D-2213367%3Buf%3D-2234806%3Buf%3D-2221617","","freedom safari home stay","","Freedom safari home stay in Udawalawe provides accommodations with free bikes, a garden, and a bar. With mountain views, this accommodation features a terrace.","· 2 reviews","Opens in new window","Udawalawe","Scored 5.5","Show prices","5.5","Review score","Show on map","","https://cf.bstatic.com/xdata/images/hotel/square600/777070402.webp?k=1f4597d887b42181057c7daadd10ca43e236749543eb45dbaeb473e7a7b7b9ce&o="
"1777054999-240","https://www.booking.com/searchresults.html?label=bristol-XLwodozx2dVe8Ts0XeYuawS752260715469%3Apl%3Ata%3Ap1%3Ap2%3Aac%3Aap%3Aneg%3Afi%3Atikwd-869815001187%3Alp1009919%3Ali%3Adec%3Adm%3Appccp%3DUmFuZG9tSVYkc2RlIyh9YXdX6HrtnYy-Ml68sH-ljtU&aid=311984&dest_id=198&dest_type=country&group_adults=2&req_adults=2&no_rooms=1&broad_search_not_eligible=1&order=score&nflt=ht_id%3D204%3Bht_id%3D213%3Bht_id%3D201%3Bht_id%3D216%3Bht_id%3D222%3Bht_id%3D221%3Bht_id%3D206%3Btop_destinations%3D6023%3Buf%3D-2237982%3Buf%3D-2235153%3Buf%3D-2213814%3Buf%3D-2216852%3Buf%3D-2213367%3Buf%3D-2234806%3Buf%3D-2221617","","Super family villa","Value for money 10","Super family villa in Udawalawe features a restaurant and a bar. With a garden, the 3-star hotel has air-conditioned rooms with free WiFi, each with a private bathroom.","· 2 reviews","Opens in new window","Udawalawe","Scored 10","Show prices","10","Exceptional","Show on map","New to Booking.com","https://cf.bstatic.com/xdata/images/hotel/square600/838688514.webp?k=383d1778ea1ccafd8a64e1082cf51a5a7b7aa72942482c5374b886979794c7d5&o="
"1777054999-241","https://www.booking.com/searchresults.html?label=bristol-XLwodozx2dVe8Ts0XeYuawS752260715469%3Apl%3Ata%3Ap1%3Ap2%3Aac%3Aap%3Aneg%3Afi%3Atikwd-869815001187%3Alp1009919%3Ali%3Adec%3Adm%3Appccp%3DUmFuZG9tSVYkc2RlIyh9YXdX6HrtnYy-Ml68sH-ljtU&aid=311984&dest_id=198&dest_type=country&group_adults=2&req_adults=2&no_rooms=1&broad_search_not_eligible=1&order=score&nflt=ht_id%3D204%3Bht_id%3D213%3Bht_id%3D201%3Bht_id%3D216%3Bht_id%3D222%3Bht_id%3D221%3Bht_id%3D206%3Btop_destinations%3D6023%3Buf%3D-2237982%3Buf%3D-2235153%3Buf%3D-2213814%3Buf%3D-2216852%3Buf%3D-2213367%3Buf%3D-2234806%3Buf%3D-2221617","","Zimmer & Safari Udawalawa","","Located in Udawalawe, 4.5 miles from Udawalawe National Park, Zimmer & Safari Udawalawa has accommodations with a garden, free private parking, a terrace and a restaurant.","","Opens in new window","Udawalawe","","Show prices","","","Show on map","","https://cf.bstatic.com/xdata/images/hotel/square600/590174362.webp?k=4990984420622748b663a5d554a11828da999cd361f560c880bc567f44ab0604&o="
"1777054999-242","https://www.booking.com/searchresults.html?label=bristol-XLwodozx2dVe8Ts0XeYuawS752260715469%3Apl%3Ata%3Ap1%3Ap2%3Aac%3Aap%3Aneg%3Afi%3Atikwd-869815001187%3Alp1009919%3Ali%3Adec%3Adm%3Appccp%3DUmFuZG9tSVYkc2RlIyh9YXdX6HrtnYy-Ml68sH-ljtU&aid=311984&dest_id=198&dest_type=country&group_adults=2&req_adults=2&no_rooms=1&broad_search_not_eligible=1&order=score&nflt=ht_id%3D204%3Bht_id%3D213%3Bht_id%3D201%3Bht_id%3D216%3Bht_id%3D222%3Bht_id%3D221%3Bht_id%3D206%3Btop_destinations%3D6023%3Buf%3D-2237982%3Buf%3D-2235153%3Buf%3D-2213814%3Buf%3D-2216852%3Buf%3D-2213367%3Buf%3D-2234806%3Buf%3D-2221617","","Udawalawa safari home stay","","Featuring a garden, Udawalawa safari home stay provides accommodations in Udawalawe. This homestay offers free private parking and a shared kitchen.","","Opens in new window","Udawalawe","","Show prices","","","Show on map","","https://cf.bstatic.com/xdata/images/hotel/square600/770009272.webp?k=bb704856212c0ca9e2aeef481566c1247c77a837d9e7145145f31438617268b9&o="
"1777054999-243","https://www.booking.com/searchresults.html?label=bristol-XLwodozx2dVe8Ts0XeYuawS752260715469%3Apl%3Ata%3Ap1%3Ap2%3Aac%3Aap%3Aneg%3Afi%3Atikwd-869815001187%3Alp1009919%3Ali%3Adec%3Adm%3Appccp%3DUmFuZG9tSVYkc2RlIyh9YXdX6HrtnYy-Ml68sH-ljtU&aid=311984&dest_id=198&dest_type=country&group_adults=2&req_adults=2&no_rooms=1&broad_search_not_eligible=1&order=score&nflt=ht_id%3D204%3Bht_id%3D213%3Bht_id%3D201%3Bht_id%3D216%3Bht_id%3D222%3Bht_id%3D221%3Bht_id%3D206%3Btop_destinations%3D6023%3Buf%3D-2237982%3Buf%3D-2235153%3Buf%3D-2213814%3Buf%3D-2216852%3Buf%3D-2213367%3Buf%3D-2234806%3Buf%3D-2221617","","Grand Freedom Udawalawe","Value for money 10","Offering garden views, Grand Freedom Udawalawe in Udawalawe offers accommodations and a garden. There's a private entrance at the guest house for the convenience of those who stay.","· 1 review","Opens in new window","Udawalawe","Scored 10","Show prices","10","Exceptional","Show on map","","https://cf.bstatic.com/xdata/images/hotel/square600/591489709.webp?k=59133b7aa83c36bb3a5d1bb8f9b1bf0a1c0607476d2052a9c62771a4a95b6c57&o="
"1777054999-244","https://www.booking.com/searchresults.html?label=bristol-XLwodozx2dVe8Ts0XeYuawS752260715469%3Apl%3Ata%3Ap1%3Ap2%3Aac%3Aap%3Aneg%3Afi%3Atikwd-869815001187%3Alp1009919%3Ali%3Adec%3Adm%3Appccp%3DUmFuZG9tSVYkc2RlIyh9YXdX6HrtnYy-Ml68sH-ljtU&aid=311984&dest_id=198&dest_type=country&group_adults=2&req_adults=2&no_rooms=1&broad_search_not_eligible=1&order=score&nflt=ht_id%3D204%3Bht_id%3D213%3Bht_id%3D201%3Bht_id%3D216%3Bht_id%3D222%3Bht_id%3D221%3Bht_id%3D206%3Btop_destinations%3D6023%3Buf%3D-2237982%3Buf%3D-2235153%3Buf%3D-2213814%3Buf%3D-2216852%3Buf%3D-2213367%3Buf%3D-2234806%3Buf%3D-2221617","","wild rest cottage udawalawa","Value for money 10","There's private parking, and the property provides an electric vehicle charging station. The apartment is composed of 1 bedroom, a fully equipped kitchen, and 1 bathroom.","· 2 reviews","Opens in new window","Embilipitiya","Scored 8.5","Show prices","8.5","Very Good","Show on map","","https://cf.bstatic.com/xdata/images/hotel/square600/808912620.webp?k=688a1a5e75e3347f2517e84f8e5ce17e4c34eba3722663096969a69b6ca54070&o="
"1777054999-245","https://www.booking.com/searchresults.html?label=bristol-XLwodozx2dVe8Ts0XeYuawS752260715469%3Apl%3Ata%3Ap1%3Ap2%3Aac%3Aap%3Aneg%3Afi%3Atikwd-869815001187%3Alp1009919%3Ali%3Adec%3Adm%3Appccp%3DUmFuZG9tSVYkc2RlIyh9YXdX6HrtnYy-Ml68sH-ljtU&aid=311984&dest_id=198&dest_type=country&group_adults=2&req_adults=2&no_rooms=1&broad_search_not_eligible=1&order=score&nflt=ht_id%3D204%3Bht_id%3D213%3Bht_id%3D201%3Bht_id%3D216%3Bht_id%3D222%3Bht_id%3D221%3Bht_id%3D206%3Btop_destinations%3D6023%3Buf%3D-2237982%3Buf%3D-2235153%3Buf%3D-2213814%3Buf%3D-2216852%3Buf%3D-2213367%3Buf%3D-2234806%3Buf%3D-2221617","","Chill House Udawalawa","Value for money 10","Chill House Udawalawa has a garden, shared lounge, a terrace and restaurant in Udawalawe. Featuring a shared kitchen, this property also provides guests with a bowling alley.","· 3 reviews","Opens in new window","Udawalawe","Scored 7.0","Show prices","7.0","Good","Show on map","","https://cf.bstatic.com/xdata/images/hotel/square600/646638867.webp?k=03a022f23768b88e93a312738ead28ef04040906d6a5a7c28833e015ea62e253&o="
"1777054999-246","https://www.booking.com/searchresults.html?label=bristol-XLwodozx2dVe8Ts0XeYuawS752260715469%3Apl%3Ata%3Ap1%3Ap2%3Aac%3Aap%3Aneg%3Afi%3Atikwd-869815001187%3Alp1009919%3Ali%3Adec%3Adm%3Appccp%3DUmFuZG9tSVYkc2RlIyh9YXdX6HrtnYy-Ml68sH-ljtU&aid=311984&dest_id=198&dest_type=country&group_adults=2&req_adults=2&no_rooms=1&broad_search_not_eligible=1&order=score&nflt=ht_id%3D204%3Bht_id%3D213%3Bht_id%3D201%3Bht_id%3D216%3Bht_id%3D222%3Bht_id%3D221%3Bht_id%3D206%3Btop_destinations%3D6023%3Buf%3D-2237982%3Buf%3D-2235153%3Buf%3D-2213814%3Buf%3D-2216852%3Buf%3D-2213367%3Buf%3D-2234806%3Buf%3D-2221617","","Dream Cabins udawalawe","Value for money 10","Dream Cabins udawalawe is located in Udawalawe and features a bar. With a garden, the 3-star hotel has air-conditioned rooms with free WiFi, each with a private bathroom.","· 4 reviews","Opens in new window","Udawalawe","Scored 10","Show prices","10","Exceptional","Show on map","New to Booking.com","https://cf.bstatic.com/xdata/images/hotel/square600/837797749.webp?k=2e4376b6f22ddad927aee6e9b1410a1fc3952e93f24f014d23f6bda23455636e&o="
"1777054999-247","https://www.booking.com/searchresults.html?label=bristol-XLwodozx2dVe8Ts0XeYuawS752260715469%3Apl%3Ata%3Ap1%3Ap2%3Aac%3Aap%3Aneg%3Afi%3Atikwd-869815001187%3Alp1009919%3Ali%3Adec%3Adm%3Appccp%3DUmFuZG9tSVYkc2RlIyh9YXdX6HrtnYy-Ml68sH-ljtU&aid=311984&dest_id=198&dest_type=country&group_adults=2&req_adults=2&no_rooms=1&broad_search_not_eligible=1&order=score&nflt=ht_id%3D204%3Bht_id%3D213%3Bht_id%3D201%3Bht_id%3D216%3Bht_id%3D222%3Bht_id%3D221%3Bht_id%3D206%3Btop_destinations%3D6023%3Buf%3D-2237982%3Buf%3D-2235153%3Buf%3D-2213814%3Buf%3D-2216852%3Buf%3D-2213367%3Buf%3D-2234806%3Buf%3D-2221617","","Summit resort","Value for money 10","Located in Balangoda, Summit resort has a garden, restaurant and free WiFi throughout the property. The hotel features family rooms. À la carte and Asian breakfast options are available at the hotel.","· 1 review","Opens in new window","Balangoda","Scored 10","Show prices","10","Exceptional","Show on map","New to Booking.com","https://cf.bstatic.com/xdata/images/hotel/square600/844184839.webp?k=2dfa35e28398b2af04d949677eb8e3a01623e7357cc15824833cd8df6476387b&o="
"1777054999-248","https://www.booking.com/searchresults.html?label=bristol-XLwodozx2dVe8Ts0XeYuawS752260715469%3Apl%3Ata%3Ap1%3Ap2%3Aac%3Aap%3Aneg%3Afi%3Atikwd-869815001187%3Alp1009919%3Ali%3Adec%3Adm%3Appccp%3DUmFuZG9tSVYkc2RlIyh9YXdX6HrtnYy-Ml68sH-ljtU&aid=311984&dest_id=198&dest_type=country&group_adults=2&req_adults=2&no_rooms=1&broad_search_not_eligible=1&order=score&nflt=ht_id%3D204%3Bht_id%3D213%3Bht_id%3D201%3Bht_id%3D216%3Bht_id%3D222%3Bht_id%3D221%3Bht_id%3D206%3Btop_destinations%3D6023%3Buf%3D-2237982%3Buf%3D-2235153%3Buf%3D-2213814%3Buf%3D-2216852%3Buf%3D-2213367%3Buf%3D-2234806%3Buf%3D-2221617","","Salmanel Resort Ayagama - Rathnapura","Value for money 10","Located in Ratnapura, 27 miles from Avissawella Railway Station, Salmanel Resort Ayagama - Rathnapura provides accommodations with a garden, free private parking and a terrace.","· 4 reviews","Opens in new window","Ratnapura","Scored 9.7","Show prices","9.7","Exceptional","Show on map","","https://cf.bstatic.com/xdata/images/hotel/square600/690135232.webp?k=37d4f4b2dd02e872dddda64ca13e7acb0c7e3d2febb1014e84c2d519d3093c01&o="
"1777054999-249","https://www.booking.com/searchresults.html?label=bristol-XLwodozx2dVe8Ts0XeYuawS752260715469%3Apl%3Ata%3Ap1%3Ap2%3Aac%3Aap%3Aneg%3Afi%3Atikwd-869815001187%3Alp1009919%3Ali%3Adec%3Adm%3Appccp%3DUmFuZG9tSVYkc2RlIyh9YXdX6HrtnYy-Ml68sH-ljtU&aid=311984&dest_id=198&dest_type=country&group_adults=2&req_adults=2&no_rooms=1&broad_search_not_eligible=1&order=score&nflt=ht_id%3D204%3Bht_id%3D213%3Bht_id%3D201%3Bht_id%3D216%3Bht_id%3D222%3Bht_id%3D221%3Bht_id%3D206%3Btop_destinations%3D6023%3Buf%3D-2237982%3Buf%3D-2235153%3Buf%3D-2213814%3Buf%3D-2216852%3Buf%3D-2213367%3Buf%3D-2234806%3Buf%3D-2221617","","Drivers & Guides Room","Value for money 10","Offering a garden, Drivers & Guides Room provides accommodations in Udawalawe. Providing complimentary private parking, the guest house is 9.3 miles from Udawalawe National Park.","· 1 review","Opens in new window","Udawalawe","Scored 10","Show prices","10","Exceptional","Show on map","","https://cf.bstatic.com/xdata/images/hotel/square600/639443204.webp?k=9373c57ef1b9e5a9c31deff466577bba8f8658bc9d5326853356197afb6651bd&o="
"1777054999-250","https://www.booking.com/searchresults.html?label=bristol-XLwodozx2dVe8Ts0XeYuawS752260715469%3Apl%3Ata%3Ap1%3Ap2%3Aac%3Aap%3Aneg%3Afi%3Atikwd-869815001187%3Alp1009919%3Ali%3Adec%3Adm%3Appccp%3DUmFuZG9tSVYkc2RlIyh9YXdX6HrtnYy-Ml68sH-ljtU&aid=311984&dest_id=198&dest_type=country&group_adults=2&req_adults=2&no_rooms=1&broad_search_not_eligible=1&order=score&nflt=ht_id%3D204%3Bht_id%3D213%3Bht_id%3D201%3Bht_id%3D216%3Bht_id%3D222%3Bht_id%3D221%3Bht_id%3D206%3Btop_destinations%3D6023%3Buf%3D-2237982%3Buf%3D-2235153%3Buf%3D-2213814%3Buf%3D-2216852%3Buf%3D-2213367%3Buf%3D-2234806%3Buf%3D-2221617","","River Side Cottage","Value for money 10","Offering a garden, River Side Cottage offers accommodations in Udawalawe. Both free Wifi and parking on-site are accessible at the homestay free of charge. Guests can use a terrace.","· 4 reviews","Opens in new window","Udawalawe","Scored 10","Show prices","10","Exceptional","Show on map","","https://cf.bstatic.com/xdata/images/hotel/square600/439915438.webp?k=f9752a03c1e90400589d54c5cfd7cea305c1b2b9dcbacab598e10c9638044c33&o="
"1777054999-251","https://www.booking.com/searchresults.html?label=bristol-XLwodozx2dVe8Ts0XeYuawS752260715469%3Apl%3Ata%3Ap1%3Ap2%3Aac%3Aap%3Aneg%3Afi%3Atikwd-869815001187%3Alp1009919%3Ali%3Adec%3Adm%3Appccp%3DUmFuZG9tSVYkc2RlIyh9YXdX6HrtnYy-Ml68sH-ljtU&aid=311984&dest_id=198&dest_type=country&group_adults=2&req_adults=2&no_rooms=1&broad_search_not_eligible=1&order=score&nflt=ht_id%3D204%3Bht_id%3D213%3Bht_id%3D201%3Bht_id%3D216%3Bht_id%3D222%3Bht_id%3D221%3Bht_id%3D206%3Btop_destinations%3D6023%3Buf%3D-2237982%3Buf%3D-2235153%3Buf%3D-2213814%3Buf%3D-2216852%3Buf%3D-2213367%3Buf%3D-2234806%3Buf%3D-2221617","","Mastodon River Edge","Value for money 10","A good location for a stress-free getaway in Udawalawe, Mastodon River Edge is a guest house surrounded by views of the pool.","· 2 reviews","Opens in new window","Udawalawe","Scored 9.5","Show prices","9.5","Exceptional","Show on map","New to Booking.com","https://cf.bstatic.com/xdata/images/hotel/square600/814093382.webp?k=c28a9a8e3878d86977649d4716a679b88a97d48f7eedb80f6ed526c1a72664f5&o="
"1777054999-252","https://www.booking.com/searchresults.html?label=bristol-XLwodozx2dVe8Ts0XeYuawS752260715469%3Apl%3Ata%3Ap1%3Ap2%3Aac%3Aap%3Aneg%3Afi%3Atikwd-869815001187%3Alp1009919%3Ali%3Adec%3Adm%3Appccp%3DUmFuZG9tSVYkc2RlIyh9YXdX6HrtnYy-Ml68sH-ljtU&aid=311984&dest_id=198&dest_type=country&group_adults=2&req_adults=2&no_rooms=1&broad_search_not_eligible=1&order=score&nflt=ht_id%3D204%3Bht_id%3D213%3Bht_id%3D201%3Bht_id%3D216%3Bht_id%3D222%3Bht_id%3D221%3Bht_id%3D206%3Btop_destinations%3D6023%3Buf%3D-2237982%3Buf%3D-2235153%3Buf%3D-2213814%3Buf%3D-2216852%3Buf%3D-2213367%3Buf%3D-2234806%3Buf%3D-2221617","","Niwana Resort","","Located in Ratnapura, 25 miles from Leisure World, Niwana Resort provides accommodations with an outdoor swimming pool, free private parking and a garden.","· 2 reviews","Opens in new window","Ratnapura","Scored 1.0","Show prices","1.0","Review score","Show on map","New to Booking.com","https://cf.bstatic.com/xdata/images/hotel/square600/826840024.webp?k=d7ade6812af3e4b8a36637a9168eaa8da5b43bd0b596705b1f12b43cfc82ba86&o="
"1777054999-253","https://www.booking.com/searchresults.html?label=bristol-XLwodozx2dVe8Ts0XeYuawS752260715469%3Apl%3Ata%3Ap1%3Ap2%3Aac%3Aap%3Aneg%3Afi%3Atikwd-869815001187%3Alp1009919%3Ali%3Adec%3Adm%3Appccp%3DUmFuZG9tSVYkc2RlIyh9YXdX6HrtnYy-Ml68sH-ljtU&aid=311984&dest_id=198&dest_type=country&group_adults=2&req_adults=2&no_rooms=1&broad_search_not_eligible=1&order=score&nflt=ht_id%3D204%3Bht_id%3D213%3Bht_id%3D201%3Bht_id%3D216%3Bht_id%3D222%3Bht_id%3D221%3Bht_id%3D206%3Btop_destinations%3D6023%3Buf%3D-2237982%3Buf%3D-2235153%3Buf%3D-2213814%3Buf%3D-2216852%3Buf%3D-2213367%3Buf%3D-2234806%3Buf%3D-2221617","","Wild Safari River Cottage udawalawe","","Located in Udawalawe, 8.6 miles from Udawalawe National Park, Wild Safari River Cottage udawalawe has accommodations with a garden, free private parking, a terrace and a restaurant.","","Opens in new window","Udawalawe","","Show prices","","","Show on map","","https://cf.bstatic.com/xdata/images/hotel/square600/724275250.webp?k=ba170514044b48f32a1b428770f2e6cd03d6fd262e8e7e45efc0598144f38ef1&o="
"1777054999-254","https://www.booking.com/searchresults.html?label=bristol-XLwodozx2dVe8Ts0XeYuawS752260715469%3Apl%3Ata%3Ap1%3Ap2%3Aac%3Aap%3Aneg%3Afi%3Atikwd-869815001187%3Alp1009919%3Ali%3Adec%3Adm%3Appccp%3DUmFuZG9tSVYkc2RlIyh9YXdX6HrtnYy-Ml68sH-ljtU&aid=311984&dest_id=198&dest_type=country&group_adults=2&req_adults=2&no_rooms=1&broad_search_not_eligible=1&order=score&nflt=ht_id%3D204%3Bht_id%3D213%3Bht_id%3D201%3Bht_id%3D216%3Bht_id%3D222%3Bht_id%3D221%3Bht_id%3D206%3Btop_destinations%3D6023%3Buf%3D-2237982%3Buf%3D-2235153%3Buf%3D-2213814%3Buf%3D-2216852%3Buf%3D-2213367%3Buf%3D-2234806%3Buf%3D-2221617","","Ravan Safari Rest Inn","","Ravan Safari Rest Inn offers spa facilities and wellness packages, as well as air-conditioned accommodations in Udawalawe. This guest house features free private parking and a shared kitchen.","","Opens in new window","Udawalawe","","Show prices","","","Show on map","New to Booking.com","https://cf.bstatic.com/xdata/images/hotel/square600/855666095.webp?k=f2dfb1a881aedbcaf720a2654213d0c7e305c57f71fe7fae3ce088c9b90f30e3&o="
"1777054999-255","https://www.booking.com/searchresults.html?label=bristol-XLwodozx2dVe8Ts0XeYuawS752260715469%3Apl%3Ata%3Ap1%3Ap2%3Aac%3Aap%3Aneg%3Afi%3Atikwd-869815001187%3Alp1009919%3Ali%3Adec%3Adm%3Appccp%3DUmFuZG9tSVYkc2RlIyh9YXdX6HrtnYy-Ml68sH-ljtU&aid=311984&dest_id=198&dest_type=country&group_adults=2&req_adults=2&no_rooms=1&broad_search_not_eligible=1&order=score&nflt=ht_id%3D204%3Bht_id%3D213%3Bht_id%3D201%3Bht_id%3D216%3Bht_id%3D222%3Bht_id%3D221%3Bht_id%3D206%3Btop_destinations%3D6023%3Buf%3D-2237982%3Buf%3D-2235153%3Buf%3D-2213814%3Buf%3D-2216852%3Buf%3D-2213367%3Buf%3D-2234806%3Buf%3D-2221617","","New Jayani Guest Inn","","Providing a garden, New Jayani Guest Inn features accommodations in Rakwana. The guest house provides rooms with air conditioning, free private parking, and free Wifi.","","Opens in new window","Rakwana","","Show prices","","","Show on map","","https://cf.bstatic.com/xdata/images/hotel/square600/222278784.webp?k=f38a7c15941012e4ea7f0112b5ee16b1b69dc90ead101e2c5c192f9d721dcd3a&o="
"1777054999-256","https://www.booking.com/searchresults.html?label=bristol-XLwodozx2dVe8Ts0XeYuawS752260715469%3Apl%3Ata%3Ap1%3Ap2%3Aac%3Aap%3Aneg%3Afi%3Atikwd-869815001187%3Alp1009919%3Ali%3Adec%3Adm%3Appccp%3DUmFuZG9tSVYkc2RlIyh9YXdX6HrtnYy-Ml68sH-ljtU&aid=311984&dest_id=198&dest_type=country&group_adults=2&req_adults=2&no_rooms=1&broad_search_not_eligible=1&order=score&nflt=ht_id%3D204%3Bht_id%3D213%3Bht_id%3D201%3Bht_id%3D216%3Bht_id%3D222%3Bht_id%3D221%3Bht_id%3D206%3Btop_destinations%3D6023%3Buf%3D-2237982%3Buf%3D-2235153%3Buf%3D-2213814%3Buf%3D-2216852%3Buf%3D-2213367%3Buf%3D-2234806%3Buf%3D-2221617","","Winter Palace Lakeside","","Offering a garden, Winter Palace Lakeside offers accommodations in Embilipitiya. With free private parking, the property is 25 miles from Tangalle Lagoon and 25 miles from Mulkirigala Rock Monastery.","","Opens in new window","Embilipitiya","","Show prices","","","Show on map","New to Booking.com","https://cf.bstatic.com/xdata/images/hotel/square600/849092535.webp?k=195cff41ee9728d1c799455f0aedfd20dcf70e1b519f9f91a179e67bbbad4d9b&o="
"1777054999-257","https://www.booking.com/searchresults.html?label=bristol-XLwodozx2dVe8Ts0XeYuawS752260715469%3Apl%3Ata%3Ap1%3Ap2%3Aac%3Aap%3Aneg%3Afi%3Atikwd-869815001187%3Alp1009919%3Ali%3Adec%3Adm%3Appccp%3DUmFuZG9tSVYkc2RlIyh9YXdX6HrtnYy-Ml68sH-ljtU&aid=311984&dest_id=198&dest_type=country&group_adults=2&req_adults=2&no_rooms=1&broad_search_not_eligible=1&order=score&nflt=ht_id%3D204%3Bht_id%3D213%3Bht_id%3D201%3Bht_id%3D216%3Bht_id%3D222%3Bht_id%3D221%3Bht_id%3D206%3Btop_destinations%3D6023%3Buf%3D-2237982%3Buf%3D-2235153%3Buf%3D-2213814%3Buf%3D-2216852%3Buf%3D-2213367%3Buf%3D-2234806%3Buf%3D-2221617","","Ran Diya Villa Udawalawa","Value for money 10","Featuring a garden, Ran Diya Villa Udawalawa offers accommodations in Udawalawe. The guest house features free Wifi and free private parking. The accommodation is non-smoking.","· 1 review","Opens in new window","Udawalawe","Scored 10","Show prices","10","Exceptional","Show on map","New to Booking.com","https://cf.bstatic.com/xdata/images/hotel/square600/835437930.webp?k=da61e7e1a9c90f45d0ec2c70f9493368126082754f3e65a88b66c1b81dbadb74&o="
"1777054999-258","https://www.booking.com/searchresults.html?label=bristol-XLwodozx2dVe8Ts0XeYuawS752260715469%3Apl%3Ata%3Ap1%3Ap2%3Aac%3Aap%3Aneg%3Afi%3Atikwd-869815001187%3Alp1009919%3Ali%3Adec%3Adm%3Appccp%3DUmFuZG9tSVYkc2RlIyh9YXdX6HrtnYy-Ml68sH-ljtU&aid=311984&dest_id=198&dest_type=country&group_adults=2&req_adults=2&no_rooms=1&broad_search_not_eligible=1&order=score&nflt=ht_id%3D204%3Bht_id%3D213%3Bht_id%3D201%3Bht_id%3D216%3Bht_id%3D222%3Bht_id%3D221%3Bht_id%3D206%3Btop_destinations%3D6023%3Buf%3D-2237982%3Buf%3D-2235153%3Buf%3D-2213814%3Buf%3D-2216852%3Buf%3D-2213367%3Buf%3D-2234806%3Buf%3D-2221617","","TOP Resort Samanalawaththa","","Featuring garden views, TOP Resort Samanalawaththa in Balangoda features accommodations and a garden. This property offers access to a terrace, free private parking, and free Wifi.","","Opens in new window","Balangoda","","Show prices","","","Show on map","New to Booking.com","https://cf.bstatic.com/xdata/images/hotel/square600/855484339.webp?k=86ad8e6cce4d729917065ce4ed3741beabb537b5c2d0c172c419fc00da6e285b&o="
"1777054999-259","https://www.booking.com/searchresults.html?label=bristol-XLwodozx2dVe8Ts0XeYuawS752260715469%3Apl%3Ata%3Ap1%3Ap2%3Aac%3Aap%3Aneg%3Afi%3Atikwd-869815001187%3Alp1009919%3Ali%3Adec%3Adm%3Appccp%3DUmFuZG9tSVYkc2RlIyh9YXdX6HrtnYy-Ml68sH-ljtU&aid=311984&dest_id=198&dest_type=country&group_adults=2&req_adults=2&no_rooms=1&broad_search_not_eligible=1&order=score&nflt=ht_id%3D204%3Bht_id%3D213%3Bht_id%3D201%3Bht_id%3D216%3Bht_id%3D222%3Bht_id%3D221%3Bht_id%3D206%3Btop_destinations%3D6023%3Buf%3D-2237982%3Buf%3D-2235153%3Buf%3D-2213814%3Buf%3D-2216852%3Buf%3D-2213367%3Buf%3D-2234806%3Buf%3D-2221617","","Walawa Valley Rest Inn","","Offering a garden, Walawa Valley Rest Inn offers accommodations in Udawalawe. The guest house features both Wifi and private parking free of charge. A flat-screen TV is offered.","","Opens in new window","Udawalawe","","Show prices","","","Show on map","New to Booking.com","https://cf.bstatic.com/xdata/images/hotel/square600/855779262.webp?k=03ed690920bdeb9d1fe4714ad4f93301984064b380bf656a7ef49c501e0d2893&o="
"1777054999-260","https://www.booking.com/searchresults.html?label=bristol-XLwodozx2dVe8Ts0XeYuawS752260715469%3Apl%3Ata%3Ap1%3Ap2%3Aac%3Aap%3Aneg%3Afi%3Atikwd-869815001187%3Alp1009919%3Ali%3Adec%3Adm%3Appccp%3DUmFuZG9tSVYkc2RlIyh9YXdX6HrtnYy-Ml68sH-ljtU&aid=311984&dest_id=198&dest_type=country&group_adults=2&req_adults=2&no_rooms=1&broad_search_not_eligible=1&order=score&nflt=ht_id%3D204%3Bht_id%3D213%3Bht_id%3D201%3Bht_id%3D216%3Bht_id%3D222%3Bht_id%3D221%3Bht_id%3D206%3Btop_destinations%3D6023%3Buf%3D-2237982%3Buf%3D-2235153%3Buf%3D-2213814%3Buf%3D-2216852%3Buf%3D-2213367%3Buf%3D-2234806%3Buf%3D-2221617","","Sunray Hotel Ratnapura","","Sunray Hotel Ratnapura offers accommodations in Ratnapura, 28 miles from Avissawella Railway Station. There's a private entrance at the guest house for the convenience of those who stay.","","Opens in new window","Ratnapura","","Show prices","","","Show on map","","https://cf.bstatic.com/xdata/images/hotel/square600/647457192.webp?k=145ea62befdf049f104e7c199effb83517a2237dc954fc215040c904b310ffe3&o="
"1777054999-261","https://www.booking.com/searchresults.html?label=bristol-XLwodozx2dVe8Ts0XeYuawS752260715469%3Apl%3Ata%3Ap1%3Ap2%3Aac%3Aap%3Aneg%3Afi%3Atikwd-869815001187%3Alp1009919%3Ali%3Adec%3Adm%3Appccp%3DUmFuZG9tSVYkc2RlIyh9YXdX6HrtnYy-Ml68sH-ljtU&aid=311984&dest_id=198&dest_type=country&group_adults=2&req_adults=2&no_rooms=1&broad_search_not_eligible=1&order=score&nflt=ht_id%3D204%3Bht_id%3D213%3Bht_id%3D201%3Bht_id%3D216%3Bht_id%3D222%3Bht_id%3D221%3Bht_id%3D206%3Btop_destinations%3D6023%3Buf%3D-2237982%3Buf%3D-2235153%3Buf%3D-2213814%3Buf%3D-2216852%3Buf%3D-2213367%3Buf%3D-2234806%3Buf%3D-2221617","","wild elephant Safari Cottage","","This guest house provides free private parking, full-day security, and free Wifi. A flat-screen TV is featured. For added privacy, the accommodation features a private entrance.","","Opens in new window","Udawalawe","","Show prices","","","Show on map","New to Booking.com","https://cf.bstatic.com/xdata/images/hotel/square600/819493252.webp?k=712ec6869c8ee77468b78c6acae7bffdc7f5c212e83dfc3fa4df01edfa9bb082&o="
"1777054999-262","https://www.booking.com/searchresults.html?label=bristol-XLwodozx2dVe8Ts0XeYuawS752260715469%3Apl%3Ata%3Ap1%3Ap2%3Aac%3Aap%3Aneg%3Afi%3Atikwd-869815001187%3Alp1009919%3Ali%3Adec%3Adm%3Appccp%3DUmFuZG9tSVYkc2RlIyh9YXdX6HrtnYy-Ml68sH-ljtU&aid=311984&dest_id=198&dest_type=country&group_adults=2&req_adults=2&no_rooms=1&broad_search_not_eligible=1&order=score&nflt=ht_id%3D204%3Bht_id%3D213%3Bht_id%3D201%3Bht_id%3D216%3Bht_id%3D222%3Bht_id%3D221%3Bht_id%3D206%3Btop_destinations%3D6023%3Buf%3D-2237982%3Buf%3D-2235153%3Buf%3D-2213814%3Buf%3D-2216852%3Buf%3D-2213367%3Buf%3D-2234806%3Buf%3D-2221617","","Mango Breeze Udawalawe","","Providing a garden, Mango Breeze Udawalawe provides accommodations in Udawalawe. Both free Wifi and private parking are available at the guest house free of charge.","","Opens in new window","Udawalawe","","Show prices","","","Show on map","New to Booking.com","https://cf.bstatic.com/xdata/images/hotel/square600/800379875.webp?k=c8ed092e466c871cc4f84387e43663999f27b77660216eef9bdccea4ff5ebda6&o="
"1777054999-263","https://www.booking.com/searchresults.html?label=bristol-XLwodozx2dVe8Ts0XeYuawS752260715469%3Apl%3Ata%3Ap1%3Ap2%3Aac%3Aap%3Aneg%3Afi%3Atikwd-869815001187%3Alp1009919%3Ali%3Adec%3Adm%3Appccp%3DUmFuZG9tSVYkc2RlIyh9YXdX6HrtnYy-Ml68sH-ljtU&aid=311984&dest_id=198&dest_type=country&group_adults=2&req_adults=2&no_rooms=1&broad_search_not_eligible=1&order=score&nflt=ht_id%3D204%3Bht_id%3D213%3Bht_id%3D201%3Bht_id%3D216%3Bht_id%3D222%3Bht_id%3D221%3Bht_id%3D206%3Btop_destinations%3D6023%3Buf%3D-2237982%3Buf%3D-2235153%3Buf%3D-2213814%3Buf%3D-2216852%3Buf%3D-2213367%3Buf%3D-2234806%3Buf%3D-2221617","","SINHARAJA GUEST INN Rakwana","","SINHARAJA GUEST INN Rakwana is offering accommodations in Rakwana. Featuring room service, this property also provides guests with a restaurant.","","Opens in new window","Rakwana","","Show prices","","","Show on map","","https://cf.bstatic.com/xdata/images/hotel/square600/749752602.webp?k=363e51397a540dff3c56b13bbf16cf49fc74415707aa511615fbb29013ebfc16&o="
"1777054999-264","https://www.booking.com/searchresults.html?label=bristol-XLwodozx2dVe8Ts0XeYuawS752260715469%3Apl%3Ata%3Ap1%3Ap2%3Aac%3Aap%3Aneg%3Afi%3Atikwd-869815001187%3Alp1009919%3Ali%3Adec%3Adm%3Appccp%3DUmFuZG9tSVYkc2RlIyh9YXdX6HrtnYy-Ml68sH-ljtU&aid=311984&dest_id=198&dest_type=country&group_adults=2&req_adults=2&no_rooms=1&broad_search_not_eligible=1&order=score&nflt=ht_id%3D204%3Bht_id%3D213%3Bht_id%3D201%3Bht_id%3D216%3Bht_id%3D222%3Bht_id%3D221%3Bht_id%3D206%3Btop_destinations%3D6023%3Buf%3D-2237982%3Buf%3D-2235153%3Buf%3D-2213814%3Buf%3D-2216852%3Buf%3D-2213367%3Buf%3D-2234806%3Buf%3D-2221617","","Forest Heaven Eco Resort","","Located in Belihuloya, Forest Heaven Eco Resort offers 2-star accommodations with a garden. Featuring room service, this property also welcomes guests with a restaurant, a water park and a terrace.","· 2 reviews","Opens in new window","Belihuloya","Scored 5.5","Show prices","5.5","Review score","Show on map","","https://cf.bstatic.com/xdata/images/hotel/square600/621283113.webp?k=f544cfdf4b1d1327920a949c698dd2d8fc3fa7bfadce2e24f98b2586385f3f14&o="
"1777054999-265","https://www.booking.com/searchresults.html?label=bristol-XLwodozx2dVe8Ts0XeYuawS752260715469%3Apl%3Ata%3Ap1%3Ap2%3Aac%3Aap%3Aneg%3Afi%3Atikwd-869815001187%3Alp1009919%3Ali%3Adec%3Adm%3Appccp%3DUmFuZG9tSVYkc2RlIyh9YXdX6HrtnYy-Ml68sH-ljtU&aid=311984&dest_id=198&dest_type=country&group_adults=2&req_adults=2&no_rooms=1&broad_search_not_eligible=1&order=score&nflt=ht_id%3D204%3Bht_id%3D213%3Bht_id%3D201%3Bht_id%3D216%3Bht_id%3D222%3Bht_id%3D221%3Bht_id%3D206%3Btop_destinations%3D6023%3Buf%3D-2237982%3Buf%3D-2235153%3Buf%3D-2213814%3Buf%3D-2216852%3Buf%3D-2213367%3Buf%3D-2234806%3Buf%3D-2221617","","Superson wild safari inn","","Superson wild safari inn in Udawalawe features 3-star accommodations with a garden, a restaurant and a bar. The hotel has a sauna, room service and free WiFi throughout the property.","","Opens in new window","Udawalawe","","Show prices","","","Show on map","New to Booking.com","https://cf.bstatic.com/xdata/images/hotel/square600/815194978.webp?k=9c154108c83dfe3dac4f9108ff06c6031854da59008f157a87e2e6d837e366c0&o="
"1777054999-266","https://www.booking.com/searchresults.html?label=bristol-XLwodozx2dVe8Ts0XeYuawS752260715469%3Apl%3Ata%3Ap1%3Ap2%3Aac%3Aap%3Aneg%3Afi%3Atikwd-869815001187%3Alp1009919%3Ali%3Adec%3Adm%3Appccp%3DUmFuZG9tSVYkc2RlIyh9YXdX6HrtnYy-Ml68sH-ljtU&aid=311984&dest_id=198&dest_type=country&group_adults=2&req_adults=2&no_rooms=1&broad_search_not_eligible=1&order=score&nflt=ht_id%3D204%3Bht_id%3D213%3Bht_id%3D201%3Bht_id%3D216%3Bht_id%3D222%3Bht_id%3D221%3Bht_id%3D206%3Btop_destinations%3D6023%3Buf%3D-2237982%3Buf%3D-2235153%3Buf%3D-2213814%3Buf%3D-2216852%3Buf%3D-2213367%3Buf%3D-2234806%3Buf%3D-2221617","","Mini Jungle Canopy Bungalow -Udawalawe","Value for money 10","Featuring pool views, Mini Jungle Canopy Bungalow -Udawalawe in Udawalawe features accommodations and a garden. This property offers a pool with a view, free Wifi, and free private parking.","· 1 review","Opens in new window","Udawalawe","Scored 8.0","Show prices","8.0","Very Good","Show on map","","https://cf.bstatic.com/xdata/images/hotel/square600/832456957.webp?k=239a53b0a1ce9af132ad1f7e7481eaa319f901b39209e61f598cdd2d254b3f44&o="
"1777054999-267","https://www.booking.com/searchresults.html?label=bristol-XLwodozx2dVe8Ts0XeYuawS752260715469%3Apl%3Ata%3Ap1%3Ap2%3Aac%3Aap%3Aneg%3Afi%3Atikwd-869815001187%3Alp1009919%3Ali%3Adec%3Adm%3Appccp%3DUmFuZG9tSVYkc2RlIyh9YXdX6HrtnYy-Ml68sH-ljtU&aid=311984&dest_id=198&dest_type=country&group_adults=2&req_adults=2&no_rooms=1&broad_search_not_eligible=1&order=score&nflt=ht_id%3D204%3Bht_id%3D213%3Bht_id%3D201%3Bht_id%3D216%3Bht_id%3D222%3Bht_id%3D221%3Bht_id%3D206%3Btop_destinations%3D6023%3Buf%3D-2237982%3Buf%3D-2235153%3Buf%3D-2213814%3Buf%3D-2216852%3Buf%3D-2213367%3Buf%3D-2234806%3Buf%3D-2221617","","Windy Rich Bungalow Belihuloya","Location 10","Providing a garden, Windy Rich Bungalow Belihuloya features accommodations in Belihuloya. Housed in a building dating from 2015, this villa provides free Wifi and free private parking.","· 4 reviews","Opens in new window","Belihuloya","Scored 8.8","Show prices","8.8","Excellent","Show on map","","https://cf.bstatic.com/xdata/images/hotel/square600/455885781.webp?k=fa0292673c4d48d3177a04aad0b3021d106d4ed7adf00b7139ca230bde465061&o="
"1777054999-268","https://www.booking.com/searchresults.html?label=bristol-XLwodozx2dVe8Ts0XeYuawS752260715469%3Apl%3Ata%3Ap1%3Ap2%3Aac%3Aap%3Aneg%3Afi%3Atikwd-869815001187%3Alp1009919%3Ali%3Adec%3Adm%3Appccp%3DUmFuZG9tSVYkc2RlIyh9YXdX6HrtnYy-Ml68sH-ljtU&aid=311984&dest_id=198&dest_type=country&group_adults=2&req_adults=2&no_rooms=1&broad_search_not_eligible=1&order=score&nflt=ht_id%3D204%3Bht_id%3D213%3Bht_id%3D201%3Bht_id%3D216%3Bht_id%3D222%3Bht_id%3D221%3Bht_id%3D206%3Btop_destinations%3D6023%3Buf%3D-2237982%3Buf%3D-2235153%3Buf%3D-2213814%3Buf%3D-2216852%3Buf%3D-2213367%3Buf%3D-2234806%3Buf%3D-2221617","","Wild safari canel resort","Value for money 10","Wild safari canel resort in Udawalawe features 3-star accommodations with a garden, a shared lounge and a restaurant.","· 4 reviews","Opens in new window","Udawalawe","Scored 10","Show prices","10","Exceptional","Show on map","","https://cf.bstatic.com/xdata/images/hotel/square600/816863287.webp?k=b50e36413de3f880023f08d9ea11c24200e694e4d29f5ff2565f8848f59c0e77&o="
"1777054999-269","https://www.booking.com/searchresults.html?label=bristol-XLwodozx2dVe8Ts0XeYuawS752260715469%3Apl%3Ata%3Ap1%3Ap2%3Aac%3Aap%3Aneg%3Afi%3Atikwd-869815001187%3Alp1009919%3Ali%3Adec%3Adm%3Appccp%3DUmFuZG9tSVYkc2RlIyh9YXdX6HrtnYy-Ml68sH-ljtU&aid=311984&dest_id=198&dest_type=country&group_adults=2&req_adults=2&no_rooms=1&broad_search_not_eligible=1&order=score&nflt=ht_id%3D204%3Bht_id%3D213%3Bht_id%3D201%3Bht_id%3D216%3Bht_id%3D222%3Bht_id%3D221%3Bht_id%3D206%3Btop_destinations%3D6023%3Buf%3D-2237982%3Buf%3D-2235153%3Buf%3D-2213814%3Buf%3D-2216852%3Buf%3D-2213367%3Buf%3D-2234806%3Buf%3D-2221617","","Glamour Homestay - Udawalawe","","Glamour Homestay - Udawalawe features accommodations in Udawalawe. Featuring free private parking, the homestay is 9.3 miles from Udawalawe National Park.","","Opens in new window","Udawalawe","","Show prices","","","Show on map","","https://cf.bstatic.com/xdata/images/hotel/square600/643730896.webp?k=0d2201beb8103950c60da8f9326d322ad5de773675b83bf676c9ad6ee682a6af&o="
"1777054999-270","https://www.booking.com/searchresults.html?label=bristol-XLwodozx2dVe8Ts0XeYuawS752260715469%3Apl%3Ata%3Ap1%3Ap2%3Aac%3Aap%3Aneg%3Afi%3Atikwd-869815001187%3Alp1009919%3Ali%3Adec%3Adm%3Appccp%3DUmFuZG9tSVYkc2RlIyh9YXdX6HrtnYy-Ml68sH-ljtU&aid=311984&dest_id=198&dest_type=country&group_adults=2&req_adults=2&no_rooms=1&broad_search_not_eligible=1&order=score&nflt=ht_id%3D204%3Bht_id%3D213%3Bht_id%3D201%3Bht_id%3D216%3Bht_id%3D222%3Bht_id%3D221%3Bht_id%3D206%3Btop_destinations%3D6023%3Buf%3D-2237982%3Buf%3D-2235153%3Buf%3D-2213814%3Buf%3D-2216852%3Buf%3D-2213367%3Buf%3D-2234806%3Buf%3D-2221617","","New WELELIYA Family Resort Embilipitiya","","New WELELIYA Family Resort Embilipitiya offers accommodations in Embilipitiya, 29 miles from Hummanaya Blow Hole and 24 miles from Tangalle Lagoon.","","Opens in new window","Embilipitiya","","Show prices","","","Show on map","","https://cf.bstatic.com/xdata/images/hotel/square600/795007170.webp?k=427cc749f3331a125bf9f0fad3dded236f4d152477be0cc19fd0da6b76c27749&o="
"1777054999-271","https://www.booking.com/searchresults.html?label=bristol-XLwodozx2dVe8Ts0XeYuawS752260715469%3Apl%3Ata%3Ap1%3Ap2%3Aac%3Aap%3Aneg%3Afi%3Atikwd-869815001187%3Alp1009919%3Ali%3Adec%3Adm%3Appccp%3DUmFuZG9tSVYkc2RlIyh9YXdX6HrtnYy-Ml68sH-ljtU&aid=311984&dest_id=198&dest_type=country&group_adults=2&req_adults=2&no_rooms=1&broad_search_not_eligible=1&order=score&nflt=ht_id%3D204%3Bht_id%3D213%3Bht_id%3D201%3Bht_id%3D216%3Bht_id%3D222%3Bht_id%3D221%3Bht_id%3D206%3Btop_destinations%3D6023%3Buf%3D-2237982%3Buf%3D-2235153%3Buf%3D-2213814%3Buf%3D-2216852%3Buf%3D-2213367%3Buf%3D-2234806%3Buf%3D-2221617","","Zafara Resort","Location 9.4","Located in Udawalawe, 30 miles from Tangalle Lagoon, Zafara Resort has accommodations with a garden, free private parking, a shared lounge and a restaurant.","· 4 reviews","Opens in new window","Udawalawe","Scored 7.7","Show prices","7.7","Good","Show on map","","https://cf.bstatic.com/xdata/images/hotel/square600/757675235.webp?k=612ee5fd30b0883a74c29d9dc5d1486d61b8da443269c9ca6f7887a72c39548a&o="
"1777054999-272","https://www.booking.com/searchresults.html?label=bristol-XLwodozx2dVe8Ts0XeYuawS752260715469%3Apl%3Ata%3Ap1%3Ap2%3Aac%3Aap%3Aneg%3Afi%3Atikwd-869815001187%3Alp1009919%3Ali%3Adec%3Adm%3Appccp%3DUmFuZG9tSVYkc2RlIyh9YXdX6HrtnYy-Ml68sH-ljtU&aid=311984&dest_id=198&dest_type=country&group_adults=2&req_adults=2&no_rooms=1&broad_search_not_eligible=1&order=score&nflt=ht_id%3D204%3Bht_id%3D213%3Bht_id%3D201%3Bht_id%3D216%3Bht_id%3D222%3Bht_id%3D221%3Bht_id%3D206%3Btop_destinations%3D6023%3Buf%3D-2237982%3Buf%3D-2235153%3Buf%3D-2213814%3Buf%3D-2216852%3Buf%3D-2213367%3Buf%3D-2234806%3Buf%3D-2221617","","Enjoy River Cottage","Value for money 10","A recently renovated guest house, Enjoy River Cottage offers accommodation in Udawalawe.","· 3 reviews","Opens in new window","Udawalawe","Scored 10","Show prices","10","Exceptional","Show on map","","https://cf.bstatic.com/xdata/images/hotel/square600/502551595.webp?k=18eb4ee832d6e7b9db5fb60e0e9725e8a218be37e780410753a336463f8c9305&o="
"1777054999-273","https://www.booking.com/searchresults.html?label=bristol-XLwodozx2dVe8Ts0XeYuawS752260715469%3Apl%3Ata%3Ap1%3Ap2%3Aac%3Aap%3Aneg%3Afi%3Atikwd-869815001187%3Alp1009919%3Ali%3Adec%3Adm%3Appccp%3DUmFuZG9tSVYkc2RlIyh9YXdX6HrtnYy-Ml68sH-ljtU&aid=311984&dest_id=198&dest_type=country&group_adults=2&req_adults=2&no_rooms=1&broad_search_not_eligible=1&order=score&nflt=ht_id%3D204%3Bht_id%3D213%3Bht_id%3D201%3Bht_id%3D216%3Bht_id%3D222%3Bht_id%3D221%3Bht_id%3D206%3Btop_destinations%3D6023%3Buf%3D-2237982%3Buf%3D-2235153%3Buf%3D-2213814%3Buf%3D-2216852%3Buf%3D-2213367%3Buf%3D-2234806%3Buf%3D-2221617","","Elephant Paradise Udawalawe","","Elephant Paradise Udawalawe in Udawalawe provides accommodations with a garden and a terrace. Both free Wifi and parking on-site are accessible at the guest house free of charge.","","Opens in new window","Udawalawe","","Show prices","","","Show on map","New to Booking.com","https://cf.bstatic.com/xdata/images/hotel/square600/822296473.webp?k=499da6e77d93d7698399b3710be5d42e22489e5916b926cbf0c051314874c006&o="
"1777054999-274","https://www.booking.com/searchresults.html?label=bristol-XLwodozx2dVe8Ts0XeYuawS752260715469%3Apl%3Ata%3Ap1%3Ap2%3Aac%3Aap%3Aneg%3Afi%3Atikwd-869815001187%3Alp1009919%3Ali%3Adec%3Adm%3Appccp%3DUmFuZG9tSVYkc2RlIyh9YXdX6HrtnYy-Ml68sH-ljtU&aid=311984&dest_id=198&dest_type=country&group_adults=2&req_adults=2&no_rooms=1&broad_search_not_eligible=1&order=score&nflt=ht_id%3D204%3Bht_id%3D213%3Bht_id%3D201%3Bht_id%3D216%3Bht_id%3D222%3Bht_id%3D221%3Bht_id%3D206%3Btop_destinations%3D6023%3Buf%3D-2237982%3Buf%3D-2235153%3Buf%3D-2213814%3Buf%3D-2216852%3Buf%3D-2213367%3Buf%3D-2234806%3Buf%3D-2221617","","Elephant Reach Udawalawe","Value for money 10","Featuring a garden, Elephant Reach Udawalawe features accommodations in Udawalawe. Both free Wifi and parking on-site are accessible at the guest house free of charge.","· 1 review","Opens in new window","Udawalawe","Scored 10","Show prices","10","Exceptional","Show on map","","https://cf.bstatic.com/xdata/images/hotel/square600/803607790.webp?k=d31fe22da2b71b570d29db0368c5ef05e148983dcc257ff4fe5ed45f4f7449f8&o="
"1777054999-275","https://www.booking.com/searchresults.html?label=bristol-XLwodozx2dVe8Ts0XeYuawS752260715469%3Apl%3Ata%3Ap1%3Ap2%3Aac%3Aap%3Aneg%3Afi%3Atikwd-869815001187%3Alp1009919%3Ali%3Adec%3Adm%3Appccp%3DUmFuZG9tSVYkc2RlIyh9YXdX6HrtnYy-Ml68sH-ljtU&aid=311984&dest_id=198&dest_type=country&group_adults=2&req_adults=2&no_rooms=1&broad_search_not_eligible=1&order=score&nflt=ht_id%3D204%3Bht_id%3D213%3Bht_id%3D201%3Bht_id%3D216%3Bht_id%3D222%3Bht_id%3D221%3Bht_id%3D206%3Btop_destinations%3D6023%3Buf%3D-2237982%3Buf%3D-2235153%3Buf%3D-2213814%3Buf%3D-2216852%3Buf%3D-2213367%3Buf%3D-2234806%3Buf%3D-2221617","","River way","","River way offers accommodations in Ratnapura, 27 miles from Avissawella Railway Station. This property offers access to a balcony and free private parking. Guests can use a garden.","","Opens in new window","Ratnapura","","Show prices","","","Show on map","","https://cf.bstatic.com/xdata/images/hotel/square600/750930865.webp?k=a5c90cae941fa855ac333e4530f9481da5c69587475699a8ce48679ae39086b0&o="
"1777054999-276","https://www.booking.com/searchresults.html?label=bristol-XLwodozx2dVe8Ts0XeYuawS752260715469%3Apl%3Ata%3Ap1%3Ap2%3Aac%3Aap%3Aneg%3Afi%3Atikwd-869815001187%3Alp1009919%3Ali%3Adec%3Adm%3Appccp%3DUmFuZG9tSVYkc2RlIyh9YXdX6HrtnYy-Ml68sH-ljtU&aid=311984&dest_id=198&dest_type=country&group_adults=2&req_adults=2&no_rooms=1&broad_search_not_eligible=1&order=score&nflt=ht_id%3D204%3Bht_id%3D213%3Bht_id%3D201%3Bht_id%3D216%3Bht_id%3D222%3Bht_id%3D221%3Bht_id%3D206%3Btop_destinations%3D6023%3Buf%3D-2237982%3Buf%3D-2235153%3Buf%3D-2213814%3Buf%3D-2216852%3Buf%3D-2213367%3Buf%3D-2234806%3Buf%3D-2221617","","Discovery resort rathnapura","","Located in Ratnapura, Discovery resort rathnapura is 29 miles from Avissawella Railway Station.","· 2 reviews","Opens in new window","Ratnapura","Scored 8.0","Show prices","8.0","Very Good","Show on map","","https://cf.bstatic.com/xdata/images/hotel/square600/775893382.webp?k=3f692ece0b0604c246b165d34c7a8f03a270988bf8c0869ba2434d39084a7905&o="
"1777054999-277","https://www.booking.com/searchresults.html?label=bristol-XLwodozx2dVe8Ts0XeYuawS752260715469%3Apl%3Ata%3Ap1%3Ap2%3Aac%3Aap%3Aneg%3Afi%3Atikwd-869815001187%3Alp1009919%3Ali%3Adec%3Adm%3Appccp%3DUmFuZG9tSVYkc2RlIyh9YXdX6HrtnYy-Ml68sH-ljtU&aid=311984&dest_id=198&dest_type=country&group_adults=2&req_adults=2&no_rooms=1&broad_search_not_eligible=1&order=score&nflt=ht_id%3D204%3Bht_id%3D213%3Bht_id%3D201%3Bht_id%3D216%3Bht_id%3D222%3Bht_id%3D221%3Bht_id%3D206%3Btop_destinations%3D6023%3Buf%3D-2237982%3Buf%3D-2235153%3Buf%3D-2213814%3Buf%3D-2216852%3Buf%3D-2213367%3Buf%3D-2234806%3Buf%3D-2221617","","Blue Bird Udawalawe","Value for money 10","Blue Bird Udawalawe features free bikes, garden, a terrace and restaurant in Udawalawe.","· 3 reviews","Opens in new window","Udawalawe","Scored 10","Show prices","10","Exceptional","Show on map","","https://cf.bstatic.com/xdata/images/hotel/square600/779971974.webp?k=5f0b478401f4af4df0c70b8c5900e18fcec5f49f7a1e0b0d17c7835060ca89a3&o="
"1777054999-278","https://www.booking.com/searchresults.html?label=bristol-XLwodozx2dVe8Ts0XeYuawS752260715469%3Apl%3Ata%3Ap1%3Ap2%3Aac%3Aap%3Aneg%3Afi%3Atikwd-869815001187%3Alp1009919%3Ali%3Adec%3Adm%3Appccp%3DUmFuZG9tSVYkc2RlIyh9YXdX6HrtnYy-Ml68sH-ljtU&aid=311984&dest_id=198&dest_type=country&group_adults=2&req_adults=2&no_rooms=1&broad_search_not_eligible=1&order=score&nflt=ht_id%3D204%3Bht_id%3D213%3Bht_id%3D201%3Bht_id%3D216%3Bht_id%3D222%3Bht_id%3D221%3Bht_id%3D206%3Btop_destinations%3D6023%3Buf%3D-2237982%3Buf%3D-2235153%3Buf%3D-2213814%3Buf%3D-2216852%3Buf%3D-2213367%3Buf%3D-2234806%3Buf%3D-2221617","","Tuskers edge homestay","Value for money 10","Offering a garden, Tuskers edge homestay offers accommodations in Udawalawe. This property offers access to a terrace, free private parking, and free Wifi.","· 1 review","Opens in new window","Udawalawe","Scored 10","Show prices","10","Exceptional","Show on map","New to Booking.com","https://cf.bstatic.com/xdata/images/hotel/square600/833749377.webp?k=debe66f157d5b38ed37ca66273df3edd61fa60248a45e223480108af41b34eb1&o="
"1777054999-279","https://www.booking.com/searchresults.html?label=bristol-XLwodozx2dVe8Ts0XeYuawS752260715469%3Apl%3Ata%3Ap1%3Ap2%3Aac%3Aap%3Aneg%3Afi%3Atikwd-869815001187%3Alp1009919%3Ali%3Adec%3Adm%3Appccp%3DUmFuZG9tSVYkc2RlIyh9YXdX6HrtnYy-Ml68sH-ljtU&aid=311984&dest_id=198&dest_type=country&group_adults=2&req_adults=2&no_rooms=1&broad_search_not_eligible=1&order=score&nflt=ht_id%3D204%3Bht_id%3D213%3Bht_id%3D201%3Bht_id%3D216%3Bht_id%3D222%3Bht_id%3D221%3Bht_id%3D206%3Btop_destinations%3D6023%3Buf%3D-2237982%3Buf%3D-2235153%3Buf%3D-2213814%3Buf%3D-2216852%3Buf%3D-2213367%3Buf%3D-2234806%3Buf%3D-2221617","","Tusker's edge homestay","","Among the facilities of this property are a restaurant, a 24-hour front desk, and room service, along with free Wifi throughout the property.","","Opens in new window","Udawalawe","","Show prices","","","Show on map","New to Booking.com","https://cf.bstatic.com/xdata/images/hotel/square600/832667178.webp?k=57d30ba214b41d09a58ef2f423c1f27925cc2be5208b7579aedec5e23ed1eded&o="
"1777054999-280","https://www.booking.com/searchresults.html?label=bristol-XLwodozx2dVe8Ts0XeYuawS752260715469%3Apl%3Ata%3Ap1%3Ap2%3Aac%3Aap%3Aneg%3Afi%3Atikwd-869815001187%3Alp1009919%3Ali%3Adec%3Adm%3Appccp%3DUmFuZG9tSVYkc2RlIyh9YXdX6HrtnYy-Ml68sH-ljtU&aid=311984&dest_id=198&dest_type=country&group_adults=2&req_adults=2&no_rooms=1&broad_search_not_eligible=1&order=score&nflt=ht_id%3D204%3Bht_id%3D213%3Bht_id%3D201%3Bht_id%3D216%3Bht_id%3D222%3Bht_id%3D221%3Bht_id%3D206%3Btop_destinations%3D6023%3Buf%3D-2237982%3Buf%3D-2235153%3Buf%3D-2213814%3Buf%3D-2216852%3Buf%3D-2213367%3Buf%3D-2234806%3Buf%3D-2221617","","White Ancient Villa","","Located in Udawalawe, 10 miles from Udawalawe National Park, White Ancient Villa has accommodations with a garden, free private parking, a terrace and a restaurant.","","Opens in new window","Udawalawe","","Show prices","","","Show on map","","https://cf.bstatic.com/xdata/images/hotel/square600/665345093.webp?k=5bbd31698ec1630e9d5e4d5a284cd5d5093b27d0b3a58ffe850a13da7a66a96a&o="
"1777054999-281","https://www.booking.com/searchresults.html?label=bristol-XLwodozx2dVe8Ts0XeYuawS752260715469%3Apl%3Ata%3Ap1%3Ap2%3Aac%3Aap%3Aneg%3Afi%3Atikwd-869815001187%3Alp1009919%3Ali%3Adec%3Adm%3Appccp%3DUmFuZG9tSVYkc2RlIyh9YXdX6HrtnYy-Ml68sH-ljtU&aid=311984&dest_id=198&dest_type=country&group_adults=2&req_adults=2&no_rooms=1&broad_search_not_eligible=1&order=score&nflt=ht_id%3D204%3Bht_id%3D213%3Bht_id%3D201%3Bht_id%3D216%3Bht_id%3D222%3Bht_id%3D221%3Bht_id%3D206%3Btop_destinations%3D6023%3Buf%3D-2237982%3Buf%3D-2235153%3Buf%3D-2213814%3Buf%3D-2216852%3Buf%3D-2213367%3Buf%3D-2234806%3Buf%3D-2221617","","Stone Carving Resort Udawalawa","Value for money 10","Stone Carving Resort Udawalawa features a garden, terrace, a restaurant and bar in Udawalawe. There is free private parking and the property provides paid airport shuttle service.","· 3 reviews","Opens in new window","Udawalawe","Scored 10","Show prices","10","Exceptional","Show on map","","https://cf.bstatic.com/xdata/images/hotel/square600/813501603.webp?k=8dfc2edaf05792a5c81999c4759cf485560a5a6b722c220ee5d8fc3e29dd1403&o="
"1777054999-282","https://www.booking.com/searchresults.html?label=bristol-XLwodozx2dVe8Ts0XeYuawS752260715469%3Apl%3Ata%3Ap1%3Ap2%3Aac%3Aap%3Aneg%3Afi%3Atikwd-869815001187%3Alp1009919%3Ali%3Adec%3Adm%3Appccp%3DUmFuZG9tSVYkc2RlIyh9YXdX6HrtnYy-Ml68sH-ljtU&aid=311984&dest_id=198&dest_type=country&group_adults=2&req_adults=2&no_rooms=1&broad_search_not_eligible=1&order=score&nflt=ht_id%3D204%3Bht_id%3D213%3Bht_id%3D201%3Bht_id%3D216%3Bht_id%3D222%3Bht_id%3D221%3Bht_id%3D206%3Btop_destinations%3D6023%3Buf%3D-2237982%3Buf%3D-2235153%3Buf%3D-2213814%3Buf%3D-2216852%3Buf%3D-2213367%3Buf%3D-2234806%3Buf%3D-2221617","","Sugarcane View Cottage","","Offering a garden, Sugarcane View Cottage features accommodations in Udawalawe. This property offers access to a terrace, free private parking, and free Wifi.","","Opens in new window","Udawalawe","","Show prices","","","Show on map","New to Booking.com","https://cf.bstatic.com/xdata/images/hotel/square600/823648501.webp?k=6448d92ef288a2bb907b61b301ca87ffa0fac3c4f5a520886a664eee0c8337a2&o="
"1777054999-283","https://www.booking.com/searchresults.html?label=bristol-XLwodozx2dVe8Ts0XeYuawS752260715469%3Apl%3Ata%3Ap1%3Ap2%3Aac%3Aap%3Aneg%3Afi%3Atikwd-869815001187%3Alp1009919%3Ali%3Adec%3Adm%3Appccp%3DUmFuZG9tSVYkc2RlIyh9YXdX6HrtnYy-Ml68sH-ljtU&aid=311984&dest_id=198&dest_type=country&group_adults=2&req_adults=2&no_rooms=1&broad_search_not_eligible=1&order=score&nflt=ht_id%3D204%3Bht_id%3D213%3Bht_id%3D201%3Bht_id%3D216%3Bht_id%3D222%3Bht_id%3D221%3Bht_id%3D206%3Btop_destinations%3D6023%3Buf%3D-2237982%3Buf%3D-2235153%3Buf%3D-2213814%3Buf%3D-2216852%3Buf%3D-2213367%3Buf%3D-2234806%3Buf%3D-2221617","","Hathbabma Ella villa","Value for money 10","Featuring a garden, Hathbabma Ella villa provides accommodations in Ratnapura. This villa features free private parking, full-day security, and free Wifi.","· 2 reviews","Opens in new window","Ratnapura","Scored 9.5","Show prices","9.5","Exceptional","Show on map","","https://cf.bstatic.com/xdata/images/hotel/square600/811423278.webp?k=b653d65a2d0c69f7c4dfcdc9a2e6d0bb009da863b985c01c3d8665d220482f6c&o="
"1777054999-284","https://www.booking.com/searchresults.html?label=bristol-XLwodozx2dVe8Ts0XeYuawS752260715469%3Apl%3Ata%3Ap1%3Ap2%3Aac%3Aap%3Aneg%3Afi%3Atikwd-869815001187%3Alp1009919%3Ali%3Adec%3Adm%3Appccp%3DUmFuZG9tSVYkc2RlIyh9YXdX6HrtnYy-Ml68sH-ljtU&aid=311984&dest_id=198&dest_type=country&group_adults=2&req_adults=2&no_rooms=1&broad_search_not_eligible=1&order=score&nflt=ht_id%3D204%3Bht_id%3D213%3Bht_id%3D201%3Bht_id%3D216%3Bht_id%3D222%3Bht_id%3D221%3Bht_id%3D206%3Btop_destinations%3D6023%3Buf%3D-2237982%3Buf%3D-2235153%3Buf%3D-2213814%3Buf%3D-2216852%3Buf%3D-2213367%3Buf%3D-2234806%3Buf%3D-2221617","","Blue Rock Retreat","","Offering a garden, Blue Rock Retreat features accommodations in Belihuloya. This property offers access to a balcony, free private parking, and free Wifi.","","Opens in new window","Belihuloya","","Show prices","","","Show on map","New to Booking.com","https://cf.bstatic.com/xdata/images/hotel/square600/850820911.webp?k=35684436e24aef72a1776713b0823f7654cd511e934bfd082cd194b759e5da2a&o="
"1777054999-285","https://www.booking.com/searchresults.html?label=bristol-XLwodozx2dVe8Ts0XeYuawS752260715469%3Apl%3Ata%3Ap1%3Ap2%3Aac%3Aap%3Aneg%3Afi%3Atikwd-869815001187%3Alp1009919%3Ali%3Adec%3Adm%3Appccp%3DUmFuZG9tSVYkc2RlIyh9YXdX6HrtnYy-Ml68sH-ljtU&aid=311984&dest_id=198&dest_type=country&group_adults=2&req_adults=2&no_rooms=1&broad_search_not_eligible=1&order=score&nflt=ht_id%3D204%3Bht_id%3D213%3Bht_id%3D201%3Bht_id%3D216%3Bht_id%3D222%3Bht_id%3D221%3Bht_id%3D206%3Btop_destinations%3D6023%3Buf%3D-2237982%3Buf%3D-2235153%3Buf%3D-2213814%3Buf%3D-2216852%3Buf%3D-2213367%3Buf%3D-2234806%3Buf%3D-2221617","","The elephant house","Value for money 10","Located in Udawalawe, The elephant house offers a restaurant. Featuring a garden, the 3-star hotel has air-conditioned rooms with free WiFi, each with a private bathroom.","· 2 reviews","Opens in new window","Udawalawe","Scored 10","Show prices","10","Exceptional","Show on map","","https://cf.bstatic.com/xdata/images/hotel/square600/783261932.webp?k=8a98c023b066a02bbedae784e3e28e758b816c35d4c1fdf6c6e984c60de0ec0e&o="
"1777054999-286","https://www.booking.com/searchresults.html?label=bristol-XLwodozx2dVe8Ts0XeYuawS752260715469%3Apl%3Ata%3Ap1%3Ap2%3Aac%3Aap%3Aneg%3Afi%3Atikwd-869815001187%3Alp1009919%3Ali%3Adec%3Adm%3Appccp%3DUmFuZG9tSVYkc2RlIyh9YXdX6HrtnYy-Ml68sH-ljtU&aid=311984&dest_id=198&dest_type=country&group_adults=2&req_adults=2&no_rooms=1&broad_search_not_eligible=1&order=score&nflt=ht_id%3D204%3Bht_id%3D213%3Bht_id%3D201%3Bht_id%3D216%3Bht_id%3D222%3Bht_id%3D221%3Bht_id%3D206%3Btop_destinations%3D6023%3Buf%3D-2237982%3Buf%3D-2235153%3Buf%3D-2213814%3Buf%3D-2216852%3Buf%3D-2213367%3Buf%3D-2234806%3Buf%3D-2221617","","Silent Bungalow River Side","","Providing a garden, Silent Bungalow River Side provides accommodations in Udawalawe. Guests staying at this homestay have access to a fully equipped kitchen.","","Opens in new window","Udawalawe","","Show prices","","","Show on map","","https://cf.bstatic.com/xdata/images/hotel/square600/206683339.webp?k=1772b80ac4d9fba4b64e1ca69ad185d114fa965915e24609051d099030f0b696&o="
"1777054999-287","https://www.booking.com/searchresults.html?label=bristol-XLwodozx2dVe8Ts0XeYuawS752260715469%3Apl%3Ata%3Ap1%3Ap2%3Aac%3Aap%3Aneg%3Afi%3Atikwd-869815001187%3Alp1009919%3Ali%3Adec%3Adm%3Appccp%3DUmFuZG9tSVYkc2RlIyh9YXdX6HrtnYy-Ml68sH-ljtU&aid=311984&dest_id=198&dest_type=country&group_adults=2&req_adults=2&no_rooms=1&broad_search_not_eligible=1&order=score&nflt=ht_id%3D204%3Bht_id%3D213%3Bht_id%3D201%3Bht_id%3D216%3Bht_id%3D222%3Bht_id%3D221%3Bht_id%3D206%3Btop_destinations%3D6023%3Buf%3D-2237982%3Buf%3D-2235153%3Buf%3D-2213814%3Buf%3D-2216852%3Buf%3D-2213367%3Buf%3D-2234806%3Buf%3D-2221617","","Residence Safari Udawalawa","Value for money 10","Located in Udawalawe, 9.4 miles from Udawalawe National Park, Residence Safari Udawalawa has accommodations with a garden, free private parking, a terrace and a restaurant.","· 1 review","Opens in new window","Udawalawe","Scored 10","Show prices","10","Exceptional","Show on map","","https://cf.bstatic.com/xdata/images/hotel/square600/593667631.webp?k=27fcc140fe5c01c22cd5e94f3d77dcc3004e9638df09b544950991dd895e87c0&o="
"1777054999-288","https://www.booking.com/searchresults.html?label=bristol-XLwodozx2dVe8Ts0XeYuawS752260715469%3Apl%3Ata%3Ap1%3Ap2%3Aac%3Aap%3Aneg%3Afi%3Atikwd-869815001187%3Alp1009919%3Ali%3Adec%3Adm%3Appccp%3DUmFuZG9tSVYkc2RlIyh9YXdX6HrtnYy-Ml68sH-ljtU&aid=311984&dest_id=198&dest_type=country&group_adults=2&req_adults=2&no_rooms=1&broad_search_not_eligible=1&order=score&nflt=ht_id%3D204%3Bht_id%3D213%3Bht_id%3D201%3Bht_id%3D216%3Bht_id%3D222%3Bht_id%3D221%3Bht_id%3D206%3Btop_destinations%3D6023%3Buf%3D-2237982%3Buf%3D-2235153%3Buf%3D-2213814%3Buf%3D-2216852%3Buf%3D-2213367%3Buf%3D-2234806%3Buf%3D-2221617","","Mango Tree Villa","","Mango Tree Villa in Udawalawe provides accommodations with a garden and a terrace.","","Opens in new window","Udawalawe","","Show prices","","","Show on map","","https://cf.bstatic.com/xdata/images/hotel/square600/809353073.webp?k=96f21f22413a3ea5d84de2cecd06f21c9e50e324991f96103dfec2d2a907b907&o="
"1777054999-289","https://www.booking.com/searchresults.html?label=bristol-XLwodozx2dVe8Ts0XeYuawS752260715469%3Apl%3Ata%3Ap1%3Ap2%3Aac%3Aap%3Aneg%3Afi%3Atikwd-869815001187%3Alp1009919%3Ali%3Adec%3Adm%3Appccp%3DUmFuZG9tSVYkc2RlIyh9YXdX6HrtnYy-Ml68sH-ljtU&aid=311984&dest_id=198&dest_type=country&group_adults=2&req_adults=2&no_rooms=1&broad_search_not_eligible=1&order=score&nflt=ht_id%3D204%3Bht_id%3D213%3Bht_id%3D201%3Bht_id%3D216%3Bht_id%3D222%3Bht_id%3D221%3Bht_id%3D206%3Btop_destinations%3D6023%3Buf%3D-2237982%3Buf%3D-2235153%3Buf%3D-2213814%3Buf%3D-2216852%3Buf%3D-2213367%3Buf%3D-2234806%3Buf%3D-2221617","","Walawa cottage udawalawe","Value for money 10","Offering a garden, Walawa cottage udawalawe offers accommodations in Udawalawe. This property offers access to a balcony and free private parking.","· 3 reviews","Opens in new window","Udawalawe","Scored 9.7","Show prices","9.7","Exceptional","Show on map","","https://cf.bstatic.com/xdata/images/hotel/square600/782019715.webp?k=16876379966bc83e9cb06cd78bc7a39dfc72b70933a9d58b5d7ed16eb3b2a008&o="
"1777054999-290","https://www.booking.com/searchresults.html?label=bristol-XLwodozx2dVe8Ts0XeYuawS752260715469%3Apl%3Ata%3Ap1%3Ap2%3Aac%3Aap%3Aneg%3Afi%3Atikwd-869815001187%3Alp1009919%3Ali%3Adec%3Adm%3Appccp%3DUmFuZG9tSVYkc2RlIyh9YXdX6HrtnYy-Ml68sH-ljtU&aid=311984&dest_id=198&dest_type=country&group_adults=2&req_adults=2&no_rooms=1&broad_search_not_eligible=1&order=score&nflt=ht_id%3D204%3Bht_id%3D213%3Bht_id%3D201%3Bht_id%3D216%3Bht_id%3D222%3Bht_id%3D221%3Bht_id%3D206%3Btop_destinations%3D6023%3Buf%3D-2237982%3Buf%3D-2235153%3Buf%3D-2213814%3Buf%3D-2216852%3Buf%3D-2213367%3Buf%3D-2234806%3Buf%3D-2221617","","Araliya Lake Camp Resort","","Located in Udawalawe, 28 miles from Bundala Bird Sanctuary, Araliya Lake Camp Resort provides accommodations with a garden, free private parking, a terrace and a restaurant.","","Opens in new window","Udawalawe","","Show prices","","","Show on map","New to Booking.com","https://cf.bstatic.com/xdata/images/hotel/square600/830956970.webp?k=89c74f9051c3d2b5f5cbfeea3ebb28b41493839300d4d8b63d021ab42dc7e238&o="
"1777054999-291","https://www.booking.com/searchresults.html?label=bristol-XLwodozx2dVe8Ts0XeYuawS752260715469%3Apl%3Ata%3Ap1%3Ap2%3Aac%3Aap%3Aneg%3Afi%3Atikwd-869815001187%3Alp1009919%3Ali%3Adec%3Adm%3Appccp%3DUmFuZG9tSVYkc2RlIyh9YXdX6HrtnYy-Ml68sH-ljtU&aid=311984&dest_id=198&dest_type=country&group_adults=2&req_adults=2&no_rooms=1&broad_search_not_eligible=1&order=score&nflt=ht_id%3D204%3Bht_id%3D213%3Bht_id%3D201%3Bht_id%3D216%3Bht_id%3D222%3Bht_id%3D221%3Bht_id%3D206%3Btop_destinations%3D6023%3Buf%3D-2237982%3Buf%3D-2235153%3Buf%3D-2213814%3Buf%3D-2216852%3Buf%3D-2213367%3Buf%3D-2234806%3Buf%3D-2221617","","Emma safari udawalawa","","Located in Udawalawe, within 31 miles of Tangalle Lagoon and 31 miles of Mulkirigala Rock Monastery, Emma safari udawalawa provides accommodations with a garden as well as free private parking for...","· 2 reviews","Opens in new window","Udawalawe","Scored 5.5","Show prices","5.5","Review score","Show on map","","https://cf.bstatic.com/xdata/images/hotel/square600/739678855.webp?k=2fae6bd122c138a067e0362a3bc4cc161072394192b305d3f6876aa5c6d47328&o="
"1777054999-292","https://www.booking.com/searchresults.html?label=bristol-XLwodozx2dVe8Ts0XeYuawS752260715469%3Apl%3Ata%3Ap1%3Ap2%3Aac%3Aap%3Aneg%3Afi%3Atikwd-869815001187%3Alp1009919%3Ali%3Adec%3Adm%3Appccp%3DUmFuZG9tSVYkc2RlIyh9YXdX6HrtnYy-Ml68sH-ljtU&aid=311984&dest_id=198&dest_type=country&group_adults=2&req_adults=2&no_rooms=1&broad_search_not_eligible=1&order=score&nflt=ht_id%3D204%3Bht_id%3D213%3Bht_id%3D201%3Bht_id%3D216%3Bht_id%3D222%3Bht_id%3D221%3Bht_id%3D206%3Btop_destinations%3D6023%3Buf%3D-2237982%3Buf%3D-2235153%3Buf%3D-2213814%3Buf%3D-2216852%3Buf%3D-2213367%3Buf%3D-2234806%3Buf%3D-2221617","","Almond Breeze Cottage","","A recently renovated guest house, Almond Breeze Cottage offers accommodations in Udawalawe. Housed in a building dating from 2024, this guest house provides free Wifi and free private parking.","","Opens in new window","Udawalawe","","Show prices","","","Show on map","","https://cf.bstatic.com/xdata/images/hotel/square600/812755588.webp?k=ade7b66fa980ac485471a7c035b54f93707ce3d35dd8efd98fa1ad0bd5e9e7d9&o="
"1777054999-293","https://www.booking.com/searchresults.html?label=bristol-XLwodozx2dVe8Ts0XeYuawS752260715469%3Apl%3Ata%3Ap1%3Ap2%3Aac%3Aap%3Aneg%3Afi%3Atikwd-869815001187%3Alp1009919%3Ali%3Adec%3Adm%3Appccp%3DUmFuZG9tSVYkc2RlIyh9YXdX6HrtnYy-Ml68sH-ljtU&aid=311984&dest_id=198&dest_type=country&group_adults=2&req_adults=2&no_rooms=1&broad_search_not_eligible=1&order=score&nflt=ht_id%3D204%3Bht_id%3D213%3Bht_id%3D201%3Bht_id%3D216%3Bht_id%3D222%3Bht_id%3D221%3Bht_id%3D206%3Btop_destinations%3D6023%3Buf%3D-2237982%3Buf%3D-2235153%3Buf%3D-2213814%3Buf%3D-2216852%3Buf%3D-2213367%3Buf%3D-2234806%3Buf%3D-2221617","","Serendib House - Sinharaja","Value for money 10","Located in Kalawana, Serendib House - Sinharaja provides accommodations with free WiFi and a garden with a terrace and river views.","· 2 reviews","Opens in new window","Kalawana","Scored 10","Show prices","10","Exceptional","Show on map","","https://cf.bstatic.com/xdata/images/hotel/square600/648465886.webp?k=3856bb8b483fe30364f04387f11e55a60a490fd8ea35003b2a405b9901adc18d&o="
"1777054999-294","https://www.booking.com/searchresults.html?label=bristol-XLwodozx2dVe8Ts0XeYuawS752260715469%3Apl%3Ata%3Ap1%3Ap2%3Aac%3Aap%3Aneg%3Afi%3Atikwd-869815001187%3Alp1009919%3Ali%3Adec%3Adm%3Appccp%3DUmFuZG9tSVYkc2RlIyh9YXdX6HrtnYy-Ml68sH-ljtU&aid=311984&dest_id=198&dest_type=country&group_adults=2&req_adults=2&no_rooms=1&broad_search_not_eligible=1&order=score&nflt=ht_id%3D204%3Bht_id%3D213%3Bht_id%3D201%3Bht_id%3D216%3Bht_id%3D222%3Bht_id%3D221%3Bht_id%3D206%3Btop_destinations%3D6023%3Buf%3D-2237982%3Buf%3D-2235153%3Buf%3D-2213814%3Buf%3D-2216852%3Buf%3D-2213367%3Buf%3D-2234806%3Buf%3D-2221617","","The Best Safari Resort","","Featuring complimentary private parking, The Best Safari Resort is 9.2 miles from Udawalawe National Park. Towels and bed linen are available in the guest house. The property offers garden views.","","Opens in new window","Udawalawe","","Show prices","","","Show on map","","https://cf.bstatic.com/xdata/images/hotel/square600/643630857.webp?k=f33540535ed7c08cd83d5496ec5193932f2ecb8cc3c0f71c626e0cf8b4929f4e&o="
"1777054999-295","https://www.booking.com/searchresults.html?label=bristol-XLwodozx2dVe8Ts0XeYuawS752260715469%3Apl%3Ata%3Ap1%3Ap2%3Aac%3Aap%3Aneg%3Afi%3Atikwd-869815001187%3Alp1009919%3Ali%3Adec%3Adm%3Appccp%3DUmFuZG9tSVYkc2RlIyh9YXdX6HrtnYy-Ml68sH-ljtU&aid=311984&dest_id=198&dest_type=country&group_adults=2&req_adults=2&no_rooms=1&broad_search_not_eligible=1&order=score&nflt=ht_id%3D204%3Bht_id%3D213%3Bht_id%3D201%3Bht_id%3D216%3Bht_id%3D222%3Bht_id%3D221%3Bht_id%3D206%3Btop_destinations%3D6023%3Buf%3D-2237982%3Buf%3D-2235153%3Buf%3D-2213814%3Buf%3D-2216852%3Buf%3D-2213367%3Buf%3D-2234806%3Buf%3D-2221617","","Eden Udawalawe","Value for money 10","Featuring garden views, Eden Udawalawe in Udawalawe features accommodations and a garden. Both free Wifi and parking on-site are accessible at the guest house free of charge.","· 1 review","Opens in new window","Udawalawe","Scored 10","Show prices","10","Exceptional","Show on map","New to Booking.com","https://cf.bstatic.com/xdata/images/hotel/square600/827440796.webp?k=84e3006b5362b703dd74c607060cde1b2d94521ce5319fb22131585a7013c3dc&o="
"1777054999-296","https://www.booking.com/searchresults.html?label=bristol-XLwodozx2dVe8Ts0XeYuawS752260715469%3Apl%3Ata%3Ap1%3Ap2%3Aac%3Aap%3Aneg%3Afi%3Atikwd-869815001187%3Alp1009919%3Ali%3Adec%3Adm%3Appccp%3DUmFuZG9tSVYkc2RlIyh9YXdX6HrtnYy-Ml68sH-ljtU&aid=311984&dest_id=198&dest_type=country&group_adults=2&req_adults=2&no_rooms=1&broad_search_not_eligible=1&order=score&nflt=ht_id%3D204%3Bht_id%3D213%3Bht_id%3D201%3Bht_id%3D216%3Bht_id%3D222%3Bht_id%3D221%3Bht_id%3D206%3Btop_destinations%3D6023%3Buf%3D-2237982%3Buf%3D-2235153%3Buf%3D-2213814%3Buf%3D-2216852%3Buf%3D-2213367%3Buf%3D-2234806%3Buf%3D-2221617","","ADLi","Value for money 10","Featuring a garden, ADLi features accommodations in Belihuloya. This property offers access to a terrace, free private parking, and free Wifi. Ohiya Train Station is 21 miles from the homestay.","· 1 review","Opens in new window","Belihuloya","Scored 10","Show prices","10","Exceptional","Show on map","","https://cf.bstatic.com/xdata/images/hotel/square600/788783760.webp?k=3151a247e9e033a4f1945da1c7132fd764dc940c13ef8963f5195f808c75e3e5&o="
"1777054999-297","https://www.booking.com/searchresults.html?label=bristol-XLwodozx2dVe8Ts0XeYuawS752260715469%3Apl%3Ata%3Ap1%3Ap2%3Aac%3Aap%3Aneg%3Afi%3Atikwd-869815001187%3Alp1009919%3Ali%3Adec%3Adm%3Appccp%3DUmFuZG9tSVYkc2RlIyh9YXdX6HrtnYy-Ml68sH-ljtU&aid=311984&dest_id=198&dest_type=country&group_adults=2&req_adults=2&no_rooms=1&broad_search_not_eligible=1&order=score&nflt=ht_id%3D204%3Bht_id%3D213%3Bht_id%3D201%3Bht_id%3D216%3Bht_id%3D222%3Bht_id%3D221%3Bht_id%3D206%3Btop_destinations%3D6023%3Buf%3D-2237982%3Buf%3D-2235153%3Buf%3D-2213814%3Buf%3D-2216852%3Buf%3D-2213367%3Buf%3D-2234806%3Buf%3D-2221617","","Lake View Cabana","Value for money 9.4","Located in Udawalawe, 29 miles from Tangalle Lagoon, Lake View Cabana has accommodations with a garden, free private parking, a terrace and a restaurant.","· 4 reviews","Opens in new window","Udawalawe","Scored 9.3","Show prices","9.3","Wonderful","Show on map","","https://cf.bstatic.com/xdata/images/hotel/square600/632162002.webp?k=63f27e1270f46bb598d8f00f7f2d6e447fd70bd499fb8045f91330833818f887&o="
"1777054999-298","https://www.booking.com/searchresults.html?label=bristol-XLwodozx2dVe8Ts0XeYuawS752260715469%3Apl%3Ata%3Ap1%3Ap2%3Aac%3Aap%3Aneg%3Afi%3Atikwd-869815001187%3Alp1009919%3Ali%3Adec%3Adm%3Appccp%3DUmFuZG9tSVYkc2RlIyh9YXdX6HrtnYy-Ml68sH-ljtU&aid=311984&dest_id=198&dest_type=country&group_adults=2&req_adults=2&no_rooms=1&broad_search_not_eligible=1&order=score&nflt=ht_id%3D204%3Bht_id%3D213%3Bht_id%3D201%3Bht_id%3D216%3Bht_id%3D222%3Bht_id%3D221%3Bht_id%3D206%3Btop_destinations%3D6023%3Buf%3D-2237982%3Buf%3D-2235153%3Buf%3D-2213814%3Buf%3D-2216852%3Buf%3D-2213367%3Buf%3D-2234806%3Buf%3D-2221617","","Star Rain Tour Inn","Value for money 10","Star Rain Tour Inn is located in Ratnapura, 30 miles from Avissawella Railway Station. At the hotel, the rooms include a deskand a balcony with a river view.","· 3 reviews","Opens in new window","Ratnapura","Scored 10","Show prices","10","Exceptional","Show on map","","https://cf.bstatic.com/xdata/images/hotel/square600/632431242.webp?k=e5a2399fabe211627bf47f262ac0acba458ead91a222c4001661fa388e42a246&o="
"1777054999-299","https://www.booking.com/searchresults.html?label=bristol-XLwodozx2dVe8Ts0XeYuawS752260715469%3Apl%3Ata%3Ap1%3Ap2%3Aac%3Aap%3Aneg%3Afi%3Atikwd-869815001187%3Alp1009919%3Ali%3Adec%3Adm%3Appccp%3DUmFuZG9tSVYkc2RlIyh9YXdX6HrtnYy-Ml68sH-ljtU&aid=311984&dest_id=198&dest_type=country&group_adults=2&req_adults=2&no_rooms=1&broad_search_not_eligible=1&order=score&nflt=ht_id%3D204%3Bht_id%3D213%3Bht_id%3D201%3Bht_id%3D216%3Bht_id%3D222%3Bht_id%3D221%3Bht_id%3D206%3Btop_destinations%3D6023%3Buf%3D-2237982%3Buf%3D-2235153%3Buf%3D-2213814%3Buf%3D-2216852%3Buf%3D-2213367%3Buf%3D-2234806%3Buf%3D-2221617","","Brook View Belihuloya Hotel","","Featuring a garden, Brook View Belihuloya Hotel is located in Belihuloya. The property has a 24-hour front desk, airport transportation, room service and free WiFi throughout the property.","","Opens in new window","Belihuloya","","Show prices","","","Show on map","","https://cf.bstatic.com/xdata/images/hotel/square600/828026284.webp?k=f70e3360304a74b8c89a138278bc122312991e2e4acfbc47be60d84d29a76ba9&o="
"1777054999-300","https://www.booking.com/searchresults.html?label=bristol-XLwodozx2dVe8Ts0XeYuawS752260715469%3Apl%3Ata%3Ap1%3Ap2%3Aac%3Aap%3Aneg%3Afi%3Atikwd-869815001187%3Alp1009919%3Ali%3Adec%3Adm%3Appccp%3DUmFuZG9tSVYkc2RlIyh9YXdX6HrtnYy-Ml68sH-ljtU&aid=311984&dest_id=198&dest_type=country&group_adults=2&req_adults=2&no_rooms=1&broad_search_not_eligible=1&order=score&nflt=ht_id%3D204%3Bht_id%3D213%3Bht_id%3D201%3Bht_id%3D216%3Bht_id%3D222%3Bht_id%3D221%3Bht_id%3D206%3Btop_destinations%3D6023%3Buf%3D-2237982%3Buf%3D-2235153%3Buf%3D-2213814%3Buf%3D-2216852%3Buf%3D-2213367%3Buf%3D-2234806%3Buf%3D-2221617","","Walwa palm villa","","Walwa palm villa is located in Udawalawe and features a restaurant. Featuring a garden, the 3-star hotel has air-conditioned rooms with free WiFi, each with a private bathroom.","","Opens in new window","Udawalawe","","Show prices","","","Show on map","","https://cf.bstatic.com/xdata/images/hotel/square600/785240838.webp?k=7fda4127e955acaf7f830302db80529239af496931fdd2be1d920a1122a34aae&o="
"1777054999-301","https://www.booking.com/searchresults.html?label=bristol-XLwodozx2dVe8Ts0XeYuawS752260715469%3Apl%3Ata%3Ap1%3Ap2%3Aac%3Aap%3Aneg%3Afi%3Atikwd-869815001187%3Alp1009919%3Ali%3Adec%3Adm%3Appccp%3DUmFuZG9tSVYkc2RlIyh9YXdX6HrtnYy-Ml68sH-ljtU&aid=311984&dest_id=198&dest_type=country&group_adults=2&req_adults=2&no_rooms=1&broad_search_not_eligible=1&order=score&nflt=ht_id%3D204%3Bht_id%3D213%3Bht_id%3D201%3Bht_id%3D216%3Bht_id%3D222%3Bht_id%3D221%3Bht_id%3D206%3Btop_destinations%3D6023%3Buf%3D-2237982%3Buf%3D-2235153%3Buf%3D-2213814%3Buf%3D-2216852%3Buf%3D-2213367%3Buf%3D-2234806%3Buf%3D-2221617","","Bricks Bungalow","","31 miles from Leisure World in Ratnapura, Bricks Bungalow offers accommodations with access to a sauna. This property offers access to a terrace and free private parking. Rooms come with a patio.","","Opens in new window","Ratnapura","","Show prices","","","Show on map","","https://cf.bstatic.com/xdata/images/hotel/square600/802677929.webp?k=f7063d46fbeba13db254c3a64d11247019c7c7e3a15d95bf8e3e2e9efe08f48a&o="
"1777054999-302","https://www.booking.com/searchresults.html?label=bristol-XLwodozx2dVe8Ts0XeYuawS752260715469%3Apl%3Ata%3Ap1%3Ap2%3Aac%3Aap%3Aneg%3Afi%3Atikwd-869815001187%3Alp1009919%3Ali%3Adec%3Adm%3Appccp%3DUmFuZG9tSVYkc2RlIyh9YXdX6HrtnYy-Ml68sH-ljtU&aid=311984&dest_id=198&dest_type=country&group_adults=2&req_adults=2&no_rooms=1&broad_search_not_eligible=1&order=score&nflt=ht_id%3D204%3Bht_id%3D213%3Bht_id%3D201%3Bht_id%3D216%3Bht_id%3D222%3Bht_id%3D221%3Bht_id%3D206%3Btop_destinations%3D6023%3Buf%3D-2237982%3Buf%3D-2235153%3Buf%3D-2213814%3Buf%3D-2216852%3Buf%3D-2213367%3Buf%3D-2234806%3Buf%3D-2221617","","Hotel Elysian","","Located in Udawalawe, Hotel Elysian features a garden, restaurant and free WiFi. The hotel has family rooms. At the hotel, all rooms come with a deskand a balcony with a garden view.","· 1 review","Opens in new window","Udawalawe","Scored 1.0","Show prices","1.0","Review score","Show on map","","https://cf.bstatic.com/xdata/images/hotel/square600/839629475.webp?k=cded764cd5fdf208e2663ffa13e5ccacfca3e88ffe694ad39d37384a04ac828a&o="
"1777054999-303","https://www.booking.com/searchresults.html?label=bristol-XLwodozx2dVe8Ts0XeYuawS752260715469%3Apl%3Ata%3Ap1%3Ap2%3Aac%3Aap%3Aneg%3Afi%3Atikwd-869815001187%3Alp1009919%3Ali%3Adec%3Adm%3Appccp%3DUmFuZG9tSVYkc2RlIyh9YXdX6HrtnYy-Ml68sH-ljtU&aid=311984&dest_id=198&dest_type=country&group_adults=2&req_adults=2&no_rooms=1&broad_search_not_eligible=1&order=score&nflt=ht_id%3D204%3Bht_id%3D213%3Bht_id%3D201%3Bht_id%3D216%3Bht_id%3D222%3Bht_id%3D221%3Bht_id%3D206%3Btop_destinations%3D6023%3Buf%3D-2237982%3Buf%3D-2235153%3Buf%3D-2213814%3Buf%3D-2216852%3Buf%3D-2213367%3Buf%3D-2234806%3Buf%3D-2221617","","Mimi's Cottage","","This property offers access to a terrace and free private parking. Towels and bed linen are featured in the guest house. The accommodation offers an air conditioning, a heating, and a private...","","Opens in new window","Udawalawe","","Show prices","","","Show on map","New to Booking.com","https://cf.bstatic.com/xdata/images/hotel/square600/826605334.webp?k=27a418dc4c2d6242559c1bd91da5145a81dbe8994016c2c275dc43b90fc94545&o="
"1777054999-304","https://www.booking.com/searchresults.html?label=bristol-XLwodozx2dVe8Ts0XeYuawS752260715469%3Apl%3Ata%3Ap1%3Ap2%3Aac%3Aap%3Aneg%3Afi%3Atikwd-869815001187%3Alp1009919%3Ali%3Adec%3Adm%3Appccp%3DUmFuZG9tSVYkc2RlIyh9YXdX6HrtnYy-Ml68sH-ljtU&aid=311984&dest_id=198&dest_type=country&group_adults=2&req_adults=2&no_rooms=1&broad_search_not_eligible=1&order=score&nflt=ht_id%3D204%3Bht_id%3D213%3Bht_id%3D201%3Bht_id%3D216%3Bht_id%3D222%3Bht_id%3D221%3Bht_id%3D206%3Btop_destinations%3D6023%3Buf%3D-2237982%3Buf%3D-2235153%3Buf%3D-2213814%3Buf%3D-2216852%3Buf%3D-2213367%3Buf%3D-2234806%3Buf%3D-2221617","","Jungle Resort Home Stay","Value for money 10","Jungle Resort Home Stay offers accommodations in Udawalawe, 9.5 miles from Udawalawe National Park. This property offers access to a balcony and free private parking.","· 1 review","Opens in new window","Udawalawe","Scored 10","Show prices","10","Exceptional","Show on map","","https://cf.bstatic.com/xdata/images/hotel/square600/627939773.webp?k=1e0d7bccf2f5bcd37dee69cd1409a4fad775cb73a80ef7898369eb01e6d90c77&o="
"1777054999-305","https://www.booking.com/searchresults.html?label=bristol-XLwodozx2dVe8Ts0XeYuawS752260715469%3Apl%3Ata%3Ap1%3Ap2%3Aac%3Aap%3Aneg%3Afi%3Atikwd-869815001187%3Alp1009919%3Ali%3Adec%3Adm%3Appccp%3DUmFuZG9tSVYkc2RlIyh9YXdX6HrtnYy-Ml68sH-ljtU&aid=311984&dest_id=198&dest_type=country&group_adults=2&req_adults=2&no_rooms=1&broad_search_not_eligible=1&order=score&nflt=ht_id%3D204%3Bht_id%3D213%3Bht_id%3D201%3Bht_id%3D216%3Bht_id%3D222%3Bht_id%3D221%3Bht_id%3D206%3Btop_destinations%3D6023%3Buf%3D-2237982%3Buf%3D-2235153%3Buf%3D-2213814%3Buf%3D-2216852%3Buf%3D-2213367%3Buf%3D-2234806%3Buf%3D-2221617","","Belpeak Cottage","","Located in Belihuloya, Belpeak Cottage has free WiFi, and guests can enjoy a garden, a shared lounge and a terrace.","· 4 reviews","Opens in new window","Belihuloya","Scored 6.2","Show prices","6.2","Review score","Show on map","","https://cf.bstatic.com/xdata/images/hotel/square600/139102276.webp?k=35bb8b5307c1fbc5503dda81e6d79c876861b4508c79858c8f9cdea6027059ae&o="
"1777054999-306","https://www.booking.com/searchresults.html?label=bristol-XLwodozx2dVe8Ts0XeYuawS752260715469%3Apl%3Ata%3Ap1%3Ap2%3Aac%3Aap%3Aneg%3Afi%3Atikwd-869815001187%3Alp1009919%3Ali%3Adec%3Adm%3Appccp%3DUmFuZG9tSVYkc2RlIyh9YXdX6HrtnYy-Ml68sH-ljtU&aid=311984&dest_id=198&dest_type=country&group_adults=2&req_adults=2&no_rooms=1&broad_search_not_eligible=1&order=score&nflt=ht_id%3D204%3Bht_id%3D213%3Bht_id%3D201%3Bht_id%3D216%3Bht_id%3D222%3Bht_id%3D221%3Bht_id%3D206%3Btop_destinations%3D6023%3Buf%3D-2237982%3Buf%3D-2235153%3Buf%3D-2213814%3Buf%3D-2216852%3Buf%3D-2213367%3Buf%3D-2234806%3Buf%3D-2221617","","Walawe Natural Vibe Safari Lodge","Value for money 10","Providing a garden, Walawe Natural Vibe Safari Lodge provides accommodations in Udawalawe. Both free Wifi and parking on-site are available at the guest house free of charge.","· 1 review","Opens in new window","Udawalawe","Scored 10","Show prices","10","Exceptional","Show on map","","https://cf.bstatic.com/xdata/images/hotel/square600/781259445.webp?k=8d602b20d72793cdc45a32286b1bb2d9e9243fabd5bf1f16ec449500fad9f10d&o="
"1777054999-307","https://www.booking.com/searchresults.html?label=bristol-XLwodozx2dVe8Ts0XeYuawS752260715469%3Apl%3Ata%3Ap1%3Ap2%3Aac%3Aap%3Aneg%3Afi%3Atikwd-869815001187%3Alp1009919%3Ali%3Adec%3Adm%3Appccp%3DUmFuZG9tSVYkc2RlIyh9YXdX6HrtnYy-Ml68sH-ljtU&aid=311984&dest_id=198&dest_type=country&group_adults=2&req_adults=2&no_rooms=1&broad_search_not_eligible=1&order=score&nflt=ht_id%3D204%3Bht_id%3D213%3Bht_id%3D201%3Bht_id%3D216%3Bht_id%3D222%3Bht_id%3D221%3Bht_id%3D206%3Btop_destinations%3D6023%3Buf%3D-2237982%3Buf%3D-2235153%3Buf%3D-2213814%3Buf%3D-2216852%3Buf%3D-2213367%3Buf%3D-2234806%3Buf%3D-2221617","","River Forest Camp","","Located 11 miles from Udawalawe National Park, River Forest Camp provides accommodations with a garden, a terrace and room service for your convenience.","","Opens in new window","Udawalawe","","Show prices","","","Show on map","","https://cf.bstatic.com/xdata/images/hotel/square600/755835434.webp?k=0ade0697a795fdfd69ad478cd361497f18855a6414b952189e20a7ffcbff16e3&o="
"1777054999-308","https://www.booking.com/searchresults.html?label=bristol-XLwodozx2dVe8Ts0XeYuawS752260715469%3Apl%3Ata%3Ap1%3Ap2%3Aac%3Aap%3Aneg%3Afi%3Atikwd-869815001187%3Alp1009919%3Ali%3Adec%3Adm%3Appccp%3DUmFuZG9tSVYkc2RlIyh9YXdX6HrtnYy-Ml68sH-ljtU&aid=311984&dest_id=198&dest_type=country&group_adults=2&req_adults=2&no_rooms=1&broad_search_not_eligible=1&order=score&nflt=ht_id%3D204%3Bht_id%3D213%3Bht_id%3D201%3Bht_id%3D216%3Bht_id%3D222%3Bht_id%3D221%3Bht_id%3D206%3Btop_destinations%3D6023%3Buf%3D-2237982%3Buf%3D-2235153%3Buf%3D-2213814%3Buf%3D-2216852%3Buf%3D-2213367%3Buf%3D-2234806%3Buf%3D-2221617","","Wild Queens Udawalawe","","Wild Queens Udawalawe features a garden, terrace, a restaurant and bar in Udawalawe. The property provides room service and a 24-hour front desk for guests.","","Opens in new window","Udawalawe","","Show prices","","","Show on map","","https://cf.bstatic.com/xdata/images/hotel/square600/772366360.webp?k=115c59b629b2d7abc8d82b2e4e7581d3a8f82089f9532b34cbe4ab66c4d3a3be&o="
"1777054999-309","https://www.booking.com/searchresults.html?label=bristol-XLwodozx2dVe8Ts0XeYuawS752260715469%3Apl%3Ata%3Ap1%3Ap2%3Aac%3Aap%3Aneg%3Afi%3Atikwd-869815001187%3Alp1009919%3Ali%3Adec%3Adm%3Appccp%3DUmFuZG9tSVYkc2RlIyh9YXdX6HrtnYy-Ml68sH-ljtU&aid=311984&dest_id=198&dest_type=country&group_adults=2&req_adults=2&no_rooms=1&broad_search_not_eligible=1&order=score&nflt=ht_id%3D204%3Bht_id%3D213%3Bht_id%3D201%3Bht_id%3D216%3Bht_id%3D222%3Bht_id%3D221%3Bht_id%3D206%3Btop_destinations%3D6023%3Buf%3D-2237982%3Buf%3D-2235153%3Buf%3D-2213814%3Buf%3D-2216852%3Buf%3D-2213367%3Buf%3D-2234806%3Buf%3D-2221617","","Nisha's Hideaway","","Nisha's Hideaway provides accommodations in Udawalawe. Offering a garden, the property is located within 10 miles of Udawalawe National Park.","","Opens in new window","Udawalawe","","Show prices","","","Show on map","","https://cf.bstatic.com/xdata/images/hotel/square600/521733529.webp?k=60ff28a60882e2d1d3e62c8200c5017e003b206b13fc5af3bc2ae90d19478c1d&o="
"1777054999-310","https://www.booking.com/searchresults.html?label=bristol-XLwodozx2dVe8Ts0XeYuawS752260715469%3Apl%3Ata%3Ap1%3Ap2%3Aac%3Aap%3Aneg%3Afi%3Atikwd-869815001187%3Alp1009919%3Ali%3Adec%3Adm%3Appccp%3DUmFuZG9tSVYkc2RlIyh9YXdX6HrtnYy-Ml68sH-ljtU&aid=311984&dest_id=198&dest_type=country&group_adults=2&req_adults=2&no_rooms=1&broad_search_not_eligible=1&order=score&nflt=ht_id%3D204%3Bht_id%3D213%3Bht_id%3D201%3Bht_id%3D216%3Bht_id%3D222%3Bht_id%3D221%3Bht_id%3D206%3Btop_destinations%3D6023%3Buf%3D-2237982%3Buf%3D-2235153%3Buf%3D-2213814%3Buf%3D-2216852%3Buf%3D-2213367%3Buf%3D-2234806%3Buf%3D-2221617","","Eco Home Stay and Safari","","Offering a garden, Eco Home Stay and Safari features accommodations in Udawalawe. The homestay also offers free Wifi and free private parking. Towels and bed linen are offered in the homestay.","","Opens in new window","Udawalawe","","Show prices","","","Show on map","","https://cf.bstatic.com/xdata/images/hotel/square600/751924570.webp?k=bc7e6b3e61262cf20160e2d074c94d7bfb1c73817a893976710baa495a224155&o="
"1777054999-311","https://www.booking.com/searchresults.html?label=bristol-XLwodozx2dVe8Ts0XeYuawS752260715469%3Apl%3Ata%3Ap1%3Ap2%3Aac%3Aap%3Aneg%3Afi%3Atikwd-869815001187%3Alp1009919%3Ali%3Adec%3Adm%3Appccp%3DUmFuZG9tSVYkc2RlIyh9YXdX6HrtnYy-Ml68sH-ljtU&aid=311984&dest_id=198&dest_type=country&group_adults=2&req_adults=2&no_rooms=1&broad_search_not_eligible=1&order=score&nflt=ht_id%3D204%3Bht_id%3D213%3Bht_id%3D201%3Bht_id%3D216%3Bht_id%3D222%3Bht_id%3D221%3Bht_id%3D206%3Btop_destinations%3D6023%3Buf%3D-2237982%3Buf%3D-2235153%3Buf%3D-2213814%3Buf%3D-2216852%3Buf%3D-2213367%3Buf%3D-2234806%3Buf%3D-2221617","","Eco Transit Udawalawe","","A good location for a hassle-free stay in Udawalawe, Eco Transit Udawalawe is a guest house surrounded by views of the garden.","","Opens in new window","Udawalawe","","Show prices","","","Show on map","","https://cf.bstatic.com/xdata/images/hotel/square600/740691020.webp?k=a82fdb63895d8d17a8b8334543232fad33ef322f9a07eddc3fa4ea272d989fb5&o="
"1777054999-312","https://www.booking.com/searchresults.html?label=bristol-XLwodozx2dVe8Ts0XeYuawS752260715469%3Apl%3Ata%3Ap1%3Ap2%3Aac%3Aap%3Aneg%3Afi%3Atikwd-869815001187%3Alp1009919%3Ali%3Adec%3Adm%3Appccp%3DUmFuZG9tSVYkc2RlIyh9YXdX6HrtnYy-Ml68sH-ljtU&aid=311984&dest_id=198&dest_type=country&group_adults=2&req_adults=2&no_rooms=1&broad_search_not_eligible=1&order=score&nflt=ht_id%3D204%3Bht_id%3D213%3Bht_id%3D201%3Bht_id%3D216%3Bht_id%3D222%3Bht_id%3D221%3Bht_id%3D206%3Btop_destinations%3D6023%3Buf%3D-2237982%3Buf%3D-2235153%3Buf%3D-2213814%3Buf%3D-2216852%3Buf%3D-2213367%3Buf%3D-2234806%3Buf%3D-2221617","","SUNRISE SAFARI HOUSE","","SUNRISE SAFARI HOUSE offers accommodations in Udawalawe, 10 miles from Udawalawe National Park. This property offers access to a terrace and free private parking.","","Opens in new window","Udawalawe","","Show prices","","","Show on map","","https://cf.bstatic.com/xdata/images/hotel/square600/343039906.webp?k=8fd20af71a7dd92358def780058a107af7521cabe4111e64b1568ad8e1773324&o="
"1777054999-313","https://www.booking.com/searchresults.html?label=bristol-XLwodozx2dVe8Ts0XeYuawS752260715469%3Apl%3Ata%3Ap1%3Ap2%3Aac%3Aap%3Aneg%3Afi%3Atikwd-869815001187%3Alp1009919%3Ali%3Adec%3Adm%3Appccp%3DUmFuZG9tSVYkc2RlIyh9YXdX6HrtnYy-Ml68sH-ljtU&aid=311984&dest_id=198&dest_type=country&group_adults=2&req_adults=2&no_rooms=1&broad_search_not_eligible=1&order=score&nflt=ht_id%3D204%3Bht_id%3D213%3Bht_id%3D201%3Bht_id%3D216%3Bht_id%3D222%3Bht_id%3D221%3Bht_id%3D206%3Btop_destinations%3D6023%3Buf%3D-2237982%3Buf%3D-2235153%3Buf%3D-2213814%3Buf%3D-2216852%3Buf%3D-2213367%3Buf%3D-2234806%3Buf%3D-2221617","","King's Horse Villa, Kuruwita","Value for money 10","A recently renovated villa, King's Horse Villa, Kuruwita offers accommodations in Ratnapura. Housed in a building dating from 2024, this villa features free Wifi and free private parking.","· 1 review","Opens in new window","Ratnapura","Scored 9.0","Show prices","9.0","Wonderful","Show on map","","https://cf.bstatic.com/xdata/images/hotel/square600/636984271.webp?k=dc57f0d49666cfbe75db21ac456f80cbbcc5a2ea1a97be8d00a4b2a2701d20d6&o="
"1777054999-314","https://www.booking.com/searchresults.html?label=bristol-XLwodozx2dVe8Ts0XeYuawS752260715469%3Apl%3Ata%3Ap1%3Ap2%3Aac%3Aap%3Aneg%3Afi%3Atikwd-869815001187%3Alp1009919%3Ali%3Adec%3Adm%3Appccp%3DUmFuZG9tSVYkc2RlIyh9YXdX6HrtnYy-Ml68sH-ljtU&aid=311984&dest_id=198&dest_type=country&group_adults=2&req_adults=2&no_rooms=1&broad_search_not_eligible=1&order=score&nflt=ht_id%3D204%3Bht_id%3D213%3Bht_id%3D201%3Bht_id%3D216%3Bht_id%3D222%3Bht_id%3D221%3Bht_id%3D206%3Btop_destinations%3D6023%3Buf%3D-2237982%3Buf%3D-2235153%3Buf%3D-2213814%3Buf%3D-2216852%3Buf%3D-2213367%3Buf%3D-2234806%3Buf%3D-2221617","","Blue Moon Safari Resort","","Blue Moon Safari Resort offers accommodations in Udawalawe, 8.8 miles from Udawalawe National Park. This guest house features free private parking and a 24-hour front desk.","· 1 review","Opens in new window","Udawalawe","Scored 10","Show prices","10","Exceptional","Show on map","","https://cf.bstatic.com/xdata/images/hotel/square600/787770985.webp?k=7929782225e0337817563ac0c1df8748cb7a59fdbe249e0cb98207f38248168b&o="
"1777054999-315","https://www.booking.com/searchresults.html?label=bristol-XLwodozx2dVe8Ts0XeYuawS752260715469%3Apl%3Ata%3Ap1%3Ap2%3Aac%3Aap%3Aneg%3Afi%3Atikwd-869815001187%3Alp1009919%3Ali%3Adec%3Adm%3Appccp%3DUmFuZG9tSVYkc2RlIyh9YXdX6HrtnYy-Ml68sH-ljtU&aid=311984&dest_id=198&dest_type=country&group_adults=2&req_adults=2&no_rooms=1&broad_search_not_eligible=1&order=score&nflt=ht_id%3D204%3Bht_id%3D213%3Bht_id%3D201%3Bht_id%3D216%3Bht_id%3D222%3Bht_id%3D221%3Bht_id%3D206%3Btop_destinations%3D6023%3Buf%3D-2237982%3Buf%3D-2235153%3Buf%3D-2213814%3Buf%3D-2216852%3Buf%3D-2213367%3Buf%3D-2234806%3Buf%3D-2221617","","Belihuloya Escape and Cafe","","Located in Belihuloya in the Ratnapura District region, Belihuloya Escape and Cafe provides accommodations with free private parking.","","Opens in new window","Belihuloya","","Show prices","","","Show on map","","https://cf.bstatic.com/xdata/images/hotel/square600/711963977.webp?k=75589c9f04ca75efbd13304362bd402e806a4d9bbce671d65ab8033fe51599e7&o="
"1777054999-316","https://www.booking.com/searchresults.html?label=bristol-XLwodozx2dVe8Ts0XeYuawS752260715469%3Apl%3Ata%3Ap1%3Ap2%3Aac%3Aap%3Aneg%3Afi%3Atikwd-869815001187%3Alp1009919%3Ali%3Adec%3Adm%3Appccp%3DUmFuZG9tSVYkc2RlIyh9YXdX6HrtnYy-Ml68sH-ljtU&aid=311984&dest_id=198&dest_type=country&group_adults=2&req_adults=2&no_rooms=1&broad_search_not_eligible=1&order=score&nflt=ht_id%3D204%3Bht_id%3D213%3Bht_id%3D201%3Bht_id%3D216%3Bht_id%3D222%3Bht_id%3D221%3Bht_id%3D206%3Btop_destinations%3D6023%3Buf%3D-2237982%3Buf%3D-2235153%3Buf%3D-2213814%3Buf%3D-2216852%3Buf%3D-2213367%3Buf%3D-2234806%3Buf%3D-2221617","","Tea Estate Villa","","Tea Estate Villa offers accommodations in Ratnapura, 24 miles from Leisure World. This property offers access to a terrace, free private parking, and free Wifi.","","Opens in new window","Ratnapura","","Show prices","","","Show on map","New to Booking.com","https://cf.bstatic.com/xdata/images/hotel/square600/851796206.webp?k=56464493b3fffb97b6c04c6f0dce0bd31e222a12a1f6da6cd7e2a8494c72d6c1&o="
"1777054999-317","https://www.booking.com/searchresults.html?label=bristol-XLwodozx2dVe8Ts0XeYuawS752260715469%3Apl%3Ata%3Ap1%3Ap2%3Aac%3Aap%3Aneg%3Afi%3Atikwd-869815001187%3Alp1009919%3Ali%3Adec%3Adm%3Appccp%3DUmFuZG9tSVYkc2RlIyh9YXdX6HrtnYy-Ml68sH-ljtU&aid=311984&dest_id=198&dest_type=country&group_adults=2&req_adults=2&no_rooms=1&broad_search_not_eligible=1&order=score&nflt=ht_id%3D204%3Bht_id%3D213%3Bht_id%3D201%3Bht_id%3D216%3Bht_id%3D222%3Bht_id%3D221%3Bht_id%3D206%3Btop_destinations%3D6023%3Buf%3D-2237982%3Buf%3D-2235153%3Buf%3D-2213814%3Buf%3D-2216852%3Buf%3D-2213367%3Buf%3D-2234806%3Buf%3D-2221617","","Eco Star","Value for money 10","Eco Star offers accommodations in Udawalawe, 9.1 miles from Udawalawe National Park. This homestay features free private parking and a 24-hour front desk.","· 3 reviews","Opens in new window","Udawalawe","Scored 10","Show prices","10","Exceptional","Show on map","","https://cf.bstatic.com/xdata/images/hotel/square600/721470978.webp?k=2d5e3cf1cb2e1e4c15e7f104c11a3c52aac7ad03bbea3f01ee519270fcd5efca&o="
"1777054999-318","https://www.booking.com/searchresults.html?label=bristol-XLwodozx2dVe8Ts0XeYuawS752260715469%3Apl%3Ata%3Ap1%3Ap2%3Aac%3Aap%3Aneg%3Afi%3Atikwd-869815001187%3Alp1009919%3Ali%3Adec%3Adm%3Appccp%3DUmFuZG9tSVYkc2RlIyh9YXdX6HrtnYy-Ml68sH-ljtU&aid=311984&dest_id=198&dest_type=country&group_adults=2&req_adults=2&no_rooms=1&broad_search_not_eligible=1&order=score&nflt=ht_id%3D204%3Bht_id%3D213%3Bht_id%3D201%3Bht_id%3D216%3Bht_id%3D222%3Bht_id%3D221%3Bht_id%3D206%3Btop_destinations%3D6023%3Buf%3D-2237982%3Buf%3D-2235153%3Buf%3D-2213814%3Buf%3D-2216852%3Buf%3D-2213367%3Buf%3D-2234806%3Buf%3D-2221617","","Eagle Wings Holiday Resort","","Located in Belihuloya, Eagle Wings Holiday Resort offers a garden. The property has room service and a 24-hour front desk for guests. The rooms in the hotel are equipped with an electric tea pot.","· 2 reviews","Opens in new window","Belihuloya","Scored 8.5","Show prices","8.5","Very Good","Show on map","","https://cf.bstatic.com/xdata/images/hotel/square600/495322669.webp?k=6bd293d9dcfbb018c2745bc965bb3fb771e70d8b9946b7f67cb40d5f7701ead9&o="
"1777054999-319","https://www.booking.com/searchresults.html?label=bristol-XLwodozx2dVe8Ts0XeYuawS752260715469%3Apl%3Ata%3Ap1%3Ap2%3Aac%3Aap%3Aneg%3Afi%3Atikwd-869815001187%3Alp1009919%3Ali%3Adec%3Adm%3Appccp%3DUmFuZG9tSVYkc2RlIyh9YXdX6HrtnYy-Ml68sH-ljtU&aid=311984&dest_id=198&dest_type=country&group_adults=2&req_adults=2&no_rooms=1&broad_search_not_eligible=1&order=score&nflt=ht_id%3D204%3Bht_id%3D213%3Bht_id%3D201%3Bht_id%3D216%3Bht_id%3D222%3Bht_id%3D221%3Bht_id%3D206%3Btop_destinations%3D6023%3Buf%3D-2237982%3Buf%3D-2235153%3Buf%3D-2213814%3Buf%3D-2216852%3Buf%3D-2213367%3Buf%3D-2234806%3Buf%3D-2221617","","ADLi","","ADLi offers accommodations in Belihuloya, 26 miles from Horton Plains National Park and 17 miles from Haputale Railway Station.","","Opens in new window","Belihuloya","","Show prices","","","Show on map","","https://cf.bstatic.com/xdata/images/hotel/square600/806528061.webp?k=bfaf7e4cc0edc98e845bcca801b8e38e3b47f633be9f2b46c3df395c43050922&o="
"1777054999-320","https://www.booking.com/searchresults.html?label=bristol-XLwodozx2dVe8Ts0XeYuawS752260715469%3Apl%3Ata%3Ap1%3Ap2%3Aac%3Aap%3Aneg%3Afi%3Atikwd-869815001187%3Alp1009919%3Ali%3Adec%3Adm%3Appccp%3DUmFuZG9tSVYkc2RlIyh9YXdX6HrtnYy-Ml68sH-ljtU&aid=311984&dest_id=198&dest_type=country&group_adults=2&req_adults=2&no_rooms=1&broad_search_not_eligible=1&order=score&nflt=ht_id%3D204%3Bht_id%3D213%3Bht_id%3D201%3Bht_id%3D216%3Bht_id%3D222%3Bht_id%3D221%3Bht_id%3D206%3Btop_destinations%3D6023%3Buf%3D-2237982%3Buf%3D-2235153%3Buf%3D-2213814%3Buf%3D-2216852%3Buf%3D-2213367%3Buf%3D-2234806%3Buf%3D-2221617","","Udawalawa Rest House","","Located in Udawalawe, Udawalawa Rest House offers a garden. With free WiFi, this 3-star hotel offers room service and a 24-hour front desk. The hotel has family rooms.","","Opens in new window","Udawalawe","","Show prices","","","Show on map","New to Booking.com","https://cf.bstatic.com/xdata/images/hotel/square600/826853792.webp?k=60510523c235007d901a39a86574b587109684faddeb98b55907b0cc77102190&o="
"1777054999-321","https://www.booking.com/searchresults.html?label=bristol-XLwodozx2dVe8Ts0XeYuawS752260715469%3Apl%3Ata%3Ap1%3Ap2%3Aac%3Aap%3Aneg%3Afi%3Atikwd-869815001187%3Alp1009919%3Ali%3Adec%3Adm%3Appccp%3DUmFuZG9tSVYkc2RlIyh9YXdX6HrtnYy-Ml68sH-ljtU&aid=311984&dest_id=198&dest_type=country&group_adults=2&req_adults=2&no_rooms=1&broad_search_not_eligible=1&order=score&nflt=ht_id%3D204%3Bht_id%3D213%3Bht_id%3D201%3Bht_id%3D216%3Bht_id%3D222%3Bht_id%3D221%3Bht_id%3D206%3Btop_destinations%3D6023%3Buf%3D-2237982%3Buf%3D-2235153%3Buf%3D-2213814%3Buf%3D-2216852%3Buf%3D-2213367%3Buf%3D-2234806%3Buf%3D-2221617","","Value Max Resort Udawalawe","Value for money 10","Offering a garden, Value Max Resort Udawalawe features accommodations in Udawalawe. With garden views, this accommodation provides a balcony.","· 3 reviews","Opens in new window","Udawalawe","Scored 10","Show prices","10","Exceptional","Show on map","","https://cf.bstatic.com/xdata/images/hotel/square600/633695294.webp?k=d18fd5826b7b4c68990640da00dc4b3ec2344c1476f302ee0cc491ae4b01c74e&o="
"1777054999-322","https://www.booking.com/searchresults.html?label=bristol-XLwodozx2dVe8Ts0XeYuawS752260715469%3Apl%3Ata%3Ap1%3Ap2%3Aac%3Aap%3Aneg%3Afi%3Atikwd-869815001187%3Alp1009919%3Ali%3Adec%3Adm%3Appccp%3DUmFuZG9tSVYkc2RlIyh9YXdX6HrtnYy-Ml68sH-ljtU&aid=311984&dest_id=198&dest_type=country&group_adults=2&req_adults=2&no_rooms=1&broad_search_not_eligible=1&order=score&nflt=ht_id%3D204%3Bht_id%3D213%3Bht_id%3D201%3Bht_id%3D216%3Bht_id%3D222%3Bht_id%3D221%3Bht_id%3D206%3Btop_destinations%3D6023%3Buf%3D-2237982%3Buf%3D-2235153%3Buf%3D-2213814%3Buf%3D-2216852%3Buf%3D-2213367%3Buf%3D-2234806%3Buf%3D-2221617","","Right Canal Resort","","Right Canal Resort in Udawalawe provides accommodations with a garden and a terrace. Both free Wifi and parking on-site are available at the guest house free of charge.","","Opens in new window","Udawalawe","","Show prices","","","Show on map","New to Booking.com","https://cf.bstatic.com/xdata/images/hotel/square600/831696507.webp?k=5f93747b98e95e3b703c2f3c699886b2554a0153683ef38f946c6f6f369f0bc6&o="
"1777054999-323","https://www.booking.com/searchresults.html?label=bristol-XLwodozx2dVe8Ts0XeYuawS752260715469%3Apl%3Ata%3Ap1%3Ap2%3Aac%3Aap%3Aneg%3Afi%3Atikwd-869815001187%3Alp1009919%3Ali%3Adec%3Adm%3Appccp%3DUmFuZG9tSVYkc2RlIyh9YXdX6HrtnYy-Ml68sH-ljtU&aid=311984&dest_id=198&dest_type=country&group_adults=2&req_adults=2&no_rooms=1&broad_search_not_eligible=1&order=score&nflt=ht_id%3D204%3Bht_id%3D213%3Bht_id%3D201%3Bht_id%3D216%3Bht_id%3D222%3Bht_id%3D221%3Bht_id%3D206%3Btop_destinations%3D6023%3Buf%3D-2237982%3Buf%3D-2235153%3Buf%3D-2213814%3Buf%3D-2216852%3Buf%3D-2213367%3Buf%3D-2234806%3Buf%3D-2221617","","Primrose Family Resort","Value for money 10","Providing garden views, Primrose Family Resort in Udawalawe offers accommodations and a garden. This guest house provides air-conditioned accommodations with a terrace and free Wifi.","· 4 reviews","Opens in new window","Udawalawe","Scored 10","Show prices","10","Exceptional","Show on map","","https://cf.bstatic.com/xdata/images/hotel/square600/230862456.webp?k=91d0e55d823697628b7fe25594789e0869f138874b9cad6fdd38b08c9865b8e3&o="
"1777054999-324","https://www.booking.com/searchresults.html?label=bristol-XLwodozx2dVe8Ts0XeYuawS752260715469%3Apl%3Ata%3Ap1%3Ap2%3Aac%3Aap%3Aneg%3Afi%3Atikwd-869815001187%3Alp1009919%3Ali%3Adec%3Adm%3Appccp%3DUmFuZG9tSVYkc2RlIyh9YXdX6HrtnYy-Ml68sH-ljtU&aid=311984&dest_id=198&dest_type=country&group_adults=2&req_adults=2&no_rooms=1&broad_search_not_eligible=1&order=score&nflt=ht_id%3D204%3Bht_id%3D213%3Bht_id%3D201%3Bht_id%3D216%3Bht_id%3D222%3Bht_id%3D221%3Bht_id%3D206%3Btop_destinations%3D6023%3Buf%3D-2237982%3Buf%3D-2235153%3Buf%3D-2213814%3Buf%3D-2216852%3Buf%3D-2213367%3Buf%3D-2234806%3Buf%3D-2221617","","Serene Home Stay","Value for money 10","Serene Home Stay in Udawalawe provides accommodations with a garden and a shared lounge. This property offers access to a terrace, free private parking, and free Wifi.","· 2 reviews","Opens in new window","Udawalawe","Scored 10","Show prices","10","Exceptional","Show on map","","https://cf.bstatic.com/xdata/images/hotel/square600/649615519.webp?k=7f45194a5e3a3da1cd8bafcdafefc5b2f45def873de2e8b4defdce0fcfed84d7&o="
"1777054999-325","https://www.booking.com/searchresults.html?label=bristol-XLwodozx2dVe8Ts0XeYuawS752260715469%3Apl%3Ata%3Ap1%3Ap2%3Aac%3Aap%3Aneg%3Afi%3Atikwd-869815001187%3Alp1009919%3Ali%3Adec%3Adm%3Appccp%3DUmFuZG9tSVYkc2RlIyh9YXdX6HrtnYy-Ml68sH-ljtU&aid=311984&dest_id=198&dest_type=country&group_adults=2&req_adults=2&no_rooms=1&broad_search_not_eligible=1&order=score&nflt=ht_id%3D204%3Bht_id%3D213%3Bht_id%3D201%3Bht_id%3D216%3Bht_id%3D222%3Bht_id%3D221%3Bht_id%3D206%3Btop_destinations%3D6023%3Buf%3D-2237982%3Buf%3D-2235153%3Buf%3D-2213814%3Buf%3D-2216852%3Buf%3D-2213367%3Buf%3D-2234806%3Buf%3D-2221617","","Cinnamon Grove","","Located in Udawalawe, Cinnamon Grove provides free WiFi, and guests can enjoy a garden, a terrace and a restaurant.","","Opens in new window","Udawalawe","","Show prices","","","Show on map","","https://cf.bstatic.com/xdata/images/hotel/square600/781638655.webp?k=b1f136b63525996753fe6dbe8fedffc9a12dd662e818ff356c5e293ac34f9248&o="
"1777054999-326","https://www.booking.com/searchresults.html?label=bristol-XLwodozx2dVe8Ts0XeYuawS752260715469%3Apl%3Ata%3Ap1%3Ap2%3Aac%3Aap%3Aneg%3Afi%3Atikwd-869815001187%3Alp1009919%3Ali%3Adec%3Adm%3Appccp%3DUmFuZG9tSVYkc2RlIyh9YXdX6HrtnYy-Ml68sH-ljtU&aid=311984&dest_id=198&dest_type=country&group_adults=2&req_adults=2&no_rooms=1&broad_search_not_eligible=1&order=score&nflt=ht_id%3D204%3Bht_id%3D213%3Bht_id%3D201%3Bht_id%3D216%3Bht_id%3D222%3Bht_id%3D221%3Bht_id%3D206%3Btop_destinations%3D6023%3Buf%3D-2237982%3Buf%3D-2235153%3Buf%3D-2213814%3Buf%3D-2216852%3Buf%3D-2213367%3Buf%3D-2234806%3Buf%3D-2221617","","Queens Udawalawa","","Queens Udawalawa features a garden, terrace, a restaurant and bar in Udawalawe.","","Opens in new window","Udawalawe","","Show prices","","","Show on map","New to Booking.com","https://cf.bstatic.com/xdata/images/hotel/square600/813698145.webp?k=2401dccce1b24029c1a49718fae18339360333380d8a47103bc3fb08a7a32ff4&o="
"1777054999-327","https://www.booking.com/searchresults.html?label=bristol-XLwodozx2dVe8Ts0XeYuawS752260715469%3Apl%3Ata%3Ap1%3Ap2%3Aac%3Aap%3Aneg%3Afi%3Atikwd-869815001187%3Alp1009919%3Ali%3Adec%3Adm%3Appccp%3DUmFuZG9tSVYkc2RlIyh9YXdX6HrtnYy-Ml68sH-ljtU&aid=311984&dest_id=198&dest_type=country&group_adults=2&req_adults=2&no_rooms=1&broad_search_not_eligible=1&order=score&nflt=ht_id%3D204%3Bht_id%3D213%3Bht_id%3D201%3Bht_id%3D216%3Bht_id%3D222%3Bht_id%3D221%3Bht_id%3D206%3Btop_destinations%3D6023%3Buf%3D-2237982%3Buf%3D-2235153%3Buf%3D-2213814%3Buf%3D-2216852%3Buf%3D-2213367%3Buf%3D-2234806%3Buf%3D-2221617","","Sparrow House and Safari Resort","Value for money 10","Sparrow House and Safari Resort offers accommodations in Udawalawe, 8.8 miles from Udawalawe National Park.","· 3 reviews","Opens in new window","Udawalawe","Scored 10","Show prices","10","Exceptional","Show on map","","https://cf.bstatic.com/xdata/images/hotel/square600/659894913.webp?k=0092bfced9bc6b09dd281f654fbda856c46ee9183dddc2eda24cddaac45f319a&o="
"1777054999-328","https://www.booking.com/searchresults.html?label=bristol-XLwodozx2dVe8Ts0XeYuawS752260715469%3Apl%3Ata%3Ap1%3Ap2%3Aac%3Aap%3Aneg%3Afi%3Atikwd-869815001187%3Alp1009919%3Ali%3Adec%3Adm%3Appccp%3DUmFuZG9tSVYkc2RlIyh9YXdX6HrtnYy-Ml68sH-ljtU&aid=311984&dest_id=198&dest_type=country&group_adults=2&req_adults=2&no_rooms=1&broad_search_not_eligible=1&order=score&nflt=ht_id%3D204%3Bht_id%3D213%3Bht_id%3D201%3Bht_id%3D216%3Bht_id%3D222%3Bht_id%3D221%3Bht_id%3D206%3Btop_destinations%3D6023%3Buf%3D-2237982%3Buf%3D-2235153%3Buf%3D-2213814%3Buf%3D-2216852%3Buf%3D-2213367%3Buf%3D-2234806%3Buf%3D-2221617","","Rose Cabin Guest House","","Providing a garden, Rose Cabin Guest House provides accommodations in Ratnapura. This property offers access to a balcony and free private parking.","","Opens in new window","Ratnapura","","Show prices","","","Show on map","","https://cf.bstatic.com/xdata/images/hotel/square600/750763793.webp?k=b4b6628fdf57001cc6e243c409fe22a7a0a43bcaab9f86d82dbcc740a36a492e&o="
"1777054999-329","https://www.booking.com/searchresults.html?label=bristol-XLwodozx2dVe8Ts0XeYuawS752260715469%3Apl%3Ata%3Ap1%3Ap2%3Aac%3Aap%3Aneg%3Afi%3Atikwd-869815001187%3Alp1009919%3Ali%3Adec%3Adm%3Appccp%3DUmFuZG9tSVYkc2RlIyh9YXdX6HrtnYy-Ml68sH-ljtU&aid=311984&dest_id=198&dest_type=country&group_adults=2&req_adults=2&no_rooms=1&broad_search_not_eligible=1&order=score&nflt=ht_id%3D204%3Bht_id%3D213%3Bht_id%3D201%3Bht_id%3D216%3Bht_id%3D222%3Bht_id%3D221%3Bht_id%3D206%3Btop_destinations%3D6023%3Buf%3D-2237982%3Buf%3D-2235153%3Buf%3D-2213814%3Buf%3D-2216852%3Buf%3D-2213367%3Buf%3D-2234806%3Buf%3D-2221617","","Lime House","","Featuring river views, Lime House in Udawalawe offers accommodations and a garden. There's free private parking, and the property features a paid airport shuttle service.","","Opens in new window","Udawalawe","","Show prices","","","Show on map","","https://cf.bstatic.com/xdata/images/hotel/square600/652798806.webp?k=abdefa977c58afa617ac1ff55e5a732aa4136b97c4b92a452e53e083ad6a8ba8&o="
"1777054999-330","https://www.booking.com/searchresults.html?label=bristol-XLwodozx2dVe8Ts0XeYuawS752260715469%3Apl%3Ata%3Ap1%3Ap2%3Aac%3Aap%3Aneg%3Afi%3Atikwd-869815001187%3Alp1009919%3Ali%3Adec%3Adm%3Appccp%3DUmFuZG9tSVYkc2RlIyh9YXdX6HrtnYy-Ml68sH-ljtU&aid=311984&dest_id=198&dest_type=country&group_adults=2&req_adults=2&no_rooms=1&broad_search_not_eligible=1&order=score&nflt=ht_id%3D204%3Bht_id%3D213%3Bht_id%3D201%3Bht_id%3D216%3Bht_id%3D222%3Bht_id%3D221%3Bht_id%3D206%3Btop_destinations%3D6023%3Buf%3D-2237982%3Buf%3D-2235153%3Buf%3D-2213814%3Buf%3D-2216852%3Buf%3D-2213367%3Buf%3D-2234806%3Buf%3D-2221617","","Grandfreedom Udawalawe","Value for money 10","9 miles from Udawalawe National Park in Udawalawe, Grandfreedom Udawalawe features accommodations with access to spa facilities and wellness packages.","· 2 reviews","Opens in new window","Udawalawe","Scored 9.5","Show prices","9.5","Exceptional","Show on map","","https://cf.bstatic.com/xdata/images/hotel/square600/616750726.webp?k=923faef5d6f3992beab2924f2936f39e780abb5684fd9a5f4a6e92328bd57e94&o="
"1777054999-331","https://www.booking.com/searchresults.html?label=bristol-XLwodozx2dVe8Ts0XeYuawS752260715469%3Apl%3Ata%3Ap1%3Ap2%3Aac%3Aap%3Aneg%3Afi%3Atikwd-869815001187%3Alp1009919%3Ali%3Adec%3Adm%3Appccp%3DUmFuZG9tSVYkc2RlIyh9YXdX6HrtnYy-Ml68sH-ljtU&aid=311984&dest_id=198&dest_type=country&group_adults=2&req_adults=2&no_rooms=1&broad_search_not_eligible=1&order=score&nflt=ht_id%3D204%3Bht_id%3D213%3Bht_id%3D201%3Bht_id%3D216%3Bht_id%3D222%3Bht_id%3D221%3Bht_id%3D206%3Btop_destinations%3D6023%3Buf%3D-2237982%3Buf%3D-2235153%3Buf%3D-2213814%3Buf%3D-2216852%3Buf%3D-2213367%3Buf%3D-2234806%3Buf%3D-2221617","","Sunrise Safari House & villa","","Providing a garden, Sunrise Safari House & villa provides accommodations in Udawalawe. Both Wifi and private parking are available at the guest house free of charge.","","Opens in new window","Udawalawe","","Show prices","","","Show on map","","https://cf.bstatic.com/xdata/images/hotel/square600/778698302.webp?k=2c623baab06e8a7fad39a22a943d82eead28ee181589e6e4ce913c14314baae7&o="
"1777054999-332","https://www.booking.com/searchresults.html?label=bristol-XLwodozx2dVe8Ts0XeYuawS752260715469%3Apl%3Ata%3Ap1%3Ap2%3Aac%3Aap%3Aneg%3Afi%3Atikwd-869815001187%3Alp1009919%3Ali%3Adec%3Adm%3Appccp%3DUmFuZG9tSVYkc2RlIyh9YXdX6HrtnYy-Ml68sH-ljtU&aid=311984&dest_id=198&dest_type=country&group_adults=2&req_adults=2&no_rooms=1&broad_search_not_eligible=1&order=score&nflt=ht_id%3D204%3Bht_id%3D213%3Bht_id%3D201%3Bht_id%3D216%3Bht_id%3D222%3Bht_id%3D221%3Bht_id%3D206%3Btop_destinations%3D6023%3Buf%3D-2237982%3Buf%3D-2235153%3Buf%3D-2213814%3Buf%3D-2216852%3Buf%3D-2213367%3Buf%3D-2234806%3Buf%3D-2221617","","gramatic dream cottage","","Gramatic dream cottage is located in Udawalawe. At the hotel, every room comes with a desk and a flat-screen TV. At gramatic dream cottage all rooms include air conditioning and a private bathroom.","","Opens in new window","Udawalawe","","Show prices","","","Show on map","","https://cf.bstatic.com/xdata/images/hotel/square600/666220981.webp?k=f8af633177e8ca4337d74e009b69e422433b2b2ab44b23ac45c00442ba82f98e&o="
"1777054999-333","https://www.booking.com/searchresults.html?label=bristol-XLwodozx2dVe8Ts0XeYuawS752260715469%3Apl%3Ata%3Ap1%3Ap2%3Aac%3Aap%3Aneg%3Afi%3Atikwd-869815001187%3Alp1009919%3Ali%3Adec%3Adm%3Appccp%3DUmFuZG9tSVYkc2RlIyh9YXdX6HrtnYy-Ml68sH-ljtU&aid=311984&dest_id=198&dest_type=country&group_adults=2&req_adults=2&no_rooms=1&broad_search_not_eligible=1&order=score&nflt=ht_id%3D204%3Bht_id%3D213%3Bht_id%3D201%3Bht_id%3D216%3Bht_id%3D222%3Bht_id%3D221%3Bht_id%3D206%3Btop_destinations%3D6023%3Buf%3D-2237982%3Buf%3D-2235153%3Buf%3D-2213814%3Buf%3D-2216852%3Buf%3D-2213367%3Buf%3D-2234806%3Buf%3D-2221617","","Pinipasara Safari Lodge","","Featuring a garden, Pinipasara Safari Lodge offers accommodations in Udawalawe. With garden views, this accommodation provides a terrace.","","Opens in new window","Udawalawe","","Show prices","","","Show on map","New to Booking.com","https://cf.bstatic.com/xdata/images/hotel/square600/834456401.webp?k=eae837bd2452e982dd624eee86f6f9a40da0f0d0bb32820dc55f74d2ab94db62&o="
"1777054999-334","https://www.booking.com/searchresults.html?label=bristol-XLwodozx2dVe8Ts0XeYuawS752260715469%3Apl%3Ata%3Ap1%3Ap2%3Aac%3Aap%3Aneg%3Afi%3Atikwd-869815001187%3Alp1009919%3Ali%3Adec%3Adm%3Appccp%3DUmFuZG9tSVYkc2RlIyh9YXdX6HrtnYy-Ml68sH-ljtU&aid=311984&dest_id=198&dest_type=country&group_adults=2&req_adults=2&no_rooms=1&broad_search_not_eligible=1&order=score&nflt=ht_id%3D204%3Bht_id%3D213%3Bht_id%3D201%3Bht_id%3D216%3Bht_id%3D222%3Bht_id%3D221%3Bht_id%3D206%3Btop_destinations%3D6023%3Buf%3D-2237982%3Buf%3D-2235153%3Buf%3D-2213814%3Buf%3D-2216852%3Buf%3D-2213367%3Buf%3D-2234806%3Buf%3D-2221617","","WildSky HomeStay","","WildSky HomeStay in Udawalawe provides accommodations with an infinity pool and a garden. Private parking is available on site at this recently renovated property.","· 1 review","Opens in new window","Udawalawe","Scored 1.0","Show prices","1.0","Review score","Show on map","","https://cf.bstatic.com/xdata/images/hotel/square600/629382719.webp?k=aa80a8b53289b5084f1dd2761e29783f2d396a0ca85df160d367fdc59d1e8f0b&o="
"1777054999-335","https://www.booking.com/searchresults.html?label=bristol-XLwodozx2dVe8Ts0XeYuawS752260715469%3Apl%3Ata%3Ap1%3Ap2%3Aac%3Aap%3Aneg%3Afi%3Atikwd-869815001187%3Alp1009919%3Ali%3Adec%3Adm%3Appccp%3DUmFuZG9tSVYkc2RlIyh9YXdX6HrtnYy-Ml68sH-ljtU&aid=311984&dest_id=198&dest_type=country&group_adults=2&req_adults=2&no_rooms=1&broad_search_not_eligible=1&order=score&nflt=ht_id%3D204%3Bht_id%3D213%3Bht_id%3D201%3Bht_id%3D216%3Bht_id%3D222%3Bht_id%3D221%3Bht_id%3D206%3Btop_destinations%3D6023%3Buf%3D-2237982%3Buf%3D-2235153%3Buf%3D-2213814%3Buf%3D-2216852%3Buf%3D-2213367%3Buf%3D-2234806%3Buf%3D-2221617","","HOSTEL -In Frant of the National park-","","Located in Udawalawe, 5 miles from Udawalawe National Park, HOSTEL -In Frant of the National park- provides accommodations with a garden, free private parking, a terrace and a restaurant.","","Opens in new window","Udawalawe","","Show prices","","","Show on map","","https://cf.bstatic.com/xdata/images/hotel/square600/606870373.webp?k=e2e927aa54cdd9dcf6117b698b50d7b97ee7202d4c76838fe18c742f30a252af&o="
"1777054999-336","https://www.booking.com/searchresults.html?label=bristol-XLwodozx2dVe8Ts0XeYuawS752260715469%3Apl%3Ata%3Ap1%3Ap2%3Aac%3Aap%3Aneg%3Afi%3Atikwd-869815001187%3Alp1009919%3Ali%3Adec%3Adm%3Appccp%3DUmFuZG9tSVYkc2RlIyh9YXdX6HrtnYy-Ml68sH-ljtU&aid=311984&dest_id=198&dest_type=country&group_adults=2&req_adults=2&no_rooms=1&broad_search_not_eligible=1&order=score&nflt=ht_id%3D204%3Bht_id%3D213%3Bht_id%3D201%3Bht_id%3D216%3Bht_id%3D222%3Bht_id%3D221%3Bht_id%3D206%3Btop_destinations%3D6023%3Buf%3D-2237982%3Buf%3D-2235153%3Buf%3D-2213814%3Buf%3D-2216852%3Buf%3D-2213367%3Buf%3D-2234806%3Buf%3D-2221617","","Dramatic Green Cottage","","Located in Udawalawe, 7.7 miles from Udawalawe National Park, Dramatic Green Cottage has accommodations with a garden and free private parking.","","Opens in new window","Udawalawe","","Show prices","","","Show on map","","https://cf.bstatic.com/xdata/images/hotel/square600/665809408.webp?k=aa9f88f351d90505af1dff8e2702b2ac41713ec825ab2eb8a58c6bb2f40a901e&o="
"1777054999-337","https://www.booking.com/searchresults.html?label=bristol-XLwodozx2dVe8Ts0XeYuawS752260715469%3Apl%3Ata%3Ap1%3Ap2%3Aac%3Aap%3Aneg%3Afi%3Atikwd-869815001187%3Alp1009919%3Ali%3Adec%3Adm%3Appccp%3DUmFuZG9tSVYkc2RlIyh9YXdX6HrtnYy-Ml68sH-ljtU&aid=311984&dest_id=198&dest_type=country&group_adults=2&req_adults=2&no_rooms=1&broad_search_not_eligible=1&order=score&nflt=ht_id%3D204%3Bht_id%3D213%3Bht_id%3D201%3Bht_id%3D216%3Bht_id%3D222%3Bht_id%3D221%3Bht_id%3D206%3Btop_destinations%3D6023%3Buf%3D-2237982%3Buf%3D-2235153%3Buf%3D-2213814%3Buf%3D-2216852%3Buf%3D-2213367%3Buf%3D-2234806%3Buf%3D-2221617","","Wild Rest Cottage","","This guest house provides a garden as well as a terrace. Free private parking is available at Wild Rest Cottage. The property offers garden views.","","Opens in new window","Udawalawe","","Show prices","","","Show on map","","https://cf.bstatic.com/xdata/images/hotel/square600/809288718.webp?k=7c0a1207843ed8f72b935d43e2f27f6f0f4ccce737eafc94a22687f83a6eaff6&o="
"1777054999-338","https://www.booking.com/searchresults.html?label=bristol-XLwodozx2dVe8Ts0XeYuawS752260715469%3Apl%3Ata%3Ap1%3Ap2%3Aac%3Aap%3Aneg%3Afi%3Atikwd-869815001187%3Alp1009919%3Ali%3Adec%3Adm%3Appccp%3DUmFuZG9tSVYkc2RlIyh9YXdX6HrtnYy-Ml68sH-ljtU&aid=311984&dest_id=198&dest_type=country&group_adults=2&req_adults=2&no_rooms=1&broad_search_not_eligible=1&order=score&nflt=ht_id%3D204%3Bht_id%3D213%3Bht_id%3D201%3Bht_id%3D216%3Bht_id%3D222%3Bht_id%3D221%3Bht_id%3D206%3Btop_destinations%3D6023%3Buf%3D-2237982%3Buf%3D-2235153%3Buf%3D-2213814%3Buf%3D-2216852%3Buf%3D-2213367%3Buf%3D-2234806%3Buf%3D-2221617","","Amba Kola Family Retreat","","Amba Kola Family Retreat is located in Udawalawe and features a bar. Featuring room service, this property also has a restaurant and a terrace. The hotel features family rooms.","","Opens in new window","Udawalawe","","Show prices","","","Show on map","","https://cf.bstatic.com/xdata/images/hotel/square600/756948666.webp?k=0b6ac6bc215829851c6178e0b0ad1196cb0ad4c40123e64ac42caf1d240d7b0b&o="
"1777054999-339","https://www.booking.com/searchresults.html?label=bristol-XLwodozx2dVe8Ts0XeYuawS752260715469%3Apl%3Ata%3Ap1%3Ap2%3Aac%3Aap%3Aneg%3Afi%3Atikwd-869815001187%3Alp1009919%3Ali%3Adec%3Adm%3Appccp%3DUmFuZG9tSVYkc2RlIyh9YXdX6HrtnYy-Ml68sH-ljtU&aid=311984&dest_id=198&dest_type=country&group_adults=2&req_adults=2&no_rooms=1&broad_search_not_eligible=1&order=score&nflt=ht_id%3D204%3Bht_id%3D213%3Bht_id%3D201%3Bht_id%3D216%3Bht_id%3D222%3Bht_id%3D221%3Bht_id%3D206%3Btop_destinations%3D6023%3Buf%3D-2237982%3Buf%3D-2235153%3Buf%3D-2213814%3Buf%3D-2216852%3Buf%3D-2213367%3Buf%3D-2234806%3Buf%3D-2221617","","Gramatic Cottage Udawalawe","","Offering a garden, Gramatic Cottage Udawalawe features accommodations in Udawalawe. This guest house offers air-conditioned accommodations with a terrace and free Wifi.","","Opens in new window","Udawalawe","","Show prices","","","Show on map","","https://cf.bstatic.com/xdata/images/hotel/square600/803098693.webp?k=875d49fd5896e623e5d8ec61ea4a9b19c98e74e9000f2c03d3923f9f740b6aa7&o="
"1777054999-340","https://www.booking.com/searchresults.html?label=bristol-XLwodozx2dVe8Ts0XeYuawS752260715469%3Apl%3Ata%3Ap1%3Ap2%3Aac%3Aap%3Aneg%3Afi%3Atikwd-869815001187%3Alp1009919%3Ali%3Adec%3Adm%3Appccp%3DUmFuZG9tSVYkc2RlIyh9YXdX6HrtnYy-Ml68sH-ljtU&aid=311984&dest_id=198&dest_type=country&group_adults=2&req_adults=2&no_rooms=1&broad_search_not_eligible=1&order=score&nflt=ht_id%3D204%3Bht_id%3D213%3Bht_id%3D201%3Bht_id%3D216%3Bht_id%3D222%3Bht_id%3D221%3Bht_id%3D206%3Btop_destinations%3D6023%3Buf%3D-2237982%3Buf%3D-2235153%3Buf%3D-2213814%3Buf%3D-2216852%3Buf%3D-2213367%3Buf%3D-2234806%3Buf%3D-2221617","","Sihilro Regency Udawalawa","","Located in Udawalawe, Sihilro Regency Udawalawa has a garden, shared lounge, restaurant, and free WiFi. There is free private parking and the property has paid airport shuttle service.","· 2 reviews","Opens in new window","Udawalawe","Scored 5.0","Show prices","5.0","Review score","Show on map","","https://cf.bstatic.com/xdata/images/hotel/square600/122929440.webp?k=e75c8cf7a9a060d895f28332b59cf1feef16c2ea70229f366908e91eb9e1e069&o="
