web_scraper_order,web_scraper_start_url,pagination,data,data2,data3,data4,data5,data6,data7,data8,data9,data10,data11,image
"1777056365-1","https://www.booking.com/searchresults.html?label=bristol-XLwodozx2dVe8Ts0XeYuawS752260715469%3Apl%3Ata%3Ap1%3Ap2%3Aac%3Aap%3Aneg%3Afi%3Atikwd-869815001187%3Alp1009919%3Ali%3Adec%3Adm%3Appccp%3DUmFuZG9tSVYkc2RlIyh9YXdX6HrtnYy-Ml68sH-ljtU&aid=311984&dest_id=198&dest_type=country&group_adults=2&req_adults=2&no_rooms=1&broad_search_not_eligible=1&order=score&nflt=ht_id%3D204%3Bht_id%3D213%3Bht_id%3D216%3Bht_id%3D220%3Bht_id%3D221%3Btop_destinations%3D6012%3Buf%3D-2237624%3Buf%3D-2230854","","Dilithy Paradise","Scored 10","10","Value for money 10","Dilithy Paradise offers accommodations in Trincomalee, 2.3 miles from Trincomalee Railway Station and 2.7 miles from Kanniya Hot Springs.","· 6 reviews","Opens in new window","Trincomalee","Show prices","Exceptional","Show on map","https://cf.bstatic.com/xdata/images/hotel/square600/840952702.webp?k=7dd0c2ea886a8a5f53235e3257989f1e84980cc62108db06ac47643952fe62b8&o="
"1777056365-2","https://www.booking.com/searchresults.html?label=bristol-XLwodozx2dVe8Ts0XeYuawS752260715469%3Apl%3Ata%3Ap1%3Ap2%3Aac%3Aap%3Aneg%3Afi%3Atikwd-869815001187%3Alp1009919%3Ali%3Adec%3Adm%3Appccp%3DUmFuZG9tSVYkc2RlIyh9YXdX6HrtnYy-Ml68sH-ljtU&aid=311984&dest_id=198&dest_type=country&group_adults=2&req_adults=2&no_rooms=1&broad_search_not_eligible=1&order=score&nflt=ht_id%3D204%3Bht_id%3D213%3Bht_id%3D216%3Bht_id%3D220%3Bht_id%3D221%3Btop_destinations%3D6012%3Buf%3D-2237624%3Buf%3D-2230854","","Trinco Beachfront Villas AJS","Scored 10","10","Value for money 10","Featuring garden views, Trinco Beachfront Villas AJS in Trincomalee offers accommodations, a private beach area, a garden, and a shared lounge.","· 5 reviews","Opens in new window","Trincomalee","Show prices","Exceptional","Show on map","https://cf.bstatic.com/xdata/images/hotel/square600/819490495.webp?k=0f19397ddb0eed325ea0e5b6b09ed9443910c9f389d36b4eeb096c514949ee51&o="
"1777056365-3","https://www.booking.com/searchresults.html?label=bristol-XLwodozx2dVe8Ts0XeYuawS752260715469%3Apl%3Ata%3Ap1%3Ap2%3Aac%3Aap%3Aneg%3Afi%3Atikwd-869815001187%3Alp1009919%3Ali%3Adec%3Adm%3Appccp%3DUmFuZG9tSVYkc2RlIyh9YXdX6HrtnYy-Ml68sH-ljtU&aid=311984&dest_id=198&dest_type=country&group_adults=2&req_adults=2&no_rooms=1&broad_search_not_eligible=1&order=score&nflt=ht_id%3D204%3Bht_id%3D213%3Bht_id%3D216%3Bht_id%3D220%3Bht_id%3D221%3Btop_destinations%3D6012%3Buf%3D-2237624%3Buf%3D-2230854","","Jungle View Inn","Scored 9.8","9.8","Value for money 9.5","Jungle View Inn is located in Trincomalee, just 1.5 miles from Velgam Vehera and 6.1 miles from Pigeon Island National Park.","· 19 reviews","Opens in new window","Trincomalee","Show prices","Exceptional","Show on map","https://cf.bstatic.com/xdata/images/hotel/square600/500876790.webp?k=d4399b22f94d9cbed915ac3993699b0cbf83908aee457f7df589c61fa289e65d&o="
"1777056365-4","https://www.booking.com/searchresults.html?label=bristol-XLwodozx2dVe8Ts0XeYuawS752260715469%3Apl%3Ata%3Ap1%3Ap2%3Aac%3Aap%3Aneg%3Afi%3Atikwd-869815001187%3Alp1009919%3Ali%3Adec%3Adm%3Appccp%3DUmFuZG9tSVYkc2RlIyh9YXdX6HrtnYy-Ml68sH-ljtU&aid=311984&dest_id=198&dest_type=country&group_adults=2&req_adults=2&no_rooms=1&broad_search_not_eligible=1&order=score&nflt=ht_id%3D204%3Bht_id%3D213%3Bht_id%3D216%3Bht_id%3D220%3Bht_id%3D221%3Btop_destinations%3D6012%3Buf%3D-2237624%3Buf%3D-2230854","","Nilaveli Royal Paradise","Scored 9.8","9.8","Value for money 10","Located in Trincomalee, a 9-minute walk from Nilaveli Beach, Nilaveli Royal Paradise provides accommodations with a garden, free private parking, a terrace and a restaurant.","· 5 reviews","Opens in new window","Trincomalee","Show prices","Exceptional","Show on map","https://cf.bstatic.com/xdata/images/hotel/square600/794780560.webp?k=afda3ddecf4bc9ed0d178319581105c62dcb9953c14db9f72d3ce60f88f6a8c6&o="
"1777056365-5","https://www.booking.com/searchresults.html?label=bristol-XLwodozx2dVe8Ts0XeYuawS752260715469%3Apl%3Ata%3Ap1%3Ap2%3Aac%3Aap%3Aneg%3Afi%3Atikwd-869815001187%3Alp1009919%3Ali%3Adec%3Adm%3Appccp%3DUmFuZG9tSVYkc2RlIyh9YXdX6HrtnYy-Ml68sH-ljtU&aid=311984&dest_id=198&dest_type=country&group_adults=2&req_adults=2&no_rooms=1&broad_search_not_eligible=1&order=score&nflt=ht_id%3D204%3Bht_id%3D213%3Bht_id%3D216%3Bht_id%3D220%3Bht_id%3D221%3Btop_destinations%3D6012%3Buf%3D-2237624%3Buf%3D-2230854","","New! Mangalam house, Private plunge pool near beach","Scored 9.8","9.8","Value for money 9.6","New! Mangalam house, Private plunge pool near beach is a recently renovated vacation home in Trincomalee where guests can make the most of its outdoor swimming pool, open-air bath, and garden.","· 13 reviews","Opens in new window","Trincomalee","Show prices","Exceptional","Show on map","https://cf.bstatic.com/xdata/images/hotel/square600/850178329.webp?k=e9b9044fe0b567e1495c2887ec15df09882ebae23d42efb46cfc26ac5b1e69b5&o="
"1777056365-6","https://www.booking.com/searchresults.html?label=bristol-XLwodozx2dVe8Ts0XeYuawS752260715469%3Apl%3Ata%3Ap1%3Ap2%3Aac%3Aap%3Aneg%3Afi%3Atikwd-869815001187%3Alp1009919%3Ali%3Adec%3Adm%3Appccp%3DUmFuZG9tSVYkc2RlIyh9YXdX6HrtnYy-Ml68sH-ljtU&aid=311984&dest_id=198&dest_type=country&group_adults=2&req_adults=2&no_rooms=1&broad_search_not_eligible=1&order=score&nflt=ht_id%3D204%3Bht_id%3D213%3Bht_id%3D216%3Bht_id%3D220%3Bht_id%3D221%3Btop_destinations%3D6012%3Buf%3D-2237624%3Buf%3D-2230854","","Pearl Diamond Resort","Scored 9.7","9.7","Value for money 9.7","Located in Trincomalee, within a few steps of Uppuveli beach and 2.7 miles of Kanniya Hot Springs, Pearl Diamond Resort has accommodations with a shared lounge and free WiFi throughout the property as...","· 32 reviews","Opens in new window","Trincomalee","Show prices","Exceptional","Show on map","https://cf.bstatic.com/xdata/images/hotel/square600/850698585.webp?k=1c9f36bf65d4edc60b5b5b72912ea88a770d7713a1455f1d7954010e77ab3b39&o="
"1777056365-7","https://www.booking.com/searchresults.html?label=bristol-XLwodozx2dVe8Ts0XeYuawS752260715469%3Apl%3Ata%3Ap1%3Ap2%3Aac%3Aap%3Aneg%3Afi%3Atikwd-869815001187%3Alp1009919%3Ali%3Adec%3Adm%3Appccp%3DUmFuZG9tSVYkc2RlIyh9YXdX6HrtnYy-Ml68sH-ljtU&aid=311984&dest_id=198&dest_type=country&group_adults=2&req_adults=2&no_rooms=1&broad_search_not_eligible=1&order=score&nflt=ht_id%3D204%3Bht_id%3D213%3Bht_id%3D216%3Bht_id%3D220%3Bht_id%3D221%3Btop_destinations%3D6012%3Buf%3D-2237624%3Buf%3D-2230854","","Alass Ga For Pets Lovers","Scored 9.7","9.7","Value for money 9.6","Alass Ga For Pets Lovers features a hot tub and free private parking, and is within a 6-minute walk of Uppuveli beach and 2.5 miles of Kanniya Hot Springs.","· 206 reviews","Opens in new window","Trincomalee","Show prices","Exceptional","Show on map","https://cf.bstatic.com/xdata/images/hotel/square600/646819623.webp?k=6c5564813e4000a92cb7f25eb168cbd05d3eaa5706a8abb7b6b453e7170ddce3&o="
"1777056365-8","https://www.booking.com/searchresults.html?label=bristol-XLwodozx2dVe8Ts0XeYuawS752260715469%3Apl%3Ata%3Ap1%3Ap2%3Aac%3Aap%3Aneg%3Afi%3Atikwd-869815001187%3Alp1009919%3Ali%3Adec%3Adm%3Appccp%3DUmFuZG9tSVYkc2RlIyh9YXdX6HrtnYy-Ml68sH-ljtU&aid=311984&dest_id=198&dest_type=country&group_adults=2&req_adults=2&no_rooms=1&broad_search_not_eligible=1&order=score&nflt=ht_id%3D204%3Bht_id%3D213%3Bht_id%3D216%3Bht_id%3D220%3Bht_id%3D221%3Btop_destinations%3D6012%3Buf%3D-2237624%3Buf%3D-2230854","","Amanta Beach","Scored 9.6","9.6","Value for money 9.1","Offering a year-round outdoor swimming pool and views of the sea, Amanta Beach is set in Nilaveli, 12 mi from Trincomalee. Each air-conditioned room offers a view. Rooms have a private bathroom.","· 155 reviews","Opens in new window","Nilaveli","Show prices","Exceptional","Show on map","https://cf.bstatic.com/xdata/images/hotel/square600/590162880.webp?k=46a877c526a34d057e7f766bc48001f8a51a635ec7996f51808426ecf6ac0d2d&o="
"1777056365-9","https://www.booking.com/searchresults.html?label=bristol-XLwodozx2dVe8Ts0XeYuawS752260715469%3Apl%3Ata%3Ap1%3Ap2%3Aac%3Aap%3Aneg%3Afi%3Atikwd-869815001187%3Alp1009919%3Ali%3Adec%3Adm%3Appccp%3DUmFuZG9tSVYkc2RlIyh9YXdX6HrtnYy-Ml68sH-ljtU&aid=311984&dest_id=198&dest_type=country&group_adults=2&req_adults=2&no_rooms=1&broad_search_not_eligible=1&order=score&nflt=ht_id%3D204%3Bht_id%3D213%3Bht_id%3D216%3Bht_id%3D220%3Bht_id%3D221%3Btop_destinations%3D6012%3Buf%3D-2237624%3Buf%3D-2230854","","Aathi Resort","Scored 9.6","9.6","Value for money 9.7","Located in Trincomalee, within 1.7 miles of Uppuveli beach and 4 miles of Kanniya Hot Springs, Aathi Resort has accommodations with a garden and free WiFi throughout the property as well as free...","· 42 reviews","Opens in new window","Trincomalee","Show prices","Exceptional","Show on map","https://cf.bstatic.com/xdata/images/hotel/square600/566863727.webp?k=97ea97d39497524a7cc3bdd8f72b2a8fadc7d614103018e923395a38abbf2476&o="
"1777056365-10","https://www.booking.com/searchresults.html?label=bristol-XLwodozx2dVe8Ts0XeYuawS752260715469%3Apl%3Ata%3Ap1%3Ap2%3Aac%3Aap%3Aneg%3Afi%3Atikwd-869815001187%3Alp1009919%3Ali%3Adec%3Adm%3Appccp%3DUmFuZG9tSVYkc2RlIyh9YXdX6HrtnYy-Ml68sH-ljtU&aid=311984&dest_id=198&dest_type=country&group_adults=2&req_adults=2&no_rooms=1&broad_search_not_eligible=1&order=score&nflt=ht_id%3D204%3Bht_id%3D213%3Bht_id%3D216%3Bht_id%3D220%3Bht_id%3D221%3Btop_destinations%3D6012%3Buf%3D-2237624%3Buf%3D-2230854","","Akshaya Villa Trincomalee","Scored 9.6","9.6","Value for money 9.2","Akshaya Villa Trincomalee is a recently renovated guest house in Trincomalee near Uppuveli beach. This property offers access to a terrace and free private parking. Guests can enjoy city views.","· 13 reviews","Opens in new window","Trincomalee","Show prices","Exceptional","Show on map","https://cf.bstatic.com/xdata/images/hotel/square600/747270464.webp?k=88963617068ea1278849e59a1040a0423813aee321c64c4df6feda699b00a43f&o="
"1777056365-11","https://www.booking.com/searchresults.html?label=bristol-XLwodozx2dVe8Ts0XeYuawS752260715469%3Apl%3Ata%3Ap1%3Ap2%3Aac%3Aap%3Aneg%3Afi%3Atikwd-869815001187%3Alp1009919%3Ali%3Adec%3Adm%3Appccp%3DUmFuZG9tSVYkc2RlIyh9YXdX6HrtnYy-Ml68sH-ljtU&aid=311984&dest_id=198&dest_type=country&group_adults=2&req_adults=2&no_rooms=1&broad_search_not_eligible=1&order=score&nflt=ht_id%3D204%3Bht_id%3D213%3Bht_id%3D216%3Bht_id%3D220%3Bht_id%3D221%3Btop_destinations%3D6012%3Buf%3D-2237624%3Buf%3D-2230854","","Calm Guest","Scored 9.6","9.6","Value for money 9.9","Providing a garden, Calm Guest offers accommodations in Trincomalee.","· 35 reviews","Opens in new window","Trincomalee","Show prices","Exceptional","Show on map","https://cf.bstatic.com/xdata/images/hotel/square600/509474435.webp?k=a2c26a55d49111e473b2aaa7e85a9a36106ce8dddb217f78e039c75b44f6f674&o="
"1777056365-12","https://www.booking.com/searchresults.html?label=bristol-XLwodozx2dVe8Ts0XeYuawS752260715469%3Apl%3Ata%3Ap1%3Ap2%3Aac%3Aap%3Aneg%3Afi%3Atikwd-869815001187%3Alp1009919%3Ali%3Adec%3Adm%3Appccp%3DUmFuZG9tSVYkc2RlIyh9YXdX6HrtnYy-Ml68sH-ljtU&aid=311984&dest_id=198&dest_type=country&group_adults=2&req_adults=2&no_rooms=1&broad_search_not_eligible=1&order=score&nflt=ht_id%3D204%3Bht_id%3D213%3Bht_id%3D216%3Bht_id%3D220%3Bht_id%3D221%3Btop_destinations%3D6012%3Buf%3D-2237624%3Buf%3D-2230854","","J Rest in","Scored 9.6","9.6","Value for money 10","Featuring quiet street views, J Rest in in Trincomalee provides accommodations and a garden.","· 5 reviews","Opens in new window","Trincomalee","Show prices","Exceptional","Show on map","https://cf.bstatic.com/xdata/images/hotel/square600/783386915.webp?k=b983d7b700213cbf4dfa29d6773529dce4859e9b3b4f6874b7f45daca4bf9491&o="
"1777056365-13","https://www.booking.com/searchresults.html?label=bristol-XLwodozx2dVe8Ts0XeYuawS752260715469%3Apl%3Ata%3Ap1%3Ap2%3Aac%3Aap%3Aneg%3Afi%3Atikwd-869815001187%3Alp1009919%3Ali%3Adec%3Adm%3Appccp%3DUmFuZG9tSVYkc2RlIyh9YXdX6HrtnYy-Ml68sH-ljtU&aid=311984&dest_id=198&dest_type=country&group_adults=2&req_adults=2&no_rooms=1&broad_search_not_eligible=1&order=score&nflt=ht_id%3D204%3Bht_id%3D213%3Bht_id%3D216%3Bht_id%3D220%3Bht_id%3D221%3Btop_destinations%3D6012%3Buf%3D-2237624%3Buf%3D-2230854","","Blu Marine Nilaveli","Scored 9.5","9.5","Value for money 9.6","Located in Trincomalee, a 8-minute walk from Nilaveli Beach, Blu Marine Nilaveli has accommodations with a garden, free private parking, a private beach area and a shared lounge.","· 287 reviews","Opens in new window","Trincomalee","Show prices","Exceptional","Show on map","https://cf.bstatic.com/xdata/images/hotel/square600/626708193.webp?k=f9f45fe1e4e6bac461eec597facd6af67e8ed70624b30d4548a5b3d55a44334e&o="
"1777056365-14","https://www.booking.com/searchresults.html?label=bristol-XLwodozx2dVe8Ts0XeYuawS752260715469%3Apl%3Ata%3Ap1%3Ap2%3Aac%3Aap%3Aneg%3Afi%3Atikwd-869815001187%3Alp1009919%3Ali%3Adec%3Adm%3Appccp%3DUmFuZG9tSVYkc2RlIyh9YXdX6HrtnYy-Ml68sH-ljtU&aid=311984&dest_id=198&dest_type=country&group_adults=2&req_adults=2&no_rooms=1&broad_search_not_eligible=1&order=score&nflt=ht_id%3D204%3Bht_id%3D213%3Bht_id%3D216%3Bht_id%3D220%3Bht_id%3D221%3Btop_destinations%3D6012%3Buf%3D-2237624%3Buf%3D-2230854","","Nesan’s villa","Scored 9.5","9.5","Value for money 9.7","Nesan’s villa features air-conditioned accommodations in Trincomalee. This guest house offers free private parking and a 24-hour front desk. Guests can access the guest house via private entrance.","· 51 reviews","Opens in new window","Trincomalee","Show prices","Exceptional","Show on map","https://cf.bstatic.com/xdata/images/hotel/square600/728774702.webp?k=3d5c256e9538aa506ae86c50b49418e81fc772ae53246c66a2b8f78f24580eba&o="
"1777056365-15","https://www.booking.com/searchresults.html?label=bristol-XLwodozx2dVe8Ts0XeYuawS752260715469%3Apl%3Ata%3Ap1%3Ap2%3Aac%3Aap%3Aneg%3Afi%3Atikwd-869815001187%3Alp1009919%3Ali%3Adec%3Adm%3Appccp%3DUmFuZG9tSVYkc2RlIyh9YXdX6HrtnYy-Ml68sH-ljtU&aid=311984&dest_id=198&dest_type=country&group_adults=2&req_adults=2&no_rooms=1&broad_search_not_eligible=1&order=score&nflt=ht_id%3D204%3Bht_id%3D213%3Bht_id%3D216%3Bht_id%3D220%3Bht_id%3D221%3Btop_destinations%3D6012%3Buf%3D-2237624%3Buf%3D-2230854","","Day holiday villa","Scored 9.5","9.5","Value for money 9.4","Day holiday villa offers accommodations in Trincomalee, a 7-minute walk from Uppuveli beach and 2.4 miles from Kanniya Hot Springs.","· 9 reviews","Opens in new window","Trincomalee","Show prices","Exceptional","Show on map","https://cf.bstatic.com/xdata/images/hotel/square600/728313946.webp?k=0e2c3621b2ed36684971ec832afbee02d091ccf6ff99663de638ee4c795b86f4&o="
"1777056365-16","https://www.booking.com/searchresults.html?label=bristol-XLwodozx2dVe8Ts0XeYuawS752260715469%3Apl%3Ata%3Ap1%3Ap2%3Aac%3Aap%3Aneg%3Afi%3Atikwd-869815001187%3Alp1009919%3Ali%3Adec%3Adm%3Appccp%3DUmFuZG9tSVYkc2RlIyh9YXdX6HrtnYy-Ml68sH-ljtU&aid=311984&dest_id=198&dest_type=country&group_adults=2&req_adults=2&no_rooms=1&broad_search_not_eligible=1&order=score&nflt=ht_id%3D204%3Bht_id%3D213%3Bht_id%3D216%3Bht_id%3D220%3Bht_id%3D221%3Btop_destinations%3D6012%3Buf%3D-2237624%3Buf%3D-2230854","","Nilaveli Bay Villa by Ceylon Spaces","Scored 9.5","9.5","Location 9.3","Nilaveli Bay Villa by Ceylon Spaces offers accommodations in Nilaveli, a few steps from Nilaveli Beach and 4.4 miles from Velgam Vehera.","· 11 reviews","Opens in new window","Nilaveli","Show prices","Exceptional","Show on map","https://cf.bstatic.com/xdata/images/hotel/square600/535522986.webp?k=542556c7ee6c320043f9bb1248d9b14fbae028b07e8dc10029bf001c99bcbb89&o="
"1777056365-17","https://www.booking.com/searchresults.html?label=bristol-XLwodozx2dVe8Ts0XeYuawS752260715469%3Apl%3Ata%3Ap1%3Ap2%3Aac%3Aap%3Aneg%3Afi%3Atikwd-869815001187%3Alp1009919%3Ali%3Adec%3Adm%3Appccp%3DUmFuZG9tSVYkc2RlIyh9YXdX6HrtnYy-Ml68sH-ljtU&aid=311984&dest_id=198&dest_type=country&group_adults=2&req_adults=2&no_rooms=1&broad_search_not_eligible=1&order=score&nflt=ht_id%3D204%3Bht_id%3D213%3Bht_id%3D216%3Bht_id%3D220%3Bht_id%3D221%3Btop_destinations%3D6012%3Buf%3D-2237624%3Buf%3D-2230854","","Avila Nilaveli Beach","Scored 9.5","9.5","Value for money 9.3","Located in Nilaveli, a 2-minute walk from Nilaveli Beach, Avila Nilaveli Beach provides accommodations with a garden, free private parking, a private beach area and barbecue facilities.","· 46 reviews","Opens in new window","Nilaveli","Show prices","Exceptional","Show on map","https://cf.bstatic.com/xdata/images/hotel/square600/723280703.webp?k=6535400a3211dcc7724738de1534edfd922dde72e1cf1845c715ebcd99702d9a&o="
"1777056365-18","https://www.booking.com/searchresults.html?label=bristol-XLwodozx2dVe8Ts0XeYuawS752260715469%3Apl%3Ata%3Ap1%3Ap2%3Aac%3Aap%3Aneg%3Afi%3Atikwd-869815001187%3Alp1009919%3Ali%3Adec%3Adm%3Appccp%3DUmFuZG9tSVYkc2RlIyh9YXdX6HrtnYy-Ml68sH-ljtU&aid=311984&dest_id=198&dest_type=country&group_adults=2&req_adults=2&no_rooms=1&broad_search_not_eligible=1&order=score&nflt=ht_id%3D204%3Bht_id%3D213%3Bht_id%3D216%3Bht_id%3D220%3Bht_id%3D221%3Btop_destinations%3D6012%3Buf%3D-2237624%3Buf%3D-2230854","","TJ JANSE guest inn","Scored 9.4","9.4","Value for money 9.7","TJ JANSE guest inn offers accommodations in Trincomalee, 2.4 miles from Kanniya Hot Springs and 3.2 miles from Trincomalee Railway Station.","· 8 reviews","Opens in new window","Trincomalee","Show prices","Wonderful","Show on map","https://cf.bstatic.com/xdata/images/hotel/square600/841830013.webp?k=6425f74d0e00fc9ea4e4876511c1842b41b39fc6e14fc3b760b65653bbce7066&o="
"1777056365-19","https://www.booking.com/searchresults.html?label=bristol-XLwodozx2dVe8Ts0XeYuawS752260715469%3Apl%3Ata%3Ap1%3Ap2%3Aac%3Aap%3Aneg%3Afi%3Atikwd-869815001187%3Alp1009919%3Ali%3Adec%3Adm%3Appccp%3DUmFuZG9tSVYkc2RlIyh9YXdX6HrtnYy-Ml68sH-ljtU&aid=311984&dest_id=198&dest_type=country&group_adults=2&req_adults=2&no_rooms=1&broad_search_not_eligible=1&order=score&nflt=ht_id%3D204%3Bht_id%3D213%3Bht_id%3D216%3Bht_id%3D220%3Bht_id%3D221%3Btop_destinations%3D6012%3Buf%3D-2237624%3Buf%3D-2230854","","Sampalthivu Beach Villa","Scored 9.4","9.4","Value for money 9.9","A few steps from Sampalthivu Beach in Trincomalee, Sampalthivu Beach Villa provides accommodations with access to an open-air bath.","· 11 reviews","Opens in new window","Trincomalee","Show prices","Wonderful","Show on map","https://cf.bstatic.com/xdata/images/hotel/square600/158028717.webp?k=943ddb60a48739c9e10e16a5d74330e2f09fb200f36a0f75fe9ecfd1c5675a1b&o="
"1777056365-20","https://www.booking.com/searchresults.html?label=bristol-XLwodozx2dVe8Ts0XeYuawS752260715469%3Apl%3Ata%3Ap1%3Ap2%3Aac%3Aap%3Aneg%3Afi%3Atikwd-869815001187%3Alp1009919%3Ali%3Adec%3Adm%3Appccp%3DUmFuZG9tSVYkc2RlIyh9YXdX6HrtnYy-Ml68sH-ljtU&aid=311984&dest_id=198&dest_type=country&group_adults=2&req_adults=2&no_rooms=1&broad_search_not_eligible=1&order=score&nflt=ht_id%3D204%3Bht_id%3D213%3Bht_id%3D216%3Bht_id%3D220%3Bht_id%3D221%3Btop_destinations%3D6012%3Buf%3D-2237624%3Buf%3D-2230854","","Regina Beach Bungalow","Scored 9.4","9.4","Value for money 8.9","Located in Trincomalee, a few steps from Sampalthivu Beach, Regina Beach Bungalow has accommodations with a garden, free private parking, a terrace and a restaurant.","· 222 reviews","Opens in new window","Trincomalee","Show prices","Wonderful","Show on map","https://cf.bstatic.com/xdata/images/hotel/square600/335953107.webp?k=8a57e39e3e8da20ac5d47d05eab85f555cd2268dca70a4b0fd5ffd217ee08298&o="
"1777056365-21","https://www.booking.com/searchresults.html?label=bristol-XLwodozx2dVe8Ts0XeYuawS752260715469%3Apl%3Ata%3Ap1%3Ap2%3Aac%3Aap%3Aneg%3Afi%3Atikwd-869815001187%3Alp1009919%3Ali%3Adec%3Adm%3Appccp%3DUmFuZG9tSVYkc2RlIyh9YXdX6HrtnYy-Ml68sH-ljtU&aid=311984&dest_id=198&dest_type=country&group_adults=2&req_adults=2&no_rooms=1&broad_search_not_eligible=1&order=score&nflt=ht_id%3D204%3Bht_id%3D213%3Bht_id%3D216%3Bht_id%3D220%3Bht_id%3D221%3Btop_destinations%3D6012%3Buf%3D-2237624%3Buf%3D-2230854","","Cha Cha Guest","Scored 9.4","9.4","Value for money 9.5","Cha Cha Guest offers accommodations in Trincomalee, 2.3 miles from Kanniya Hot Springs and 2.5 miles from Kali Kovil.","· 18 reviews","Opens in new window","Trincomalee","Show prices","Wonderful","Show on map","https://cf.bstatic.com/xdata/images/hotel/square600/707543004.webp?k=ed8d8efae87a21a838c2ebcbeb28278ea61abdaa00b2e92c7990ddce75718e35&o="
"1777056365-22","https://www.booking.com/searchresults.html?label=bristol-XLwodozx2dVe8Ts0XeYuawS752260715469%3Apl%3Ata%3Ap1%3Ap2%3Aac%3Aap%3Aneg%3Afi%3Atikwd-869815001187%3Alp1009919%3Ali%3Adec%3Adm%3Appccp%3DUmFuZG9tSVYkc2RlIyh9YXdX6HrtnYy-Ml68sH-ljtU&aid=311984&dest_id=198&dest_type=country&group_adults=2&req_adults=2&no_rooms=1&broad_search_not_eligible=1&order=score&nflt=ht_id%3D204%3Bht_id%3D213%3Bht_id%3D216%3Bht_id%3D220%3Bht_id%3D221%3Btop_destinations%3D6012%3Buf%3D-2237624%3Buf%3D-2230854","","Breeze Guest House","Scored 9.4","9.4","Value for money 9.7","Offering garden views, Breeze Guest House in Trincomalee provides accommodations and a shared lounge. Spa facilities is available for guests.","· 202 reviews","Opens in new window","Trincomalee","Show prices","Wonderful","Show on map","https://cf.bstatic.com/xdata/images/hotel/square600/195914134.webp?k=8bbe32688e29004d3a0ddcd0e7786433dad10e50794221efccd54aa99f5a17ad&o="
"1777056365-23","https://www.booking.com/searchresults.html?label=bristol-XLwodozx2dVe8Ts0XeYuawS752260715469%3Apl%3Ata%3Ap1%3Ap2%3Aac%3Aap%3Aneg%3Afi%3Atikwd-869815001187%3Alp1009919%3Ali%3Adec%3Adm%3Appccp%3DUmFuZG9tSVYkc2RlIyh9YXdX6HrtnYy-Ml68sH-ljtU&aid=311984&dest_id=198&dest_type=country&group_adults=2&req_adults=2&no_rooms=1&broad_search_not_eligible=1&order=score&nflt=ht_id%3D204%3Bht_id%3D213%3Bht_id%3D216%3Bht_id%3D220%3Bht_id%3D221%3Btop_destinations%3D6012%3Buf%3D-2237624%3Buf%3D-2230854","","UK Lounge Resort","Scored 9.3","9.3","Value for money 9.6","Located a few steps from Sampalthivu Beach, UK Lounge Resort has accommodations with a garden, a private beach area and room service for your convenience.","· 6 reviews","Opens in new window","Trincomalee","Show prices","Wonderful","Show on map","https://cf.bstatic.com/xdata/images/hotel/square600/825323744.webp?k=13b9c1b30e3cfd3ce302e8014d2eb8485714500c77ce82a307d5a813ad682012&o="
"1777056365-24","https://www.booking.com/searchresults.html?label=bristol-XLwodozx2dVe8Ts0XeYuawS752260715469%3Apl%3Ata%3Ap1%3Ap2%3Aac%3Aap%3Aneg%3Afi%3Atikwd-869815001187%3Alp1009919%3Ali%3Adec%3Adm%3Appccp%3DUmFuZG9tSVYkc2RlIyh9YXdX6HrtnYy-Ml68sH-ljtU&aid=311984&dest_id=198&dest_type=country&group_adults=2&req_adults=2&no_rooms=1&broad_search_not_eligible=1&order=score&nflt=ht_id%3D204%3Bht_id%3D213%3Bht_id%3D216%3Bht_id%3D220%3Bht_id%3D221%3Btop_destinations%3D6012%3Buf%3D-2237624%3Buf%3D-2230854","","Blue Wings Beach Hotel","Scored 9.3","9.3","Value for money 9.6","Blue Wings Beach Hotel in Trincomalee provides accommodations with a private beach area and a garden. This beachfront property offers access to free Wifi and free private parking.","· 512 reviews","Opens in new window","Trincomalee","Show prices","Wonderful","Show on map","https://cf.bstatic.com/xdata/images/hotel/square600/121808658.webp?k=031201dff10c7e09218336620213eb6039ce75c632e7adc53aa55860f53d645f&o="
"1777056365-25","https://www.booking.com/searchresults.html?label=bristol-XLwodozx2dVe8Ts0XeYuawS752260715469%3Apl%3Ata%3Ap1%3Ap2%3Aac%3Aap%3Aneg%3Afi%3Atikwd-869815001187%3Alp1009919%3Ali%3Adec%3Adm%3Appccp%3DUmFuZG9tSVYkc2RlIyh9YXdX6HrtnYy-Ml68sH-ljtU&aid=311984&dest_id=198&dest_type=country&group_adults=2&req_adults=2&no_rooms=1&broad_search_not_eligible=1&order=score&nflt=ht_id%3D204%3Bht_id%3D213%3Bht_id%3D216%3Bht_id%3D220%3Bht_id%3D221%3Btop_destinations%3D6012%3Buf%3D-2237624%3Buf%3D-2230854","","Clara's Beach Inn","Scored 9.3","9.3","Value for money 9.1","Located in Trincomalee, within a few steps of Sandy Cove Beach and a 16-minute walk of St.","· 52 reviews","Opens in new window","Trincomalee","Show prices","Wonderful","Show on map","https://cf.bstatic.com/xdata/images/hotel/square600/668618094.webp?k=647e86b20b1bb70bfaabaec0a533d5a99f1f3c27b0c93f825ffc8b0e2b847eeb&o="
"1777056365-26","https://www.booking.com/searchresults.html?label=bristol-XLwodozx2dVe8Ts0XeYuawS752260715469%3Apl%3Ata%3Ap1%3Ap2%3Aac%3Aap%3Aneg%3Afi%3Atikwd-869815001187%3Alp1009919%3Ali%3Adec%3Adm%3Appccp%3DUmFuZG9tSVYkc2RlIyh9YXdX6HrtnYy-Ml68sH-ljtU&aid=311984&dest_id=198&dest_type=country&group_adults=2&req_adults=2&no_rooms=1&broad_search_not_eligible=1&order=score&nflt=ht_id%3D204%3Bht_id%3D213%3Bht_id%3D216%3Bht_id%3D220%3Bht_id%3D221%3Btop_destinations%3D6012%3Buf%3D-2237624%3Buf%3D-2230854","","Sunbreeze Guest House","Scored 9.3","9.3","Value for money 9.1","Providing a garden, Sunbreeze Guest House features accommodations in Trincomalee. This property offers access to a balcony, free private parking, and free Wifi.","· 51 reviews","Opens in new window","Trincomalee","Show prices","Wonderful","Show on map","https://cf.bstatic.com/xdata/images/hotel/square600/715621232.webp?k=de9e1f4cb30b738232b62b1efe5d6255b4aeb704de0bb64409c058ba739111dd&o="
"1777056365-27","https://www.booking.com/searchresults.html?label=bristol-XLwodozx2dVe8Ts0XeYuawS752260715469%3Apl%3Ata%3Ap1%3Ap2%3Aac%3Aap%3Aneg%3Afi%3Atikwd-869815001187%3Alp1009919%3Ali%3Adec%3Adm%3Appccp%3DUmFuZG9tSVYkc2RlIyh9YXdX6HrtnYy-Ml68sH-ljtU&aid=311984&dest_id=198&dest_type=country&group_adults=2&req_adults=2&no_rooms=1&broad_search_not_eligible=1&order=score&nflt=ht_id%3D204%3Bht_id%3D213%3Bht_id%3D216%3Bht_id%3D220%3Bht_id%3D221%3Btop_destinations%3D6012%3Buf%3D-2237624%3Buf%3D-2230854","","US Cabanas","Scored 9.3","9.3","Value for money 9.1","Located in Nilaveli, a 13-minute walk from Nilaveli Beach, US Cabanas provides accommodations with an outdoor swimming pool, free private parking, a garden and a restaurant.","· 49 reviews","Opens in new window","Nilaveli","Show prices","Wonderful","Show on map","https://cf.bstatic.com/xdata/images/hotel/square600/709560699.webp?k=26cc6b9bc966b58b802406b5e3f7eb2dfd966a01588a80e3fcb0f729f15deef9&o="
"1777056365-28","https://www.booking.com/searchresults.html?label=bristol-XLwodozx2dVe8Ts0XeYuawS752260715469%3Apl%3Ata%3Ap1%3Ap2%3Aac%3Aap%3Aneg%3Afi%3Atikwd-869815001187%3Alp1009919%3Ali%3Adec%3Adm%3Appccp%3DUmFuZG9tSVYkc2RlIyh9YXdX6HrtnYy-Ml68sH-ljtU&aid=311984&dest_id=198&dest_type=country&group_adults=2&req_adults=2&no_rooms=1&broad_search_not_eligible=1&order=score&nflt=ht_id%3D204%3Bht_id%3D213%3Bht_id%3D216%3Bht_id%3D220%3Bht_id%3D221%3Btop_destinations%3D6012%3Buf%3D-2237624%3Buf%3D-2230854","","RKM Hotel Uppuveli","Scored 9.3","9.3","Value for money 9.5","Offering free bikes, RKM Hotel Uppuveli features accommodations in Trincomalee. This property offers access to a terrace, free private parking, and free Wifi.","· 20 reviews","Opens in new window","Trincomalee","Show prices","Wonderful","Show on map","https://cf.bstatic.com/xdata/images/hotel/square600/803790613.webp?k=34b71cd9cc30bd5077ea5f5255cab266012236cbc5fe8b67af5e2bbc2f46a07d&o="
"1777056365-29","https://www.booking.com/searchresults.html?label=bristol-XLwodozx2dVe8Ts0XeYuawS752260715469%3Apl%3Ata%3Ap1%3Ap2%3Aac%3Aap%3Aneg%3Afi%3Atikwd-869815001187%3Alp1009919%3Ali%3Adec%3Adm%3Appccp%3DUmFuZG9tSVYkc2RlIyh9YXdX6HrtnYy-Ml68sH-ljtU&aid=311984&dest_id=198&dest_type=country&group_adults=2&req_adults=2&no_rooms=1&broad_search_not_eligible=1&order=score&nflt=ht_id%3D204%3Bht_id%3D213%3Bht_id%3D216%3Bht_id%3D220%3Bht_id%3D221%3Btop_destinations%3D6012%3Buf%3D-2237624%3Buf%3D-2230854","","Preni Guest","Scored 9.3","9.3","Value for money 9.5","Preni Guest offers accommodations in Trincomalee, a 6-minute walk from Uppuveli beach and 2.5 miles from Kanniya Hot Springs. This property offers access to a terrace and free private parking.","· 14 reviews","Opens in new window","Trincomalee","Show prices","Wonderful","Show on map","https://cf.bstatic.com/xdata/images/hotel/square600/727844941.webp?k=3ca877a91f2bad189a94ed0cd1ab1d0a218ee3293e76faa996fb4ee55830ac1e&o="
"1777056365-30","https://www.booking.com/searchresults.html?label=bristol-XLwodozx2dVe8Ts0XeYuawS752260715469%3Apl%3Ata%3Ap1%3Ap2%3Aac%3Aap%3Aneg%3Afi%3Atikwd-869815001187%3Alp1009919%3Ali%3Adec%3Adm%3Appccp%3DUmFuZG9tSVYkc2RlIyh9YXdX6HrtnYy-Ml68sH-ljtU&aid=311984&dest_id=198&dest_type=country&group_adults=2&req_adults=2&no_rooms=1&broad_search_not_eligible=1&order=score&nflt=ht_id%3D204%3Bht_id%3D213%3Bht_id%3D216%3Bht_id%3D220%3Bht_id%3D221%3Btop_destinations%3D6012%3Buf%3D-2237624%3Buf%3D-2230854","","C Beyond Nilaveli","Scored 9.2","9.2","Value for money 8.6","Featuring free WiFi, C Beyond Nilaweli offers accommodations in Nilaveli. The property overlooks a large natural pond and is located 12 mi from Trincomalee. Guests can enjoy the on-site restaurant.","· 318 reviews","Opens in new window","Nilaveli","Show prices","Wonderful","Show on map","https://cf.bstatic.com/xdata/images/hotel/square600/524097939.webp?k=330593896ad83d4f1d12b6ca861976b33723f1b8b379775e766bf2117bb93f4a&o="
"1777056365-31","https://www.booking.com/searchresults.html?label=bristol-XLwodozx2dVe8Ts0XeYuawS752260715469%3Apl%3Ata%3Ap1%3Ap2%3Aac%3Aap%3Aneg%3Afi%3Atikwd-869815001187%3Alp1009919%3Ali%3Adec%3Adm%3Appccp%3DUmFuZG9tSVYkc2RlIyh9YXdX6HrtnYy-Ml68sH-ljtU&aid=311984&dest_id=198&dest_type=country&group_adults=2&req_adults=2&no_rooms=1&broad_search_not_eligible=1&order=score&nflt=ht_id%3D204%3Bht_id%3D213%3Bht_id%3D216%3Bht_id%3D220%3Bht_id%3D221%3Btop_destinations%3D6012%3Buf%3D-2237624%3Buf%3D-2230854","","Coastal Heaven Villa","Scored 9.2","9.2","Value for money 9.2","Coastal Heaven Villa in Trincomalee provides accommodations with massage services, a garden, and a shared lounge. This guest house offers air-conditioned accommodations with a terrace.","· 88 reviews","Opens in new window","Trincomalee","Show prices","Wonderful","Show on map","https://cf.bstatic.com/xdata/images/hotel/square600/708733376.webp?k=8b7ae202ec32bca9d6ddf1a242e070490da1bac5e8baf3442a1197b799b12f59&o="
"1777056365-32","https://www.booking.com/searchresults.html?label=bristol-XLwodozx2dVe8Ts0XeYuawS752260715469%3Apl%3Ata%3Ap1%3Ap2%3Aac%3Aap%3Aneg%3Afi%3Atikwd-869815001187%3Alp1009919%3Ali%3Adec%3Adm%3Appccp%3DUmFuZG9tSVYkc2RlIyh9YXdX6HrtnYy-Ml68sH-ljtU&aid=311984&dest_id=198&dest_type=country&group_adults=2&req_adults=2&no_rooms=1&broad_search_not_eligible=1&order=score&nflt=ht_id%3D204%3Bht_id%3D213%3Bht_id%3D216%3Bht_id%3D220%3Bht_id%3D221%3Btop_destinations%3D6012%3Buf%3D-2237624%3Buf%3D-2230854","","Pearl Bungalow Trincomalee","Scored 9.2","9.2","Value for money 9.5","Providing garden views, Pearl Bungalow Trincomalee in Trincomalee offers accommodations, a garden, and a shared lounge. This guest house features free private parking and a 24-hour front desk.","· 240 reviews","Opens in new window","Trincomalee","Show prices","Wonderful","Show on map","https://cf.bstatic.com/xdata/images/hotel/square600/343507657.webp?k=cdf73d8639ee39ab8d785780f327957de44beba2e6660f107e4187f3c374a50e&o="
"1777056365-33","https://www.booking.com/searchresults.html?label=bristol-XLwodozx2dVe8Ts0XeYuawS752260715469%3Apl%3Ata%3Ap1%3Ap2%3Aac%3Aap%3Aneg%3Afi%3Atikwd-869815001187%3Alp1009919%3Ali%3Adec%3Adm%3Appccp%3DUmFuZG9tSVYkc2RlIyh9YXdX6HrtnYy-Ml68sH-ljtU&aid=311984&dest_id=198&dest_type=country&group_adults=2&req_adults=2&no_rooms=1&broad_search_not_eligible=1&order=score&nflt=ht_id%3D204%3Bht_id%3D213%3Bht_id%3D216%3Bht_id%3D220%3Bht_id%3D221%3Btop_destinations%3D6012%3Buf%3D-2237624%3Buf%3D-2230854","","Ravana Vintage Villa","Scored 9.2","9.2","Value for money 9.8","Located in Nilaveli, a 12-minute walk from Nilaveli Beach, Ravana Vintage Villa provides accommodations with a garden, free private parking and a terrace.","· 23 reviews","Opens in new window","Nilaveli","Show prices","Wonderful","Show on map","https://cf.bstatic.com/xdata/images/hotel/square600/850240267.webp?k=bb396b15f85673788fadde1f8be9875d346cfea4c9540f13bc83cab749b8856e&o="
"1777056365-34","https://www.booking.com/searchresults.html?label=bristol-XLwodozx2dVe8Ts0XeYuawS752260715469%3Apl%3Ata%3Ap1%3Ap2%3Aac%3Aap%3Aneg%3Afi%3Atikwd-869815001187%3Alp1009919%3Ali%3Adec%3Adm%3Appccp%3DUmFuZG9tSVYkc2RlIyh9YXdX6HrtnYy-Ml68sH-ljtU&aid=311984&dest_id=198&dest_type=country&group_adults=2&req_adults=2&no_rooms=1&broad_search_not_eligible=1&order=score&nflt=ht_id%3D204%3Bht_id%3D213%3Bht_id%3D216%3Bht_id%3D220%3Bht_id%3D221%3Btop_destinations%3D6012%3Buf%3D-2237624%3Buf%3D-2230854","","Nongu Home","Scored 9.2","9.2","Value for money 9.2","Nongu Home is a recently renovated guest house in Trincomalee near Uppuveli beach. This guest house offers air-conditioned accommodations with a terrace and free Wifi.","· 208 reviews","Opens in new window","Trincomalee","Show prices","Wonderful","Show on map","https://cf.bstatic.com/xdata/images/hotel/square600/533162639.webp?k=32c2d910092ea3b025918b2363e44e5b2cccdc4d3735ceff2138731241b27c31&o="
"1777056365-35","https://www.booking.com/searchresults.html?label=bristol-XLwodozx2dVe8Ts0XeYuawS752260715469%3Apl%3Ata%3Ap1%3Ap2%3Aac%3Aap%3Aneg%3Afi%3Atikwd-869815001187%3Alp1009919%3Ali%3Adec%3Adm%3Appccp%3DUmFuZG9tSVYkc2RlIyh9YXdX6HrtnYy-Ml68sH-ljtU&aid=311984&dest_id=198&dest_type=country&group_adults=2&req_adults=2&no_rooms=1&broad_search_not_eligible=1&order=score&nflt=ht_id%3D204%3Bht_id%3D213%3Bht_id%3D216%3Bht_id%3D220%3Bht_id%3D221%3Btop_destinations%3D6012%3Buf%3D-2237624%3Buf%3D-2230854","","JEYs Place","Scored 9.2","9.2","Value for money 9.3","JEYs Place in Nilaveli provides accommodations with a garden and a shared lounge. This property offers access to a terrace, free private parking, and free Wifi.","· 105 reviews","Opens in new window","Nilaveli","Show prices","Wonderful","Show on map","https://cf.bstatic.com/xdata/images/hotel/square600/539200028.webp?k=efe92dc7fc96fa6a3cd358b3b3c5ced7a9cba83769253af818a68e64e6d85111&o="
"1777056365-36","https://www.booking.com/searchresults.html?label=bristol-XLwodozx2dVe8Ts0XeYuawS752260715469%3Apl%3Ata%3Ap1%3Ap2%3Aac%3Aap%3Aneg%3Afi%3Atikwd-869815001187%3Alp1009919%3Ali%3Adec%3Adm%3Appccp%3DUmFuZG9tSVYkc2RlIyh9YXdX6HrtnYy-Ml68sH-ljtU&aid=311984&dest_id=198&dest_type=country&group_adults=2&req_adults=2&no_rooms=1&broad_search_not_eligible=1&order=score&nflt=ht_id%3D204%3Bht_id%3D213%3Bht_id%3D216%3Bht_id%3D220%3Bht_id%3D221%3Btop_destinations%3D6012%3Buf%3D-2237624%3Buf%3D-2230854","","Capital Trincomalee","Scored 9.2","9.2","Value for money 9.3","Located in Trincomalee, Capital Trincomalee offers beachfront accommodations a 2-minute walk from Uppuveli beach and provides facilities like a terrace, a restaurant and a bar.","· 89 reviews","Opens in new window","Trincomalee","Show prices","Wonderful","Show on map","https://cf.bstatic.com/xdata/images/hotel/square600/681405413.webp?k=d30dae086d5407248251be452c198b0e3f22e825c837216afa09e326e8ae5ef1&o="
"1777056365-37","https://www.booking.com/searchresults.html?label=bristol-XLwodozx2dVe8Ts0XeYuawS752260715469%3Apl%3Ata%3Ap1%3Ap2%3Aac%3Aap%3Aneg%3Afi%3Atikwd-869815001187%3Alp1009919%3Ali%3Adec%3Adm%3Appccp%3DUmFuZG9tSVYkc2RlIyh9YXdX6HrtnYy-Ml68sH-ljtU&aid=311984&dest_id=198&dest_type=country&group_adults=2&req_adults=2&no_rooms=1&broad_search_not_eligible=1&order=score&nflt=ht_id%3D204%3Bht_id%3D213%3Bht_id%3D216%3Bht_id%3D220%3Bht_id%3D221%3Btop_destinations%3D6012%3Buf%3D-2237624%3Buf%3D-2230854","","Akash Premium Hotel","Scored 9.2","9.2","Value for money 9.0","Located in Nilaveli, a 4-minute walk from Nilaveli Beach, Akash Premium Hotel provides accommodations with a garden, free private parking and a shared lounge.","· 14 reviews","Opens in new window","Nilaveli","Show prices","Wonderful","Show on map","https://cf.bstatic.com/xdata/images/hotel/square600/701518879.webp?k=e458f8fede1489cd969af2d4f728e84dbc69bde5ea183f5b8e4f71b0f01d1cf1&o="
"1777056365-38","https://www.booking.com/searchresults.html?label=bristol-XLwodozx2dVe8Ts0XeYuawS752260715469%3Apl%3Ata%3Ap1%3Ap2%3Aac%3Aap%3Aneg%3Afi%3Atikwd-869815001187%3Alp1009919%3Ali%3Adec%3Adm%3Appccp%3DUmFuZG9tSVYkc2RlIyh9YXdX6HrtnYy-Ml68sH-ljtU&aid=311984&dest_id=198&dest_type=country&group_adults=2&req_adults=2&no_rooms=1&broad_search_not_eligible=1&order=score&nflt=ht_id%3D204%3Bht_id%3D213%3Bht_id%3D216%3Bht_id%3D220%3Bht_id%3D221%3Btop_destinations%3D6012%3Buf%3D-2237624%3Buf%3D-2230854","","Hilton Cottage","Scored 9.2","9.2","Value for money 9.4","Hilton Cottage offers free bikes and accommodations with a kitchen in Trincomalee, 3.4 miles from Trincomalee Railway Station.","· 276 reviews","Opens in new window","Trincomalee","Show prices","Wonderful","Show on map","https://cf.bstatic.com/xdata/images/hotel/square600/681401043.webp?k=d2a8a3d258939520294178523ccdae76285bec2c82a90e273afb8568db20f5e3&o="
"1777056365-39","https://www.booking.com/searchresults.html?label=bristol-XLwodozx2dVe8Ts0XeYuawS752260715469%3Apl%3Ata%3Ap1%3Ap2%3Aac%3Aap%3Aneg%3Afi%3Atikwd-869815001187%3Alp1009919%3Ali%3Adec%3Adm%3Appccp%3DUmFuZG9tSVYkc2RlIyh9YXdX6HrtnYy-Ml68sH-ljtU&aid=311984&dest_id=198&dest_type=country&group_adults=2&req_adults=2&no_rooms=1&broad_search_not_eligible=1&order=score&nflt=ht_id%3D204%3Bht_id%3D213%3Bht_id%3D216%3Bht_id%3D220%3Bht_id%3D221%3Btop_destinations%3D6012%3Buf%3D-2237624%3Buf%3D-2230854","","TRINCO VISTARA GUEST House APARTMENT","Scored 9.2","9.2","Value for money 9.1","TRINCO VISTARA GUEST House APARTMENT enjoys a location in Trincomalee, a 17-minute walk from Uppuveli beach and 0.8 miles from Trincomalee Railway Station.","· 54 reviews","Opens in new window","Trincomalee","Show prices","Wonderful","Show on map","https://cf.bstatic.com/xdata/images/hotel/square600/589810654.webp?k=c00b6ed3ae3bf1f523c8ae86558a0568b9bb44d6b2ff08ec6c033c760aef5971&o="
"1777056365-40","https://www.booking.com/searchresults.html?label=bristol-XLwodozx2dVe8Ts0XeYuawS752260715469%3Apl%3Ata%3Ap1%3Ap2%3Aac%3Aap%3Aneg%3Afi%3Atikwd-869815001187%3Alp1009919%3Ali%3Adec%3Adm%3Appccp%3DUmFuZG9tSVYkc2RlIyh9YXdX6HrtnYy-Ml68sH-ljtU&aid=311984&dest_id=198&dest_type=country&group_adults=2&req_adults=2&no_rooms=1&broad_search_not_eligible=1&order=score&nflt=ht_id%3D204%3Bht_id%3D213%3Bht_id%3D216%3Bht_id%3D220%3Bht_id%3D221%3Btop_destinations%3D6012%3Buf%3D-2237624%3Buf%3D-2230854","","Trikon Villaa","Scored 9.2","9.2","Value for money 9.2","Trikon Villaa in Trincomalee provides accommodations with a garden and a shared lounge. This guest house provides free private parking, a shared kitchen, and free Wifi.","· 10 reviews","Opens in new window","Trincomalee","Show prices","Wonderful","Show on map","https://cf.bstatic.com/xdata/images/hotel/square600/770880333.webp?k=60a28a796cae65ee4df6009a411a73bc5e14172116e4011657346060a8b0ac88&o="
"1777056365-41","https://www.booking.com/searchresults.html?label=bristol-XLwodozx2dVe8Ts0XeYuawS752260715469%3Apl%3Ata%3Ap1%3Ap2%3Aac%3Aap%3Aneg%3Afi%3Atikwd-869815001187%3Alp1009919%3Ali%3Adec%3Adm%3Appccp%3DUmFuZG9tSVYkc2RlIyh9YXdX6HrtnYy-Ml68sH-ljtU&aid=311984&dest_id=198&dest_type=country&group_adults=2&req_adults=2&no_rooms=1&broad_search_not_eligible=1&order=score&nflt=ht_id%3D204%3Bht_id%3D213%3Bht_id%3D216%3Bht_id%3D220%3Bht_id%3D221%3Btop_destinations%3D6012%3Buf%3D-2237624%3Buf%3D-2230854","","Adaar","Scored 9.1","9.1","Value for money 8.9","Located in Trincomalee, 4.1 miles from Pigeon Island National Park, Adaar provides accommodations with an outdoor swimming pool, free private parking, a fitness center and a garden.","· 116 reviews","Opens in new window","Trincomalee","Show prices","Wonderful","Show on map","https://cf.bstatic.com/xdata/images/hotel/square600/584320800.webp?k=5439aaa1761e4b90a6384f82e477e174c8172d228d773322768f7a58b5f1ff9a&o="
"1777056365-42","https://www.booking.com/searchresults.html?label=bristol-XLwodozx2dVe8Ts0XeYuawS752260715469%3Apl%3Ata%3Ap1%3Ap2%3Aac%3Aap%3Aneg%3Afi%3Atikwd-869815001187%3Alp1009919%3Ali%3Adec%3Adm%3Appccp%3DUmFuZG9tSVYkc2RlIyh9YXdX6HrtnYy-Ml68sH-ljtU&aid=311984&dest_id=198&dest_type=country&group_adults=2&req_adults=2&no_rooms=1&broad_search_not_eligible=1&order=score&nflt=ht_id%3D204%3Bht_id%3D213%3Bht_id%3D216%3Bht_id%3D220%3Bht_id%3D221%3Btop_destinations%3D6012%3Buf%3D-2237624%3Buf%3D-2230854","","Uppuveli Beach by DSK","Scored 9.1","9.1","Location 9.4","Facing the beachfront, Uppuveli Beach by DSK offers 5-star accommodations in Trincomalee and features free bikes, outdoor swimming pool and fitness center.","· 317 reviews","Opens in new window","Trincomalee","Show prices","Wonderful","Show on map","https://cf.bstatic.com/xdata/images/hotel/square600/697606629.webp?k=e755a5018500003c878fac21bc462566674e45b4ab7323140490fa0f83bfdc8e&o="
"1777056365-43","https://www.booking.com/searchresults.html?label=bristol-XLwodozx2dVe8Ts0XeYuawS752260715469%3Apl%3Ata%3Ap1%3Ap2%3Aac%3Aap%3Aneg%3Afi%3Atikwd-869815001187%3Alp1009919%3Ali%3Adec%3Adm%3Appccp%3DUmFuZG9tSVYkc2RlIyh9YXdX6HrtnYy-Ml68sH-ljtU&aid=311984&dest_id=198&dest_type=country&group_adults=2&req_adults=2&no_rooms=1&broad_search_not_eligible=1&order=score&nflt=ht_id%3D204%3Bht_id%3D213%3Bht_id%3D216%3Bht_id%3D220%3Bht_id%3D221%3Btop_destinations%3D6012%3Buf%3D-2237624%3Buf%3D-2230854","","Amaranthe Bay Resort & Spa","Scored 9.1","9.1","Value for money 8.6","Offering an outdoor swimming pool and a spa and wellness center, Amaranthe Bay Resort & Spa is located just 3.1 mi north of the Trincomalee town on the beautiful East Coast of Sri Lanka.","· 373 reviews","Opens in new window","Trincomalee","Show prices","Wonderful","Show on map","https://cf.bstatic.com/xdata/images/hotel/square600/46093453.webp?k=0dacd7e1894ee1d5bfbb6244794c5482e32bf5b31e998ba170700f4d7c71fdd1&o="
"1777056365-44","https://www.booking.com/searchresults.html?label=bristol-XLwodozx2dVe8Ts0XeYuawS752260715469%3Apl%3Ata%3Ap1%3Ap2%3Aac%3Aap%3Aneg%3Afi%3Atikwd-869815001187%3Alp1009919%3Ali%3Adec%3Adm%3Appccp%3DUmFuZG9tSVYkc2RlIyh9YXdX6HrtnYy-Ml68sH-ljtU&aid=311984&dest_id=198&dest_type=country&group_adults=2&req_adults=2&no_rooms=1&broad_search_not_eligible=1&order=score&nflt=ht_id%3D204%3Bht_id%3D213%3Bht_id%3D216%3Bht_id%3D220%3Bht_id%3D221%3Btop_destinations%3D6012%3Buf%3D-2237624%3Buf%3D-2230854","","The Coastal Hotel","Scored 9.1","9.1","Value for money 8.9","Located in Trincomalee, a few steps from Nilaveli Beach, The Coastal Hotel provides accommodations with a garden, free private parking, a private beach area and a shared lounge.","· 26 reviews","Opens in new window","Trincomalee","Show prices","Wonderful","Show on map","https://cf.bstatic.com/xdata/images/hotel/square600/478372390.webp?k=c1d807ad6693e428c3ff0094f1db8b8d68192ca56f94b01738d4344df90f90be&o="
"1777056365-45","https://www.booking.com/searchresults.html?label=bristol-XLwodozx2dVe8Ts0XeYuawS752260715469%3Apl%3Ata%3Ap1%3Ap2%3Aac%3Aap%3Aneg%3Afi%3Atikwd-869815001187%3Alp1009919%3Ali%3Adec%3Adm%3Appccp%3DUmFuZG9tSVYkc2RlIyh9YXdX6HrtnYy-Ml68sH-ljtU&aid=311984&dest_id=198&dest_type=country&group_adults=2&req_adults=2&no_rooms=1&broad_search_not_eligible=1&order=score&nflt=ht_id%3D204%3Bht_id%3D213%3Bht_id%3D216%3Bht_id%3D220%3Bht_id%3D221%3Btop_destinations%3D6012%3Buf%3D-2237624%3Buf%3D-2230854","","Trinco Diyash Beach Hotel","Scored 9.1","9.1","Value for money 9.4","Located in Trincomalee, a few steps from Uppuveli beach, Trinco Diyash Beach Hotel has accommodations with a terrace, free private parking and a restaurant.","· 30 reviews","Opens in new window","Trincomalee","Show prices","Wonderful","Show on map","https://cf.bstatic.com/xdata/images/hotel/square600/738836876.webp?k=d68524051e5ee6ea2663bd9f88559d9e32f46a88a8e729420e63520dd8d29c72&o="
"1777056365-46","https://www.booking.com/searchresults.html?label=bristol-XLwodozx2dVe8Ts0XeYuawS752260715469%3Apl%3Ata%3Ap1%3Ap2%3Aac%3Aap%3Aneg%3Afi%3Atikwd-869815001187%3Alp1009919%3Ali%3Adec%3Adm%3Appccp%3DUmFuZG9tSVYkc2RlIyh9YXdX6HrtnYy-Ml68sH-ljtU&aid=311984&dest_id=198&dest_type=country&group_adults=2&req_adults=2&no_rooms=1&broad_search_not_eligible=1&order=score&nflt=ht_id%3D204%3Bht_id%3D213%3Bht_id%3D216%3Bht_id%3D220%3Bht_id%3D221%3Btop_destinations%3D6012%3Buf%3D-2237624%3Buf%3D-2230854","","The White House","Scored 9.1","9.1","Value for money 9.3","Offering inner courtyard views, The White House in Trincomalee provides accommodations, a garden, and a shared lounge.","· 299 reviews","Opens in new window","Trincomalee","Show prices","Wonderful","Show on map","https://cf.bstatic.com/xdata/images/hotel/square600/469552568.webp?k=3f5974ceabb60ebbf839dab404448facc4de6bae21d3f1abb78855fc17b5b4da&o="
"1777056365-47","https://www.booking.com/searchresults.html?label=bristol-XLwodozx2dVe8Ts0XeYuawS752260715469%3Apl%3Ata%3Ap1%3Ap2%3Aac%3Aap%3Aneg%3Afi%3Atikwd-869815001187%3Alp1009919%3Ali%3Adec%3Adm%3Appccp%3DUmFuZG9tSVYkc2RlIyh9YXdX6HrtnYy-Ml68sH-ljtU&aid=311984&dest_id=198&dest_type=country&group_adults=2&req_adults=2&no_rooms=1&broad_search_not_eligible=1&order=score&nflt=ht_id%3D204%3Bht_id%3D213%3Bht_id%3D216%3Bht_id%3D220%3Bht_id%3D221%3Btop_destinations%3D6012%3Buf%3D-2237624%3Buf%3D-2230854","","Dila Beach Resort","Scored 9.1","9.1","Value for money 9.3","Located in Trincomalee, a 3-minute walk from Uppuveli beach, Dila Beach Resort provides accommodations with a garden, free private parking and a terrace.","· 25 reviews","Opens in new window","Trincomalee","Show prices","Wonderful","Show on map","https://cf.bstatic.com/xdata/images/hotel/square600/697937811.webp?k=1f760a5cfd0fa7785f9ce64020706e88d7b7c163b6ee44daca574f1a67210a68&o="
"1777056365-48","https://www.booking.com/searchresults.html?label=bristol-XLwodozx2dVe8Ts0XeYuawS752260715469%3Apl%3Ata%3Ap1%3Ap2%3Aac%3Aap%3Aneg%3Afi%3Atikwd-869815001187%3Alp1009919%3Ali%3Adec%3Adm%3Appccp%3DUmFuZG9tSVYkc2RlIyh9YXdX6HrtnYy-Ml68sH-ljtU&aid=311984&dest_id=198&dest_type=country&group_adults=2&req_adults=2&no_rooms=1&broad_search_not_eligible=1&order=score&nflt=ht_id%3D204%3Bht_id%3D213%3Bht_id%3D216%3Bht_id%3D220%3Bht_id%3D221%3Btop_destinations%3D6012%3Buf%3D-2237624%3Buf%3D-2230854","","Nilaveli Beach Resort - Level 1 Certified","Scored 9.0","9.0","Value for money 8.6","Nilaveli Beach Resort is set on the bronzed sands of Nilaveli Beach. This tranquil resort welcomes guests with a private beach area, cozy guestrooms and free internet access at all public areas.","· 210 reviews","Opens in new window","Nilaveli","Show prices","Wonderful","Show on map","https://cf.bstatic.com/xdata/images/hotel/square600/228070986.webp?k=4a6bfa52dc9ac63aca1e8b70bc7a5627c2ecad0c4c477b7af056bf70a30c1b78&o="
"1777056365-49","https://www.booking.com/searchresults.html?label=bristol-XLwodozx2dVe8Ts0XeYuawS752260715469%3Apl%3Ata%3Ap1%3Ap2%3Aac%3Aap%3Aneg%3Afi%3Atikwd-869815001187%3Alp1009919%3Ali%3Adec%3Adm%3Appccp%3DUmFuZG9tSVYkc2RlIyh9YXdX6HrtnYy-Ml68sH-ljtU&aid=311984&dest_id=198&dest_type=country&group_adults=2&req_adults=2&no_rooms=1&broad_search_not_eligible=1&order=score&nflt=ht_id%3D204%3Bht_id%3D213%3Bht_id%3D216%3Bht_id%3D220%3Bht_id%3D221%3Btop_destinations%3D6012%3Buf%3D-2237624%3Buf%3D-2230854","","Pleasant Park Holiday Inn","Scored 9.0","9.0","Value for money 9.4","Featuring garden views, Pleasant Park Holiday Inn in Trincomalee features accommodations, free bikes, and a garden. This property offers access to a terrace, free private parking, and free Wifi.","· 551 reviews","Opens in new window","Trincomalee","Show prices","Wonderful","Show on map","https://cf.bstatic.com/xdata/images/hotel/square600/101111574.webp?k=d050c185d8059e3252ab5f587941b17830d1498e18bd1825c0a7295b45277247&o="
"1777056365-50","https://www.booking.com/searchresults.html?label=bristol-XLwodozx2dVe8Ts0XeYuawS752260715469%3Apl%3Ata%3Ap1%3Ap2%3Aac%3Aap%3Aneg%3Afi%3Atikwd-869815001187%3Alp1009919%3Ali%3Adec%3Adm%3Appccp%3DUmFuZG9tSVYkc2RlIyh9YXdX6HrtnYy-Ml68sH-ljtU&aid=311984&dest_id=198&dest_type=country&group_adults=2&req_adults=2&no_rooms=1&broad_search_not_eligible=1&order=score&nflt=ht_id%3D204%3Bht_id%3D213%3Bht_id%3D216%3Bht_id%3D220%3Bht_id%3D221%3Btop_destinations%3D6012%3Buf%3D-2237624%3Buf%3D-2230854","","Nature Beach Huts","Scored 9.0","9.0","Value for money 8.9","Nature Beach Huts in Trincomalee provides accommodations with a private beach area, an open-air bath, and free bikes.","· 232 reviews","Opens in new window","Trincomalee","Show prices","Wonderful","Show on map","https://cf.bstatic.com/xdata/images/hotel/square600/841280517.webp?k=848c7297baf8f3f66f1aef5283e1ee3008d6a712ebd611ba3e4bf7abfc6206da&o="
"1777056365-51","https://www.booking.com/searchresults.html?label=bristol-XLwodozx2dVe8Ts0XeYuawS752260715469%3Apl%3Ata%3Ap1%3Ap2%3Aac%3Aap%3Aneg%3Afi%3Atikwd-869815001187%3Alp1009919%3Ali%3Adec%3Adm%3Appccp%3DUmFuZG9tSVYkc2RlIyh9YXdX6HrtnYy-Ml68sH-ljtU&aid=311984&dest_id=198&dest_type=country&group_adults=2&req_adults=2&no_rooms=1&broad_search_not_eligible=1&order=score&nflt=ht_id%3D204%3Bht_id%3D213%3Bht_id%3D216%3Bht_id%3D220%3Bht_id%3D221%3Btop_destinations%3D6012%3Buf%3D-2237624%3Buf%3D-2230854","","Bella Nilaveli Beach","Scored 9.0","9.0","Value for money 8.8","Located close to the shores, Bella Nilaveli Beach offers peaceful and comfy accommodations with free WiFi access throughout the property.","· 305 reviews","Opens in new window","Nilaveli","Show prices","Wonderful","Show on map","https://cf.bstatic.com/xdata/images/hotel/square600/257791734.webp?k=a0c209da658822494c4d5da12ca3af52fea2e67ea0683b848c6d1166f9127601&o="
"1777056365-52","https://www.booking.com/searchresults.html?label=bristol-XLwodozx2dVe8Ts0XeYuawS752260715469%3Apl%3Ata%3Ap1%3Ap2%3Aac%3Aap%3Aneg%3Afi%3Atikwd-869815001187%3Alp1009919%3Ali%3Adec%3Adm%3Appccp%3DUmFuZG9tSVYkc2RlIyh9YXdX6HrtnYy-Ml68sH-ljtU&aid=311984&dest_id=198&dest_type=country&group_adults=2&req_adults=2&no_rooms=1&broad_search_not_eligible=1&order=score&nflt=ht_id%3D204%3Bht_id%3D213%3Bht_id%3D216%3Bht_id%3D220%3Bht_id%3D221%3Btop_destinations%3D6012%3Buf%3D-2237624%3Buf%3D-2230854","","Hotel Jay R","Scored 9.0","9.0","Value for money 8.8","Located in Trincomalee, a 4-minute walk from Uppuveli beach, Hotel Jay R has accommodations with a garden, free private parking, a shared lounge and a terrace.","· 45 reviews","Opens in new window","Trincomalee","Show prices","Wonderful","Show on map","https://cf.bstatic.com/xdata/images/hotel/square600/707945191.webp?k=c9cad620e010524d3534cf119138399d7b2277e36471fc2999734ec0b70a5f44&o="
"1777056365-53","https://www.booking.com/searchresults.html?label=bristol-XLwodozx2dVe8Ts0XeYuawS752260715469%3Apl%3Ata%3Ap1%3Ap2%3Aac%3Aap%3Aneg%3Afi%3Atikwd-869815001187%3Alp1009919%3Ali%3Adec%3Adm%3Appccp%3DUmFuZG9tSVYkc2RlIyh9YXdX6HrtnYy-Ml68sH-ljtU&aid=311984&dest_id=198&dest_type=country&group_adults=2&req_adults=2&no_rooms=1&broad_search_not_eligible=1&order=score&nflt=ht_id%3D204%3Bht_id%3D213%3Bht_id%3D216%3Bht_id%3D220%3Bht_id%3D221%3Btop_destinations%3D6012%3Buf%3D-2237624%3Buf%3D-2230854","","Gokanna Pearl Guest & Hostels","Scored 9.0","9.0","Value for money 9.4","Gokanna Pearl Guest & Hostels enjoys a location in Trincomalee, a 2-minute walk from Uppuveli beach and 2.7 miles from Kanniya Hot Springs.","· 57 reviews","Opens in new window","Trincomalee","Show prices","Wonderful","Show on map","https://cf.bstatic.com/xdata/images/hotel/square600/682772554.webp?k=9859010c6e1dc6836d71f2fe1bffc2126000f1e17d79c14d677a4f6de6271ce7&o="
"1777056365-54","https://www.booking.com/searchresults.html?label=bristol-XLwodozx2dVe8Ts0XeYuawS752260715469%3Apl%3Ata%3Ap1%3Ap2%3Aac%3Aap%3Aneg%3Afi%3Atikwd-869815001187%3Alp1009919%3Ali%3Adec%3Adm%3Appccp%3DUmFuZG9tSVYkc2RlIyh9YXdX6HrtnYy-Ml68sH-ljtU&aid=311984&dest_id=198&dest_type=country&group_adults=2&req_adults=2&no_rooms=1&broad_search_not_eligible=1&order=score&nflt=ht_id%3D204%3Bht_id%3D213%3Bht_id%3D216%3Bht_id%3D220%3Bht_id%3D221%3Btop_destinations%3D6012%3Buf%3D-2237624%3Buf%3D-2230854","","Lobster Inn","Scored 9.0","9.0","Value for money 9.3","A few steps from Uppuveli beach in Trincomalee, Lobster Inn offers accommodations with access to a public bath. This property offers access to a balcony and free private parking.","· 634 reviews","Opens in new window","Trincomalee","Show prices","Wonderful","Show on map","https://cf.bstatic.com/xdata/images/hotel/square600/317188820.webp?k=400f2f08818e699b78d17a5ffba813f13148626fcbc2ad1f0ec4c4769f3d85ce&o="
"1777056365-55","https://www.booking.com/searchresults.html?label=bristol-XLwodozx2dVe8Ts0XeYuawS752260715469%3Apl%3Ata%3Ap1%3Ap2%3Aac%3Aap%3Aneg%3Afi%3Atikwd-869815001187%3Alp1009919%3Ali%3Adec%3Adm%3Appccp%3DUmFuZG9tSVYkc2RlIyh9YXdX6HrtnYy-Ml68sH-ljtU&aid=311984&dest_id=198&dest_type=country&group_adults=2&req_adults=2&no_rooms=1&broad_search_not_eligible=1&order=score&nflt=ht_id%3D204%3Bht_id%3D213%3Bht_id%3D216%3Bht_id%3D220%3Bht_id%3D221%3Btop_destinations%3D6012%3Buf%3D-2237624%3Buf%3D-2230854","","Trinco Town Family Guest House","Scored 9.0","9.0","Value for money 9.3","Trinco Town Family Guest House is located in Trincomalee, just 1.5 miles from Gokana Temple and 1.6 miles from St. Mary's Cathedral Trincomalee.","· 19 reviews","Opens in new window","Trincomalee","Show prices","Wonderful","Show on map","https://cf.bstatic.com/xdata/images/hotel/square600/636985761.webp?k=58517b1cd6305744f2af31ecf00a532c05e49bc41eeb5cf020bf137a7b35f7eb&o="
"1777056365-56","https://www.booking.com/searchresults.html?label=bristol-XLwodozx2dVe8Ts0XeYuawS752260715469%3Apl%3Ata%3Ap1%3Ap2%3Aac%3Aap%3Aneg%3Afi%3Atikwd-869815001187%3Alp1009919%3Ali%3Adec%3Adm%3Appccp%3DUmFuZG9tSVYkc2RlIyh9YXdX6HrtnYy-Ml68sH-ljtU&aid=311984&dest_id=198&dest_type=country&group_adults=2&req_adults=2&no_rooms=1&broad_search_not_eligible=1&order=score&nflt=ht_id%3D204%3Bht_id%3D213%3Bht_id%3D216%3Bht_id%3D220%3Bht_id%3D221%3Btop_destinations%3D6012%3Buf%3D-2237624%3Buf%3D-2230854","","Nachchi Beach Sweet Stay","Scored 9.0","9.0","Value for money 9.3","Nachchi Beach Sweet Stay offers accommodations in Nilaveli, a few steps from Nilaveli Beach and 2.3 miles from Pigeon Island National Park.","· 15 reviews","Opens in new window","Nilaveli","Show prices","Wonderful","Show on map","https://cf.bstatic.com/xdata/images/hotel/square600/735093698.webp?k=6d4125eb6fe361227494d04b2a64227f8211fdfa47749d8f84a4f40c01b1d495&o="
"1777056365-57","https://www.booking.com/searchresults.html?label=bristol-XLwodozx2dVe8Ts0XeYuawS752260715469%3Apl%3Ata%3Ap1%3Ap2%3Aac%3Aap%3Aneg%3Afi%3Atikwd-869815001187%3Alp1009919%3Ali%3Adec%3Adm%3Appccp%3DUmFuZG9tSVYkc2RlIyh9YXdX6HrtnYy-Ml68sH-ljtU&aid=311984&dest_id=198&dest_type=country&group_adults=2&req_adults=2&no_rooms=1&broad_search_not_eligible=1&order=score&nflt=ht_id%3D204%3Bht_id%3D213%3Bht_id%3D216%3Bht_id%3D220%3Bht_id%3D221%3Btop_destinations%3D6012%3Buf%3D-2237624%3Buf%3D-2230854","","Hotel Tobiko","Scored 8.9","8.9","Value for money 9.1","Located in Trincomalee, a few steps from Uppuveli beach, Hotel Tobiko has accommodations with a garden, free private parking and a restaurant.","· 412 reviews","Opens in new window","Trincomalee","Show prices","Excellent","Show on map","https://cf.bstatic.com/xdata/images/hotel/square600/545157985.webp?k=f42b736f24b171e434ca8ef559ce9c5cdb2687c33466d2d462778303f381044c&o="
"1777056365-58","https://www.booking.com/searchresults.html?label=bristol-XLwodozx2dVe8Ts0XeYuawS752260715469%3Apl%3Ata%3Ap1%3Ap2%3Aac%3Aap%3Aneg%3Afi%3Atikwd-869815001187%3Alp1009919%3Ali%3Adec%3Adm%3Appccp%3DUmFuZG9tSVYkc2RlIyh9YXdX6HrtnYy-Ml68sH-ljtU&aid=311984&dest_id=198&dest_type=country&group_adults=2&req_adults=2&no_rooms=1&broad_search_not_eligible=1&order=score&nflt=ht_id%3D204%3Bht_id%3D213%3Bht_id%3D216%3Bht_id%3D220%3Bht_id%3D221%3Btop_destinations%3D6012%3Buf%3D-2237624%3Buf%3D-2230854","","Pearl Oceanic Resort - Trincomalee","Scored 8.9","8.9","Value for money 8.8","Offering an outdoor swimming pool and a restaurant, Pearl Oceanic Resort - Trincomalee is located in the village of Sampalthivu. Free WiFi access is available.","· 275 reviews","Opens in new window","Trincomalee","Show prices","Excellent","Show on map","https://cf.bstatic.com/xdata/images/hotel/square600/822438055.webp?k=a74eb57449d353ca259914decc31975f8025d7aff1cdd885abf257baea782103&o="
"1777056365-59","https://www.booking.com/searchresults.html?label=bristol-XLwodozx2dVe8Ts0XeYuawS752260715469%3Apl%3Ata%3Ap1%3Ap2%3Aac%3Aap%3Aneg%3Afi%3Atikwd-869815001187%3Alp1009919%3Ali%3Adec%3Adm%3Appccp%3DUmFuZG9tSVYkc2RlIyh9YXdX6HrtnYy-Ml68sH-ljtU&aid=311984&dest_id=198&dest_type=country&group_adults=2&req_adults=2&no_rooms=1&broad_search_not_eligible=1&order=score&nflt=ht_id%3D204%3Bht_id%3D213%3Bht_id%3D216%3Bht_id%3D220%3Bht_id%3D221%3Btop_destinations%3D6012%3Buf%3D-2237624%3Buf%3D-2230854","","Moon Isle Beach Bungalow","Scored 8.9","8.9","Location 9.7","Moon Isle Beach Bungalow provides beachfront accommodations in Nilaveli. There's a private entrance at the guest house for the convenience of those who stay.","· 218 reviews","Opens in new window","Nilaveli","Show prices","Excellent","Show on map","https://cf.bstatic.com/xdata/images/hotel/square600/206363853.webp?k=6227f607dabe29147e09e210dbae392485e32e6c7f615e6999bf7f068a1e9a74&o="
"1777056365-60","https://www.booking.com/searchresults.html?label=bristol-XLwodozx2dVe8Ts0XeYuawS752260715469%3Apl%3Ata%3Ap1%3Ap2%3Aac%3Aap%3Aneg%3Afi%3Atikwd-869815001187%3Alp1009919%3Ali%3Adec%3Adm%3Appccp%3DUmFuZG9tSVYkc2RlIyh9YXdX6HrtnYy-Ml68sH-ljtU&aid=311984&dest_id=198&dest_type=country&group_adults=2&req_adults=2&no_rooms=1&broad_search_not_eligible=1&order=score&nflt=ht_id%3D204%3Bht_id%3D213%3Bht_id%3D216%3Bht_id%3D220%3Bht_id%3D221%3Btop_destinations%3D6012%3Buf%3D-2237624%3Buf%3D-2230854","","Vibushan Guest House","Scored 8.9","8.9","Value for money 9.3","Vibushan Guest House enjoys a location in Nilaveli, a 7-minute walk from Nilaveli Beach and 2.4 miles from Pigeon Island National Park.","· 425 reviews","Opens in new window","Nilaveli","Show prices","Excellent","Show on map","https://cf.bstatic.com/xdata/images/hotel/square600/569972052.webp?k=230dedea2e563a4fa9d4fbad2fdd5943a4bd0775ce8e5ebb6b062c875a13443e&o="
"1777056365-61","https://www.booking.com/searchresults.html?label=bristol-XLwodozx2dVe8Ts0XeYuawS752260715469%3Apl%3Ata%3Ap1%3Ap2%3Aac%3Aap%3Aneg%3Afi%3Atikwd-869815001187%3Alp1009919%3Ali%3Adec%3Adm%3Appccp%3DUmFuZG9tSVYkc2RlIyh9YXdX6HrtnYy-Ml68sH-ljtU&aid=311984&dest_id=198&dest_type=country&group_adults=2&req_adults=2&no_rooms=1&broad_search_not_eligible=1&order=score&nflt=ht_id%3D204%3Bht_id%3D213%3Bht_id%3D216%3Bht_id%3D220%3Bht_id%3D221%3Btop_destinations%3D6012%3Buf%3D-2237624%3Buf%3D-2230854","","108 Palms Beach Resort","Scored 8.9","8.9","Value for money 8.7","Located near Trincomalee in Salli-Sampaltivu, 108 Palms Beach Resort offers accommodations on the private beach There is also a restaurant right in the resort, serving international and local cuisine....","· 284 reviews","Opens in new window","Trincomalee","Show prices","Excellent","Show on map","https://cf.bstatic.com/xdata/images/hotel/square600/541160485.webp?k=b0c64bac402847778a32cd11165e56a1f2683803a74831b10c665cd7474848dc&o="
"1777056365-62","https://www.booking.com/searchresults.html?label=bristol-XLwodozx2dVe8Ts0XeYuawS752260715469%3Apl%3Ata%3Ap1%3Ap2%3Aac%3Aap%3Aneg%3Afi%3Atikwd-869815001187%3Alp1009919%3Ali%3Adec%3Adm%3Appccp%3DUmFuZG9tSVYkc2RlIyh9YXdX6HrtnYy-Ml68sH-ljtU&aid=311984&dest_id=198&dest_type=country&group_adults=2&req_adults=2&no_rooms=1&broad_search_not_eligible=1&order=score&nflt=ht_id%3D204%3Bht_id%3D213%3Bht_id%3D216%3Bht_id%3D220%3Bht_id%3D221%3Btop_destinations%3D6012%3Buf%3D-2237624%3Buf%3D-2230854","","Golden Beach Hotel & Restaurant","Scored 8.9","8.9","Value for money 8.8","Located in Trincomalee, a few steps from Uppuveli beach, Golden Beach Hotel & Restaurant provides accommodations with a garden, free private parking, a private beach area and a terrace.","· 252 reviews","Opens in new window","Trincomalee","Show prices","Excellent","Show on map","https://cf.bstatic.com/xdata/images/hotel/square600/717003702.webp?k=bbbaac2e3959d646aaddb65cfa0fa8c9d419b6000d5f470eb9d9176f37f8a9e3&o="
"1777056365-63","https://www.booking.com/searchresults.html?label=bristol-XLwodozx2dVe8Ts0XeYuawS752260715469%3Apl%3Ata%3Ap1%3Ap2%3Aac%3Aap%3Aneg%3Afi%3Atikwd-869815001187%3Alp1009919%3Ali%3Adec%3Adm%3Appccp%3DUmFuZG9tSVYkc2RlIyh9YXdX6HrtnYy-Ml68sH-ljtU&aid=311984&dest_id=198&dest_type=country&group_adults=2&req_adults=2&no_rooms=1&broad_search_not_eligible=1&order=score&nflt=ht_id%3D204%3Bht_id%3D213%3Bht_id%3D216%3Bht_id%3D220%3Bht_id%3D221%3Btop_destinations%3D6012%3Buf%3D-2237624%3Buf%3D-2230854","","Cool Banyan Cabana","Scored 8.9","8.9","Value for money 9.0","Located in Trincomalee, a 6-minute walk from Uppuveli beach, Cool Banyan Cabana has accommodations with a garden, free private parking, a terrace and a restaurant.","· 134 reviews","Opens in new window","Trincomalee","Show prices","Excellent","Show on map","https://cf.bstatic.com/xdata/images/hotel/square600/698374286.webp?k=5ca3acdce70483ee208b7ca9fb275783aa506a3627b36bbf20386548a8974c7c&o="
"1777056365-64","https://www.booking.com/searchresults.html?label=bristol-XLwodozx2dVe8Ts0XeYuawS752260715469%3Apl%3Ata%3Ap1%3Ap2%3Aac%3Aap%3Aneg%3Afi%3Atikwd-869815001187%3Alp1009919%3Ali%3Adec%3Adm%3Appccp%3DUmFuZG9tSVYkc2RlIyh9YXdX6HrtnYy-Ml68sH-ljtU&aid=311984&dest_id=198&dest_type=country&group_adults=2&req_adults=2&no_rooms=1&broad_search_not_eligible=1&order=score&nflt=ht_id%3D204%3Bht_id%3D213%3Bht_id%3D216%3Bht_id%3D220%3Bht_id%3D221%3Btop_destinations%3D6012%3Buf%3D-2237624%3Buf%3D-2230854","","Ubay Guest House","Scored 8.9","8.9","Value for money 9.2","Ubay Guest House enjoys a location in Trincomalee, a 3-minute walk from Uppuveli beach and 2.6 miles from Kanniya Hot Springs.","· 178 reviews","Opens in new window","Trincomalee","Show prices","Excellent","Show on map","https://cf.bstatic.com/xdata/images/hotel/square600/645215598.webp?k=2f4e52920c4fc5bd213a3044f3354a0943189939a8c8ae2db364ce9fc0f30a36&o="
"1777056365-65","https://www.booking.com/searchresults.html?label=bristol-XLwodozx2dVe8Ts0XeYuawS752260715469%3Apl%3Ata%3Ap1%3Ap2%3Aac%3Aap%3Aneg%3Afi%3Atikwd-869815001187%3Alp1009919%3Ali%3Adec%3Adm%3Appccp%3DUmFuZG9tSVYkc2RlIyh9YXdX6HrtnYy-Ml68sH-ljtU&aid=311984&dest_id=198&dest_type=country&group_adults=2&req_adults=2&no_rooms=1&broad_search_not_eligible=1&order=score&nflt=ht_id%3D204%3Bht_id%3D213%3Bht_id%3D216%3Bht_id%3D220%3Bht_id%3D221%3Btop_destinations%3D6012%3Buf%3D-2237624%3Buf%3D-2230854","","Villa Nilaveli Cabana","Scored 8.9","8.9","Value for money 8.7","Villa Nilaveli Cabana has 3 cabanas (Villa Nilaveli Cabana Cabanas) which are available for rent. Each Cabana has a king-size bed, air conditioning, ceiling fan, mosquito net and an private bathroom.","· 187 reviews","Opens in new window","Nilaveli","Show prices","Excellent","Show on map","https://cf.bstatic.com/xdata/images/hotel/square600/141480359.webp?k=b6ff6459fe6334ad681eb4e816a02adf79bdd3462b2e36c6b48746c0cea6fd5e&o="
"1777056365-66","https://www.booking.com/searchresults.html?label=bristol-XLwodozx2dVe8Ts0XeYuawS752260715469%3Apl%3Ata%3Ap1%3Ap2%3Aac%3Aap%3Aneg%3Afi%3Atikwd-869815001187%3Alp1009919%3Ali%3Adec%3Adm%3Appccp%3DUmFuZG9tSVYkc2RlIyh9YXdX6HrtnYy-Ml68sH-ljtU&aid=311984&dest_id=198&dest_type=country&group_adults=2&req_adults=2&no_rooms=1&broad_search_not_eligible=1&order=score&nflt=ht_id%3D204%3Bht_id%3D213%3Bht_id%3D216%3Bht_id%3D220%3Bht_id%3D221%3Btop_destinations%3D6012%3Buf%3D-2237624%3Buf%3D-2230854","","Cardamon Hotel Nilaveli","Scored 8.9","8.9","Location 9.5","Located in Nilaveli, 7.5 mi from Trincomalee, Cardamon Hotel Nilaveli features a restaurant, bar and free WiFi throughout the property.","· 511 reviews","Opens in new window","Nilaveli","Show prices","Excellent","Show on map","https://cf.bstatic.com/xdata/images/hotel/square600/92935959.webp?k=cd5287362ad59909ecd0cba4725dbb32ca3b2dd5fc4a656a916cc16c80af94af&o="
"1777056365-67","https://www.booking.com/searchresults.html?label=bristol-XLwodozx2dVe8Ts0XeYuawS752260715469%3Apl%3Ata%3Ap1%3Ap2%3Aac%3Aap%3Aneg%3Afi%3Atikwd-869815001187%3Alp1009919%3Ali%3Adec%3Adm%3Appccp%3DUmFuZG9tSVYkc2RlIyh9YXdX6HrtnYy-Ml68sH-ljtU&aid=311984&dest_id=198&dest_type=country&group_adults=2&req_adults=2&no_rooms=1&broad_search_not_eligible=1&order=score&nflt=ht_id%3D204%3Bht_id%3D213%3Bht_id%3D216%3Bht_id%3D220%3Bht_id%3D221%3Btop_destinations%3D6012%3Buf%3D-2237624%3Buf%3D-2230854","","Oceanic White House","Scored 8.9","8.9","Value for money 9.0","Oceanic White House in Nilaveli provides accommodations with a garden and a terrace. This guest house provides free private parking, room service, and free Wifi.","· 97 reviews","Opens in new window","Nilaveli","Show prices","Excellent","Show on map","https://cf.bstatic.com/xdata/images/hotel/square600/140067900.webp?k=3c21beb33aa7aedfb091269ca949acfd6053bd95f7343526ad7529713602c3f0&o="
"1777056365-68","https://www.booking.com/searchresults.html?label=bristol-XLwodozx2dVe8Ts0XeYuawS752260715469%3Apl%3Ata%3Ap1%3Ap2%3Aac%3Aap%3Aneg%3Afi%3Atikwd-869815001187%3Alp1009919%3Ali%3Adec%3Adm%3Appccp%3DUmFuZG9tSVYkc2RlIyh9YXdX6HrtnYy-Ml68sH-ljtU&aid=311984&dest_id=198&dest_type=country&group_adults=2&req_adults=2&no_rooms=1&broad_search_not_eligible=1&order=score&nflt=ht_id%3D204%3Bht_id%3D213%3Bht_id%3D216%3Bht_id%3D220%3Bht_id%3D221%3Btop_destinations%3D6012%3Buf%3D-2237624%3Buf%3D-2230854","","Edwin Villa","Scored 8.9","8.9","Value for money 9.3","Offering a garden and a terrace, Edwin Villa in Trincomalee is close to Trincomalee Railway Station and Kali Kovil. The air-conditioned accommodation is a 8-minute walk from Uppuveli beach.","· 48 reviews","Opens in new window","Trincomalee","Show prices","Excellent","Show on map","https://cf.bstatic.com/xdata/images/hotel/square600/414062642.webp?k=1315752db4dd4a30fb2346086496ee10705115bf4610cc6602ded9cb629abdd5&o="
"1777056365-69","https://www.booking.com/searchresults.html?label=bristol-XLwodozx2dVe8Ts0XeYuawS752260715469%3Apl%3Ata%3Ap1%3Ap2%3Aac%3Aap%3Aneg%3Afi%3Atikwd-869815001187%3Alp1009919%3Ali%3Adec%3Adm%3Appccp%3DUmFuZG9tSVYkc2RlIyh9YXdX6HrtnYy-Ml68sH-ljtU&aid=311984&dest_id=198&dest_type=country&group_adults=2&req_adults=2&no_rooms=1&broad_search_not_eligible=1&order=score&nflt=ht_id%3D204%3Bht_id%3D213%3Bht_id%3D216%3Bht_id%3D220%3Bht_id%3D221%3Btop_destinations%3D6012%3Buf%3D-2237624%3Buf%3D-2230854","","sky blue Villa","Scored 8.9","8.9","Value for money 9.0","Sky blue Villa offers accommodations in Trincomalee near Kali Kovil and Gokana Temple. Both free Wifi and private parking are accessible at the villa free of charge.","· 8 reviews","Opens in new window","Trincomalee","Show prices","Excellent","Show on map","https://cf.bstatic.com/xdata/images/hotel/square600/590029208.webp?k=c0f58a8d01d62c023d7785d56c258ebf1fd67a4e6fee10eb6ba1a15844cee31c&o="
"1777056365-70","https://www.booking.com/searchresults.html?label=bristol-XLwodozx2dVe8Ts0XeYuawS752260715469%3Apl%3Ata%3Ap1%3Ap2%3Aac%3Aap%3Aneg%3Afi%3Atikwd-869815001187%3Alp1009919%3Ali%3Adec%3Adm%3Appccp%3DUmFuZG9tSVYkc2RlIyh9YXdX6HrtnYy-Ml68sH-ljtU&aid=311984&dest_id=198&dest_type=country&group_adults=2&req_adults=2&no_rooms=1&broad_search_not_eligible=1&order=score&nflt=ht_id%3D204%3Bht_id%3D213%3Bht_id%3D216%3Bht_id%3D220%3Bht_id%3D221%3Btop_destinations%3D6012%3Buf%3D-2237624%3Buf%3D-2230854","","Laxsume Guest House Nilaveli","Scored 8.9","8.9","Value for money 9.4","Laxsume Guest House Nilaveli enjoys a location in Nilaveli, a 6-minute walk from Nilaveli Beach and 2.3 miles from Pigeon Island National Park.","· 161 reviews","Opens in new window","Nilaveli","Show prices","Excellent","Show on map","https://cf.bstatic.com/xdata/images/hotel/square600/524467229.webp?k=1d7a92066e9b4a4d55fe866529dc1eb30a040c10fd0f5eceff318977cf8bae62&o="
"1777056365-71","https://www.booking.com/searchresults.html?label=bristol-XLwodozx2dVe8Ts0XeYuawS752260715469%3Apl%3Ata%3Ap1%3Ap2%3Aac%3Aap%3Aneg%3Afi%3Atikwd-869815001187%3Alp1009919%3Ali%3Adec%3Adm%3Appccp%3DUmFuZG9tSVYkc2RlIyh9YXdX6HrtnYy-Ml68sH-ljtU&aid=311984&dest_id=198&dest_type=country&group_adults=2&req_adults=2&no_rooms=1&broad_search_not_eligible=1&order=score&nflt=ht_id%3D204%3Bht_id%3D213%3Bht_id%3D216%3Bht_id%3D220%3Bht_id%3D221%3Btop_destinations%3D6012%3Buf%3D-2237624%3Buf%3D-2230854","","Uga Jungle Beach - Trincomalee","Scored 8.8","8.8","","The 5-star Jungle Beach Resort is located in Trincomalee, just 17 mi from Trincomalee Bus and Railway Station. It offers a well-appointed spa and a variety of recreational options.","· 165 reviews","Opens in new window","Trincomalee","Show prices","Excellent","Show on map","https://cf.bstatic.com/xdata/images/hotel/square600/398334495.webp?k=e7c80e2fe422b921d0daaeb35d4d73d472a5c62805b8ff0ef8c093f22c1e7a9a&o="
"1777056365-72","https://www.booking.com/searchresults.html?label=bristol-XLwodozx2dVe8Ts0XeYuawS752260715469%3Apl%3Ata%3Ap1%3Ap2%3Aac%3Aap%3Aneg%3Afi%3Atikwd-869815001187%3Alp1009919%3Ali%3Adec%3Adm%3Appccp%3DUmFuZG9tSVYkc2RlIyh9YXdX6HrtnYy-Ml68sH-ljtU&aid=311984&dest_id=198&dest_type=country&group_adults=2&req_adults=2&no_rooms=1&broad_search_not_eligible=1&order=score&nflt=ht_id%3D204%3Bht_id%3D213%3Bht_id%3D216%3Bht_id%3D220%3Bht_id%3D221%3Btop_destinations%3D6012%3Buf%3D-2237624%3Buf%3D-2230854","","Radiance Hotel","Scored 8.8","8.8","Value for money 9.4","Located in Trincomalee, a 5-minute walk from Sampalthivu Beach, Radiance Hotel provides accommodations with an outdoor swimming pool, free private parking, a garden and a restaurant.","· 23 reviews","Opens in new window","Trincomalee","Show prices","Excellent","Show on map","https://cf.bstatic.com/xdata/images/hotel/square600/749047205.webp?k=9b065eb4870f8a9768c9d01eb69c94f2262c9493a2ab1cc85482132484dbb855&o="
"1777056365-73","https://www.booking.com/searchresults.html?label=bristol-XLwodozx2dVe8Ts0XeYuawS752260715469%3Apl%3Ata%3Ap1%3Ap2%3Aac%3Aap%3Aneg%3Afi%3Atikwd-869815001187%3Alp1009919%3Ali%3Adec%3Adm%3Appccp%3DUmFuZG9tSVYkc2RlIyh9YXdX6HrtnYy-Ml68sH-ljtU&aid=311984&dest_id=198&dest_type=country&group_adults=2&req_adults=2&no_rooms=1&broad_search_not_eligible=1&order=score&nflt=ht_id%3D204%3Bht_id%3D213%3Bht_id%3D216%3Bht_id%3D220%3Bht_id%3D221%3Btop_destinations%3D6012%3Buf%3D-2237624%3Buf%3D-2230854","","Aara Holiday Home","Scored 8.8","8.8","Value for money 9.2","Providing a garden, Aara Holiday Home provides accommodations in Trincomalee. This property offers access to a terrace, free private parking, and free Wifi.","· 18 reviews","Opens in new window","Trincomalee","Show prices","Excellent","Show on map","https://cf.bstatic.com/xdata/images/hotel/square600/482771267.webp?k=eb7b007e1ea1d130e5d2fb4b5b9c76aab1b44771009503079a230da7262f3a93&o="
"1777056365-74","https://www.booking.com/searchresults.html?label=bristol-XLwodozx2dVe8Ts0XeYuawS752260715469%3Apl%3Ata%3Ap1%3Ap2%3Aac%3Aap%3Aneg%3Afi%3Atikwd-869815001187%3Alp1009919%3Ali%3Adec%3Adm%3Appccp%3DUmFuZG9tSVYkc2RlIyh9YXdX6HrtnYy-Ml68sH-ljtU&aid=311984&dest_id=198&dest_type=country&group_adults=2&req_adults=2&no_rooms=1&broad_search_not_eligible=1&order=score&nflt=ht_id%3D204%3Bht_id%3D213%3Bht_id%3D216%3Bht_id%3D220%3Bht_id%3D221%3Btop_destinations%3D6012%3Buf%3D-2237624%3Buf%3D-2230854","","SNP Star Guest House","Scored 8.8","8.8","Value for money 8.6","Welcome to our cozy and comfortable guest house, perfect for a relaxing and enjoyable stay.","· 102 reviews","Opens in new window","Trincomalee","Show prices","Excellent","Show on map","https://cf.bstatic.com/xdata/images/hotel/square600/146877674.webp?k=5e8da65d48f3244561b80493d3ea85b1e29c93eb5b47f176632f19ac1cdd556d&o="
"1777056365-75","https://www.booking.com/searchresults.html?label=bristol-XLwodozx2dVe8Ts0XeYuawS752260715469%3Apl%3Ata%3Ap1%3Ap2%3Aac%3Aap%3Aneg%3Afi%3Atikwd-869815001187%3Alp1009919%3Ali%3Adec%3Adm%3Appccp%3DUmFuZG9tSVYkc2RlIyh9YXdX6HrtnYy-Ml68sH-ljtU&aid=311984&dest_id=198&dest_type=country&group_adults=2&req_adults=2&no_rooms=1&broad_search_not_eligible=1&order=score&nflt=ht_id%3D204%3Bht_id%3D213%3Bht_id%3D216%3Bht_id%3D220%3Bht_id%3D221%3Btop_destinations%3D6012%3Buf%3D-2237624%3Buf%3D-2230854","","Trinco Blu by Cinnamon","Scored 8.7","8.7","Location 9.5","Trinco Blu by Cinnamon is a luxurious 4-star beachfront resort located 4 mi from Trincomalee. It provides spacious accommodations with a freshwater pool, 3 dining options and free Wi-Fi.","· 772 reviews","Opens in new window","Trincomalee","Show prices","Excellent","Show on map","https://cf.bstatic.com/xdata/images/hotel/square600/645051053.webp?k=99808cf7c611a51e11d22cbaba1a6cc9a73eb7b53c0fb520eaaee6ca2d229faa&o="
"1777056365-76","https://www.booking.com/searchresults.html?label=bristol-XLwodozx2dVe8Ts0XeYuawS752260715469%3Apl%3Ata%3Ap1%3Ap2%3Aac%3Aap%3Aneg%3Afi%3Atikwd-869815001187%3Alp1009919%3Ali%3Adec%3Adm%3Appccp%3DUmFuZG9tSVYkc2RlIyh9YXdX6HrtnYy-Ml68sH-ljtU&aid=311984&dest_id=198&dest_type=country&group_adults=2&req_adults=2&no_rooms=1&broad_search_not_eligible=1&order=score&nflt=ht_id%3D204%3Bht_id%3D213%3Bht_id%3D216%3Bht_id%3D220%3Bht_id%3D221%3Btop_destinations%3D6012%3Buf%3D-2237624%3Buf%3D-2230854","","High Park Hotel","Scored 8.7","8.7","Value for money 8.7","Located in Nilaveli, a 2-minute walk from Nilaveli Beach, High Park Hotel provides accommodations with an outdoor swimming pool, free private parking, a garden and a private beach area.","· 203 reviews","Opens in new window","Nilaveli","Show prices","Excellent","Show on map","https://cf.bstatic.com/xdata/images/hotel/square600/438068939.webp?k=614c17bf132c3687b0b3e1ded862fc67d891db489f05df405aa9110d25706228&o="
"1777056365-77","https://www.booking.com/searchresults.html?label=bristol-XLwodozx2dVe8Ts0XeYuawS752260715469%3Apl%3Ata%3Ap1%3Ap2%3Aac%3Aap%3Aneg%3Afi%3Atikwd-869815001187%3Alp1009919%3Ali%3Adec%3Adm%3Appccp%3DUmFuZG9tSVYkc2RlIyh9YXdX6HrtnYy-Ml68sH-ljtU&aid=311984&dest_id=198&dest_type=country&group_adults=2&req_adults=2&no_rooms=1&broad_search_not_eligible=1&order=score&nflt=ht_id%3D204%3Bht_id%3D213%3Bht_id%3D216%3Bht_id%3D220%3Bht_id%3D221%3Btop_destinations%3D6012%3Buf%3D-2237624%3Buf%3D-2230854","","Bluewater Beach Resort","Scored 8.7","8.7","Value for money 8.6","Set in Trincomalee in the Trincomalee District Region, Bluewater Beach Resort features an outdoor pool and views of the mountains.","· 350 reviews","Opens in new window","Trincomalee","Show prices","Excellent","Show on map","https://cf.bstatic.com/xdata/images/hotel/square600/51471976.webp?k=267c81ad29a406b870e4f4a192836c003c5e3ade82d9ac83a81356fb38f8586d&o="
"1777056365-78","https://www.booking.com/searchresults.html?label=bristol-XLwodozx2dVe8Ts0XeYuawS752260715469%3Apl%3Ata%3Ap1%3Ap2%3Aac%3Aap%3Aneg%3Afi%3Atikwd-869815001187%3Alp1009919%3Ali%3Adec%3Adm%3Appccp%3DUmFuZG9tSVYkc2RlIyh9YXdX6HrtnYy-Ml68sH-ljtU&aid=311984&dest_id=198&dest_type=country&group_adults=2&req_adults=2&no_rooms=1&broad_search_not_eligible=1&order=score&nflt=ht_id%3D204%3Bht_id%3D213%3Bht_id%3D216%3Bht_id%3D220%3Bht_id%3D221%3Btop_destinations%3D6012%3Buf%3D-2237624%3Buf%3D-2230854","","Elena Garden Resort and Restaurant","Scored 8.7","8.7","Value for money 9.1","Located in Trincomalee, a few steps from Uppuveli beach, Elena Garden Resort and Restaurant has accommodations with a garden, free private parking, a terrace and a restaurant.","· 352 reviews","Opens in new window","Trincomalee","Show prices","Excellent","Show on map","https://cf.bstatic.com/xdata/images/hotel/square600/403053312.webp?k=da5cc38ce61d1b40fbbccd24be3386322a1a061019f960911bf6b512d60deb21&o="
"1777056365-79","https://www.booking.com/searchresults.html?label=bristol-XLwodozx2dVe8Ts0XeYuawS752260715469%3Apl%3Ata%3Ap1%3Ap2%3Aac%3Aap%3Aneg%3Afi%3Atikwd-869815001187%3Alp1009919%3Ali%3Adec%3Adm%3Appccp%3DUmFuZG9tSVYkc2RlIyh9YXdX6HrtnYy-Ml68sH-ljtU&aid=311984&dest_id=198&dest_type=country&group_adults=2&req_adults=2&no_rooms=1&broad_search_not_eligible=1&order=score&nflt=ht_id%3D204%3Bht_id%3D213%3Bht_id%3D216%3Bht_id%3D220%3Bht_id%3D221%3Btop_destinations%3D6012%3Buf%3D-2237624%3Buf%3D-2230854","","Janas Blue Water Corner","Scored 8.7","8.7","Value for money 9.0","Located in Trincomalee, a few steps from Sandy Cove Beach, Janas Blue Water Corner has accommodations with a garden, free private parking, a private beach area and a terrace.","· 224 reviews","Opens in new window","Trincomalee","Show prices","Excellent","Show on map","https://cf.bstatic.com/xdata/images/hotel/square600/363965903.webp?k=f8f2abc17bc391fc9f1d71c1fb78933cfa625d1f5a32a1064d5c6865c9f2aa24&o="
"1777056365-80","https://www.booking.com/searchresults.html?label=bristol-XLwodozx2dVe8Ts0XeYuawS752260715469%3Apl%3Ata%3Ap1%3Ap2%3Aac%3Aap%3Aneg%3Afi%3Atikwd-869815001187%3Alp1009919%3Ali%3Adec%3Adm%3Appccp%3DUmFuZG9tSVYkc2RlIyh9YXdX6HrtnYy-Ml68sH-ljtU&aid=311984&dest_id=198&dest_type=country&group_adults=2&req_adults=2&no_rooms=1&broad_search_not_eligible=1&order=score&nflt=ht_id%3D204%3Bht_id%3D213%3Bht_id%3D216%3Bht_id%3D220%3Bht_id%3D221%3Btop_destinations%3D6012%3Buf%3D-2237624%3Buf%3D-2230854","","Trinco Lagoon","Scored 8.7","8.7","Value for money 8.9","Located in Trincomalee, within a 19-minute walk of Uppuveli beach and 0.8 miles of Trincomalee Railway Station, Trinco Lagoon has accommodations with a restaurant and free WiFi throughout the property...","· 193 reviews","Opens in new window","Trincomalee","Show prices","Excellent","Show on map","https://cf.bstatic.com/xdata/images/hotel/square600/565911248.webp?k=b58408bba67dbae6a3d7af948f630c75ce3279173bcd88861227f1ca507cc98a&o="
"1777056365-81","https://www.booking.com/searchresults.html?label=bristol-XLwodozx2dVe8Ts0XeYuawS752260715469%3Apl%3Ata%3Ap1%3Ap2%3Aac%3Aap%3Aneg%3Afi%3Atikwd-869815001187%3Alp1009919%3Ali%3Adec%3Adm%3Appccp%3DUmFuZG9tSVYkc2RlIyh9YXdX6HrtnYy-Ml68sH-ljtU&aid=311984&dest_id=198&dest_type=country&group_adults=2&req_adults=2&no_rooms=1&broad_search_not_eligible=1&order=score&nflt=ht_id%3D204%3Bht_id%3D213%3Bht_id%3D216%3Bht_id%3D220%3Bht_id%3D221%3Btop_destinations%3D6012%3Buf%3D-2237624%3Buf%3D-2230854","","White Villa Hotel","Scored 8.7","8.7","Value for money 9.2","Located in Trincomalee, within a 4-minute walk of Uppuveli beach and 2.6 miles of Kanniya Hot Springs, White Villa Hotel has accommodations with a private beach area and free WiFi throughout the...","· 111 reviews","Opens in new window","Trincomalee","Show prices","Excellent","Show on map","https://cf.bstatic.com/xdata/images/hotel/square600/536420099.webp?k=b2441ba6128c5973245267c241316ca13d2e5bdd2832172e2aa5e2d9ff376dda&o="
"1777056365-82","https://www.booking.com/searchresults.html?label=bristol-XLwodozx2dVe8Ts0XeYuawS752260715469%3Apl%3Ata%3Ap1%3Ap2%3Aac%3Aap%3Aneg%3Afi%3Atikwd-869815001187%3Alp1009919%3Ali%3Adec%3Adm%3Appccp%3DUmFuZG9tSVYkc2RlIyh9YXdX6HrtnYy-Ml68sH-ljtU&aid=311984&dest_id=198&dest_type=country&group_adults=2&req_adults=2&no_rooms=1&broad_search_not_eligible=1&order=score&nflt=ht_id%3D204%3Bht_id%3D213%3Bht_id%3D216%3Bht_id%3D220%3Bht_id%3D221%3Btop_destinations%3D6012%3Buf%3D-2237624%3Buf%3D-2230854","","Annai Resort","Scored 8.7","8.7","Value for money 8.5","Annai Resort offers accommodations in Trincomalee, 1.3 miles from Uppuveli beach and a 12-minute walk from Trincomalee Railway Station.","· 10 reviews","Opens in new window","Trincomalee","Show prices","Excellent","Show on map","https://cf.bstatic.com/xdata/images/hotel/square600/590191252.webp?k=00a9e2fa124d6dda280a0a677e74bb87d2b6390d33c22c3d524f0f3a28f3c5f8&o="
"1777056365-83","https://www.booking.com/searchresults.html?label=bristol-XLwodozx2dVe8Ts0XeYuawS752260715469%3Apl%3Ata%3Ap1%3Ap2%3Aac%3Aap%3Aneg%3Afi%3Atikwd-869815001187%3Alp1009919%3Ali%3Adec%3Adm%3Appccp%3DUmFuZG9tSVYkc2RlIyh9YXdX6HrtnYy-Ml68sH-ljtU&aid=311984&dest_id=198&dest_type=country&group_adults=2&req_adults=2&no_rooms=1&broad_search_not_eligible=1&order=score&nflt=ht_id%3D204%3Bht_id%3D213%3Bht_id%3D216%3Bht_id%3D220%3Bht_id%3D221%3Btop_destinations%3D6012%3Buf%3D-2237624%3Buf%3D-2230854","","Surya Lagoon Village","Scored 8.7","8.7","","Surya Lagoon Village is a recently renovated villa in Nilaveli where guests can make the most of the private beach area and garden.","· 41 reviews","Opens in new window","Nilaveli","Show prices","Excellent","Show on map","https://cf.bstatic.com/xdata/images/hotel/square600/569130162.webp?k=af58e5ea135c9f28d21748b246351d022594497f33d40a7d9000236ed284cc4f&o="
"1777056365-84","https://www.booking.com/searchresults.html?label=bristol-XLwodozx2dVe8Ts0XeYuawS752260715469%3Apl%3Ata%3Ap1%3Ap2%3Aac%3Aap%3Aneg%3Afi%3Atikwd-869815001187%3Alp1009919%3Ali%3Adec%3Adm%3Appccp%3DUmFuZG9tSVYkc2RlIyh9YXdX6HrtnYy-Ml68sH-ljtU&aid=311984&dest_id=198&dest_type=country&group_adults=2&req_adults=2&no_rooms=1&broad_search_not_eligible=1&order=score&nflt=ht_id%3D204%3Bht_id%3D213%3Bht_id%3D216%3Bht_id%3D220%3Bht_id%3D221%3Btop_destinations%3D6012%3Buf%3D-2237624%3Buf%3D-2230854","","N Joy Inn","Scored 8.7","8.7","Value for money 8.8","Located in Trincomalee, within a few steps of Dutch Bay Beach and a 3-minute walk of St.","· 36 reviews","Opens in new window","Trincomalee","Show prices","Excellent","Show on map","https://cf.bstatic.com/xdata/images/hotel/square600/477202301.webp?k=2a3be2fc35fb3893d4f9031ce12d47d8e61eb6ad0ad21bbeca642e538295f372&o="
"1777056365-85","https://www.booking.com/searchresults.html?label=bristol-XLwodozx2dVe8Ts0XeYuawS752260715469%3Apl%3Ata%3Ap1%3Ap2%3Aac%3Aap%3Aneg%3Afi%3Atikwd-869815001187%3Alp1009919%3Ali%3Adec%3Adm%3Appccp%3DUmFuZG9tSVYkc2RlIyh9YXdX6HrtnYy-Ml68sH-ljtU&aid=311984&dest_id=198&dest_type=country&group_adults=2&req_adults=2&no_rooms=1&broad_search_not_eligible=1&order=score&nflt=ht_id%3D204%3Bht_id%3D213%3Bht_id%3D216%3Bht_id%3D220%3Bht_id%3D221%3Btop_destinations%3D6012%3Buf%3D-2237624%3Buf%3D-2230854","","Nilaveli Boutique Hotel","Scored 8.6","8.6","Value for money 8.9","Located in Trincomalee, a 5-minute walk from Nilaveli Beach, Nilaveli Boutique Hotel has accommodations with a garden, free private parking, a shared lounge and a terrace.","· 103 reviews","Opens in new window","Trincomalee","Show prices","Excellent","Show on map","https://cf.bstatic.com/xdata/images/hotel/square600/681478182.webp?k=2559901d502c4febdebb36ff3bec705342e142e6d2f9e7bee98ec60cc706cc95&o="
"1777056365-86","https://www.booking.com/searchresults.html?label=bristol-XLwodozx2dVe8Ts0XeYuawS752260715469%3Apl%3Ata%3Ap1%3Ap2%3Aac%3Aap%3Aneg%3Afi%3Atikwd-869815001187%3Alp1009919%3Ali%3Adec%3Adm%3Appccp%3DUmFuZG9tSVYkc2RlIyh9YXdX6HrtnYy-Ml68sH-ljtU&aid=311984&dest_id=198&dest_type=country&group_adults=2&req_adults=2&no_rooms=1&broad_search_not_eligible=1&order=score&nflt=ht_id%3D204%3Bht_id%3D213%3Bht_id%3D216%3Bht_id%3D220%3Bht_id%3D221%3Btop_destinations%3D6012%3Buf%3D-2237624%3Buf%3D-2230854","","Silaa Cabana","Scored 8.6","8.6","Value for money 8.6","Featuring a garden, Silaa Cabana provides accommodations in Trincomalee.","· 198 reviews","Opens in new window","Trincomalee","Show prices","Excellent","Show on map","https://cf.bstatic.com/xdata/images/hotel/square600/641728588.webp?k=833ae6d99b8371e552dc793e0b5fb6eb0262f7c9f3c49924f74903b8e181ebc6&o="
"1777056365-87","https://www.booking.com/searchresults.html?label=bristol-XLwodozx2dVe8Ts0XeYuawS752260715469%3Apl%3Ata%3Ap1%3Ap2%3Aac%3Aap%3Aneg%3Afi%3Atikwd-869815001187%3Alp1009919%3Ali%3Adec%3Adm%3Appccp%3DUmFuZG9tSVYkc2RlIyh9YXdX6HrtnYy-Ml68sH-ljtU&aid=311984&dest_id=198&dest_type=country&group_adults=2&req_adults=2&no_rooms=1&broad_search_not_eligible=1&order=score&nflt=ht_id%3D204%3Bht_id%3D213%3Bht_id%3D216%3Bht_id%3D220%3Bht_id%3D221%3Btop_destinations%3D6012%3Buf%3D-2237624%3Buf%3D-2230854","","Blackthorn Hotel","Scored 8.6","8.6","Value for money 9.2","Located a 7-minute walk from Uppuveli beach, Blackthorn Hotel has rooms with air conditioning in Trincomalee.","· 27 reviews","Opens in new window","Trincomalee","Show prices","Excellent","Show on map","https://cf.bstatic.com/xdata/images/hotel/square600/712803336.webp?k=d7241ed3cbfe0de81c446b9ec75c7b42c3f69f33198457e92f15217b4c4cfcb0&o="
"1777056365-88","https://www.booking.com/searchresults.html?label=bristol-XLwodozx2dVe8Ts0XeYuawS752260715469%3Apl%3Ata%3Ap1%3Ap2%3Aac%3Aap%3Aneg%3Afi%3Atikwd-869815001187%3Alp1009919%3Ali%3Adec%3Adm%3Appccp%3DUmFuZG9tSVYkc2RlIyh9YXdX6HrtnYy-Ml68sH-ljtU&aid=311984&dest_id=198&dest_type=country&group_adults=2&req_adults=2&no_rooms=1&broad_search_not_eligible=1&order=score&nflt=ht_id%3D204%3Bht_id%3D213%3Bht_id%3D216%3Bht_id%3D220%3Bht_id%3D221%3Btop_destinations%3D6012%3Buf%3D-2237624%3Buf%3D-2230854","","NN Beach Resort Nilaveli","Scored 8.6","8.6","Location 9.5","Located in Nilaveli, a few steps from Nilaveli Beach, NN Beach Resort Nilaveli has accommodations with an outdoor swimming pool, free private parking, a garden and a private beach area.","· 349 reviews","Opens in new window","Nilaveli","Show prices","Excellent","Show on map","https://cf.bstatic.com/xdata/images/hotel/square600/819089980.webp?k=c51dc238461a0d704f7c32668c796f62fde0e1f552df2ff3853583c24363c31e&o="
"1777056365-89","https://www.booking.com/searchresults.html?label=bristol-XLwodozx2dVe8Ts0XeYuawS752260715469%3Apl%3Ata%3Ap1%3Ap2%3Aac%3Aap%3Aneg%3Afi%3Atikwd-869815001187%3Alp1009919%3Ali%3Adec%3Adm%3Appccp%3DUmFuZG9tSVYkc2RlIyh9YXdX6HrtnYy-Ml68sH-ljtU&aid=311984&dest_id=198&dest_type=country&group_adults=2&req_adults=2&no_rooms=1&broad_search_not_eligible=1&order=score&nflt=ht_id%3D204%3Bht_id%3D213%3Bht_id%3D216%3Bht_id%3D220%3Bht_id%3D221%3Btop_destinations%3D6012%3Buf%3D-2237624%3Buf%3D-2230854","","Theevanni Resort","Scored 8.6","8.6","Value for money 8.5","Located a 5-minute walk from Uppuveli beach, Theevanni Resort offers 2-star accommodations in Trincomalee and has a garden, a shared lounge and a terrace.","· 31 reviews","Opens in new window","Trincomalee","Show prices","Excellent","Show on map","https://cf.bstatic.com/xdata/images/hotel/square600/626431993.webp?k=72b05a092918a15b9de63633638cae4df9cc4587d24e53bdf5766216929d735b&o="
"1777056365-90","https://www.booking.com/searchresults.html?label=bristol-XLwodozx2dVe8Ts0XeYuawS752260715469%3Apl%3Ata%3Ap1%3Ap2%3Aac%3Aap%3Aneg%3Afi%3Atikwd-869815001187%3Alp1009919%3Ali%3Adec%3Adm%3Appccp%3DUmFuZG9tSVYkc2RlIyh9YXdX6HrtnYy-Ml68sH-ljtU&aid=311984&dest_id=198&dest_type=country&group_adults=2&req_adults=2&no_rooms=1&broad_search_not_eligible=1&order=score&nflt=ht_id%3D204%3Bht_id%3D213%3Bht_id%3D216%3Bht_id%3D220%3Bht_id%3D221%3Btop_destinations%3D6012%3Buf%3D-2237624%3Buf%3D-2230854","","Liyonaa Beach Hotel","Scored 8.6","8.6","Value for money 8.6","Located in Trincomalee, a few steps from Uppuveli beach, Liyonaa Beach Hotel provides accommodations with a garden, free private parking, a private beach area and a terrace.","· 330 reviews","Opens in new window","Trincomalee","Show prices","Excellent","Show on map","https://cf.bstatic.com/xdata/images/hotel/square600/362834816.webp?k=2935b3a019fe591ed03036c913a29ea477586e5ae5add25979830c7d3d09c5a3&o="
"1777056365-91","https://www.booking.com/searchresults.html?label=bristol-XLwodozx2dVe8Ts0XeYuawS752260715469%3Apl%3Ata%3Ap1%3Ap2%3Aac%3Aap%3Aneg%3Afi%3Atikwd-869815001187%3Alp1009919%3Ali%3Adec%3Adm%3Appccp%3DUmFuZG9tSVYkc2RlIyh9YXdX6HrtnYy-Ml68sH-ljtU&aid=311984&dest_id=198&dest_type=country&group_adults=2&req_adults=2&no_rooms=1&broad_search_not_eligible=1&order=score&nflt=ht_id%3D204%3Bht_id%3D213%3Bht_id%3D216%3Bht_id%3D220%3Bht_id%3D221%3Btop_destinations%3D6012%3Buf%3D-2237624%3Buf%3D-2230854","","Beach life long beach resort","Scored 8.6","8.6","Value for money 9.1","Located in Trincomalee, a 2-minute walk from Uppuveli beach, Beach life long beach resort provides accommodations with a garden, free private parking, a shared lounge and a terrace.","· 9 reviews","Opens in new window","Trincomalee","Show prices","Excellent","Show on map","https://cf.bstatic.com/xdata/images/hotel/square600/762637036.webp?k=7538764af009103f722dfa8566399fbc5f9fdb1e25417321b5969bc38f966620&o="
"1777056365-92","https://www.booking.com/searchresults.html?label=bristol-XLwodozx2dVe8Ts0XeYuawS752260715469%3Apl%3Ata%3Ap1%3Ap2%3Aac%3Aap%3Aneg%3Afi%3Atikwd-869815001187%3Alp1009919%3Ali%3Adec%3Adm%3Appccp%3DUmFuZG9tSVYkc2RlIyh9YXdX6HrtnYy-Ml68sH-ljtU&aid=311984&dest_id=198&dest_type=country&group_adults=2&req_adults=2&no_rooms=1&broad_search_not_eligible=1&order=score&nflt=ht_id%3D204%3Bht_id%3D213%3Bht_id%3D216%3Bht_id%3D220%3Bht_id%3D221%3Btop_destinations%3D6012%3Buf%3D-2237624%3Buf%3D-2230854","","French Garden Regish Beachfront Hotel","Scored 8.5","8.5","Location 9.9","French Garden Regish Beachfront Hotel in Trincomalee provides accommodations with a garden and a bar. This beachfront property offers access to a balcony, free private parking, and free Wifi.","· 176 reviews","Opens in new window","Trincomalee","Show prices","Very Good","Show on map","https://cf.bstatic.com/xdata/images/hotel/square600/536075936.webp?k=d32497b11a5736e5738e2c024f06b00a85d78a771ba8917ebd39e6e6230c4b66&o="
"1777056365-93","https://www.booking.com/searchresults.html?label=bristol-XLwodozx2dVe8Ts0XeYuawS752260715469%3Apl%3Ata%3Ap1%3Ap2%3Aac%3Aap%3Aneg%3Afi%3Atikwd-869815001187%3Alp1009919%3Ali%3Adec%3Adm%3Appccp%3DUmFuZG9tSVYkc2RlIyh9YXdX6HrtnYy-Ml68sH-ljtU&aid=311984&dest_id=198&dest_type=country&group_adults=2&req_adults=2&no_rooms=1&broad_search_not_eligible=1&order=score&nflt=ht_id%3D204%3Bht_id%3D213%3Bht_id%3D216%3Bht_id%3D220%3Bht_id%3D221%3Btop_destinations%3D6012%3Buf%3D-2237624%3Buf%3D-2230854","","T-Nova Guest House","Scored 8.5","8.5","Value for money 9.7","Just a 5-minute walk from Uppuveli beach and half a mile from Kali Kovil, T-Nova Guest House features accommodations in Trincomalee, with a garden.","· 11 reviews","Opens in new window","Trincomalee","Show prices","Very Good","Show on map","https://cf.bstatic.com/xdata/images/hotel/square600/839478977.webp?k=6b1e65ad31c105739245a7756d8a7720a517abb4adefe4d628d88ef8fa3969eb&o="
"1777056365-94","https://www.booking.com/searchresults.html?label=bristol-XLwodozx2dVe8Ts0XeYuawS752260715469%3Apl%3Ata%3Ap1%3Ap2%3Aac%3Aap%3Aneg%3Afi%3Atikwd-869815001187%3Alp1009919%3Ali%3Adec%3Adm%3Appccp%3DUmFuZG9tSVYkc2RlIyh9YXdX6HrtnYy-Ml68sH-ljtU&aid=311984&dest_id=198&dest_type=country&group_adults=2&req_adults=2&no_rooms=1&broad_search_not_eligible=1&order=score&nflt=ht_id%3D204%3Bht_id%3D213%3Bht_id%3D216%3Bht_id%3D220%3Bht_id%3D221%3Btop_destinations%3D6012%3Buf%3D-2237624%3Buf%3D-2230854","","Havana Club Resort","Scored 8.5","8.5","Value for money 8.7","Located in Trincomalee, a 6-minute walk from Uppuveli beach, Havana Club Resort has accommodations with an outdoor swimming pool, free private parking and a garden.","· 98 reviews","Opens in new window","Trincomalee","Show prices","Very Good","Show on map","https://cf.bstatic.com/xdata/images/hotel/square600/233180121.webp?k=a13f42d12dea58706121a55ab6a99dd436915e2fb54c99ef982b69011399fb1c&o="
"1777056365-95","https://www.booking.com/searchresults.html?label=bristol-XLwodozx2dVe8Ts0XeYuawS752260715469%3Apl%3Ata%3Ap1%3Ap2%3Aac%3Aap%3Aneg%3Afi%3Atikwd-869815001187%3Alp1009919%3Ali%3Adec%3Adm%3Appccp%3DUmFuZG9tSVYkc2RlIyh9YXdX6HrtnYy-Ml68sH-ljtU&aid=311984&dest_id=198&dest_type=country&group_adults=2&req_adults=2&no_rooms=1&broad_search_not_eligible=1&order=score&nflt=ht_id%3D204%3Bht_id%3D213%3Bht_id%3D216%3Bht_id%3D220%3Bht_id%3D221%3Btop_destinations%3D6012%3Buf%3D-2237624%3Buf%3D-2230854","","Backpackers GuestHouse Trincomalee","Scored 8.5","8.5","Value for money 9.2","Backpackers GuestHouse Trincomalee offers accommodations in Trincomalee, 1.4 miles from Maritime and Naval History Museum and 1.5 miles from Gokana Temple.","· 51 reviews","Opens in new window","Trincomalee","Show prices","Very Good","Show on map","https://cf.bstatic.com/xdata/images/hotel/square600/698351175.webp?k=7e73ea1cb316c1765131e09b93affb8926b1fd8077a1b5e92119b6721c9e4100&o="
"1777056365-96","https://www.booking.com/searchresults.html?label=bristol-XLwodozx2dVe8Ts0XeYuawS752260715469%3Apl%3Ata%3Ap1%3Ap2%3Aac%3Aap%3Aneg%3Afi%3Atikwd-869815001187%3Alp1009919%3Ali%3Adec%3Adm%3Appccp%3DUmFuZG9tSVYkc2RlIyh9YXdX6HrtnYy-Ml68sH-ljtU&aid=311984&dest_id=198&dest_type=country&group_adults=2&req_adults=2&no_rooms=1&broad_search_not_eligible=1&order=score&nflt=ht_id%3D204%3Bht_id%3D213%3Bht_id%3D216%3Bht_id%3D220%3Bht_id%3D221%3Btop_destinations%3D6012%3Buf%3D-2237624%3Buf%3D-2230854","","Ocean Bloom Villa","Scored 8.4","8.4","Value for money 8.6","Offering a private beach area, Ocean Bloom Villa offers accommodations in Trincomalee. This beachfront property offers access to a balcony, free private parking, and free Wifi.","· 23 reviews","Opens in new window","Trincomalee","Show prices","Very Good","Show on map","https://cf.bstatic.com/xdata/images/hotel/square600/701045475.webp?k=7dbe5db6151684e407c7c9aceba8367de5ed9b2031bbfa1e3ba6c63238ec71b9&o="
"1777056365-97","https://www.booking.com/searchresults.html?label=bristol-XLwodozx2dVe8Ts0XeYuawS752260715469%3Apl%3Ata%3Ap1%3Ap2%3Aac%3Aap%3Aneg%3Afi%3Atikwd-869815001187%3Alp1009919%3Ali%3Adec%3Adm%3Appccp%3DUmFuZG9tSVYkc2RlIyh9YXdX6HrtnYy-Ml68sH-ljtU&aid=311984&dest_id=198&dest_type=country&group_adults=2&req_adults=2&no_rooms=1&broad_search_not_eligible=1&order=score&nflt=ht_id%3D204%3Bht_id%3D213%3Bht_id%3D216%3Bht_id%3D220%3Bht_id%3D221%3Btop_destinations%3D6012%3Buf%3D-2237624%3Buf%3D-2230854","","Aa Inn","Scored 8.4","8.4","Value for money 8.8","Located in Trincomalee, a 7-minute walk from Uppuveli beach, Aa Inn has accommodations with a garden, free private parking and a restaurant.","· 48 reviews","Opens in new window","Trincomalee","Show prices","Very Good","Show on map","https://cf.bstatic.com/xdata/images/hotel/square600/171325824.webp?k=a1ea3e5d150e86b9d676b2b81172f59e8b86c3daedbba604d319cc8d1be6fb95&o="
"1777056365-98","https://www.booking.com/searchresults.html?label=bristol-XLwodozx2dVe8Ts0XeYuawS752260715469%3Apl%3Ata%3Ap1%3Ap2%3Aac%3Aap%3Aneg%3Afi%3Atikwd-869815001187%3Alp1009919%3Ali%3Adec%3Adm%3Appccp%3DUmFuZG9tSVYkc2RlIyh9YXdX6HrtnYy-Ml68sH-ljtU&aid=311984&dest_id=198&dest_type=country&group_adults=2&req_adults=2&no_rooms=1&broad_search_not_eligible=1&order=score&nflt=ht_id%3D204%3Bht_id%3D213%3Bht_id%3D216%3Bht_id%3D220%3Bht_id%3D221%3Btop_destinations%3D6012%3Buf%3D-2237624%3Buf%3D-2230854","","ITALIAN GUEST","Scored 8.4","8.4","","Located in Trincomalee, a 11-minute walk from Nilaveli Beach, ITALIAN GUEST has accommodations with an outdoor swimming pool, free private parking, a garden and a terrace.","· 46 reviews","Opens in new window","Trincomalee","Show prices","Very Good","Show on map","https://cf.bstatic.com/xdata/images/hotel/square600/389375495.webp?k=10970d8c3331d16f1849fcc7deab5d29f45eeb1e2997a03aa1186422e7287eef&o="
"1777056365-99","https://www.booking.com/searchresults.html?label=bristol-XLwodozx2dVe8Ts0XeYuawS752260715469%3Apl%3Ata%3Ap1%3Ap2%3Aac%3Aap%3Aneg%3Afi%3Atikwd-869815001187%3Alp1009919%3Ali%3Adec%3Adm%3Appccp%3DUmFuZG9tSVYkc2RlIyh9YXdX6HrtnYy-Ml68sH-ljtU&aid=311984&dest_id=198&dest_type=country&group_adults=2&req_adults=2&no_rooms=1&broad_search_not_eligible=1&order=score&nflt=ht_id%3D204%3Bht_id%3D213%3Bht_id%3D216%3Bht_id%3D220%3Bht_id%3D221%3Btop_destinations%3D6012%3Buf%3D-2237624%3Buf%3D-2230854","","The Tottam Beach Hotel - Trincomalee","Scored 8.4","8.4","","Offering garden views, The Tottam Beach Hotel - Trincomalee in Trincomalee offers accommodations, a private beach area, and a garden.","· 318 reviews","Opens in new window","Trincomalee","Show prices","Very Good","Show on map","https://cf.bstatic.com/xdata/images/hotel/square600/809055970.webp?k=a2840b7a1dd35e87e4c819d655fd3ba04795730fe71512a0e2b9007269608ec4&o="
"1777056365-100","https://www.booking.com/searchresults.html?label=bristol-XLwodozx2dVe8Ts0XeYuawS752260715469%3Apl%3Ata%3Ap1%3Ap2%3Aac%3Aap%3Aneg%3Afi%3Atikwd-869815001187%3Alp1009919%3Ali%3Adec%3Adm%3Appccp%3DUmFuZG9tSVYkc2RlIyh9YXdX6HrtnYy-Ml68sH-ljtU&aid=311984&dest_id=198&dest_type=country&group_adults=2&req_adults=2&no_rooms=1&broad_search_not_eligible=1&order=score&nflt=ht_id%3D204%3Bht_id%3D213%3Bht_id%3D216%3Bht_id%3D220%3Bht_id%3D221%3Btop_destinations%3D6012%3Buf%3D-2237624%3Buf%3D-2230854","","Amila Guest","Scored 8.4","8.4","Value for money 8.8","Amila Guest in Trincomalee provides accommodations with a garden, a terrace, and a shared lounge. This guest house provides free private parking, a shared kitchen, and free Wifi.","· 163 reviews","Opens in new window","Trincomalee","Show prices","Very Good","Show on map","https://cf.bstatic.com/xdata/images/hotel/square600/156155412.webp?k=07f70bb3eca75c96023d3f5c5a2cd901281e93a1bc2e69c3be3d7076b32f26c5&o="
"1777056365-101","https://www.booking.com/searchresults.html?label=bristol-XLwodozx2dVe8Ts0XeYuawS752260715469%3Apl%3Ata%3Ap1%3Ap2%3Aac%3Aap%3Aneg%3Afi%3Atikwd-869815001187%3Alp1009919%3Ali%3Adec%3Adm%3Appccp%3DUmFuZG9tSVYkc2RlIyh9YXdX6HrtnYy-Ml68sH-ljtU&aid=311984&dest_id=198&dest_type=country&group_adults=2&req_adults=2&no_rooms=1&broad_search_not_eligible=1&order=score&nflt=ht_id%3D204%3Bht_id%3D213%3Bht_id%3D216%3Bht_id%3D220%3Bht_id%3D221%3Btop_destinations%3D6012%3Buf%3D-2237624%3Buf%3D-2230854","","French garden Pragash Beach Hotel","Scored 8.4","8.4","Location 9.7","Located in Trincomalee, a 7-minute walk from Uppuveli beach, French garden Pragash Beach Hotel has accommodations with a private beach area, free private parking and a restaurant.","· 317 reviews","Opens in new window","Trincomalee","Show prices","Very Good","Show on map","https://cf.bstatic.com/xdata/images/hotel/square600/332555808.webp?k=2686f7e7dd1514a13460086c8e2de03026adfc1f1d09ed979d98a39807bbf34f&o="
"1777056365-102","https://www.booking.com/searchresults.html?label=bristol-XLwodozx2dVe8Ts0XeYuawS752260715469%3Apl%3Ata%3Ap1%3Ap2%3Aac%3Aap%3Aneg%3Afi%3Atikwd-869815001187%3Alp1009919%3Ali%3Adec%3Adm%3Appccp%3DUmFuZG9tSVYkc2RlIyh9YXdX6HrtnYy-Ml68sH-ljtU&aid=311984&dest_id=198&dest_type=country&group_adults=2&req_adults=2&no_rooms=1&broad_search_not_eligible=1&order=score&nflt=ht_id%3D204%3Bht_id%3D213%3Bht_id%3D216%3Bht_id%3D220%3Bht_id%3D221%3Btop_destinations%3D6012%3Buf%3D-2237624%3Buf%3D-2230854","","Villa Vianna","Scored 8.4","8.4","Location 9.4","Offering a garden, Villa Vianna offers accommodations in Nilaveli. This property offers access to a terrace and free private parking. Staff on site can arrange a shuttle service.","· 7 reviews","Opens in new window","Nilaveli","Show prices","Very Good","Show on map","https://cf.bstatic.com/xdata/images/hotel/square600/663350928.webp?k=7ac70acef6d787a4648efa1b85a068df240ab5200675b2664d9e473516f3ffa4&o="
"1777056365-103","https://www.booking.com/searchresults.html?label=bristol-XLwodozx2dVe8Ts0XeYuawS752260715469%3Apl%3Ata%3Ap1%3Ap2%3Aac%3Aap%3Aneg%3Afi%3Atikwd-869815001187%3Alp1009919%3Ali%3Adec%3Adm%3Appccp%3DUmFuZG9tSVYkc2RlIyh9YXdX6HrtnYy-Ml68sH-ljtU&aid=311984&dest_id=198&dest_type=country&group_adults=2&req_adults=2&no_rooms=1&broad_search_not_eligible=1&order=score&nflt=ht_id%3D204%3Bht_id%3D213%3Bht_id%3D216%3Bht_id%3D220%3Bht_id%3D221%3Btop_destinations%3D6012%3Buf%3D-2237624%3Buf%3D-2230854","","Bon Voyaage Tourist Inn","Scored 8.3","8.3","Value for money 8.6","Located in Trincomalee, a few steps from Uppuveli beach, Bon Voyaage Tourist Inn provides accommodations with a garden, free private parking and a shared lounge.","· 192 reviews","Opens in new window","Trincomalee","Show prices","Very Good","Show on map","https://cf.bstatic.com/xdata/images/hotel/square600/104937743.webp?k=4b2af6a5de543d5f60c7412c6cda406cfe0b323f66dc7ffd3b5b83b74a57c3f7&o="
"1777056365-104","https://www.booking.com/searchresults.html?label=bristol-XLwodozx2dVe8Ts0XeYuawS752260715469%3Apl%3Ata%3Ap1%3Ap2%3Aac%3Aap%3Aneg%3Afi%3Atikwd-869815001187%3Alp1009919%3Ali%3Adec%3Adm%3Appccp%3DUmFuZG9tSVYkc2RlIyh9YXdX6HrtnYy-Ml68sH-ljtU&aid=311984&dest_id=198&dest_type=country&group_adults=2&req_adults=2&no_rooms=1&broad_search_not_eligible=1&order=score&nflt=ht_id%3D204%3Bht_id%3D213%3Bht_id%3D216%3Bht_id%3D220%3Bht_id%3D221%3Btop_destinations%3D6012%3Buf%3D-2237624%3Buf%3D-2230854","","So-J Beach Villa","Scored 8.3","8.3","Location 9.5","So-J Beach Villa is a recently renovated villa in Trincomalee where guests can make the most of its outdoor swimming pool and garden. This property offers access to a terrace and free private parking....","· 196 reviews","Opens in new window","Trincomalee","Show prices","Very Good","Show on map","https://cf.bstatic.com/xdata/images/hotel/square600/797753023.webp?k=8a5b1e7fa8e6148598c9d541d79c81d81b0c361501f38236824b699018d9bed9&o="
"1777056365-105","https://www.booking.com/searchresults.html?label=bristol-XLwodozx2dVe8Ts0XeYuawS752260715469%3Apl%3Ata%3Ap1%3Ap2%3Aac%3Aap%3Aneg%3Afi%3Atikwd-869815001187%3Alp1009919%3Ali%3Adec%3Adm%3Appccp%3DUmFuZG9tSVYkc2RlIyh9YXdX6HrtnYy-Ml68sH-ljtU&aid=311984&dest_id=198&dest_type=country&group_adults=2&req_adults=2&no_rooms=1&broad_search_not_eligible=1&order=score&nflt=ht_id%3D204%3Bht_id%3D213%3Bht_id%3D216%3Bht_id%3D220%3Bht_id%3D221%3Btop_destinations%3D6012%3Buf%3D-2237624%3Buf%3D-2230854","","Sea Zone Hotel Nilaveli","Scored 8.3","8.3","","Featuring free WiFi and a terrace, Sea Zone Hotel Nilaveli offers accommodations in Nilaveli. Free private parking is available on site. Certain units include a seating area where you can relax.","· 176 reviews","Opens in new window","Nilaveli","Show prices","Very Good","Show on map","https://cf.bstatic.com/xdata/images/hotel/square600/187623097.webp?k=1a126b09372e1af7c7c3f3a2ad83f30e572130f2251e473698899ea8630c54c9&o="
"1777056365-106","https://www.booking.com/searchresults.html?label=bristol-XLwodozx2dVe8Ts0XeYuawS752260715469%3Apl%3Ata%3Ap1%3Ap2%3Aac%3Aap%3Aneg%3Afi%3Atikwd-869815001187%3Alp1009919%3Ali%3Adec%3Adm%3Appccp%3DUmFuZG9tSVYkc2RlIyh9YXdX6HrtnYy-Ml68sH-ljtU&aid=311984&dest_id=198&dest_type=country&group_adults=2&req_adults=2&no_rooms=1&broad_search_not_eligible=1&order=score&nflt=ht_id%3D204%3Bht_id%3D213%3Bht_id%3D216%3Bht_id%3D220%3Bht_id%3D221%3Btop_destinations%3D6012%3Buf%3D-2237624%3Buf%3D-2230854","","Natraj Guest House","Scored 8.3","8.3","Location 9.5","Offering garden views, Natraj Guest House in Trincomalee features accommodations and a garden. This property offers access to a terrace, free private parking, and free Wifi.","· 129 reviews","Opens in new window","Trincomalee","Show prices","Very Good","Show on map","https://cf.bstatic.com/xdata/images/hotel/square600/676598748.webp?k=0d294b674f1fafceaca2cc8ef9ab61c837194a635201da0ca360cf6d33fba375&o="
"1777056365-107","https://www.booking.com/searchresults.html?label=bristol-XLwodozx2dVe8Ts0XeYuawS752260715469%3Apl%3Ata%3Ap1%3Ap2%3Aac%3Aap%3Aneg%3Afi%3Atikwd-869815001187%3Alp1009919%3Ali%3Adec%3Adm%3Appccp%3DUmFuZG9tSVYkc2RlIyh9YXdX6HrtnYy-Ml68sH-ljtU&aid=311984&dest_id=198&dest_type=country&group_adults=2&req_adults=2&no_rooms=1&broad_search_not_eligible=1&order=score&nflt=ht_id%3D204%3Bht_id%3D213%3Bht_id%3D216%3Bht_id%3D220%3Bht_id%3D221%3Btop_destinations%3D6012%3Buf%3D-2237624%3Buf%3D-2230854","","Anandas Beach Resort","Scored 8.3","8.3","Location 9.7","Located in Trincomalee, a few steps from Uppuveli beach, Anandas Beach Resort has accommodations with a fitness center, free private parking, a garden and a private beach area.","· 48 reviews","Opens in new window","Trincomalee","Show prices","Very Good","Show on map","https://cf.bstatic.com/xdata/images/hotel/square600/476770371.webp?k=c42fa00d1d104f706b019f96186874ddac1150f3902caebca8595045e6629d91&o="
"1777056365-108","https://www.booking.com/searchresults.html?label=bristol-XLwodozx2dVe8Ts0XeYuawS752260715469%3Apl%3Ata%3Ap1%3Ap2%3Aac%3Aap%3Aneg%3Afi%3Atikwd-869815001187%3Alp1009919%3Ali%3Adec%3Adm%3Appccp%3DUmFuZG9tSVYkc2RlIyh9YXdX6HrtnYy-Ml68sH-ljtU&aid=311984&dest_id=198&dest_type=country&group_adults=2&req_adults=2&no_rooms=1&broad_search_not_eligible=1&order=score&nflt=ht_id%3D204%3Bht_id%3D213%3Bht_id%3D216%3Bht_id%3D220%3Bht_id%3D221%3Btop_destinations%3D6012%3Buf%3D-2237624%3Buf%3D-2230854","","Elvis Beach Resort","Scored 8.3","8.3","","Located in Trincomalee, a 6-minute walk from Uppuveli beach, Elvis Beach Resort has accommodations with a garden, free private parking, a private beach area and a terrace.","· 96 reviews","Opens in new window","Trincomalee","Show prices","Very Good","Show on map","https://cf.bstatic.com/xdata/images/hotel/square600/381836641.webp?k=1f89ddfe29d8af7c9b73bb07e3112160ea9b5b5f7e831668e77494aee529c20b&o="
"1777056365-109","https://www.booking.com/searchresults.html?label=bristol-XLwodozx2dVe8Ts0XeYuawS752260715469%3Apl%3Ata%3Ap1%3Ap2%3Aac%3Aap%3Aneg%3Afi%3Atikwd-869815001187%3Alp1009919%3Ali%3Adec%3Adm%3Appccp%3DUmFuZG9tSVYkc2RlIyh9YXdX6HrtnYy-Ml68sH-ljtU&aid=311984&dest_id=198&dest_type=country&group_adults=2&req_adults=2&no_rooms=1&broad_search_not_eligible=1&order=score&nflt=ht_id%3D204%3Bht_id%3D213%3Bht_id%3D216%3Bht_id%3D220%3Bht_id%3D221%3Btop_destinations%3D6012%3Buf%3D-2237624%3Buf%3D-2230854","","Akki's Hostel","Scored 8.3","8.3","Value for money 9.3","Offering sea views, Akki's Hostel in Trincomalee offers accommodations, a private beach area, a garden, a terrace, and a bar.","· 177 reviews","Opens in new window","Trincomalee","Show prices","Very Good","Show on map","https://cf.bstatic.com/xdata/images/hotel/square600/200971438.webp?k=73b41789dffe54430d0b50b62a870200f6214aed116f2e8d5595ee1731ae0d2b&o="
"1777056365-110","https://www.booking.com/searchresults.html?label=bristol-XLwodozx2dVe8Ts0XeYuawS752260715469%3Apl%3Ata%3Ap1%3Ap2%3Aac%3Aap%3Aneg%3Afi%3Atikwd-869815001187%3Alp1009919%3Ali%3Adec%3Adm%3Appccp%3DUmFuZG9tSVYkc2RlIyh9YXdX6HrtnYy-Ml68sH-ljtU&aid=311984&dest_id=198&dest_type=country&group_adults=2&req_adults=2&no_rooms=1&broad_search_not_eligible=1&order=score&nflt=ht_id%3D204%3Bht_id%3D213%3Bht_id%3D216%3Bht_id%3D220%3Bht_id%3D221%3Btop_destinations%3D6012%3Buf%3D-2237624%3Buf%3D-2230854","","Trinco Chill Zone Hostel","Scored 8.3","8.3","Value for money 8.6","Located in Trincomalee, a 11-minute walk from Uppuveli beach, Trinco Chill Zone Hostel has accommodations with a garden, free private parking, a shared lounge and a restaurant.","· 21 reviews","Opens in new window","Trincomalee","Show prices","Very Good","Show on map","https://cf.bstatic.com/xdata/images/hotel/square600/686644681.webp?k=b960dfa1f612f2fb744f93b022a34da458fc7cdb41035c6eb824bb347b59a496&o="
"1777056365-111","https://www.booking.com/searchresults.html?label=bristol-XLwodozx2dVe8Ts0XeYuawS752260715469%3Apl%3Ata%3Ap1%3Ap2%3Aac%3Aap%3Aneg%3Afi%3Atikwd-869815001187%3Alp1009919%3Ali%3Adec%3Adm%3Appccp%3DUmFuZG9tSVYkc2RlIyh9YXdX6HrtnYy-Ml68sH-ljtU&aid=311984&dest_id=198&dest_type=country&group_adults=2&req_adults=2&no_rooms=1&broad_search_not_eligible=1&order=score&nflt=ht_id%3D204%3Bht_id%3D213%3Bht_id%3D216%3Bht_id%3D220%3Bht_id%3D221%3Btop_destinations%3D6012%3Buf%3D-2237624%3Buf%3D-2230854","","Anukama Resort","Scored 8.3","8.3","","Located in Nilaveli, a 16-minute walk from Nilaveli Beach, Anukama Resort provides accommodations with an outdoor swimming pool, free private parking, a garden and a terrace.","· 284 reviews","Opens in new window","Nilaveli","Show prices","Very Good","Show on map","https://cf.bstatic.com/xdata/images/hotel/square600/372468703.webp?k=062b137e12a39dd2b7fd7ecb7a33bad2ad01ef74d541eeb1a3bb65bce739823f&o="
"1777056365-112","https://www.booking.com/searchresults.html?label=bristol-XLwodozx2dVe8Ts0XeYuawS752260715469%3Apl%3Ata%3Ap1%3Ap2%3Aac%3Aap%3Aneg%3Afi%3Atikwd-869815001187%3Alp1009919%3Ali%3Adec%3Adm%3Appccp%3DUmFuZG9tSVYkc2RlIyh9YXdX6HrtnYy-Ml68sH-ljtU&aid=311984&dest_id=198&dest_type=country&group_adults=2&req_adults=2&no_rooms=1&broad_search_not_eligible=1&order=score&nflt=ht_id%3D204%3Bht_id%3D213%3Bht_id%3D216%3Bht_id%3D220%3Bht_id%3D221%3Btop_destinations%3D6012%3Buf%3D-2237624%3Buf%3D-2230854","","Surf reef beach","Scored 8.3","8.3","","A 2-minute walk from Uppuveli beach in Trincomalee, Surf reef beach features accommodations with access to a hot spring bath, spa center, and public bath.","· 65 reviews","Opens in new window","Trincomalee","Show prices","Very Good","Show on map","https://cf.bstatic.com/xdata/images/hotel/square600/571117647.webp?k=876ee5e3f81eac74d8604d836be12d40cb16579024584e974364fc65897894c2&o="
"1777056365-113","https://www.booking.com/searchresults.html?label=bristol-XLwodozx2dVe8Ts0XeYuawS752260715469%3Apl%3Ata%3Ap1%3Ap2%3Aac%3Aap%3Aneg%3Afi%3Atikwd-869815001187%3Alp1009919%3Ali%3Adec%3Adm%3Appccp%3DUmFuZG9tSVYkc2RlIyh9YXdX6HrtnYy-Ml68sH-ljtU&aid=311984&dest_id=198&dest_type=country&group_adults=2&req_adults=2&no_rooms=1&broad_search_not_eligible=1&order=score&nflt=ht_id%3D204%3Bht_id%3D213%3Bht_id%3D216%3Bht_id%3D220%3Bht_id%3D221%3Btop_destinations%3D6012%3Buf%3D-2237624%3Buf%3D-2230854","","NR Villa Nilaveli","Scored 8.3","8.3","Value for money 8.8","NR Villa Nilaveli is located in Nilaveli, just a 9-minute walk from Nilaveli Beach and 2.2 miles from Pigeon Island National Park. The guest house features both Wifi and private parking free of...","· 67 reviews","Opens in new window","Nilaveli","Show prices","Very Good","Show on map","https://cf.bstatic.com/xdata/images/hotel/square600/454353034.webp?k=2fe37af5ff2ba5c8da8645da5043c83d78bcea9b8a11323f08fbdc886139f584&o="
"1777056365-114","https://www.booking.com/searchresults.html?label=bristol-XLwodozx2dVe8Ts0XeYuawS752260715469%3Apl%3Ata%3Ap1%3Ap2%3Aac%3Aap%3Aneg%3Afi%3Atikwd-869815001187%3Alp1009919%3Ali%3Adec%3Adm%3Appccp%3DUmFuZG9tSVYkc2RlIyh9YXdX6HrtnYy-Ml68sH-ljtU&aid=311984&dest_id=198&dest_type=country&group_adults=2&req_adults=2&no_rooms=1&broad_search_not_eligible=1&order=score&nflt=ht_id%3D204%3Bht_id%3D213%3Bht_id%3D216%3Bht_id%3D220%3Bht_id%3D221%3Btop_destinations%3D6012%3Buf%3D-2237624%3Buf%3D-2230854","","Golden Beach Cottages","Scored 8.2","8.2","Location 9.7","Golden Beach Cottages is located on Uppuveli beach in Trincomalee. Free WiFi access is available. Each air-conditioned room here will provide you with a seating area. The private bathroom comes...","· 512 reviews","Opens in new window","Trincomalee","Show prices","Very Good","Show on map","https://cf.bstatic.com/xdata/images/hotel/square600/359940568.webp?k=ab43f58c636394a73a7622e091290c42f58acbf7345d2c64229d2f19296464d2&o="
"1777056365-115","https://www.booking.com/searchresults.html?label=bristol-XLwodozx2dVe8Ts0XeYuawS752260715469%3Apl%3Ata%3Ap1%3Ap2%3Aac%3Aap%3Aneg%3Afi%3Atikwd-869815001187%3Alp1009919%3Ali%3Adec%3Adm%3Appccp%3DUmFuZG9tSVYkc2RlIyh9YXdX6HrtnYy-Ml68sH-ljtU&aid=311984&dest_id=198&dest_type=country&group_adults=2&req_adults=2&no_rooms=1&broad_search_not_eligible=1&order=score&nflt=ht_id%3D204%3Bht_id%3D213%3Bht_id%3D216%3Bht_id%3D220%3Bht_id%3D221%3Btop_destinations%3D6012%3Buf%3D-2237624%3Buf%3D-2230854","","Sajee Residence Trincomalee","Scored 8.2","8.2","Value for money 8.5","Sajee Residence Trincomalee features a hot tub and spa facilities, as well as air-conditioned accommodations in Trincomalee, one mile from Uppuveli beach.","· 50 reviews","Opens in new window","Trincomalee","Show prices","Very Good","Show on map","https://cf.bstatic.com/xdata/images/hotel/square600/741499551.webp?k=07032454632d3e9f074a0f6a81d5f844e123fe1ec7c274751b63edfd2dd831b8&o="
"1777056365-116","https://www.booking.com/searchresults.html?label=bristol-XLwodozx2dVe8Ts0XeYuawS752260715469%3Apl%3Ata%3Ap1%3Ap2%3Aac%3Aap%3Aneg%3Afi%3Atikwd-869815001187%3Alp1009919%3Ali%3Adec%3Adm%3Appccp%3DUmFuZG9tSVYkc2RlIyh9YXdX6HrtnYy-Ml68sH-ljtU&aid=311984&dest_id=198&dest_type=country&group_adults=2&req_adults=2&no_rooms=1&broad_search_not_eligible=1&order=score&nflt=ht_id%3D204%3Bht_id%3D213%3Bht_id%3D216%3Bht_id%3D220%3Bht_id%3D221%3Btop_destinations%3D6012%3Buf%3D-2237624%3Buf%3D-2230854","","Nilaveli Beach Hotel","Scored 8.2","8.2","","This hotel is nestled on Nilavali Beach, a 10-minute boat ride from Pigeon Island. There is no available WiFi, a large outdoor pool and spacious rooms with views of the ocean.","· 124 reviews","Opens in new window","Nilaveli","Show prices","Very Good","Show on map","https://cf.bstatic.com/xdata/images/hotel/square600/490930529.webp?k=29d858bb2f042ba9d4060e6fecaebcc8ed942d3b1d15ca8f6bcde7b588f221c0&o="
"1777056365-117","https://www.booking.com/searchresults.html?label=bristol-XLwodozx2dVe8Ts0XeYuawS752260715469%3Apl%3Ata%3Ap1%3Ap2%3Aac%3Aap%3Aneg%3Afi%3Atikwd-869815001187%3Alp1009919%3Ali%3Adec%3Adm%3Appccp%3DUmFuZG9tSVYkc2RlIyh9YXdX6HrtnYy-Ml68sH-ljtU&aid=311984&dest_id=198&dest_type=country&group_adults=2&req_adults=2&no_rooms=1&broad_search_not_eligible=1&order=score&nflt=ht_id%3D204%3Bht_id%3D213%3Bht_id%3D216%3Bht_id%3D220%3Bht_id%3D221%3Btop_destinations%3D6012%3Buf%3D-2237624%3Buf%3D-2230854","","Anantamaa Hotel","Scored 8.2","8.2","Location 9.3","Anantamaa Hotel is tucked away in Trincomalee just steps away from the beach. Enjoy soothing spa treatments at the wellness center or spend a quiet afternoon relaxing by the outdoor pool.","· 91 reviews","Opens in new window","Trincomalee","Show prices","Very Good","Show on map","https://cf.bstatic.com/xdata/images/hotel/square600/498164780.webp?k=450a5a9c222b3e697c814a9ececa405a61e9d80a351dc2c87b2a0e1ec7a7f65e&o="
"1777056365-118","https://www.booking.com/searchresults.html?label=bristol-XLwodozx2dVe8Ts0XeYuawS752260715469%3Apl%3Ata%3Ap1%3Ap2%3Aac%3Aap%3Aneg%3Afi%3Atikwd-869815001187%3Alp1009919%3Ali%3Adec%3Adm%3Appccp%3DUmFuZG9tSVYkc2RlIyh9YXdX6HrtnYy-Ml68sH-ljtU&aid=311984&dest_id=198&dest_type=country&group_adults=2&req_adults=2&no_rooms=1&broad_search_not_eligible=1&order=score&nflt=ht_id%3D204%3Bht_id%3D213%3Bht_id%3D216%3Bht_id%3D220%3Bht_id%3D221%3Btop_destinations%3D6012%3Buf%3D-2237624%3Buf%3D-2230854","","Trintrip Residence","Scored 8.2","8.2","Value for money 8.9","Trintrip Residence is a recently renovated vacation home in Trincomalee, near Uppuveli beach. This property offers access to a terrace, free private parking, and free Wifi.","· 28 reviews","Opens in new window","Trincomalee","Show prices","Very Good","Show on map","https://cf.bstatic.com/xdata/images/hotel/square600/640624325.webp?k=36b2ad3d6efc960d9db596edb076ad00d41b84954ec1e20a247f16a4f57b9345&o="
"1777056365-119","https://www.booking.com/searchresults.html?label=bristol-XLwodozx2dVe8Ts0XeYuawS752260715469%3Apl%3Ata%3Ap1%3Ap2%3Aac%3Aap%3Aneg%3Afi%3Atikwd-869815001187%3Alp1009919%3Ali%3Adec%3Adm%3Appccp%3DUmFuZG9tSVYkc2RlIyh9YXdX6HrtnYy-Ml68sH-ljtU&aid=311984&dest_id=198&dest_type=country&group_adults=2&req_adults=2&no_rooms=1&broad_search_not_eligible=1&order=score&nflt=ht_id%3D204%3Bht_id%3D213%3Bht_id%3D216%3Bht_id%3D220%3Bht_id%3D221%3Btop_destinations%3D6012%3Buf%3D-2237624%3Buf%3D-2230854","","Dutch Villa - Trincomalee","Scored 8.2","8.2","Value for money 8.5","Just a few steps from Dutch Bay Beach and a 3-minute walk from Maritime and Naval History Museum, Dutch Villa - Trincomalee features accommodations in Trincomalee, with a private beach area, a garden,...","· 301 reviews","Opens in new window","Trincomalee","Show prices","Very Good","Show on map","https://cf.bstatic.com/xdata/images/hotel/square600/732011777.webp?k=622c154bdcf0cbcfa3451852302eded2fdf62b21aca34ce1969a89e6cc7230cc&o="
"1777056365-120","https://www.booking.com/searchresults.html?label=bristol-XLwodozx2dVe8Ts0XeYuawS752260715469%3Apl%3Ata%3Ap1%3Ap2%3Aac%3Aap%3Aneg%3Afi%3Atikwd-869815001187%3Alp1009919%3Ali%3Adec%3Adm%3Appccp%3DUmFuZG9tSVYkc2RlIyh9YXdX6HrtnYy-Ml68sH-ljtU&aid=311984&dest_id=198&dest_type=country&group_adults=2&req_adults=2&no_rooms=1&broad_search_not_eligible=1&order=score&nflt=ht_id%3D204%3Bht_id%3D213%3Bht_id%3D216%3Bht_id%3D220%3Bht_id%3D221%3Btop_destinations%3D6012%3Buf%3D-2237624%3Buf%3D-2230854","","Bon Voyaage Villa","Scored 8.2","8.2","","Just a 16-minute walk from Trincomalee Railway Station and 0.9 miles from Fort Frederick, Bon Voyaage Villa features accommodations in Trincomalee, with a garden.","· 5 reviews","Opens in new window","Trincomalee","Show prices","Very Good","Show on map","https://cf.bstatic.com/xdata/images/hotel/square600/819487408.webp?k=892f6d6e8bba4a2de10c0eba5c77ff48dfacfa6380bc32ac110617ddf8acb236&o="
"1777056365-121","https://www.booking.com/searchresults.html?label=bristol-XLwodozx2dVe8Ts0XeYuawS752260715469%3Apl%3Ata%3Ap1%3Ap2%3Aac%3Aap%3Aneg%3Afi%3Atikwd-869815001187%3Alp1009919%3Ali%3Adec%3Adm%3Appccp%3DUmFuZG9tSVYkc2RlIyh9YXdX6HrtnYy-Ml68sH-ljtU&aid=311984&dest_id=198&dest_type=country&group_adults=2&req_adults=2&no_rooms=1&broad_search_not_eligible=1&order=score&nflt=ht_id%3D204%3Bht_id%3D213%3Bht_id%3D216%3Bht_id%3D220%3Bht_id%3D221%3Btop_destinations%3D6012%3Buf%3D-2237624%3Buf%3D-2230854","","Nethu beach villa","Scored 8.2","8.2","Value for money 8.5","Nethu beach villa is a recently renovated villa in Trincomalee where guests can make the most of its open-air bath and garden. With garden views, this accommodation provides a terrace.","· 5 reviews","Opens in new window","Trincomalee","Show prices","Very Good","Show on map","https://cf.bstatic.com/xdata/images/hotel/square600/759504116.webp?k=5d4736765af99a563aa5f6374087dd577fc0f6c61f063b81aba7d88bf699c96d&o="
"1777056365-122","https://www.booking.com/searchresults.html?label=bristol-XLwodozx2dVe8Ts0XeYuawS752260715469%3Apl%3Ata%3Ap1%3Ap2%3Aac%3Aap%3Aneg%3Afi%3Atikwd-869815001187%3Alp1009919%3Ali%3Adec%3Adm%3Appccp%3DUmFuZG9tSVYkc2RlIyh9YXdX6HrtnYy-Ml68sH-ljtU&aid=311984&dest_id=198&dest_type=country&group_adults=2&req_adults=2&no_rooms=1&broad_search_not_eligible=1&order=score&nflt=ht_id%3D204%3Bht_id%3D213%3Bht_id%3D216%3Bht_id%3D220%3Bht_id%3D221%3Btop_destinations%3D6012%3Buf%3D-2237624%3Buf%3D-2230854","","Sunstar Nilaveli","Scored 8.1","8.1","Value for money 8.5","Located in Trincomalee, a 8-minute walk from Nilaveli Beach, Sunstar Nilaveli provides accommodations with a garden, free private parking, a terrace and a restaurant.","· 58 reviews","Opens in new window","Trincomalee","Show prices","Very Good","Show on map","https://cf.bstatic.com/xdata/images/hotel/square600/233589397.webp?k=b5e0378e6cf076329cea003d5ef7968a84bfd2edc025458ad76415ff476695c7&o="
"1777056365-123","https://www.booking.com/searchresults.html?label=bristol-XLwodozx2dVe8Ts0XeYuawS752260715469%3Apl%3Ata%3Ap1%3Ap2%3Aac%3Aap%3Aneg%3Afi%3Atikwd-869815001187%3Alp1009919%3Ali%3Adec%3Adm%3Appccp%3DUmFuZG9tSVYkc2RlIyh9YXdX6HrtnYy-Ml68sH-ljtU&aid=311984&dest_id=198&dest_type=country&group_adults=2&req_adults=2&no_rooms=1&broad_search_not_eligible=1&order=score&nflt=ht_id%3D204%3Bht_id%3D213%3Bht_id%3D216%3Bht_id%3D220%3Bht_id%3D221%3Btop_destinations%3D6012%3Buf%3D-2237624%3Buf%3D-2230854","","Paris Garden Resort","Scored 8.1","8.1","Value for money 8.5","Paris Garden Resort is located in Trincomalee, just 2.7 miles from Kanniya Hot Springs and 3.5 miles from Trincomalee Railway Station.","· 194 reviews","Opens in new window","Trincomalee","Show prices","Very Good","Show on map","https://cf.bstatic.com/xdata/images/hotel/square600/520302655.webp?k=f5bfef5d440c1d2953f72199ccea86ca9f101750979255a9a34558c377eb79df&o="
"1777056365-124","https://www.booking.com/searchresults.html?label=bristol-XLwodozx2dVe8Ts0XeYuawS752260715469%3Apl%3Ata%3Ap1%3Ap2%3Aac%3Aap%3Aneg%3Afi%3Atikwd-869815001187%3Alp1009919%3Ali%3Adec%3Adm%3Appccp%3DUmFuZG9tSVYkc2RlIyh9YXdX6HrtnYy-Ml68sH-ljtU&aid=311984&dest_id=198&dest_type=country&group_adults=2&req_adults=2&no_rooms=1&broad_search_not_eligible=1&order=score&nflt=ht_id%3D204%3Bht_id%3D213%3Bht_id%3D216%3Bht_id%3D220%3Bht_id%3D221%3Btop_destinations%3D6012%3Buf%3D-2237624%3Buf%3D-2230854","","Black Forest Beach Resort","Scored 8.1","8.1","Location 9.6","Located in Nilaveli, 1.4 miles from Nilaveli Beach, Black Forest Beach Resort has accommodations with free bikes, free private parking, a garden and a private beach area.","· 24 reviews","Opens in new window","Nilaveli","Show prices","Very Good","Show on map","https://cf.bstatic.com/xdata/images/hotel/square600/578756566.webp?k=de8acecf84bdca79e8808c32ae93a93905e94122be755c8d40830c751efaa713&o="
"1777056365-125","https://www.booking.com/searchresults.html?label=bristol-XLwodozx2dVe8Ts0XeYuawS752260715469%3Apl%3Ata%3Ap1%3Ap2%3Aac%3Aap%3Aneg%3Afi%3Atikwd-869815001187%3Alp1009919%3Ali%3Adec%3Adm%3Appccp%3DUmFuZG9tSVYkc2RlIyh9YXdX6HrtnYy-Ml68sH-ljtU&aid=311984&dest_id=198&dest_type=country&group_adults=2&req_adults=2&no_rooms=1&broad_search_not_eligible=1&order=score&nflt=ht_id%3D204%3Bht_id%3D213%3Bht_id%3D216%3Bht_id%3D220%3Bht_id%3D221%3Btop_destinations%3D6012%3Buf%3D-2237624%3Buf%3D-2230854","","Blue Diamond Resort","Scored 8.1","8.1","","Featuring quiet street views, Blue Diamond Resort in Trincomalee provides accommodations, an indoor pool, a terrace, a bar, and a shared lounge.","· 511 reviews","Opens in new window","Trincomalee","Show prices","Very Good","Show on map","https://cf.bstatic.com/xdata/images/hotel/square600/821883280.webp?k=acf6639c6ed9aba5840cc06b77f2b02a2ef572d52154b7c42b743983e33f3558&o="
"1777056365-126","https://www.booking.com/searchresults.html?label=bristol-XLwodozx2dVe8Ts0XeYuawS752260715469%3Apl%3Ata%3Ap1%3Ap2%3Aac%3Aap%3Aneg%3Afi%3Atikwd-869815001187%3Alp1009919%3Ali%3Adec%3Adm%3Appccp%3DUmFuZG9tSVYkc2RlIyh9YXdX6HrtnYy-Ml68sH-ljtU&aid=311984&dest_id=198&dest_type=country&group_adults=2&req_adults=2&no_rooms=1&broad_search_not_eligible=1&order=score&nflt=ht_id%3D204%3Bht_id%3D213%3Bht_id%3D216%3Bht_id%3D220%3Bht_id%3D221%3Btop_destinations%3D6012%3Buf%3D-2237624%3Buf%3D-2230854","","KPN Trinco Holiday Resort","Scored 8.1","8.1","Value for money 8.6","Located in Trincomalee, within a 14-minute walk of Uppuveli beach and 2.3 miles of Kanniya Hot Springs, KPN Trinco Holiday Resort provides accommodations with a garden as well as free private parking...","· 33 reviews","Opens in new window","Trincomalee","Show prices","Very Good","Show on map","https://cf.bstatic.com/xdata/images/hotel/square600/445487897.webp?k=ef6be1c245672031bd65586f269a10a24d7b2949c700298c83bfbc9ec272ff02&o="
"1777056365-127","https://www.booking.com/searchresults.html?label=bristol-XLwodozx2dVe8Ts0XeYuawS752260715469%3Apl%3Ata%3Ap1%3Ap2%3Aac%3Aap%3Aneg%3Afi%3Atikwd-869815001187%3Alp1009919%3Ali%3Adec%3Adm%3Appccp%3DUmFuZG9tSVYkc2RlIyh9YXdX6HrtnYy-Ml68sH-ljtU&aid=311984&dest_id=198&dest_type=country&group_adults=2&req_adults=2&no_rooms=1&broad_search_not_eligible=1&order=score&nflt=ht_id%3D204%3Bht_id%3D213%3Bht_id%3D216%3Bht_id%3D220%3Bht_id%3D221%3Btop_destinations%3D6012%3Buf%3D-2237624%3Buf%3D-2230854","","The Reef Resort","Scored 8.1","8.1","","Located in Nilaveli, a 2-minute walk from Nilaveli Beach, The Reef Resort has accommodations with an outdoor swimming pool, free private parking, a garden and a terrace.","· 308 reviews","Opens in new window","Nilaveli","Show prices","Very Good","Show on map","https://cf.bstatic.com/xdata/images/hotel/square600/527643612.webp?k=e9b5816fc83741292ca72ef3fb9219dbd48985f4162b5cee6aa5108ad1451ef5&o="
"1777056365-128","https://www.booking.com/searchresults.html?label=bristol-XLwodozx2dVe8Ts0XeYuawS752260715469%3Apl%3Ata%3Ap1%3Ap2%3Aac%3Aap%3Aneg%3Afi%3Atikwd-869815001187%3Alp1009919%3Ali%3Adec%3Adm%3Appccp%3DUmFuZG9tSVYkc2RlIyh9YXdX6HrtnYy-Ml68sH-ljtU&aid=311984&dest_id=198&dest_type=country&group_adults=2&req_adults=2&no_rooms=1&broad_search_not_eligible=1&order=score&nflt=ht_id%3D204%3Bht_id%3D213%3Bht_id%3D216%3Bht_id%3D220%3Bht_id%3D221%3Btop_destinations%3D6012%3Buf%3D-2237624%3Buf%3D-2230854","","Mithra Paradise Beach Hotel","Scored 8.1","8.1","Location 9.4","Mithra Paradise Beach Hotel is located on the beachfront in Nilaveli, a 2-minute walk from Nilaveli Beach and 3.8 miles from Pigeon Island National Park.","· 302 reviews","Opens in new window","Nilaveli","Show prices","Very Good","Show on map","https://cf.bstatic.com/xdata/images/hotel/square600/441108358.webp?k=f28efc9d309fa846a10f26341733c0ab7e1e47a797173a0d6ea5eb338d5e11b0&o="
"1777056365-129","https://www.booking.com/searchresults.html?label=bristol-XLwodozx2dVe8Ts0XeYuawS752260715469%3Apl%3Ata%3Ap1%3Ap2%3Aac%3Aap%3Aneg%3Afi%3Atikwd-869815001187%3Alp1009919%3Ali%3Adec%3Adm%3Appccp%3DUmFuZG9tSVYkc2RlIyh9YXdX6HrtnYy-Ml68sH-ljtU&aid=311984&dest_id=198&dest_type=country&group_adults=2&req_adults=2&no_rooms=1&broad_search_not_eligible=1&order=score&nflt=ht_id%3D204%3Bht_id%3D213%3Bht_id%3D216%3Bht_id%3D220%3Bht_id%3D221%3Btop_destinations%3D6012%3Buf%3D-2237624%3Buf%3D-2230854","","Holiday Villa","Scored 8.1","8.1","Value for money 8.8","Just a 15-minute walk from Uppuveli beach and half a mile from Trincomalee Railway Station, Holiday Villa features accommodations in Trincomalee, with a terrace.","· 119 reviews","Opens in new window","Trincomalee","Show prices","Very Good","Show on map","https://cf.bstatic.com/xdata/images/hotel/square600/115609433.webp?k=bf7d3c3df746a4457b2b28cee4a5200da9e4e95e87afac9a2e8fccb43a82bcc2&o="
"1777056365-130","https://www.booking.com/searchresults.html?label=bristol-XLwodozx2dVe8Ts0XeYuawS752260715469%3Apl%3Ata%3Ap1%3Ap2%3Aac%3Aap%3Aneg%3Afi%3Atikwd-869815001187%3Alp1009919%3Ali%3Adec%3Adm%3Appccp%3DUmFuZG9tSVYkc2RlIyh9YXdX6HrtnYy-Ml68sH-ljtU&aid=311984&dest_id=198&dest_type=country&group_adults=2&req_adults=2&no_rooms=1&broad_search_not_eligible=1&order=score&nflt=ht_id%3D204%3Bht_id%3D213%3Bht_id%3D216%3Bht_id%3D220%3Bht_id%3D221%3Btop_destinations%3D6012%3Buf%3D-2237624%3Buf%3D-2230854","","Luna Beach Hotel","Scored 8.1","8.1","","Featuring free WiFi throughout the property, Luna Beach hotel offers pet-friendly accommodations in Nilaveli. All rooms feature air conditioning and a refrigerator.","· 200 reviews","Opens in new window","Nilaveli","Show prices","Very Good","Show on map","https://cf.bstatic.com/xdata/images/hotel/square600/162353026.webp?k=2681a8a1e56ac110bed6286a6bf1d1ad9df3084d8ede444c067c89c5b5289a9e&o="
"1777056365-131","https://www.booking.com/searchresults.html?label=bristol-XLwodozx2dVe8Ts0XeYuawS752260715469%3Apl%3Ata%3Ap1%3Ap2%3Aac%3Aap%3Aneg%3Afi%3Atikwd-869815001187%3Alp1009919%3Ali%3Adec%3Adm%3Appccp%3DUmFuZG9tSVYkc2RlIyh9YXdX6HrtnYy-Ml68sH-ljtU&aid=311984&dest_id=198&dest_type=country&group_adults=2&req_adults=2&no_rooms=1&broad_search_not_eligible=1&order=score&nflt=ht_id%3D204%3Bht_id%3D213%3Bht_id%3D216%3Bht_id%3D220%3Bht_id%3D221%3Btop_destinations%3D6012%3Buf%3D-2237624%3Buf%3D-2230854","","Catamaran6 Guest Inn","Scored 8.1","8.1","","Located in Trincomalee, a 7-minute walk from Uppuveli beach, Catamaran6 Guest Inn features views of the city. The property is around 1.1 miles from Gokana Temple, 1.2 miles from St.","· 64 reviews","Opens in new window","Trincomalee","Show prices","Very Good","Show on map","https://cf.bstatic.com/xdata/images/hotel/square600/432008059.webp?k=e11ac9fd26c538d2e82ee2c9fac6f1524c49cc30766b341d0361a4a3082f2684&o="
"1777056365-132","https://www.booking.com/searchresults.html?label=bristol-XLwodozx2dVe8Ts0XeYuawS752260715469%3Apl%3Ata%3Ap1%3Ap2%3Aac%3Aap%3Aneg%3Afi%3Atikwd-869815001187%3Alp1009919%3Ali%3Adec%3Adm%3Appccp%3DUmFuZG9tSVYkc2RlIyh9YXdX6HrtnYy-Ml68sH-ljtU&aid=311984&dest_id=198&dest_type=country&group_adults=2&req_adults=2&no_rooms=1&broad_search_not_eligible=1&order=score&nflt=ht_id%3D204%3Bht_id%3D213%3Bht_id%3D216%3Bht_id%3D220%3Bht_id%3D221%3Btop_destinations%3D6012%3Buf%3D-2237624%3Buf%3D-2230854","","Blue Sand Beach Resort","Scored 8.0","8.0","Location 9.3","Located in Trincomalee, a few steps from Uppuveli beach, Blue Sand Beach Resort has accommodations with a garden, free private parking, a private beach area and a restaurant.","· 136 reviews","Opens in new window","Trincomalee","Show prices","Very Good","Show on map","https://cf.bstatic.com/xdata/images/hotel/square600/263758974.webp?k=e9958330af8070f205764f53ddd9951cf903de9187db2eafc0d3e6c3a8d66961&o="
"1777056365-133","https://www.booking.com/searchresults.html?label=bristol-XLwodozx2dVe8Ts0XeYuawS752260715469%3Apl%3Ata%3Ap1%3Ap2%3Aac%3Aap%3Aneg%3Afi%3Atikwd-869815001187%3Alp1009919%3Ali%3Adec%3Adm%3Appccp%3DUmFuZG9tSVYkc2RlIyh9YXdX6HrtnYy-Ml68sH-ljtU&aid=311984&dest_id=198&dest_type=country&group_adults=2&req_adults=2&no_rooms=1&broad_search_not_eligible=1&order=score&nflt=ht_id%3D204%3Bht_id%3D213%3Bht_id%3D216%3Bht_id%3D220%3Bht_id%3D221%3Btop_destinations%3D6012%3Buf%3D-2237624%3Buf%3D-2230854","","Trinco Star Cabana","Scored 8.0","8.0","Location 9.4","Trinco Star Cabana is located in Trincomalee, a 7-minute walk from Uppuveli beach and 2.5 miles from Kanniya Hot Springs.","· 122 reviews","Opens in new window","Trincomalee","Show prices","Very Good","Show on map","https://cf.bstatic.com/xdata/images/hotel/square600/681975079.webp?k=cb5c8f499f2504fb4f283f4a65bc7c5bd874312cc0151771c2aa4ae1b8a2620d&o="
"1777056365-134","https://www.booking.com/searchresults.html?label=bristol-XLwodozx2dVe8Ts0XeYuawS752260715469%3Apl%3Ata%3Ap1%3Ap2%3Aac%3Aap%3Aneg%3Afi%3Atikwd-869815001187%3Alp1009919%3Ali%3Adec%3Adm%3Appccp%3DUmFuZG9tSVYkc2RlIyh9YXdX6HrtnYy-Ml68sH-ljtU&aid=311984&dest_id=198&dest_type=country&group_adults=2&req_adults=2&no_rooms=1&broad_search_not_eligible=1&order=score&nflt=ht_id%3D204%3Bht_id%3D213%3Bht_id%3D216%3Bht_id%3D220%3Bht_id%3D221%3Btop_destinations%3D6012%3Buf%3D-2237624%3Buf%3D-2230854","","Trinco Beach by DSK","Scored 8.0","8.0","","Located in Trincomalee, a few steps from Dutch Bay Beach, Trinco Beach by DSK provides accommodations with free bikes, free private parking, a restaurant and a bar.","· 393 reviews","Opens in new window","Trincomalee","Show prices","Very Good","Show on map","https://cf.bstatic.com/xdata/images/hotel/square600/435033509.webp?k=b150d1166d1a54e41ba24ace7e14d18580d9d02a7cdfc3f162a266165715ce71&o="
"1777056365-135","https://www.booking.com/searchresults.html?label=bristol-XLwodozx2dVe8Ts0XeYuawS752260715469%3Apl%3Ata%3Ap1%3Ap2%3Aac%3Aap%3Aneg%3Afi%3Atikwd-869815001187%3Alp1009919%3Ali%3Adec%3Adm%3Appccp%3DUmFuZG9tSVYkc2RlIyh9YXdX6HrtnYy-Ml68sH-ljtU&aid=311984&dest_id=198&dest_type=country&group_adults=2&req_adults=2&no_rooms=1&broad_search_not_eligible=1&order=score&nflt=ht_id%3D204%3Bht_id%3D213%3Bht_id%3D216%3Bht_id%3D220%3Bht_id%3D221%3Btop_destinations%3D6012%3Buf%3D-2237624%3Buf%3D-2230854","","Reheboth Hotel","Scored 8.0","8.0","Value for money 9.0","Featuring 4-star accommodations, Reheboth Hotel is located in Trincomalee, 1.6 miles from Uppuveli beach and 3.4 miles from Kanniya Hot Springs.","· 5 reviews","Opens in new window","Trincomalee","Show prices","Very Good","Show on map","https://cf.bstatic.com/xdata/images/hotel/square600/675298805.webp?k=56c7b7b54f09136c459945e28993792f1848b9fd632b87ab3cf83051af14de66&o="
"1777056365-136","https://www.booking.com/searchresults.html?label=bristol-XLwodozx2dVe8Ts0XeYuawS752260715469%3Apl%3Ata%3Ap1%3Ap2%3Aac%3Aap%3Aneg%3Afi%3Atikwd-869815001187%3Alp1009919%3Ali%3Adec%3Adm%3Appccp%3DUmFuZG9tSVYkc2RlIyh9YXdX6HrtnYy-Ml68sH-ljtU&aid=311984&dest_id=198&dest_type=country&group_adults=2&req_adults=2&no_rooms=1&broad_search_not_eligible=1&order=score&nflt=ht_id%3D204%3Bht_id%3D213%3Bht_id%3D216%3Bht_id%3D220%3Bht_id%3D221%3Btop_destinations%3D6012%3Buf%3D-2237624%3Buf%3D-2230854","","Crescent Sea Resort","Scored 8.0","8.0","","Offering a barbecue and views of the garden, Crescent Sea Resort is located in Nilaveli, 8.7 mi from Trincomalee. Guests can enjoy the on-site restaurant. Free private parking is available on site.","· 153 reviews","Opens in new window","Nilaveli","Show prices","Very Good","Show on map","https://cf.bstatic.com/xdata/images/hotel/square600/254697650.webp?k=2598384d71e26a635c714232ff95766752aa4988f87339a4067bd8f9dcf5af35&o="
"1777056365-137","https://www.booking.com/searchresults.html?label=bristol-XLwodozx2dVe8Ts0XeYuawS752260715469%3Apl%3Ata%3Ap1%3Ap2%3Aac%3Aap%3Aneg%3Afi%3Atikwd-869815001187%3Alp1009919%3Ali%3Adec%3Adm%3Appccp%3DUmFuZG9tSVYkc2RlIyh9YXdX6HrtnYy-Ml68sH-ljtU&aid=311984&dest_id=198&dest_type=country&group_adults=2&req_adults=2&no_rooms=1&broad_search_not_eligible=1&order=score&nflt=ht_id%3D204%3Bht_id%3D213%3Bht_id%3D216%3Bht_id%3D220%3Bht_id%3D221%3Btop_destinations%3D6012%3Buf%3D-2237624%3Buf%3D-2230854","","La Maison de Trinco","Scored 8.0","8.0","","La Maison de Trinco is located in Trincomalee, just a 17-minute walk from Kali Kovil and 0.8 miles from Gokana Temple. This beachfront property offers access to a balcony.","· 17 reviews","Opens in new window","Trincomalee","Show prices","Very Good","Show on map","https://cf.bstatic.com/xdata/images/hotel/square600/597441982.webp?k=5db97e24e2d9d6ff71e5141973dbd27afa8237fd54c4077c77b61c4280cda67f&o="
"1777056365-138","https://www.booking.com/searchresults.html?label=bristol-XLwodozx2dVe8Ts0XeYuawS752260715469%3Apl%3Ata%3Ap1%3Ap2%3Aac%3Aap%3Aneg%3Afi%3Atikwd-869815001187%3Alp1009919%3Ali%3Adec%3Adm%3Appccp%3DUmFuZG9tSVYkc2RlIyh9YXdX6HrtnYy-Ml68sH-ljtU&aid=311984&dest_id=198&dest_type=country&group_adults=2&req_adults=2&no_rooms=1&broad_search_not_eligible=1&order=score&nflt=ht_id%3D204%3Bht_id%3D213%3Bht_id%3D216%3Bht_id%3D220%3Bht_id%3D221%3Btop_destinations%3D6012%3Buf%3D-2237624%3Buf%3D-2230854","","BEACH LIFE UPPUVELI","Scored 8.0","8.0","Value for money 8.8","Providing garden views, BEACH LIFE UPPUVELI in Trincomalee provides accommodations, a private beach area, free bikes, a garden, and a shared lounge.","· 275 reviews","Opens in new window","Trincomalee","Show prices","Very Good","Show on map","https://cf.bstatic.com/xdata/images/hotel/square600/761016947.webp?k=a2a0a030abe38a8492f6815d732d5555d935641a9860485f98b922f6b7d37fb0&o="
"1777056365-139","https://www.booking.com/searchresults.html?label=bristol-XLwodozx2dVe8Ts0XeYuawS752260715469%3Apl%3Ata%3Ap1%3Ap2%3Aac%3Aap%3Aneg%3Afi%3Atikwd-869815001187%3Alp1009919%3Ali%3Adec%3Adm%3Appccp%3DUmFuZG9tSVYkc2RlIyh9YXdX6HrtnYy-Ml68sH-ljtU&aid=311984&dest_id=198&dest_type=country&group_adults=2&req_adults=2&no_rooms=1&broad_search_not_eligible=1&order=score&nflt=ht_id%3D204%3Bht_id%3D213%3Bht_id%3D216%3Bht_id%3D220%3Bht_id%3D221%3Btop_destinations%3D6012%3Buf%3D-2237624%3Buf%3D-2230854","","Beach Front Villa Nilaveli","Scored 8.0","8.0","","Featuring a garden, Beach Front Villa Nilaveli provides accommodations in Nilaveli. This beachfront property offers access to a terrace, free private parking, and free Wifi.","· 7 reviews","Opens in new window","Nilaveli","Show prices","Very Good","Show on map","https://cf.bstatic.com/xdata/images/hotel/square600/178621675.webp?k=158b1f367e0e2287abd18e50853903f8e1a6d80321c9f63db3262b4b91390f7f&o="
"1777056365-140","https://www.booking.com/searchresults.html?label=bristol-XLwodozx2dVe8Ts0XeYuawS752260715469%3Apl%3Ata%3Ap1%3Ap2%3Aac%3Aap%3Aneg%3Afi%3Atikwd-869815001187%3Alp1009919%3Ali%3Adec%3Adm%3Appccp%3DUmFuZG9tSVYkc2RlIyh9YXdX6HrtnYy-Ml68sH-ljtU&aid=311984&dest_id=198&dest_type=country&group_adults=2&req_adults=2&no_rooms=1&broad_search_not_eligible=1&order=score&nflt=ht_id%3D204%3Bht_id%3D213%3Bht_id%3D216%3Bht_id%3D220%3Bht_id%3D221%3Btop_destinations%3D6012%3Buf%3D-2237624%3Buf%3D-2230854","","Palmera Eco Resorts Nilaveli","Scored 7.9","7.9","","Located in Trincomalee, a 15-minute walk from Nilaveli Beach, Palmera Eco Resorts Nilaveli provides accommodations with free bikes, free private parking, an outdoor swimming pool and a garden.","· 180 reviews","Opens in new window","Trincomalee","Show prices","Good","Show on map","https://cf.bstatic.com/xdata/images/hotel/square600/475967100.webp?k=d6f2678cbee4a3981886e6ec7d1813cd60f9ca3dd7eb1c85b234d815a6a1f724&o="
"1777056365-141","https://www.booking.com/searchresults.html?label=bristol-XLwodozx2dVe8Ts0XeYuawS752260715469%3Apl%3Ata%3Ap1%3Ap2%3Aac%3Aap%3Aneg%3Afi%3Atikwd-869815001187%3Alp1009919%3Ali%3Adec%3Adm%3Appccp%3DUmFuZG9tSVYkc2RlIyh9YXdX6HrtnYy-Ml68sH-ljtU&aid=311984&dest_id=198&dest_type=country&group_adults=2&req_adults=2&no_rooms=1&broad_search_not_eligible=1&order=score&nflt=ht_id%3D204%3Bht_id%3D213%3Bht_id%3D216%3Bht_id%3D220%3Bht_id%3D221%3Btop_destinations%3D6012%3Buf%3D-2237624%3Buf%3D-2230854","","Hotel Coral Bay","Scored 7.9","7.9","Location 9.3","Located in Trincomalee, a few steps from Nilaveli Beach, Hotel Coral Bay has accommodations with an outdoor swimming pool, free private parking, a garden and a private beach area.","· 329 reviews","Opens in new window","Trincomalee","Show prices","Good","Show on map","https://cf.bstatic.com/xdata/images/hotel/square600/537670030.webp?k=3c276b639300649ad4e0c750d463ebecf0e2c17d2ed56ba3d6e9d5dea526cff6&o="
"1777056365-142","https://www.booking.com/searchresults.html?label=bristol-XLwodozx2dVe8Ts0XeYuawS752260715469%3Apl%3Ata%3Ap1%3Ap2%3Aac%3Aap%3Aneg%3Afi%3Atikwd-869815001187%3Alp1009919%3Ali%3Adec%3Adm%3Appccp%3DUmFuZG9tSVYkc2RlIyh9YXdX6HrtnYy-Ml68sH-ljtU&aid=311984&dest_id=198&dest_type=country&group_adults=2&req_adults=2&no_rooms=1&broad_search_not_eligible=1&order=score&nflt=ht_id%3D204%3Bht_id%3D213%3Bht_id%3D216%3Bht_id%3D220%3Bht_id%3D221%3Btop_destinations%3D6012%3Buf%3D-2237624%3Buf%3D-2230854","","Dyke Rest","Scored 7.9","7.9","Location 9.4","Offering a private beach area where the beach is 164 feet from the property, Dyke Rest is located in Trincomalee. Free WiFi access is available. The Trincomalle Harbor is just a 3 minute drive away.","· 245 reviews","Opens in new window","Trincomalee","Show prices","Good","Show on map","https://cf.bstatic.com/xdata/images/hotel/square600/51176351.webp?k=1153c9db3f6ab58ece9dc25259660499a73eb5a9f6a6fe97067a57ef9cec0384&o="
"1777056365-143","https://www.booking.com/searchresults.html?label=bristol-XLwodozx2dVe8Ts0XeYuawS752260715469%3Apl%3Ata%3Ap1%3Ap2%3Aac%3Aap%3Aneg%3Afi%3Atikwd-869815001187%3Alp1009919%3Ali%3Adec%3Adm%3Appccp%3DUmFuZG9tSVYkc2RlIyh9YXdX6HrtnYy-Ml68sH-ljtU&aid=311984&dest_id=198&dest_type=country&group_adults=2&req_adults=2&no_rooms=1&broad_search_not_eligible=1&order=score&nflt=ht_id%3D204%3Bht_id%3D213%3Bht_id%3D216%3Bht_id%3D220%3Bht_id%3D221%3Btop_destinations%3D6012%3Buf%3D-2237624%3Buf%3D-2230854","","Parallel villa","Scored 7.9","7.9","","Located in Trincomalee, a 7-minute walk from Uppuveli beach, Parallel villa provides accommodations with an outdoor swimming pool, free private parking, a garden and a shared lounge.","· 67 reviews","Opens in new window","Trincomalee","Show prices","Good","Show on map","https://cf.bstatic.com/xdata/images/hotel/square600/358871295.webp?k=176915c4908385051079cafa2685d5c345d27618f46e46b3a5fa699ce7a8707a&o="
"1777056365-144","https://www.booking.com/searchresults.html?label=bristol-XLwodozx2dVe8Ts0XeYuawS752260715469%3Apl%3Ata%3Ap1%3Ap2%3Aac%3Aap%3Aneg%3Afi%3Atikwd-869815001187%3Alp1009919%3Ali%3Adec%3Adm%3Appccp%3DUmFuZG9tSVYkc2RlIyh9YXdX6HrtnYy-Ml68sH-ljtU&aid=311984&dest_id=198&dest_type=country&group_adults=2&req_adults=2&no_rooms=1&broad_search_not_eligible=1&order=score&nflt=ht_id%3D204%3Bht_id%3D213%3Bht_id%3D216%3Bht_id%3D220%3Bht_id%3D221%3Btop_destinations%3D6012%3Buf%3D-2237624%3Buf%3D-2230854","","Dutch Bay Beach Cottages","Scored 7.9","7.9","Value for money 8.5","Dutch Bay Beach Cottages features air-conditioned accommodations in Trincomalee. This beachfront property offers access to a terrace and free private parking.","· 97 reviews","Opens in new window","Trincomalee","Show prices","Good","Show on map","https://cf.bstatic.com/xdata/images/hotel/square600/108971565.webp?k=39c13dc9f315671f2031cd32a39bc4069693d6cd74c3fdacf3b8c968e2950b15&o="
"1777056365-145","https://www.booking.com/searchresults.html?label=bristol-XLwodozx2dVe8Ts0XeYuawS752260715469%3Apl%3Ata%3Ap1%3Ap2%3Aac%3Aap%3Aneg%3Afi%3Atikwd-869815001187%3Alp1009919%3Ali%3Adec%3Adm%3Appccp%3DUmFuZG9tSVYkc2RlIyh9YXdX6HrtnYy-Ml68sH-ljtU&aid=311984&dest_id=198&dest_type=country&group_adults=2&req_adults=2&no_rooms=1&broad_search_not_eligible=1&order=score&nflt=ht_id%3D204%3Bht_id%3D213%3Bht_id%3D216%3Bht_id%3D220%3Bht_id%3D221%3Btop_destinations%3D6012%3Buf%3D-2237624%3Buf%3D-2230854","","Ypsylon Resort Ostküste","Scored 7.9","7.9","","Featuring a garden, Ypsylon Resort Ostküste provides accommodations in Nilaveli. This property offers access to a terrace, free private parking, and free Wifi.","· 50 reviews","Opens in new window","Nilaveli","Show prices","Good","Show on map","https://cf.bstatic.com/xdata/images/hotel/square600/140021218.webp?k=48475db3b5421b455a0b4a263da194ec29719d06ea08fd6860c9b9803bbbd3d0&o="
"1777056365-146","https://www.booking.com/searchresults.html?label=bristol-XLwodozx2dVe8Ts0XeYuawS752260715469%3Apl%3Ata%3Ap1%3Ap2%3Aac%3Aap%3Aneg%3Afi%3Atikwd-869815001187%3Alp1009919%3Ali%3Adec%3Adm%3Appccp%3DUmFuZG9tSVYkc2RlIyh9YXdX6HrtnYy-Ml68sH-ljtU&aid=311984&dest_id=198&dest_type=country&group_adults=2&req_adults=2&no_rooms=1&broad_search_not_eligible=1&order=score&nflt=ht_id%3D204%3Bht_id%3D213%3Bht_id%3D216%3Bht_id%3D220%3Bht_id%3D221%3Btop_destinations%3D6012%3Buf%3D-2237624%3Buf%3D-2230854","","Blue Beach Hotel Trinco","Scored 7.9","7.9","","Located in Trincomalee, within a few steps of Uppuveli beach and 1.4 miles of Trincomalee Railway Station, Blue Beach Hotel Trinco provides accommodations with a terrace as well as free private...","· 71 reviews","Opens in new window","Trincomalee","Show prices","Good","Show on map","https://cf.bstatic.com/xdata/images/hotel/square600/656883299.webp?k=d4c635305d25c02b09d530e396905b9f3754acda0d749ec0389091b0e7a6ffe0&o="
"1777056365-147","https://www.booking.com/searchresults.html?label=bristol-XLwodozx2dVe8Ts0XeYuawS752260715469%3Apl%3Ata%3Ap1%3Ap2%3Aac%3Aap%3Aneg%3Afi%3Atikwd-869815001187%3Alp1009919%3Ali%3Adec%3Adm%3Appccp%3DUmFuZG9tSVYkc2RlIyh9YXdX6HrtnYy-Ml68sH-ljtU&aid=311984&dest_id=198&dest_type=country&group_adults=2&req_adults=2&no_rooms=1&broad_search_not_eligible=1&order=score&nflt=ht_id%3D204%3Bht_id%3D213%3Bht_id%3D216%3Bht_id%3D220%3Bht_id%3D221%3Btop_destinations%3D6012%3Buf%3D-2237624%3Buf%3D-2230854","","Hotel Sea Shadow","Scored 7.9","7.9","Location 9.7","Hotel Sea Shadow offers accommodations in Trincomalee, a 7-minute walk from Uppuveli beach and 2.7 miles from Kanniya Hot Springs.","· 65 reviews","Opens in new window","Trincomalee","Show prices","Good","Show on map","https://cf.bstatic.com/xdata/images/hotel/square600/419894897.webp?k=9ad4bb5ac8831f7d88b454ff8b7dabdea886065eab2e72bd8d8a758b367c87ef&o="
"1777056365-148","https://www.booking.com/searchresults.html?label=bristol-XLwodozx2dVe8Ts0XeYuawS752260715469%3Apl%3Ata%3Ap1%3Ap2%3Aac%3Aap%3Aneg%3Afi%3Atikwd-869815001187%3Alp1009919%3Ali%3Adec%3Adm%3Appccp%3DUmFuZG9tSVYkc2RlIyh9YXdX6HrtnYy-Ml68sH-ljtU&aid=311984&dest_id=198&dest_type=country&group_adults=2&req_adults=2&no_rooms=1&broad_search_not_eligible=1&order=score&nflt=ht_id%3D204%3Bht_id%3D213%3Bht_id%3D216%3Bht_id%3D220%3Bht_id%3D221%3Btop_destinations%3D6012%3Buf%3D-2237624%3Buf%3D-2230854","","Taprobane Resort","Scored 7.9","7.9","","Taprobane Resort provides beachfront accommodations in Trincomalee. Beauty services and a car rental service are available for guests.","· 14 reviews","Opens in new window","Trincomalee","Show prices","Good","Show on map","https://cf.bstatic.com/xdata/images/hotel/square600/694316171.webp?k=f1759ff74dbf4f27cf519bc59fece31440eeaf1b94b18d2dd0907f32a2329072&o="
"1777056365-149","https://www.booking.com/searchresults.html?label=bristol-XLwodozx2dVe8Ts0XeYuawS752260715469%3Apl%3Ata%3Ap1%3Ap2%3Aac%3Aap%3Aneg%3Afi%3Atikwd-869815001187%3Alp1009919%3Ali%3Adec%3Adm%3Appccp%3DUmFuZG9tSVYkc2RlIyh9YXdX6HrtnYy-Ml68sH-ljtU&aid=311984&dest_id=198&dest_type=country&group_adults=2&req_adults=2&no_rooms=1&broad_search_not_eligible=1&order=score&nflt=ht_id%3D204%3Bht_id%3D213%3Bht_id%3D216%3Bht_id%3D220%3Bht_id%3D221%3Btop_destinations%3D6012%3Buf%3D-2237624%3Buf%3D-2230854","","MRD Beach Hotel","Scored 7.8","7.8","","Located in Trincomalee, a 2-minute walk from Uppuveli beach, MRD Beach Hotel has accommodations with an outdoor swimming pool, free private parking, a garden and a private beach area.","· 325 reviews","Opens in new window","Trincomalee","Show prices","Good","Show on map","https://cf.bstatic.com/xdata/images/hotel/square600/213961834.webp?k=a6f5c8bf77ce6bb45dc142c626d0ed2f8c6a7c6bdd32880f5ee541327d5c8aea&o="
"1777056365-150","https://www.booking.com/searchresults.html?label=bristol-XLwodozx2dVe8Ts0XeYuawS752260715469%3Apl%3Ata%3Ap1%3Ap2%3Aac%3Aap%3Aneg%3Afi%3Atikwd-869815001187%3Alp1009919%3Ali%3Adec%3Adm%3Appccp%3DUmFuZG9tSVYkc2RlIyh9YXdX6HrtnYy-Ml68sH-ljtU&aid=311984&dest_id=198&dest_type=country&group_adults=2&req_adults=2&no_rooms=1&broad_search_not_eligible=1&order=score&nflt=ht_id%3D204%3Bht_id%3D213%3Bht_id%3D216%3Bht_id%3D220%3Bht_id%3D221%3Btop_destinations%3D6012%3Buf%3D-2237624%3Buf%3D-2230854","","NMK Trinco Holiday Inn","Scored 7.8","7.8","","NMK Trinco Holiday Inn offers accommodations in Trincomalee, 3 miles from Kanniya Hot Springs and 4.6 miles from Velgam Vehera.","· 7 reviews","Opens in new window","Trincomalee","Show prices","Good","Show on map","https://cf.bstatic.com/xdata/images/hotel/square600/659183137.webp?k=86613695ae9445c5ff1dd5195d77d363defff9124decd2cccd3c2496bcf86921&o="
"1777056365-151","https://www.booking.com/searchresults.html?label=bristol-XLwodozx2dVe8Ts0XeYuawS752260715469%3Apl%3Ata%3Ap1%3Ap2%3Aac%3Aap%3Aneg%3Afi%3Atikwd-869815001187%3Alp1009919%3Ali%3Adec%3Adm%3Appccp%3DUmFuZG9tSVYkc2RlIyh9YXdX6HrtnYy-Ml68sH-ljtU&aid=311984&dest_id=198&dest_type=country&group_adults=2&req_adults=2&no_rooms=1&broad_search_not_eligible=1&order=score&nflt=ht_id%3D204%3Bht_id%3D213%3Bht_id%3D216%3Bht_id%3D220%3Bht_id%3D221%3Btop_destinations%3D6012%3Buf%3D-2237624%3Buf%3D-2230854","","CEYLON VILLA NILAVELI","Scored 7.8","7.8","","Providing free bikes, CEYLON VILLA NILAVELI features accommodations in Trincomalee. This property offers access to a terrace, free private parking, and free Wifi.","· 28 reviews","Opens in new window","Trincomalee","Show prices","Good","Show on map","https://cf.bstatic.com/xdata/images/hotel/square600/569247295.webp?k=eb2dbefa74243d62bbf53edd21f560b609a6533a8c88f697341365bca723ec0d&o="
"1777056365-152","https://www.booking.com/searchresults.html?label=bristol-XLwodozx2dVe8Ts0XeYuawS752260715469%3Apl%3Ata%3Ap1%3Ap2%3Aac%3Aap%3Aneg%3Afi%3Atikwd-869815001187%3Alp1009919%3Ali%3Adec%3Adm%3Appccp%3DUmFuZG9tSVYkc2RlIyh9YXdX6HrtnYy-Ml68sH-ljtU&aid=311984&dest_id=198&dest_type=country&group_adults=2&req_adults=2&no_rooms=1&broad_search_not_eligible=1&order=score&nflt=ht_id%3D204%3Bht_id%3D213%3Bht_id%3D216%3Bht_id%3D220%3Bht_id%3D221%3Btop_destinations%3D6012%3Buf%3D-2237624%3Buf%3D-2230854","","Nilaveli Sheen Coast","Scored 7.7","7.7","Location 9.4","Nilaveli Sheen Coast features air-conditioned rooms in Trincomalee. This beachfront property offers access to free Wifi and free private parking.","· 109 reviews","Opens in new window","Trincomalee","Show prices","Good","Show on map","https://cf.bstatic.com/xdata/images/hotel/square600/741944225.webp?k=7b87060a66b1df2d0a5f0356a1b9e10f9b5c36201bbc81b7025b65f86e412e5b&o="
"1777056365-153","https://www.booking.com/searchresults.html?label=bristol-XLwodozx2dVe8Ts0XeYuawS752260715469%3Apl%3Ata%3Ap1%3Ap2%3Aac%3Aap%3Aneg%3Afi%3Atikwd-869815001187%3Alp1009919%3Ali%3Adec%3Adm%3Appccp%3DUmFuZG9tSVYkc2RlIyh9YXdX6HrtnYy-Ml68sH-ljtU&aid=311984&dest_id=198&dest_type=country&group_adults=2&req_adults=2&no_rooms=1&broad_search_not_eligible=1&order=score&nflt=ht_id%3D204%3Bht_id%3D213%3Bht_id%3D216%3Bht_id%3D220%3Bht_id%3D221%3Btop_destinations%3D6012%3Buf%3D-2237624%3Buf%3D-2230854","","DA GREA NATURAL BEACH HOTEL","Scored 7.7","7.7","","Located in Trincomalee, within a 13-minute walk of Sampalthivu Beach and 5.8 miles of Kanniya Hot Springs, DA GREA NATURAL BEACH HOTEL has accommodations with a garden as well as free private parking...","· 31 reviews","Opens in new window","Trincomalee","Show prices","Good","Show on map","https://cf.bstatic.com/xdata/images/hotel/square600/824980611.webp?k=8eb2c44ccbf6b786f490b3242ab3118be9c89f6cffc4f7c482c3238b7c89f8e8&o="
"1777056365-154","https://www.booking.com/searchresults.html?label=bristol-XLwodozx2dVe8Ts0XeYuawS752260715469%3Apl%3Ata%3Ap1%3Ap2%3Aac%3Aap%3Aneg%3Afi%3Atikwd-869815001187%3Alp1009919%3Ali%3Adec%3Adm%3Appccp%3DUmFuZG9tSVYkc2RlIyh9YXdX6HrtnYy-Ml68sH-ljtU&aid=311984&dest_id=198&dest_type=country&group_adults=2&req_adults=2&no_rooms=1&broad_search_not_eligible=1&order=score&nflt=ht_id%3D204%3Bht_id%3D213%3Bht_id%3D216%3Bht_id%3D220%3Bht_id%3D221%3Btop_destinations%3D6012%3Buf%3D-2237624%3Buf%3D-2230854","","Cocolagoon eco Resort Nilaveli","Scored 7.7","7.7","","Located in Trincomalee, a 13-minute walk from Nilaveli Beach, Cocolagoon eco Resort Nilaveli provides accommodations with a garden, free private parking, a terrace and a restaurant.","· 61 reviews","Opens in new window","Trincomalee","Show prices","Good","Show on map","https://cf.bstatic.com/xdata/images/hotel/square600/724028065.webp?k=b22da9a6bd3096db0ab9483912f9f6954173b05532b30f194bc686d34bfaf0aa&o="
"1777056365-155","https://www.booking.com/searchresults.html?label=bristol-XLwodozx2dVe8Ts0XeYuawS752260715469%3Apl%3Ata%3Ap1%3Ap2%3Aac%3Aap%3Aneg%3Afi%3Atikwd-869815001187%3Alp1009919%3Ali%3Adec%3Adm%3Appccp%3DUmFuZG9tSVYkc2RlIyh9YXdX6HrtnYy-Ml68sH-ljtU&aid=311984&dest_id=198&dest_type=country&group_adults=2&req_adults=2&no_rooms=1&broad_search_not_eligible=1&order=score&nflt=ht_id%3D204%3Bht_id%3D213%3Bht_id%3D216%3Bht_id%3D220%3Bht_id%3D221%3Btop_destinations%3D6012%3Buf%3D-2237624%3Buf%3D-2230854","","Blue Ocean Hotel","Scored 7.7","7.7","","Located in Trincomalee, within a few steps of Dutch Bay Beach and a 3-minute walk of St.","· 8 reviews","Opens in new window","Trincomalee","Show prices","Good","Show on map","https://cf.bstatic.com/xdata/images/hotel/square600/580653253.webp?k=bdd09900c5a92aa6537a993c6e095757c837c42c7e488f990b0f5df3d8ca974a&o="
"1777056365-156","https://www.booking.com/searchresults.html?label=bristol-XLwodozx2dVe8Ts0XeYuawS752260715469%3Apl%3Ata%3Ap1%3Ap2%3Aac%3Aap%3Aneg%3Afi%3Atikwd-869815001187%3Alp1009919%3Ali%3Adec%3Adm%3Appccp%3DUmFuZG9tSVYkc2RlIyh9YXdX6HrtnYy-Ml68sH-ljtU&aid=311984&dest_id=198&dest_type=country&group_adults=2&req_adults=2&no_rooms=1&broad_search_not_eligible=1&order=score&nflt=ht_id%3D204%3Bht_id%3D213%3Bht_id%3D216%3Bht_id%3D220%3Bht_id%3D221%3Btop_destinations%3D6012%3Buf%3D-2237624%3Buf%3D-2230854","","Alffa Guest Inn","Scored 7.7","7.7","","Featuring an outdoor swimming pool, Alffa Guest Inn features accommodations in Trincomalee.","· 62 reviews","Opens in new window","Trincomalee","Show prices","Good","Show on map","https://cf.bstatic.com/xdata/images/hotel/square600/658741748.webp?k=86ee8da5a59678b573101710527d3db6a53d47157b83af4d9bc14a3c0f1cb618&o="
"1777056365-157","https://www.booking.com/searchresults.html?label=bristol-XLwodozx2dVe8Ts0XeYuawS752260715469%3Apl%3Ata%3Ap1%3Ap2%3Aac%3Aap%3Aneg%3Afi%3Atikwd-869815001187%3Alp1009919%3Ali%3Adec%3Adm%3Appccp%3DUmFuZG9tSVYkc2RlIyh9YXdX6HrtnYy-Ml68sH-ljtU&aid=311984&dest_id=198&dest_type=country&group_adults=2&req_adults=2&no_rooms=1&broad_search_not_eligible=1&order=score&nflt=ht_id%3D204%3Bht_id%3D213%3Bht_id%3D216%3Bht_id%3D220%3Bht_id%3D221%3Btop_destinations%3D6012%3Buf%3D-2237624%3Buf%3D-2230854","","Pigeon Island Beach Resort and Spa","Scored 7.7","7.7","","Pigeon Island Beach Resort and Spa is located to the north of Trincomalee City. Offering rooms and suites with a private balcony, the resort has an outdoor pool and a fitness center.","· 98 reviews","Opens in new window","Nilaveli","Show prices","Good","Show on map","https://cf.bstatic.com/xdata/images/hotel/square600/680230915.webp?k=31ce561371dd5a841a8c82e15d8e562f0f9f6b695650c278be5ed4c0b557304f&o="
"1777056365-158","https://www.booking.com/searchresults.html?label=bristol-XLwodozx2dVe8Ts0XeYuawS752260715469%3Apl%3Ata%3Ap1%3Ap2%3Aac%3Aap%3Aneg%3Afi%3Atikwd-869815001187%3Alp1009919%3Ali%3Adec%3Adm%3Appccp%3DUmFuZG9tSVYkc2RlIyh9YXdX6HrtnYy-Ml68sH-ljtU&aid=311984&dest_id=198&dest_type=country&group_adults=2&req_adults=2&no_rooms=1&broad_search_not_eligible=1&order=score&nflt=ht_id%3D204%3Bht_id%3D213%3Bht_id%3D216%3Bht_id%3D220%3Bht_id%3D221%3Btop_destinations%3D6012%3Buf%3D-2237624%3Buf%3D-2230854","","Dark waves villa","Scored 7.7","7.7","","Dark waves villa enjoys a location in Nilaveli, a 2-minute walk from Nilaveli Beach and 3.3 miles from Pigeon Island National Park.","· 12 reviews","Opens in new window","Nilaveli","Show prices","Good","Show on map","https://cf.bstatic.com/xdata/images/hotel/square600/531305919.webp?k=669a47236f39df02822b48b75181d9ca47d445edf12b45e51d4177f22eb47a45&o="
"1777056365-159","https://www.booking.com/searchresults.html?label=bristol-XLwodozx2dVe8Ts0XeYuawS752260715469%3Apl%3Ata%3Ap1%3Ap2%3Aac%3Aap%3Aneg%3Afi%3Atikwd-869815001187%3Alp1009919%3Ali%3Adec%3Adm%3Appccp%3DUmFuZG9tSVYkc2RlIyh9YXdX6HrtnYy-Ml68sH-ljtU&aid=311984&dest_id=198&dest_type=country&group_adults=2&req_adults=2&no_rooms=1&broad_search_not_eligible=1&order=score&nflt=ht_id%3D204%3Bht_id%3D213%3Bht_id%3D216%3Bht_id%3D220%3Bht_id%3D221%3Btop_destinations%3D6012%3Buf%3D-2237624%3Buf%3D-2230854","","Ceylon Beach haven Uppuveli","Scored 7.6","7.6","","Located in Trincomalee, a few steps from Uppuveli beach, Ceylon Beach haven Uppuveli has accommodations with a garden, free private parking and a restaurant.","· 93 reviews","Opens in new window","Trincomalee","Show prices","Good","Show on map","https://cf.bstatic.com/xdata/images/hotel/square600/577518650.webp?k=b2a5b12e683222ff1bedb2bc5a4a063474420f9d217e6e2285d418160258e27d&o="
"1777056365-160","https://www.booking.com/searchresults.html?label=bristol-XLwodozx2dVe8Ts0XeYuawS752260715469%3Apl%3Ata%3Ap1%3Ap2%3Aac%3Aap%3Aneg%3Afi%3Atikwd-869815001187%3Alp1009919%3Ali%3Adec%3Adm%3Appccp%3DUmFuZG9tSVYkc2RlIyh9YXdX6HrtnYy-Ml68sH-ljtU&aid=311984&dest_id=198&dest_type=country&group_adults=2&req_adults=2&no_rooms=1&broad_search_not_eligible=1&order=score&nflt=ht_id%3D204%3Bht_id%3D213%3Bht_id%3D216%3Bht_id%3D220%3Bht_id%3D221%3Btop_destinations%3D6012%3Buf%3D-2237624%3Buf%3D-2230854","","Villa Hotel","Scored 7.6","7.6","","Located in Trincomalee, 1.1 miles from Uppuveli beach, Villa Hotel provides accommodations with free bikes, free private parking, a garden and a shared lounge.","· 29 reviews","Opens in new window","Trincomalee","Show prices","Good","Show on map","https://cf.bstatic.com/xdata/images/hotel/square600/92425539.webp?k=d8844aa4f7084a25f199a4c06523ca98269642954fc1c1ca9b8fdb3e4e408210&o="
"1777056365-161","https://www.booking.com/searchresults.html?label=bristol-XLwodozx2dVe8Ts0XeYuawS752260715469%3Apl%3Ata%3Ap1%3Ap2%3Aac%3Aap%3Aneg%3Afi%3Atikwd-869815001187%3Alp1009919%3Ali%3Adec%3Adm%3Appccp%3DUmFuZG9tSVYkc2RlIyh9YXdX6HrtnYy-Ml68sH-ljtU&aid=311984&dest_id=198&dest_type=country&group_adults=2&req_adults=2&no_rooms=1&broad_search_not_eligible=1&order=score&nflt=ht_id%3D204%3Bht_id%3D213%3Bht_id%3D216%3Bht_id%3D220%3Bht_id%3D221%3Btop_destinations%3D6012%3Buf%3D-2237624%3Buf%3D-2230854","","J7 Villaj Resort","Scored 7.6","7.6","","J7 Villaj Resort has an outdoor swimming pool, garden, a terrace and bar in Trincomalee. This 3-star hotel offers an ATM and a tour desk.","· 293 reviews","Opens in new window","Trincomalee","Show prices","Good","Show on map","https://cf.bstatic.com/xdata/images/hotel/square600/227566990.webp?k=587e6c3e8a4d5b8d02259c2233cc5170e96542334b9713f289dc86ffc10a48cb&o="
"1777056365-162","https://www.booking.com/searchresults.html?label=bristol-XLwodozx2dVe8Ts0XeYuawS752260715469%3Apl%3Ata%3Ap1%3Ap2%3Aac%3Aap%3Aneg%3Afi%3Atikwd-869815001187%3Alp1009919%3Ali%3Adec%3Adm%3Appccp%3DUmFuZG9tSVYkc2RlIyh9YXdX6HrtnYy-Ml68sH-ljtU&aid=311984&dest_id=198&dest_type=country&group_adults=2&req_adults=2&no_rooms=1&broad_search_not_eligible=1&order=score&nflt=ht_id%3D204%3Bht_id%3D213%3Bht_id%3D216%3Bht_id%3D220%3Bht_id%3D221%3Btop_destinations%3D6012%3Buf%3D-2237624%3Buf%3D-2230854","","SSS HOTEL","Scored 7.6","7.6","","Located in Trincomalee, within a 4-minute walk of Uppuveli beach and 1.1 miles of Trincomalee Railway Station, SSS HOTEL provides accommodations with a private beach area as well as free private...","· 86 reviews","Opens in new window","Trincomalee","Show prices","Good","Show on map","https://cf.bstatic.com/xdata/images/hotel/square600/661146973.webp?k=b054ba377b695b546e115d2de5b58ab022ccf1773bb507fb983875285edcb0a5&o="
"1777056365-163","https://www.booking.com/searchresults.html?label=bristol-XLwodozx2dVe8Ts0XeYuawS752260715469%3Apl%3Ata%3Ap1%3Ap2%3Aac%3Aap%3Aneg%3Afi%3Atikwd-869815001187%3Alp1009919%3Ali%3Adec%3Adm%3Appccp%3DUmFuZG9tSVYkc2RlIyh9YXdX6HrtnYy-Ml68sH-ljtU&aid=311984&dest_id=198&dest_type=country&group_adults=2&req_adults=2&no_rooms=1&broad_search_not_eligible=1&order=score&nflt=ht_id%3D204%3Bht_id%3D213%3Bht_id%3D216%3Bht_id%3D220%3Bht_id%3D221%3Btop_destinations%3D6012%3Buf%3D-2237624%3Buf%3D-2230854","","ROLEX GUEST HOUSE","Scored 7.6","7.6","Location 9.4","Located in Trincomalee, a 6-minute walk from Uppuveli beach, ROLEX GUEST HOUSE has accommodations with a garden, free private parking, a terrace and a restaurant.","· 43 reviews","Opens in new window","Trincomalee","Show prices","Good","Show on map","https://cf.bstatic.com/xdata/images/hotel/square600/542996189.webp?k=d7c9cf36929c9de3b6ef8855fd0354e9c9c1b14d67296100b0e964b7b3d145df&o="
"1777056365-164","https://www.booking.com/searchresults.html?label=bristol-XLwodozx2dVe8Ts0XeYuawS752260715469%3Apl%3Ata%3Ap1%3Ap2%3Aac%3Aap%3Aneg%3Afi%3Atikwd-869815001187%3Alp1009919%3Ali%3Adec%3Adm%3Appccp%3DUmFuZG9tSVYkc2RlIyh9YXdX6HrtnYy-Ml68sH-ljtU&aid=311984&dest_id=198&dest_type=country&group_adults=2&req_adults=2&no_rooms=1&broad_search_not_eligible=1&order=score&nflt=ht_id%3D204%3Bht_id%3D213%3Bht_id%3D216%3Bht_id%3D220%3Bht_id%3D221%3Btop_destinations%3D6012%3Buf%3D-2237624%3Buf%3D-2230854","","Trinco Relax Hut","Scored 7.5","7.5","","Trinco Relax Hut in Trincomalee provides accommodations with a garden and a terrace. This guest house provides free private parking, a 24-hour front desk, and free Wifi.","· 232 reviews","Opens in new window","Trincomalee","Show prices","Good","Show on map","https://cf.bstatic.com/xdata/images/hotel/square600/212035200.webp?k=961e6c2b505f8f883bee7ca735bb3a82941a5a23bcad0af9555f60e154d12c7c&o="
"1777056365-165","https://www.booking.com/searchresults.html?label=bristol-XLwodozx2dVe8Ts0XeYuawS752260715469%3Apl%3Ata%3Ap1%3Ap2%3Aac%3Aap%3Aneg%3Afi%3Atikwd-869815001187%3Alp1009919%3Ali%3Adec%3Adm%3Appccp%3DUmFuZG9tSVYkc2RlIyh9YXdX6HrtnYy-Ml68sH-ljtU&aid=311984&dest_id=198&dest_type=country&group_adults=2&req_adults=2&no_rooms=1&broad_search_not_eligible=1&order=score&nflt=ht_id%3D204%3Bht_id%3D213%3Bht_id%3D216%3Bht_id%3D220%3Bht_id%3D221%3Btop_destinations%3D6012%3Buf%3D-2237624%3Buf%3D-2230854","","Oceanfront Condominium - Nilaveli","Scored 7.4","7.4","","Located on the Northeast coast of Sri Lanka, Oceanfront Condominiums Nilaveli is the very first luxury beachfront serviced apartment development consisting of two-bedroom and three-bedroom apartments,...","· 383 reviews","Opens in new window","Nilaveli","Show prices","Good","Show on map","https://cf.bstatic.com/xdata/images/hotel/square600/199406671.webp?k=d05faf4008a76df95fa15f2fd4ce1631c832d19a8868194250d562b224d8d5c6&o="
"1777056365-166","https://www.booking.com/searchresults.html?label=bristol-XLwodozx2dVe8Ts0XeYuawS752260715469%3Apl%3Ata%3Ap1%3Ap2%3Aac%3Aap%3Aneg%3Afi%3Atikwd-869815001187%3Alp1009919%3Ali%3Adec%3Adm%3Appccp%3DUmFuZG9tSVYkc2RlIyh9YXdX6HrtnYy-Ml68sH-ljtU&aid=311984&dest_id=198&dest_type=country&group_adults=2&req_adults=2&no_rooms=1&broad_search_not_eligible=1&order=score&nflt=ht_id%3D204%3Bht_id%3D213%3Bht_id%3D216%3Bht_id%3D220%3Bht_id%3D221%3Btop_destinations%3D6012%3Buf%3D-2237624%3Buf%3D-2230854","","Hotel Sun Blue","Scored 7.4","7.4","","Offering inner courtyard views, Hotel Sun Blue in Trincomalee provides accommodations and a garden. This property offers access to a terrace, free private parking, and free Wifi.","· 136 reviews","Opens in new window","Trincomalee","Show prices","Good","Show on map","https://cf.bstatic.com/xdata/images/hotel/square600/190187836.webp?k=6c938da6aaed29de4989ff4ed4a1aaeebb03804bed49b7e1a21662fe55d80d98&o="
"1777056365-167","https://www.booking.com/searchresults.html?label=bristol-XLwodozx2dVe8Ts0XeYuawS752260715469%3Apl%3Ata%3Ap1%3Ap2%3Aac%3Aap%3Aneg%3Afi%3Atikwd-869815001187%3Alp1009919%3Ali%3Adec%3Adm%3Appccp%3DUmFuZG9tSVYkc2RlIyh9YXdX6HrtnYy-Ml68sH-ljtU&aid=311984&dest_id=198&dest_type=country&group_adults=2&req_adults=2&no_rooms=1&broad_search_not_eligible=1&order=score&nflt=ht_id%3D204%3Bht_id%3D213%3Bht_id%3D216%3Bht_id%3D220%3Bht_id%3D221%3Btop_destinations%3D6012%3Buf%3D-2237624%3Buf%3D-2230854","","Mallika Resort","Scored 7.4","7.4","","Located in Trincomalee, a 8-minute walk from Dutch Bay Beach, Mallika Resort features views of the sea. This 3-star hotel offers room service and a 24-hour front desk.","· 60 reviews","Opens in new window","Trincomalee","Show prices","Good","Show on map","https://cf.bstatic.com/xdata/images/hotel/square600/241083789.webp?k=799a9d0e51ed485396215b555ca7a8d3d44164113816705b52363f971514deca&o="
"1777056365-168","https://www.booking.com/searchresults.html?label=bristol-XLwodozx2dVe8Ts0XeYuawS752260715469%3Apl%3Ata%3Ap1%3Ap2%3Aac%3Aap%3Aneg%3Afi%3Atikwd-869815001187%3Alp1009919%3Ali%3Adec%3Adm%3Appccp%3DUmFuZG9tSVYkc2RlIyh9YXdX6HrtnYy-Ml68sH-ljtU&aid=311984&dest_id=198&dest_type=country&group_adults=2&req_adults=2&no_rooms=1&broad_search_not_eligible=1&order=score&nflt=ht_id%3D204%3Bht_id%3D213%3Bht_id%3D216%3Bht_id%3D220%3Bht_id%3D221%3Btop_destinations%3D6012%3Buf%3D-2237624%3Buf%3D-2230854","","Hotel Angel Inn Beach","Scored 7.4","7.4","","Located in Trincomalee, a few steps from Uppuveli beach, Hotel Angel Inn Beach has accommodations with a garden, free private parking, a private beach area and a shared lounge.","· 31 reviews","Opens in new window","Trincomalee","Show prices","Good","Show on map","https://cf.bstatic.com/xdata/images/hotel/square600/93087301.webp?k=0ff47243163962aec06725531475c2fc4a79d128a12c405c963678d010eac2b0&o="
"1777056365-169","https://www.booking.com/searchresults.html?label=bristol-XLwodozx2dVe8Ts0XeYuawS752260715469%3Apl%3Ata%3Ap1%3Ap2%3Aac%3Aap%3Aneg%3Afi%3Atikwd-869815001187%3Alp1009919%3Ali%3Adec%3Adm%3Appccp%3DUmFuZG9tSVYkc2RlIyh9YXdX6HrtnYy-Ml68sH-ljtU&aid=311984&dest_id=198&dest_type=country&group_adults=2&req_adults=2&no_rooms=1&broad_search_not_eligible=1&order=score&nflt=ht_id%3D204%3Bht_id%3D213%3Bht_id%3D216%3Bht_id%3D220%3Bht_id%3D221%3Btop_destinations%3D6012%3Buf%3D-2237624%3Buf%3D-2230854","","Nilaveli Ayurveda Center","Scored 7.4","7.4","","Located in Nilaveli, a 17-minute walk from Nilaveli Beach, Nilaveli Ayurveda Center provides accommodations with free bikes, free private parking, an outdoor swimming pool and a garden.","· 5 reviews","Opens in new window","Nilaveli","Show prices","Good","Show on map","https://cf.bstatic.com/xdata/images/hotel/square600/265219938.webp?k=4752d3a2a33ecbae89063d985887d00159be4fb5db1ecefee9a5506ef504dc42&o="
"1777056365-170","https://www.booking.com/searchresults.html?label=bristol-XLwodozx2dVe8Ts0XeYuawS752260715469%3Apl%3Ata%3Ap1%3Ap2%3Aac%3Aap%3Aneg%3Afi%3Atikwd-869815001187%3Alp1009919%3Ali%3Adec%3Adm%3Appccp%3DUmFuZG9tSVYkc2RlIyh9YXdX6HrtnYy-Ml68sH-ljtU&aid=311984&dest_id=198&dest_type=country&group_adults=2&req_adults=2&no_rooms=1&broad_search_not_eligible=1&order=score&nflt=ht_id%3D204%3Bht_id%3D213%3Bht_id%3D216%3Bht_id%3D220%3Bht_id%3D221%3Btop_destinations%3D6012%3Buf%3D-2237624%3Buf%3D-2230854","","JKAB Beach Resort","Scored 7.2","7.2","","Located in Trincomalee, a few steps from Uppuveli beach, JKAB Beach Resort has accommodations with an outdoor swimming pool, free private parking, a garden and a shared lounge.","· 290 reviews","Opens in new window","Trincomalee","Show prices","Good","Show on map","https://cf.bstatic.com/xdata/images/hotel/square600/266175266.webp?k=50601b20d02866d26407c435acf8fb7f3f521cd34ab4f284b6ad739a448ee504&o="
"1777056365-171","https://www.booking.com/searchresults.html?label=bristol-XLwodozx2dVe8Ts0XeYuawS752260715469%3Apl%3Ata%3Ap1%3Ap2%3Aac%3Aap%3Aneg%3Afi%3Atikwd-869815001187%3Alp1009919%3Ali%3Adec%3Adm%3Appccp%3DUmFuZG9tSVYkc2RlIyh9YXdX6HrtnYy-Ml68sH-ljtU&aid=311984&dest_id=198&dest_type=country&group_adults=2&req_adults=2&no_rooms=1&broad_search_not_eligible=1&order=score&nflt=ht_id%3D204%3Bht_id%3D213%3Bht_id%3D216%3Bht_id%3D220%3Bht_id%3D221%3Btop_destinations%3D6012%3Buf%3D-2237624%3Buf%3D-2230854","","Elegant Green Beach Resort","Scored 7.1","7.1","","Located in Trincomalee, a few steps from Uppuveli beach, Elegant Green Beach Resort provides accommodations with a garden, free private parking, a private beach area and a terrace.","· 405 reviews","Opens in new window","Trincomalee","Show prices","Good","Show on map","https://cf.bstatic.com/xdata/images/hotel/square600/170861235.webp?k=94e25c9275203c03541962bbf3930dbcab21aff8488673b1c1d0bc2c9ba42b3a&o="
"1777056365-172","https://www.booking.com/searchresults.html?label=bristol-XLwodozx2dVe8Ts0XeYuawS752260715469%3Apl%3Ata%3Ap1%3Ap2%3Aac%3Aap%3Aneg%3Afi%3Atikwd-869815001187%3Alp1009919%3Ali%3Adec%3Adm%3Appccp%3DUmFuZG9tSVYkc2RlIyh9YXdX6HrtnYy-Ml68sH-ljtU&aid=311984&dest_id=198&dest_type=country&group_adults=2&req_adults=2&no_rooms=1&broad_search_not_eligible=1&order=score&nflt=ht_id%3D204%3Bht_id%3D213%3Bht_id%3D216%3Bht_id%3D220%3Bht_id%3D221%3Btop_destinations%3D6012%3Buf%3D-2237624%3Buf%3D-2230854","","PKV Trinco Villas","Scored 7.1","7.1","","Featuring garden views, PKV Trinco Villas in Trincomalee provides accommodations and a garden.","· 8 reviews","Opens in new window","Trincomalee","Show prices","Good","Show on map","https://cf.bstatic.com/xdata/images/hotel/square600/557544567.webp?k=0490a731be3097666299257e13a54f99b8e1fc1b8cd8d5c5a4e96d204473cea6&o="
"1777056365-173","https://www.booking.com/searchresults.html?label=bristol-XLwodozx2dVe8Ts0XeYuawS752260715469%3Apl%3Ata%3Ap1%3Ap2%3Aac%3Aap%3Aneg%3Afi%3Atikwd-869815001187%3Alp1009919%3Ali%3Adec%3Adm%3Appccp%3DUmFuZG9tSVYkc2RlIyh9YXdX6HrtnYy-Ml68sH-ljtU&aid=311984&dest_id=198&dest_type=country&group_adults=2&req_adults=2&no_rooms=1&broad_search_not_eligible=1&order=score&nflt=ht_id%3D204%3Bht_id%3D213%3Bht_id%3D216%3Bht_id%3D220%3Bht_id%3D221%3Btop_destinations%3D6012%3Buf%3D-2237624%3Buf%3D-2230854","","WoodyCrest","Scored 7.1","7.1","","Located in Trincomalee, a 9-minute walk from Uppuveli beach, WoodyCrest provides accommodations with a garden, free private parking, a terrace and a restaurant.","· 164 reviews","Opens in new window","Trincomalee","Show prices","Good","Show on map","https://cf.bstatic.com/xdata/images/hotel/square600/336382730.webp?k=4d39ba7b781828e2d58f9f28d54c49c2d45fe5384421ecc89de34de139829800&o="
"1777056365-174","https://www.booking.com/searchresults.html?label=bristol-XLwodozx2dVe8Ts0XeYuawS752260715469%3Apl%3Ata%3Ap1%3Ap2%3Aac%3Aap%3Aneg%3Afi%3Atikwd-869815001187%3Alp1009919%3Ali%3Adec%3Adm%3Appccp%3DUmFuZG9tSVYkc2RlIyh9YXdX6HrtnYy-Ml68sH-ljtU&aid=311984&dest_id=198&dest_type=country&group_adults=2&req_adults=2&no_rooms=1&broad_search_not_eligible=1&order=score&nflt=ht_id%3D204%3Bht_id%3D213%3Bht_id%3D216%3Bht_id%3D220%3Bht_id%3D221%3Btop_destinations%3D6012%3Buf%3D-2237624%3Buf%3D-2230854","","Trinco Hybrid Comfort Inn","Scored 7.1","7.1","","Located in Trincomalee, a 4-minute walk from Dutch Bay Beach, Trinco Hybrid Comfort Inn provides accommodations with free bikes, free private parking, a garden and a terrace.","· 7 reviews","Opens in new window","Trincomalee","Show prices","Good","Show on map","https://cf.bstatic.com/xdata/images/hotel/square600/790865559.webp?k=7c5d21ffe5a92c1c08f67eba8cd9e7d064b7146ef5bdb8ecfa5bb1598eb7cb07&o="
"1777056365-175","https://www.booking.com/searchresults.html?label=bristol-XLwodozx2dVe8Ts0XeYuawS752260715469%3Apl%3Ata%3Ap1%3Ap2%3Aac%3Aap%3Aneg%3Afi%3Atikwd-869815001187%3Alp1009919%3Ali%3Adec%3Adm%3Appccp%3DUmFuZG9tSVYkc2RlIyh9YXdX6HrtnYy-Ml68sH-ljtU&aid=311984&dest_id=198&dest_type=country&group_adults=2&req_adults=2&no_rooms=1&broad_search_not_eligible=1&order=score&nflt=ht_id%3D204%3Bht_id%3D213%3Bht_id%3D216%3Bht_id%3D220%3Bht_id%3D221%3Btop_destinations%3D6012%3Buf%3D-2237624%3Buf%3D-2230854","","Thirumalai Park","Scored 7.1","7.1","","Located in Nilaveli, a 14-minute walk from Nilaveli Beach, Thirumalai Park has accommodations with a garden, free private parking, a shared lounge and a terrace.","· 17 reviews","Opens in new window","Nilaveli","Show prices","Good","Show on map","https://cf.bstatic.com/xdata/images/hotel/square600/488508146.webp?k=81f6255faf204a25b9453c2ae6de888791d89cf45ea3fd448c9d045970463d5e&o="
"1777056365-176","https://www.booking.com/searchresults.html?label=bristol-XLwodozx2dVe8Ts0XeYuawS752260715469%3Apl%3Ata%3Ap1%3Ap2%3Aac%3Aap%3Aneg%3Afi%3Atikwd-869815001187%3Alp1009919%3Ali%3Adec%3Adm%3Appccp%3DUmFuZG9tSVYkc2RlIyh9YXdX6HrtnYy-Ml68sH-ljtU&aid=311984&dest_id=198&dest_type=country&group_adults=2&req_adults=2&no_rooms=1&broad_search_not_eligible=1&order=score&nflt=ht_id%3D204%3Bht_id%3D213%3Bht_id%3D216%3Bht_id%3D220%3Bht_id%3D221%3Btop_destinations%3D6012%3Buf%3D-2237624%3Buf%3D-2230854","","Trinco Caritas Guest Villa","Scored 7.0","7.0","","Located in Trincomalee, within a few steps of Dutch Bay Beach and a 1-minute walk of Maritime and Naval History Museum, Trinco Caritas Guest Villa has accommodations with a restaurant and free WiFi...","· 29 reviews","Opens in new window","Trincomalee","Show prices","Good","Show on map","https://cf.bstatic.com/xdata/images/hotel/square600/584961335.webp?k=80554da801a650a266de9ccbbe36ac4356158ff93af12750e2049ff1eea51f1f&o="
"1777056365-177","https://www.booking.com/searchresults.html?label=bristol-XLwodozx2dVe8Ts0XeYuawS752260715469%3Apl%3Ata%3Ap1%3Ap2%3Aac%3Aap%3Aneg%3Afi%3Atikwd-869815001187%3Alp1009919%3Ali%3Adec%3Adm%3Appccp%3DUmFuZG9tSVYkc2RlIyh9YXdX6HrtnYy-Ml68sH-ljtU&aid=311984&dest_id=198&dest_type=country&group_adults=2&req_adults=2&no_rooms=1&broad_search_not_eligible=1&order=score&nflt=ht_id%3D204%3Bht_id%3D213%3Bht_id%3D216%3Bht_id%3D220%3Bht_id%3D221%3Btop_destinations%3D6012%3Buf%3D-2237624%3Buf%3D-2230854","","Happy Beach hotel nilaveli","Scored 7.0","7.0","Location 9.3","Located in Nilaveli, a few steps from Nilaveli Beach, Happy Beach hotel nilaveli has accommodations with a garden, free private parking, a private beach area and a restaurant.","· 43 reviews","Opens in new window","Nilaveli","Show prices","Good","Show on map","https://cf.bstatic.com/xdata/images/hotel/square600/729493037.webp?k=2b8170fe86bd051ba5f9eb51513d3607fb20d2f9518fa9ebae4447ad8a61fdaf&o="
"1777056365-178","https://www.booking.com/searchresults.html?label=bristol-XLwodozx2dVe8Ts0XeYuawS752260715469%3Apl%3Ata%3Ap1%3Ap2%3Aac%3Aap%3Aneg%3Afi%3Atikwd-869815001187%3Alp1009919%3Ali%3Adec%3Adm%3Appccp%3DUmFuZG9tSVYkc2RlIyh9YXdX6HrtnYy-Ml68sH-ljtU&aid=311984&dest_id=198&dest_type=country&group_adults=2&req_adults=2&no_rooms=1&broad_search_not_eligible=1&order=score&nflt=ht_id%3D204%3Bht_id%3D213%3Bht_id%3D216%3Bht_id%3D220%3Bht_id%3D221%3Btop_destinations%3D6012%3Buf%3D-2237624%3Buf%3D-2230854","","Under Water Safaris and Resort","Scored 7.0","7.0","Location 9.3","Located in Trincomalee, a few steps from Uppuveli beach, Under Water Safaris and Resort provides accommodations with a garden, free private parking, a private beach area and a terrace.","· 10 reviews","Opens in new window","Trincomalee","Show prices","Good","Show on map","https://cf.bstatic.com/xdata/images/hotel/square600/147750529.webp?k=04d8d4964c80a2e10dc3361deae2bcc8a5d399eef6b57964426f6ee4edd4c54c&o="
"1777056365-179","https://www.booking.com/searchresults.html?label=bristol-XLwodozx2dVe8Ts0XeYuawS752260715469%3Apl%3Ata%3Ap1%3Ap2%3Aac%3Aap%3Aneg%3Afi%3Atikwd-869815001187%3Alp1009919%3Ali%3Adec%3Adm%3Appccp%3DUmFuZG9tSVYkc2RlIyh9YXdX6HrtnYy-Ml68sH-ljtU&aid=311984&dest_id=198&dest_type=country&group_adults=2&req_adults=2&no_rooms=1&broad_search_not_eligible=1&order=score&nflt=ht_id%3D204%3Bht_id%3D213%3Bht_id%3D216%3Bht_id%3D220%3Bht_id%3D221%3Btop_destinations%3D6012%3Buf%3D-2237624%3Buf%3D-2230854","","Athena Guest House","Scored 7.0","7.0","","Featuring garden views, Athena Guest House in Trincomalee provides accommodations, a garden, and a terrace.","· 10 reviews","Opens in new window","Trincomalee","Show prices","Good","Show on map","https://cf.bstatic.com/xdata/images/hotel/square600/469777169.webp?k=5819f03e63b89657e0e67f6fa00638b133084a82a4b373d924e94f4b65b2fab8&o="
"1777056365-180","https://www.booking.com/searchresults.html?label=bristol-XLwodozx2dVe8Ts0XeYuawS752260715469%3Apl%3Ata%3Ap1%3Ap2%3Aac%3Aap%3Aneg%3Afi%3Atikwd-869815001187%3Alp1009919%3Ali%3Adec%3Adm%3Appccp%3DUmFuZG9tSVYkc2RlIyh9YXdX6HrtnYy-Ml68sH-ljtU&aid=311984&dest_id=198&dest_type=country&group_adults=2&req_adults=2&no_rooms=1&broad_search_not_eligible=1&order=score&nflt=ht_id%3D204%3Bht_id%3D213%3Bht_id%3D216%3Bht_id%3D220%3Bht_id%3D221%3Btop_destinations%3D6012%3Buf%3D-2237624%3Buf%3D-2230854","","Dot sea beach cabana uppuveli","Scored 7.0","7.0","","Dot sea beach cabana uppuveli enjoys a location in Trincomalee, a few steps from Uppuveli beach and 2.8 miles from Trincomalee Railway Station.","· 42 reviews","Opens in new window","Trincomalee","Show prices","Good","Show on map","https://cf.bstatic.com/xdata/images/hotel/square600/609174502.webp?k=cb3b8b611ca68091e5476b7d3cf6f7357053acab989ab3ee01eb84419ccf51fb&o="
"1777056365-181","https://www.booking.com/searchresults.html?label=bristol-XLwodozx2dVe8Ts0XeYuawS752260715469%3Apl%3Ata%3Ap1%3Ap2%3Aac%3Aap%3Aneg%3Afi%3Atikwd-869815001187%3Alp1009919%3Ali%3Adec%3Adm%3Appccp%3DUmFuZG9tSVYkc2RlIyh9YXdX6HrtnYy-Ml68sH-ljtU&aid=311984&dest_id=198&dest_type=country&group_adults=2&req_adults=2&no_rooms=1&broad_search_not_eligible=1&order=score&nflt=ht_id%3D204%3Bht_id%3D213%3Bht_id%3D216%3Bht_id%3D220%3Bht_id%3D221%3Btop_destinations%3D6012%3Buf%3D-2237624%3Buf%3D-2230854","","Kanapathiy Rest House","Scored 7.0","7.0","","Kanapathiy Rest House enjoys a location in Trincomalee, 2.3 miles from Kanniya Hot Springs and 2.4 miles from Kali Kovil.","· 11 reviews","Opens in new window","Trincomalee","Show prices","Good","Show on map","https://cf.bstatic.com/xdata/images/hotel/square600/661976034.webp?k=13b1e5e28c868fcafcaf66a8dd23dcc1a65a11309cd966be671cdc0a485c12bc&o="
"1777056365-182","https://www.booking.com/searchresults.html?label=bristol-XLwodozx2dVe8Ts0XeYuawS752260715469%3Apl%3Ata%3Ap1%3Ap2%3Aac%3Aap%3Aneg%3Afi%3Atikwd-869815001187%3Alp1009919%3Ali%3Adec%3Adm%3Appccp%3DUmFuZG9tSVYkc2RlIyh9YXdX6HrtnYy-Ml68sH-ljtU&aid=311984&dest_id=198&dest_type=country&group_adults=2&req_adults=2&no_rooms=1&broad_search_not_eligible=1&order=score&nflt=ht_id%3D204%3Bht_id%3D213%3Bht_id%3D216%3Bht_id%3D220%3Bht_id%3D221%3Btop_destinations%3D6012%3Buf%3D-2237624%3Buf%3D-2230854","","Trinco Beach Resort","Scored 6.9","6.9","","Located in Trincomalee, within a 3-minute walk of Uppuveli beach and 2.4 miles of Trincomalee Railway Station, Trinco Beach Resort provides accommodations with a terrace and free WiFi throughout the...","· 130 reviews","Opens in new window","Trincomalee","Show prices","Review score","Show on map","https://cf.bstatic.com/xdata/images/hotel/square600/588646656.webp?k=2138a414007a1075ca28862e3a5ee552c73c5cdbee1261965e4d3147d3225c03&o="
"1777056365-183","https://www.booking.com/searchresults.html?label=bristol-XLwodozx2dVe8Ts0XeYuawS752260715469%3Apl%3Ata%3Ap1%3Ap2%3Aac%3Aap%3Aneg%3Afi%3Atikwd-869815001187%3Alp1009919%3Ali%3Adec%3Adm%3Appccp%3DUmFuZG9tSVYkc2RlIyh9YXdX6HrtnYy-Ml68sH-ljtU&aid=311984&dest_id=198&dest_type=country&group_adults=2&req_adults=2&no_rooms=1&broad_search_not_eligible=1&order=score&nflt=ht_id%3D204%3Bht_id%3D213%3Bht_id%3D216%3Bht_id%3D220%3Bht_id%3D221%3Btop_destinations%3D6012%3Buf%3D-2237624%3Buf%3D-2230854","","Sai Seashell Rest Inn Nilaveli","Scored 6.9","6.9","","Located in Trincomalee, within a 3-minute walk of Nilaveli Beach and 2.5 miles of Pigeon Island National Park, Sai Seashell Rest Inn Nilaveli provides accommodations with a garden and free WiFi...","· 19 reviews","Opens in new window","Trincomalee","Show prices","Review score","Show on map","https://cf.bstatic.com/xdata/images/hotel/square600/176903437.webp?k=d4d3ec031a22551dc7e093e68731c776bf2c31927aa6405f7a9eac1b807d3ca7&o="
"1777056365-184","https://www.booking.com/searchresults.html?label=bristol-XLwodozx2dVe8Ts0XeYuawS752260715469%3Apl%3Ata%3Ap1%3Ap2%3Aac%3Aap%3Aneg%3Afi%3Atikwd-869815001187%3Alp1009919%3Ali%3Adec%3Adm%3Appccp%3DUmFuZG9tSVYkc2RlIyh9YXdX6HrtnYy-Ml68sH-ljtU&aid=311984&dest_id=198&dest_type=country&group_adults=2&req_adults=2&no_rooms=1&broad_search_not_eligible=1&order=score&nflt=ht_id%3D204%3Bht_id%3D213%3Bht_id%3D216%3Bht_id%3D220%3Bht_id%3D221%3Btop_destinations%3D6012%3Buf%3D-2237624%3Buf%3D-2230854","","Ceylon Antheia Beach Resort","Scored 6.9","6.9","","Providing garden views, Ceylon Antheia Beach Resort in Nilaveli provides accommodations, a private beach area, a garden, and a bar.","· 41 reviews","Opens in new window","Nilaveli","Show prices","Review score","Show on map","https://cf.bstatic.com/xdata/images/hotel/square600/130806177.webp?k=80c1f38dbc4ff96ee4ad5a614e1aa2439a6ebf6c9ec89199cd3e12c56e2ef8a3&o="
"1777056365-185","https://www.booking.com/searchresults.html?label=bristol-XLwodozx2dVe8Ts0XeYuawS752260715469%3Apl%3Ata%3Ap1%3Ap2%3Aac%3Aap%3Aneg%3Afi%3Atikwd-869815001187%3Alp1009919%3Ali%3Adec%3Adm%3Appccp%3DUmFuZG9tSVYkc2RlIyh9YXdX6HrtnYy-Ml68sH-ljtU&aid=311984&dest_id=198&dest_type=country&group_adults=2&req_adults=2&no_rooms=1&broad_search_not_eligible=1&order=score&nflt=ht_id%3D204%3Bht_id%3D213%3Bht_id%3D216%3Bht_id%3D220%3Bht_id%3D221%3Btop_destinations%3D6012%3Buf%3D-2237624%3Buf%3D-2230854","","Nilaveli Hybrid Holiday Hotel","Scored 6.8","6.8","","Located in Nilaveli, a 12-minute walk from Nilaveli Beach, Nilaveli Hybrid Holiday Hotel provides accommodations with an outdoor swimming pool, free private parking, a garden and a shared lounge.","· 84 reviews","Opens in new window","Nilaveli","Show prices","Review score","Show on map","https://cf.bstatic.com/xdata/images/hotel/square600/759638840.webp?k=227d825381a73a485e0c7ab8a076a00e3154298f5885479e8f12300d189d5200&o="
"1777056365-186","https://www.booking.com/searchresults.html?label=bristol-XLwodozx2dVe8Ts0XeYuawS752260715469%3Apl%3Ata%3Ap1%3Ap2%3Aac%3Aap%3Aneg%3Afi%3Atikwd-869815001187%3Alp1009919%3Ali%3Adec%3Adm%3Appccp%3DUmFuZG9tSVYkc2RlIyh9YXdX6HrtnYy-Ml68sH-ljtU&aid=311984&dest_id=198&dest_type=country&group_adults=2&req_adults=2&no_rooms=1&broad_search_not_eligible=1&order=score&nflt=ht_id%3D204%3Bht_id%3D213%3Bht_id%3D216%3Bht_id%3D220%3Bht_id%3D221%3Btop_destinations%3D6012%3Buf%3D-2237624%3Buf%3D-2230854","","Sea Way Hotel","Scored 6.5","6.5","","Located in Nilaveli, a few steps from Nilaveli Beach, Sea Way Hotel has accommodations with an outdoor swimming pool, free private parking, a garden and a terrace.","· 122 reviews","Opens in new window","Nilaveli","Show prices","Review score","Show on map","https://cf.bstatic.com/xdata/images/hotel/square600/533866258.webp?k=e55bbb944fbe4dc85eeedcc48e34d7eb2027c5e14c50ab3ce63088778eb5cc3d&o="
"1777056365-187","https://www.booking.com/searchresults.html?label=bristol-XLwodozx2dVe8Ts0XeYuawS752260715469%3Apl%3Ata%3Ap1%3Ap2%3Aac%3Aap%3Aneg%3Afi%3Atikwd-869815001187%3Alp1009919%3Ali%3Adec%3Adm%3Appccp%3DUmFuZG9tSVYkc2RlIyh9YXdX6HrtnYy-Ml68sH-ljtU&aid=311984&dest_id=198&dest_type=country&group_adults=2&req_adults=2&no_rooms=1&broad_search_not_eligible=1&order=score&nflt=ht_id%3D204%3Bht_id%3D213%3Bht_id%3D216%3Bht_id%3D220%3Bht_id%3D221%3Btop_destinations%3D6012%3Buf%3D-2237624%3Buf%3D-2230854","","Surfing Beach Nilaveli","Scored 6.5","6.5","","Located in Trincomalee, a few steps from Nilaveli Beach, Surfing Beach Nilaveli has accommodations with an outdoor swimming pool, free private parking, a garden and a terrace.","· 37 reviews","Opens in new window","Trincomalee","Show prices","Review score","Show on map","https://cf.bstatic.com/xdata/images/hotel/square600/590672630.webp?k=53078d9e22d64e526ca2c3ce04360ee04dbe1f990a338012dd9d95c3a3982597&o="
"1777056365-188","https://www.booking.com/searchresults.html?label=bristol-XLwodozx2dVe8Ts0XeYuawS752260715469%3Apl%3Ata%3Ap1%3Ap2%3Aac%3Aap%3Aneg%3Afi%3Atikwd-869815001187%3Alp1009919%3Ali%3Adec%3Adm%3Appccp%3DUmFuZG9tSVYkc2RlIyh9YXdX6HrtnYy-Ml68sH-ljtU&aid=311984&dest_id=198&dest_type=country&group_adults=2&req_adults=2&no_rooms=1&broad_search_not_eligible=1&order=score&nflt=ht_id%3D204%3Bht_id%3D213%3Bht_id%3D216%3Bht_id%3D220%3Bht_id%3D221%3Btop_destinations%3D6012%3Buf%3D-2237624%3Buf%3D-2230854","","TPK Trinco Holiday Inn","Scored 6.5","6.5","","TPK Trinco Holiday Inn is located in Trincomalee, just a 14-minute walk from Uppuveli beach and 1.9 miles from Trincomalee Railway Station.","· 9 reviews","Opens in new window","Trincomalee","Show prices","Review score","Show on map","https://cf.bstatic.com/xdata/images/hotel/square600/501708580.webp?k=e36c1e6239e215b73fff6e893d027b69e071477f7ec159836243951a3b77a366&o="
"1777056365-189","https://www.booking.com/searchresults.html?label=bristol-XLwodozx2dVe8Ts0XeYuawS752260715469%3Apl%3Ata%3Ap1%3Ap2%3Aac%3Aap%3Aneg%3Afi%3Atikwd-869815001187%3Alp1009919%3Ali%3Adec%3Adm%3Appccp%3DUmFuZG9tSVYkc2RlIyh9YXdX6HrtnYy-Ml68sH-ljtU&aid=311984&dest_id=198&dest_type=country&group_adults=2&req_adults=2&no_rooms=1&broad_search_not_eligible=1&order=score&nflt=ht_id%3D204%3Bht_id%3D213%3Bht_id%3D216%3Bht_id%3D220%3Bht_id%3D221%3Btop_destinations%3D6012%3Buf%3D-2237624%3Buf%3D-2230854","","Seaside Resort","Scored 6.5","6.5","","Located in Trincomalee, a few steps from Uppuveli beach, Seaside Resort has accommodations with a garden, free private parking, a shared lounge and a terrace.","· 121 reviews","Opens in new window","Trincomalee","Show prices","Review score","Show on map","https://cf.bstatic.com/xdata/images/hotel/square600/671148805.webp?k=9867a3bee2ddbaedd8007322fe76d63bf6900666f2ed8aca2b12a0f314204152&o="
"1777056365-190","https://www.booking.com/searchresults.html?label=bristol-XLwodozx2dVe8Ts0XeYuawS752260715469%3Apl%3Ata%3Ap1%3Ap2%3Aac%3Aap%3Aneg%3Afi%3Atikwd-869815001187%3Alp1009919%3Ali%3Adec%3Adm%3Appccp%3DUmFuZG9tSVYkc2RlIyh9YXdX6HrtnYy-Ml68sH-ljtU&aid=311984&dest_id=198&dest_type=country&group_adults=2&req_adults=2&no_rooms=1&broad_search_not_eligible=1&order=score&nflt=ht_id%3D204%3Bht_id%3D213%3Bht_id%3D216%3Bht_id%3D220%3Bht_id%3D221%3Btop_destinations%3D6012%3Buf%3D-2237624%3Buf%3D-2230854","","JKAB Park Hotel","Scored 6.4","6.4","","Offering an outdoor swimming pool and a restaurant, JKAB Park Hotel is located in Trincomalee, a 3 -minute drive from the Trincomalee Railway Station. It is 8.1 mi away from the Nilaveli Beach.","· 181 reviews","Opens in new window","Trincomalee","Show prices","Review score","Show on map","https://cf.bstatic.com/xdata/images/hotel/square600/148642193.webp?k=8ca94fd695952521b73aa720ea284cb1a25e0e12d8f93b1cc31068f3417c35a5&o="
"1777056365-191","https://www.booking.com/searchresults.html?label=bristol-XLwodozx2dVe8Ts0XeYuawS752260715469%3Apl%3Ata%3Ap1%3Ap2%3Aac%3Aap%3Aneg%3Afi%3Atikwd-869815001187%3Alp1009919%3Ali%3Adec%3Adm%3Appccp%3DUmFuZG9tSVYkc2RlIyh9YXdX6HrtnYy-Ml68sH-ljtU&aid=311984&dest_id=198&dest_type=country&group_adults=2&req_adults=2&no_rooms=1&broad_search_not_eligible=1&order=score&nflt=ht_id%3D204%3Bht_id%3D213%3Bht_id%3D216%3Bht_id%3D220%3Bht_id%3D221%3Btop_destinations%3D6012%3Buf%3D-2237624%3Buf%3D-2230854","","New Shan Guest","Scored 6.4","6.4","","Featuring 3-star accommodations, New Shan Guest is located in Trincomalee, a 7-minute walk from Nilaveli Beach and 2.4 miles from Pigeon Island National Park.","· 15 reviews","Opens in new window","Trincomalee","Show prices","Review score","Show on map","https://cf.bstatic.com/xdata/images/hotel/square600/666790600.webp?k=375483464e9b481c010b643d792efea5c16c6f4a55b59ef4a17375f89a451a36&o="
"1777056365-192","https://www.booking.com/searchresults.html?label=bristol-XLwodozx2dVe8Ts0XeYuawS752260715469%3Apl%3Ata%3Ap1%3Ap2%3Aac%3Aap%3Aneg%3Afi%3Atikwd-869815001187%3Alp1009919%3Ali%3Adec%3Adm%3Appccp%3DUmFuZG9tSVYkc2RlIyh9YXdX6HrtnYy-Ml68sH-ljtU&aid=311984&dest_id=198&dest_type=country&group_adults=2&req_adults=2&no_rooms=1&broad_search_not_eligible=1&order=score&nflt=ht_id%3D204%3Bht_id%3D213%3Bht_id%3D216%3Bht_id%3D220%3Bht_id%3D221%3Btop_destinations%3D6012%3Buf%3D-2237624%3Buf%3D-2230854","","Trinco Rest House","Scored 6.4","6.4","","Located in Trincomalee, a 1-minute walk from Dutch Bay Beach, Trinco Rest House has accommodations with a garden, free private parking, a terrace and a restaurant.","· 22 reviews","Opens in new window","Trincomalee","Show prices","Review score","Show on map","https://cf.bstatic.com/xdata/images/hotel/square600/508304647.webp?k=f63b916117ee1371166d374d3c86389d8b28310641b5caf2092f972e44836f56&o="
"1777056365-193","https://www.booking.com/searchresults.html?label=bristol-XLwodozx2dVe8Ts0XeYuawS752260715469%3Apl%3Ata%3Ap1%3Ap2%3Aac%3Aap%3Aneg%3Afi%3Atikwd-869815001187%3Alp1009919%3Ali%3Adec%3Adm%3Appccp%3DUmFuZG9tSVYkc2RlIyh9YXdX6HrtnYy-Ml68sH-ljtU&aid=311984&dest_id=198&dest_type=country&group_adults=2&req_adults=2&no_rooms=1&broad_search_not_eligible=1&order=score&nflt=ht_id%3D204%3Bht_id%3D213%3Bht_id%3D216%3Bht_id%3D220%3Bht_id%3D221%3Btop_destinations%3D6012%3Buf%3D-2237624%3Buf%3D-2230854","","Secret Escape Nilaveli Ayurveda Hotel & Spa","Scored 6.2","6.2","","Located in Nilaveli, a 3-minute walk from Nilaveli Beach, Secret Escape Nilaveli Ayurveda Hotel & Spa provides accommodations with a garden, free private parking, a shared lounge and a terrace.","· 23 reviews","Opens in new window","Nilaveli","Show prices","Review score","Show on map","https://cf.bstatic.com/xdata/images/hotel/square600/596065196.webp?k=8a133fab5d8a527faba0af05b53142f1151fa83aab4fe4fdec768585bd3a1036&o="
"1777056365-194","https://www.booking.com/searchresults.html?label=bristol-XLwodozx2dVe8Ts0XeYuawS752260715469%3Apl%3Ata%3Ap1%3Ap2%3Aac%3Aap%3Aneg%3Afi%3Atikwd-869815001187%3Alp1009919%3Ali%3Adec%3Adm%3Appccp%3DUmFuZG9tSVYkc2RlIyh9YXdX6HrtnYy-Ml68sH-ljtU&aid=311984&dest_id=198&dest_type=country&group_adults=2&req_adults=2&no_rooms=1&broad_search_not_eligible=1&order=score&nflt=ht_id%3D204%3Bht_id%3D213%3Bht_id%3D216%3Bht_id%3D220%3Bht_id%3D221%3Btop_destinations%3D6012%3Buf%3D-2237624%3Buf%3D-2230854","","Green Villa","Scored 6.1","6.1","","Just 1.1 miles from Uppuveli beach and a 12-minute walk from Trincomalee Railway Station, Green Villa features accommodations in Trincomalee, with a garden and a terrace.","· 23 reviews","Opens in new window","Trincomalee","Show prices","Review score","Show on map","https://cf.bstatic.com/xdata/images/hotel/square600/496533380.webp?k=ac9699181773198287c1f09a62c3c8a1b7daf31b878960eb5948daa6d5d88867&o="
"1777056365-195","https://www.booking.com/searchresults.html?label=bristol-XLwodozx2dVe8Ts0XeYuawS752260715469%3Apl%3Ata%3Ap1%3Ap2%3Aac%3Aap%3Aneg%3Afi%3Atikwd-869815001187%3Alp1009919%3Ali%3Adec%3Adm%3Appccp%3DUmFuZG9tSVYkc2RlIyh9YXdX6HrtnYy-Ml68sH-ljtU&aid=311984&dest_id=198&dest_type=country&group_adults=2&req_adults=2&no_rooms=1&broad_search_not_eligible=1&order=score&nflt=ht_id%3D204%3Bht_id%3D213%3Bht_id%3D216%3Bht_id%3D220%3Bht_id%3D221%3Btop_destinations%3D6012%3Buf%3D-2237624%3Buf%3D-2230854","","Trinco Waves","Scored 6.0","6.0","","Located in Trincomalee, a few steps from Uppuveli beach, Trinco Waves has accommodations with a garden, free private parking and a private beach area.","· 5 reviews","Opens in new window","Trincomalee","Show prices","Review score","Show on map","https://cf.bstatic.com/xdata/images/hotel/square600/535042035.webp?k=59f53c966d69bb52396b44d1c973f454059c06f465eb2aaa6e020163efee9046&o="
"1777056365-196","https://www.booking.com/searchresults.html?label=bristol-XLwodozx2dVe8Ts0XeYuawS752260715469%3Apl%3Ata%3Ap1%3Ap2%3Aac%3Aap%3Aneg%3Afi%3Atikwd-869815001187%3Alp1009919%3Ali%3Adec%3Adm%3Appccp%3DUmFuZG9tSVYkc2RlIyh9YXdX6HrtnYy-Ml68sH-ljtU&aid=311984&dest_id=198&dest_type=country&group_adults=2&req_adults=2&no_rooms=1&broad_search_not_eligible=1&order=score&nflt=ht_id%3D204%3Bht_id%3D213%3Bht_id%3D216%3Bht_id%3D220%3Bht_id%3D221%3Btop_destinations%3D6012%3Buf%3D-2237624%3Buf%3D-2230854","","Hotel Alas Garden","Scored 5.9","5.9","","Located in Trincomalee, a 4-minute walk from Uppuveli beach, Hotel Alas Garden has accommodations with a garden, free private parking, a private beach area and a shared lounge.","· 26 reviews","Opens in new window","Trincomalee","Show prices","Review score","Show on map","https://cf.bstatic.com/xdata/images/hotel/square600/67191738.webp?k=235041721764b910038efbadb0d60b04733d25f8f967c0768304cb162244986a&o="
"1777056365-197","https://www.booking.com/searchresults.html?label=bristol-XLwodozx2dVe8Ts0XeYuawS752260715469%3Apl%3Ata%3Ap1%3Ap2%3Aac%3Aap%3Aneg%3Afi%3Atikwd-869815001187%3Alp1009919%3Ali%3Adec%3Adm%3Appccp%3DUmFuZG9tSVYkc2RlIyh9YXdX6HrtnYy-Ml68sH-ljtU&aid=311984&dest_id=198&dest_type=country&group_adults=2&req_adults=2&no_rooms=1&broad_search_not_eligible=1&order=score&nflt=ht_id%3D204%3Bht_id%3D213%3Bht_id%3D216%3Bht_id%3D220%3Bht_id%3D221%3Btop_destinations%3D6012%3Buf%3D-2237624%3Buf%3D-2230854","","TrincoBeCoolGuest & Hostel","Scored 5.7","5.7","","Providing a bar, TrincoBeCoolGuest & Hostel provides accommodations in Trincomalee.","· 9 reviews","Opens in new window","Trincomalee","Show prices","Review score","Show on map","https://cf.bstatic.com/xdata/images/hotel/square600/701507429.webp?k=b3bf733adb9a05a724d8da07e5a7b1ce8ca4fef2b9b5996e90281ee4d94dda64&o="
"1777056365-198","https://www.booking.com/searchresults.html?label=bristol-XLwodozx2dVe8Ts0XeYuawS752260715469%3Apl%3Ata%3Ap1%3Ap2%3Aac%3Aap%3Aneg%3Afi%3Atikwd-869815001187%3Alp1009919%3Ali%3Adec%3Adm%3Appccp%3DUmFuZG9tSVYkc2RlIyh9YXdX6HrtnYy-Ml68sH-ljtU&aid=311984&dest_id=198&dest_type=country&group_adults=2&req_adults=2&no_rooms=1&broad_search_not_eligible=1&order=score&nflt=ht_id%3D204%3Bht_id%3D213%3Bht_id%3D216%3Bht_id%3D220%3Bht_id%3D221%3Btop_destinations%3D6012%3Buf%3D-2237624%3Buf%3D-2230854","","Sunshine Hotel","Scored 5.4","5.4","","Located in Trincomalee, within a 8-minute walk of Dutch Bay Beach and 700 yards of Kali Kovil, Sunshine Hotel has accommodations with free WiFi.","· 117 reviews","Opens in new window","Trincomalee","Show prices","Review score","Show on map","https://cf.bstatic.com/xdata/images/hotel/square600/155713456.webp?k=7af08033c1464d6150010a7c54de01e5e30a77140cfefd7866cfded6d5d72d99&o="
"1777056365-199","https://www.booking.com/searchresults.html?label=bristol-XLwodozx2dVe8Ts0XeYuawS752260715469%3Apl%3Ata%3Ap1%3Ap2%3Aac%3Aap%3Aneg%3Afi%3Atikwd-869815001187%3Alp1009919%3Ali%3Adec%3Adm%3Appccp%3DUmFuZG9tSVYkc2RlIyh9YXdX6HrtnYy-Ml68sH-ljtU&aid=311984&dest_id=198&dest_type=country&group_adults=2&req_adults=2&no_rooms=1&broad_search_not_eligible=1&order=score&nflt=ht_id%3D204%3Bht_id%3D213%3Bht_id%3D216%3Bht_id%3D220%3Bht_id%3D221%3Btop_destinations%3D6012%3Buf%3D-2237624%3Buf%3D-2230854","","Sea View Beach Hotel","Scored 4.4","4.4","","Located in Nilaveli, a 2-minute walk from Nilaveli Beach, Sea View Beach Hotel has accommodations with a garden, free private parking, a private beach area and a shared lounge.","· 5 reviews","Opens in new window","Nilaveli","Show prices","Review score","Show on map","https://cf.bstatic.com/xdata/images/hotel/square600/810514187.webp?k=c4390aa3de3e09253a5821469c82a4247622ad8b49ad60349d9f3b41890f52d6&o="
"1777056365-200","https://www.booking.com/searchresults.html?label=bristol-XLwodozx2dVe8Ts0XeYuawS752260715469%3Apl%3Ata%3Ap1%3Ap2%3Aac%3Aap%3Aneg%3Afi%3Atikwd-869815001187%3Alp1009919%3Ali%3Adec%3Adm%3Appccp%3DUmFuZG9tSVYkc2RlIyh9YXdX6HrtnYy-Ml68sH-ljtU&aid=311984&dest_id=198&dest_type=country&group_adults=2&req_adults=2&no_rooms=1&broad_search_not_eligible=1&order=score&nflt=ht_id%3D204%3Bht_id%3D213%3Bht_id%3D216%3Bht_id%3D220%3Bht_id%3D221%3Btop_destinations%3D6012%3Buf%3D-2237624%3Buf%3D-2230854","","Dreamscape Resort","","","","Dreamscape Resort offers accommodations in Trincomalee, 2.3 miles from Kanniya Hot Springs and 5.1 miles from Velgam Vehera.","","Opens in new window","Trincomalee","Show prices","","Show on map","https://cf.bstatic.com/xdata/images/hotel/square600/836801853.webp?k=9f2ca503a4843f5fe0f23f13a0716e25045e04359cbb07160b13856bd781e2b8&o="
"1777056365-201","https://www.booking.com/searchresults.html?label=bristol-XLwodozx2dVe8Ts0XeYuawS752260715469%3Apl%3Ata%3Ap1%3Ap2%3Aac%3Aap%3Aneg%3Afi%3Atikwd-869815001187%3Alp1009919%3Ali%3Adec%3Adm%3Appccp%3DUmFuZG9tSVYkc2RlIyh9YXdX6HrtnYy-Ml68sH-ljtU&aid=311984&dest_id=198&dest_type=country&group_adults=2&req_adults=2&no_rooms=1&broad_search_not_eligible=1&order=score&nflt=ht_id%3D204%3Bht_id%3D213%3Bht_id%3D216%3Bht_id%3D220%3Bht_id%3D221%3Btop_destinations%3D6012%3Buf%3D-2237624%3Buf%3D-2230854","","Bellamoon Resort","Scored 10","10","Value for money 10","Located in Trincomalee, a 13-minute walk from Uppuveli beach, Bellamoon Resort has accommodations with a garden, free private parking and a terrace.","· 2 reviews","Opens in new window","Trincomalee","Show prices","Exceptional","Show on map","https://cf.bstatic.com/xdata/images/hotel/square600/828731383.webp?k=5c9fcb858b627857033cd6278f14d9f98276e778cbf3d2659b0a67c50a9cc724&o="
"1777056365-202","https://www.booking.com/searchresults.html?label=bristol-XLwodozx2dVe8Ts0XeYuawS752260715469%3Apl%3Ata%3Ap1%3Ap2%3Aac%3Aap%3Aneg%3Afi%3Atikwd-869815001187%3Alp1009919%3Ali%3Adec%3Adm%3Appccp%3DUmFuZG9tSVYkc2RlIyh9YXdX6HrtnYy-Ml68sH-ljtU&aid=311984&dest_id=198&dest_type=country&group_adults=2&req_adults=2&no_rooms=1&broad_search_not_eligible=1&order=score&nflt=ht_id%3D204%3Bht_id%3D213%3Bht_id%3D216%3Bht_id%3D220%3Bht_id%3D221%3Btop_destinations%3D6012%3Buf%3D-2237624%3Buf%3D-2230854","","PAS Villa","","","","PAS Villa is located in Trincomalee, just 2.5 miles from Kanniya Hot Springs and 3.1 miles from Kali Kovil.","","Opens in new window","Trincomalee","Show prices","","Show on map","https://cf.bstatic.com/xdata/images/hotel/square600/812495059.webp?k=dd9a1cd80926a0c9f78e92abf65783d3a53e09a5583f9cfd3002ab5713c4ba89&o="
"1777056365-203","https://www.booking.com/searchresults.html?label=bristol-XLwodozx2dVe8Ts0XeYuawS752260715469%3Apl%3Ata%3Ap1%3Ap2%3Aac%3Aap%3Aneg%3Afi%3Atikwd-869815001187%3Alp1009919%3Ali%3Adec%3Adm%3Appccp%3DUmFuZG9tSVYkc2RlIyh9YXdX6HrtnYy-Ml68sH-ljtU&aid=311984&dest_id=198&dest_type=country&group_adults=2&req_adults=2&no_rooms=1&broad_search_not_eligible=1&order=score&nflt=ht_id%3D204%3Bht_id%3D213%3Bht_id%3D216%3Bht_id%3D220%3Bht_id%3D221%3Btop_destinations%3D6012%3Buf%3D-2237624%3Buf%3D-2230854","","Trinco Salom Rooms & Restaurant","","","","Trinco Salom Rooms & Restaurant is a recently renovated guest house in Trincomalee near Uppuveli beach.","","Opens in new window","Trincomalee","Show prices","","Show on map","https://cf.bstatic.com/xdata/images/hotel/square600/840379819.webp?k=4faf7275ebcb7817ce0e3c61ad7fcff604bbe78378285450c43bbcfab70f7f18&o="
"1777056365-204","https://www.booking.com/searchresults.html?label=bristol-XLwodozx2dVe8Ts0XeYuawS752260715469%3Apl%3Ata%3Ap1%3Ap2%3Aac%3Aap%3Aneg%3Afi%3Atikwd-869815001187%3Alp1009919%3Ali%3Adec%3Adm%3Appccp%3DUmFuZG9tSVYkc2RlIyh9YXdX6HrtnYy-Ml68sH-ljtU&aid=311984&dest_id=198&dest_type=country&group_adults=2&req_adults=2&no_rooms=1&broad_search_not_eligible=1&order=score&nflt=ht_id%3D204%3Bht_id%3D213%3Bht_id%3D216%3Bht_id%3D220%3Bht_id%3D221%3Btop_destinations%3D6012%3Buf%3D-2237624%3Buf%3D-2230854","","Yash ViLLA","Scored 1.0","1.0","","Yash ViLLA offers accommodations in Trincomalee, a 16-minute walk from Uppuveli beach and 0.7 miles from Trincomalee Railway Station. This property offers access to a balcony and free private parking....","· 2 reviews","Opens in new window","Trincomalee","Show prices","Review score","Show on map","https://cf.bstatic.com/xdata/images/hotel/square600/759250770.webp?k=44397e06da4cb710ac7176f6c8309b369e1b91a8f9aac8c4398b336ccb4c2444&o="
"1777056365-205","https://www.booking.com/searchresults.html?label=bristol-XLwodozx2dVe8Ts0XeYuawS752260715469%3Apl%3Ata%3Ap1%3Ap2%3Aac%3Aap%3Aneg%3Afi%3Atikwd-869815001187%3Alp1009919%3Ali%3Adec%3Adm%3Appccp%3DUmFuZG9tSVYkc2RlIyh9YXdX6HrtnYy-Ml68sH-ljtU&aid=311984&dest_id=198&dest_type=country&group_adults=2&req_adults=2&no_rooms=1&broad_search_not_eligible=1&order=score&nflt=ht_id%3D204%3Bht_id%3D213%3Bht_id%3D216%3Bht_id%3D220%3Bht_id%3D221%3Btop_destinations%3D6012%3Buf%3D-2237624%3Buf%3D-2230854","","Risha villa","","","","Risha villa enjoys a location in Trincomalee, a 13-minute walk from St. Mary's Cathedral Trincomalee and 0.9 miles from Gokana Temple.","","Opens in new window","Trincomalee","Show prices","","Show on map","https://cf.bstatic.com/xdata/images/hotel/square600/832161593.webp?k=aed30e286903ed5692715f41d95cfa8c4f3ebdcbd0102ee356d30e78f0b7369c&o="
"1777056365-206","https://www.booking.com/searchresults.html?label=bristol-XLwodozx2dVe8Ts0XeYuawS752260715469%3Apl%3Ata%3Ap1%3Ap2%3Aac%3Aap%3Aneg%3Afi%3Atikwd-869815001187%3Alp1009919%3Ali%3Adec%3Adm%3Appccp%3DUmFuZG9tSVYkc2RlIyh9YXdX6HrtnYy-Ml68sH-ljtU&aid=311984&dest_id=198&dest_type=country&group_adults=2&req_adults=2&no_rooms=1&broad_search_not_eligible=1&order=score&nflt=ht_id%3D204%3Bht_id%3D213%3Bht_id%3D216%3Bht_id%3D220%3Bht_id%3D221%3Btop_destinations%3D6012%3Buf%3D-2237624%3Buf%3D-2230854","","TBRS By Platinum Hotels","Scored 1.0","1.0","","Located in Trincomalee, a few steps from Uppuveli beach, TBRS By Platinum Hotels has accommodations with an outdoor swimming pool, free private parking, a garden and a private beach area.","· 1 review","Opens in new window","Trincomalee","Show prices","Review score","Show on map","https://cf.bstatic.com/xdata/images/hotel/square600/846898255.webp?k=f066e98cb287e8597bd9fac1b40c237ce8c8c40f227b37a1dd958b263bceff5f&o="
"1777056365-207","https://www.booking.com/searchresults.html?label=bristol-XLwodozx2dVe8Ts0XeYuawS752260715469%3Apl%3Ata%3Ap1%3Ap2%3Aac%3Aap%3Aneg%3Afi%3Atikwd-869815001187%3Alp1009919%3Ali%3Adec%3Adm%3Appccp%3DUmFuZG9tSVYkc2RlIyh9YXdX6HrtnYy-Ml68sH-ljtU&aid=311984&dest_id=198&dest_type=country&group_adults=2&req_adults=2&no_rooms=1&broad_search_not_eligible=1&order=score&nflt=ht_id%3D204%3Bht_id%3D213%3Bht_id%3D216%3Bht_id%3D220%3Bht_id%3D221%3Btop_destinations%3D6012%3Buf%3D-2237624%3Buf%3D-2230854","","Guru Guest House","Scored 10","10","Value for money 10","Guru Guest House is located in Trincomalee, just 2.1 miles from Trincomalee Railway Station and 2.3 miles from Kanniya Hot Springs.","· 1 review","Opens in new window","Trincomalee","Show prices","Exceptional","Show on map","https://cf.bstatic.com/xdata/images/hotel/square600/825519487.webp?k=f36a9cea07c3de8b0700ec3fbd619e996bedc17ad4833a2e4f81e26ae6093815&o="
"1777056365-208","https://www.booking.com/searchresults.html?label=bristol-XLwodozx2dVe8Ts0XeYuawS752260715469%3Apl%3Ata%3Ap1%3Ap2%3Aac%3Aap%3Aneg%3Afi%3Atikwd-869815001187%3Alp1009919%3Ali%3Adec%3Adm%3Appccp%3DUmFuZG9tSVYkc2RlIyh9YXdX6HrtnYy-Ml68sH-ljtU&aid=311984&dest_id=198&dest_type=country&group_adults=2&req_adults=2&no_rooms=1&broad_search_not_eligible=1&order=score&nflt=ht_id%3D204%3Bht_id%3D213%3Bht_id%3D216%3Bht_id%3D220%3Bht_id%3D221%3Btop_destinations%3D6012%3Buf%3D-2237624%3Buf%3D-2230854","","Ocean waves","","","","Ocean waves offers accommodations in Trincomalee, a few steps from Uppuveli beach and 2.3 miles from Trincomalee Railway Station.","","Opens in new window","Trincomalee","Show prices","","Show on map","https://cf.bstatic.com/xdata/images/hotel/square600/851159593.webp?k=3857d24e8d882f6d495f31d1e75b85af39a5ccd443de4f5c471154a6b67e427b&o="
"1777056365-209","https://www.booking.com/searchresults.html?label=bristol-XLwodozx2dVe8Ts0XeYuawS752260715469%3Apl%3Ata%3Ap1%3Ap2%3Aac%3Aap%3Aneg%3Afi%3Atikwd-869815001187%3Alp1009919%3Ali%3Adec%3Adm%3Appccp%3DUmFuZG9tSVYkc2RlIyh9YXdX6HrtnYy-Ml68sH-ljtU&aid=311984&dest_id=198&dest_type=country&group_adults=2&req_adults=2&no_rooms=1&broad_search_not_eligible=1&order=score&nflt=ht_id%3D204%3Bht_id%3D213%3Bht_id%3D216%3Bht_id%3D220%3Bht_id%3D221%3Btop_destinations%3D6012%3Buf%3D-2237624%3Buf%3D-2230854","","Casa Moon Uppuveli Rooms Apartment & Hostel","Scored 10","10","Value for money 10","Providing free Wifi, private parking, and a private beach area, the recently renovated property Casa Moon Uppuveli Rooms Apartment & Hostel offers rooms in Trincomalee, a 4-minute walk from Uppuveli...","· 3 reviews","Opens in new window","Trincomalee","Show prices","Exceptional","Show on map","https://cf.bstatic.com/xdata/images/hotel/square600/846345868.webp?k=dfc28f687544c082c5ae2ca949fec8b74e76267c187068f6bc8b1503f814bb4b&o="
"1777056365-210","https://www.booking.com/searchresults.html?label=bristol-XLwodozx2dVe8Ts0XeYuawS752260715469%3Apl%3Ata%3Ap1%3Ap2%3Aac%3Aap%3Aneg%3Afi%3Atikwd-869815001187%3Alp1009919%3Ali%3Adec%3Adm%3Appccp%3DUmFuZG9tSVYkc2RlIyh9YXdX6HrtnYy-Ml68sH-ljtU&aid=311984&dest_id=198&dest_type=country&group_adults=2&req_adults=2&no_rooms=1&broad_search_not_eligible=1&order=score&nflt=ht_id%3D204%3Bht_id%3D213%3Bht_id%3D216%3Bht_id%3D220%3Bht_id%3D221%3Btop_destinations%3D6012%3Buf%3D-2237624%3Buf%3D-2230854","","Euro Asian Rooms & Restaurant","","","","Located in Trincomalee, within 1.7 miles of Uppuveli beach and 1.7 miles of Trincomalee Railway Station, Euro Asian Rooms & Restaurant provides accommodations with a restaurant and free WiFi...","","Opens in new window","Trincomalee","Show prices","","Show on map","https://cf.bstatic.com/xdata/images/hotel/square600/818748196.webp?k=2d2e46862b4f20222295bd56abf6791259d5c41f2cd06fe122be5471b020f983&o="
"1777056365-211","https://www.booking.com/searchresults.html?label=bristol-XLwodozx2dVe8Ts0XeYuawS752260715469%3Apl%3Ata%3Ap1%3Ap2%3Aac%3Aap%3Aneg%3Afi%3Atikwd-869815001187%3Alp1009919%3Ali%3Adec%3Adm%3Appccp%3DUmFuZG9tSVYkc2RlIyh9YXdX6HrtnYy-Ml68sH-ljtU&aid=311984&dest_id=198&dest_type=country&group_adults=2&req_adults=2&no_rooms=1&broad_search_not_eligible=1&order=score&nflt=ht_id%3D204%3Bht_id%3D213%3Bht_id%3D216%3Bht_id%3D220%3Bht_id%3D221%3Btop_destinations%3D6012%3Buf%3D-2237624%3Buf%3D-2230854","","Diving Nest","Scored 10","10","Value for money 10","Located in Trincomalee, within a few steps of Sandy Cove Beach and a 15-minute walk of St.","· 1 review","Opens in new window","Trincomalee","Show prices","Exceptional","Show on map","https://cf.bstatic.com/xdata/images/hotel/square600/840699568.webp?k=fa5902300b761173bd9b54124b45376ce385055554636a47ee448d9ed7ac6911&o="
"1777056365-212","https://www.booking.com/searchresults.html?label=bristol-XLwodozx2dVe8Ts0XeYuawS752260715469%3Apl%3Ata%3Ap1%3Ap2%3Aac%3Aap%3Aneg%3Afi%3Atikwd-869815001187%3Alp1009919%3Ali%3Adec%3Adm%3Appccp%3DUmFuZG9tSVYkc2RlIyh9YXdX6HrtnYy-Ml68sH-ljtU&aid=311984&dest_id=198&dest_type=country&group_adults=2&req_adults=2&no_rooms=1&broad_search_not_eligible=1&order=score&nflt=ht_id%3D204%3Bht_id%3D213%3Bht_id%3D216%3Bht_id%3D220%3Bht_id%3D221%3Btop_destinations%3D6012%3Buf%3D-2237624%3Buf%3D-2230854","","Sayura Guest House","","","","Sayura Guest House offers accommodations in Trincomalee, 2.4 miles from Gokana Temple and 2.4 miles from Maritime and Naval History Museum.","","Opens in new window","Trincomalee","Show prices","","Show on map","https://cf.bstatic.com/xdata/images/hotel/square600/800754972.webp?k=5ce41eb2056fd694f9371cf9debf1f098bf200247d96c7a26637728700f9c29a&o="
"1777056365-213","https://www.booking.com/searchresults.html?label=bristol-XLwodozx2dVe8Ts0XeYuawS752260715469%3Apl%3Ata%3Ap1%3Ap2%3Aac%3Aap%3Aneg%3Afi%3Atikwd-869815001187%3Alp1009919%3Ali%3Adec%3Adm%3Appccp%3DUmFuZG9tSVYkc2RlIyh9YXdX6HrtnYy-Ml68sH-ljtU&aid=311984&dest_id=198&dest_type=country&group_adults=2&req_adults=2&no_rooms=1&broad_search_not_eligible=1&order=score&nflt=ht_id%3D204%3Bht_id%3D213%3Bht_id%3D216%3Bht_id%3D220%3Bht_id%3D221%3Btop_destinations%3D6012%3Buf%3D-2237624%3Buf%3D-2230854","","Vino lanka","","","","Offering a garden, Vino lanka offers accommodations in Trincomalee. This property offers access to a terrace, free private parking, and free Wifi.","","Opens in new window","Trincomalee","Show prices","","Show on map","https://cf.bstatic.com/xdata/images/hotel/square600/814333598.webp?k=79ff9c2983b8c3b19b0fc514af40f3290541b376233bc6414e8ae52fe3506b92&o="
"1777056365-214","https://www.booking.com/searchresults.html?label=bristol-XLwodozx2dVe8Ts0XeYuawS752260715469%3Apl%3Ata%3Ap1%3Ap2%3Aac%3Aap%3Aneg%3Afi%3Atikwd-869815001187%3Alp1009919%3Ali%3Adec%3Adm%3Appccp%3DUmFuZG9tSVYkc2RlIyh9YXdX6HrtnYy-Ml68sH-ljtU&aid=311984&dest_id=198&dest_type=country&group_adults=2&req_adults=2&no_rooms=1&broad_search_not_eligible=1&order=score&nflt=ht_id%3D204%3Bht_id%3D213%3Bht_id%3D216%3Bht_id%3D220%3Bht_id%3D221%3Btop_destinations%3D6012%3Buf%3D-2237624%3Buf%3D-2230854","","Dot's bey beach cabanas","Scored 10","10","Value for money 10","Providing garden views, Dot's bey beach cabanas in Trincomalee provides accommodations, a garden, a bar, and a shared lounge.","· 1 review","Opens in new window","Trincomalee","Show prices","Exceptional","Show on map","https://cf.bstatic.com/xdata/images/hotel/square600/761123160.webp?k=a602ddffbb11fc3ba312f3c7a48ffd2f8aa1ac3994e67b66aa50981913554bb8&o="
"1777056365-215","https://www.booking.com/searchresults.html?label=bristol-XLwodozx2dVe8Ts0XeYuawS752260715469%3Apl%3Ata%3Ap1%3Ap2%3Aac%3Aap%3Aneg%3Afi%3Atikwd-869815001187%3Alp1009919%3Ali%3Adec%3Adm%3Appccp%3DUmFuZG9tSVYkc2RlIyh9YXdX6HrtnYy-Ml68sH-ljtU&aid=311984&dest_id=198&dest_type=country&group_adults=2&req_adults=2&no_rooms=1&broad_search_not_eligible=1&order=score&nflt=ht_id%3D204%3Bht_id%3D213%3Bht_id%3D216%3Bht_id%3D220%3Bht_id%3D221%3Btop_destinations%3D6012%3Buf%3D-2237624%3Buf%3D-2230854","","Villa with Private Pool, 12 mins walk to Beach","Scored 9.5","9.5","Value for money 8.8","Featuring a garden, Villa with Private Pool, 12 mins walk to Beach features accommodations in Trincomalee. This property offers access to a balcony, free private parking, and free Wifi.","· 2 reviews","Opens in new window","Trincomalee","Show prices","Exceptional","Show on map","https://cf.bstatic.com/xdata/images/hotel/square600/687902615.webp?k=7bba38243f532eae84cbd8b6590dd8b0a702858c0bed42a95b441979d2391055&o="
"1777056365-216","https://www.booking.com/searchresults.html?label=bristol-XLwodozx2dVe8Ts0XeYuawS752260715469%3Apl%3Ata%3Ap1%3Ap2%3Aac%3Aap%3Aneg%3Afi%3Atikwd-869815001187%3Alp1009919%3Ali%3Adec%3Adm%3Appccp%3DUmFuZG9tSVYkc2RlIyh9YXdX6HrtnYy-Ml68sH-ljtU&aid=311984&dest_id=198&dest_type=country&group_adults=2&req_adults=2&no_rooms=1&broad_search_not_eligible=1&order=score&nflt=ht_id%3D204%3Bht_id%3D213%3Bht_id%3D216%3Bht_id%3D220%3Bht_id%3D221%3Btop_destinations%3D6012%3Buf%3D-2237624%3Buf%3D-2230854","","RooLi Harbour Inn-Trincomalee","Scored 8.0","8.0","Value for money 10","RooLi Harbour Inn-Trincomalee enjoys a location in Trincomalee, 1.3 miles from St. Mary's Cathedral Trincomalee and 1.4 miles from Maritime and Naval History Museum.","· 1 review","Opens in new window","Trincomalee","Show prices","Very Good","Show on map","https://cf.bstatic.com/xdata/images/hotel/square600/825952033.webp?k=ef91500c4accfc5654c627c660067f60745ccd4932b84e2657dfd40f94015b03&o="
"1777056365-217","https://www.booking.com/searchresults.html?label=bristol-XLwodozx2dVe8Ts0XeYuawS752260715469%3Apl%3Ata%3Ap1%3Ap2%3Aac%3Aap%3Aneg%3Afi%3Atikwd-869815001187%3Alp1009919%3Ali%3Adec%3Adm%3Appccp%3DUmFuZG9tSVYkc2RlIyh9YXdX6HrtnYy-Ml68sH-ljtU&aid=311984&dest_id=198&dest_type=country&group_adults=2&req_adults=2&no_rooms=1&broad_search_not_eligible=1&order=score&nflt=ht_id%3D204%3Bht_id%3D213%3Bht_id%3D216%3Bht_id%3D220%3Bht_id%3D221%3Btop_destinations%3D6012%3Buf%3D-2237624%3Buf%3D-2230854","","Rain bird guest","","","","Rain bird guest is located in Trincomalee, just a 15-minute walk from Gokana Temple and one mile from Fort Frederick.","","Opens in new window","Trincomalee","Show prices","","Show on map","https://cf.bstatic.com/xdata/images/hotel/square600/835110908.webp?k=231da694e4277973013e28e20c423bc24acbc676f274293e6b86371c80c841fe&o="
"1777056365-218","https://www.booking.com/searchresults.html?label=bristol-XLwodozx2dVe8Ts0XeYuawS752260715469%3Apl%3Ata%3Ap1%3Ap2%3Aac%3Aap%3Aneg%3Afi%3Atikwd-869815001187%3Alp1009919%3Ali%3Adec%3Adm%3Appccp%3DUmFuZG9tSVYkc2RlIyh9YXdX6HrtnYy-Ml68sH-ljtU&aid=311984&dest_id=198&dest_type=country&group_adults=2&req_adults=2&no_rooms=1&broad_search_not_eligible=1&order=score&nflt=ht_id%3D204%3Bht_id%3D213%3Bht_id%3D216%3Bht_id%3D220%3Bht_id%3D221%3Btop_destinations%3D6012%3Buf%3D-2237624%3Buf%3D-2230854","","Raam Villa uppuveli","Scored 8.7","8.7","Value for money 10","Raam Villa uppuveli provides air-conditioned accommodations in Trincomalee. Featuring a garden, the property is located within a 4-minute walk of Uppuveli beach.","· 3 reviews","Opens in new window","Trincomalee","Show prices","Excellent","Show on map","https://cf.bstatic.com/xdata/images/hotel/square600/846865037.webp?k=dd5acef36a771df9ac0d9934e7fd8195af98a0b3b578ac63d24a438218c914be&o="
"1777056365-219","https://www.booking.com/searchresults.html?label=bristol-XLwodozx2dVe8Ts0XeYuawS752260715469%3Apl%3Ata%3Ap1%3Ap2%3Aac%3Aap%3Aneg%3Afi%3Atikwd-869815001187%3Alp1009919%3Ali%3Adec%3Adm%3Appccp%3DUmFuZG9tSVYkc2RlIyh9YXdX6HrtnYy-Ml68sH-ljtU&aid=311984&dest_id=198&dest_type=country&group_adults=2&req_adults=2&no_rooms=1&broad_search_not_eligible=1&order=score&nflt=ht_id%3D204%3Bht_id%3D213%3Bht_id%3D216%3Bht_id%3D220%3Bht_id%3D221%3Btop_destinations%3D6012%3Buf%3D-2237624%3Buf%3D-2230854","","Aqua Dream Adventures Resort","","","","Located in Trincomalee, within 8.3 miles of Kanniya Hot Springs and 9.2 miles of Trincomalee Railway Station, Aqua Dream Adventures Resort provides accommodations with a garden and free WiFi...","","Opens in new window","Trincomalee","Show prices","","Show on map","https://cf.bstatic.com/xdata/images/hotel/square600/855378009.webp?k=1ad8bd994ae5e4824b68a01279524fcd3b599e32a26bfc935e2a1ce32d058efe&o="
"1777056365-220","https://www.booking.com/searchresults.html?label=bristol-XLwodozx2dVe8Ts0XeYuawS752260715469%3Apl%3Ata%3Ap1%3Ap2%3Aac%3Aap%3Aneg%3Afi%3Atikwd-869815001187%3Alp1009919%3Ali%3Adec%3Adm%3Appccp%3DUmFuZG9tSVYkc2RlIyh9YXdX6HrtnYy-Ml68sH-ljtU&aid=311984&dest_id=198&dest_type=country&group_adults=2&req_adults=2&no_rooms=1&broad_search_not_eligible=1&order=score&nflt=ht_id%3D204%3Bht_id%3D213%3Bht_id%3D216%3Bht_id%3D220%3Bht_id%3D221%3Btop_destinations%3D6012%3Buf%3D-2237624%3Buf%3D-2230854","","Sunrise Beach Villa","","","","Offering a garden, Sunrise Beach Villa offers accommodations in Trincomalee. This property offers access to a terrace, free private parking, and free Wifi.","","Opens in new window","Trincomalee","Show prices","","Show on map","https://cf.bstatic.com/xdata/images/hotel/square600/826817842.webp?k=87f305b6eeb101ad01f08ccc84d32d8554c90a90cb6a09c53ade91cf5b9b1460&o="
"1777056365-221","https://www.booking.com/searchresults.html?label=bristol-XLwodozx2dVe8Ts0XeYuawS752260715469%3Apl%3Ata%3Ap1%3Ap2%3Aac%3Aap%3Aneg%3Afi%3Atikwd-869815001187%3Alp1009919%3Ali%3Adec%3Adm%3Appccp%3DUmFuZG9tSVYkc2RlIyh9YXdX6HrtnYy-Ml68sH-ljtU&aid=311984&dest_id=198&dest_type=country&group_adults=2&req_adults=2&no_rooms=1&broad_search_not_eligible=1&order=score&nflt=ht_id%3D204%3Bht_id%3D213%3Bht_id%3D216%3Bht_id%3D220%3Bht_id%3D221%3Btop_destinations%3D6012%3Buf%3D-2237624%3Buf%3D-2230854","","Ceylon Seaway Villa","","","","Featuring a garden, Ceylon Seaway Villa features accommodations in Trincomalee.","","Opens in new window","Trincomalee","Show prices","","Show on map","https://cf.bstatic.com/xdata/images/hotel/square600/855886829.webp?k=e0ec2799bbccb16acc17cb8a94eb178ade4b7866319562e184b1882e721d85b9&o="
"1777056365-222","https://www.booking.com/searchresults.html?label=bristol-XLwodozx2dVe8Ts0XeYuawS752260715469%3Apl%3Ata%3Ap1%3Ap2%3Aac%3Aap%3Aneg%3Afi%3Atikwd-869815001187%3Alp1009919%3Ali%3Adec%3Adm%3Appccp%3DUmFuZG9tSVYkc2RlIyh9YXdX6HrtnYy-Ml68sH-ljtU&aid=311984&dest_id=198&dest_type=country&group_adults=2&req_adults=2&no_rooms=1&broad_search_not_eligible=1&order=score&nflt=ht_id%3D204%3Bht_id%3D213%3Bht_id%3D216%3Bht_id%3D220%3Bht_id%3D221%3Btop_destinations%3D6012%3Buf%3D-2237624%3Buf%3D-2230854","","AJ guest house","Scored 8.0","8.0","Location 10","AJ guest house in Trincomalee provides accommodations with a garden and a bar. This property offers access to a terrace, free private parking, and free Wifi.","· 1 review","Opens in new window","Trincomalee","Show prices","Very Good","Show on map","https://cf.bstatic.com/xdata/images/hotel/square600/791725808.webp?k=b0785d1f27290d43ff1d3a987db52de04235b9f38844dfd224c59a8d01e3a8d4&o="
"1777056365-223","https://www.booking.com/searchresults.html?label=bristol-XLwodozx2dVe8Ts0XeYuawS752260715469%3Apl%3Ata%3Ap1%3Ap2%3Aac%3Aap%3Aneg%3Afi%3Atikwd-869815001187%3Alp1009919%3Ali%3Adec%3Adm%3Appccp%3DUmFuZG9tSVYkc2RlIyh9YXdX6HrtnYy-Ml68sH-ljtU&aid=311984&dest_id=198&dest_type=country&group_adults=2&req_adults=2&no_rooms=1&broad_search_not_eligible=1&order=score&nflt=ht_id%3D204%3Bht_id%3D213%3Bht_id%3D216%3Bht_id%3D220%3Bht_id%3D221%3Btop_destinations%3D6012%3Buf%3D-2237624%3Buf%3D-2230854","","Holiday home for daily rent","","","","Holiday home for daily rent is located in Trincomalee, just 2.5 miles from Kali Kovil and 2.6 miles from Gokana Temple.","","Opens in new window","Trincomalee","Show prices","","Show on map","https://cf.bstatic.com/xdata/images/hotel/square600/851992722.webp?k=7ac7296505f88a3cc6a594974eed3716bb8b3e8fd91477ff491698b0ab173b6c&o="
"1777056365-224","https://www.booking.com/searchresults.html?label=bristol-XLwodozx2dVe8Ts0XeYuawS752260715469%3Apl%3Ata%3Ap1%3Ap2%3Aac%3Aap%3Aneg%3Afi%3Atikwd-869815001187%3Alp1009919%3Ali%3Adec%3Adm%3Appccp%3DUmFuZG9tSVYkc2RlIyh9YXdX6HrtnYy-Ml68sH-ljtU&aid=311984&dest_id=198&dest_type=country&group_adults=2&req_adults=2&no_rooms=1&broad_search_not_eligible=1&order=score&nflt=ht_id%3D204%3Bht_id%3D213%3Bht_id%3D216%3Bht_id%3D220%3Bht_id%3D221%3Btop_destinations%3D6012%3Buf%3D-2237624%3Buf%3D-2230854","","K Seven Guest Inn","Scored 10","10","Value for money 10","K Seven Guest Inn provides a private beach area and accommodations with a kitchen in Trincomalee, a 7-minute walk from Uppuveli beach. With garden views, this accommodation features a balcony.","· 2 reviews","Opens in new window","Trincomalee","Show prices","Exceptional","Show on map","https://cf.bstatic.com/xdata/images/hotel/square600/729648481.webp?k=f3859cce2e3783df3b4717f6a8025130d95006fa08631ab3bbcfde28ab8ff780&o="
"1777056365-225","https://www.booking.com/searchresults.html?label=bristol-XLwodozx2dVe8Ts0XeYuawS752260715469%3Apl%3Ata%3Ap1%3Ap2%3Aac%3Aap%3Aneg%3Afi%3Atikwd-869815001187%3Alp1009919%3Ali%3Adec%3Adm%3Appccp%3DUmFuZG9tSVYkc2RlIyh9YXdX6HrtnYy-Ml68sH-ljtU&aid=311984&dest_id=198&dest_type=country&group_adults=2&req_adults=2&no_rooms=1&broad_search_not_eligible=1&order=score&nflt=ht_id%3D204%3Bht_id%3D213%3Bht_id%3D216%3Bht_id%3D220%3Bht_id%3D221%3Btop_destinations%3D6012%3Buf%3D-2237624%3Buf%3D-2230854","","Sas Tower Hotel","","","","Located within a 11-minute walk of Kali Kovil and 0.8 miles of Gokana Temple, Sas Tower Hotel provides rooms in Trincomalee.","","Opens in new window","Trincomalee","Show prices","","Show on map","https://cf.bstatic.com/xdata/images/hotel/square600/845848775.webp?k=c1c7515db4a5dce1649dea022558647d2b769f4e60e5bb70877caf54f4b80543&o="
"1777056365-226","https://www.booking.com/searchresults.html?label=bristol-XLwodozx2dVe8Ts0XeYuawS752260715469%3Apl%3Ata%3Ap1%3Ap2%3Aac%3Aap%3Aneg%3Afi%3Atikwd-869815001187%3Alp1009919%3Ali%3Adec%3Adm%3Appccp%3DUmFuZG9tSVYkc2RlIyh9YXdX6HrtnYy-Ml68sH-ljtU&aid=311984&dest_id=198&dest_type=country&group_adults=2&req_adults=2&no_rooms=1&broad_search_not_eligible=1&order=score&nflt=ht_id%3D204%3Bht_id%3D213%3Bht_id%3D216%3Bht_id%3D220%3Bht_id%3D221%3Btop_destinations%3D6012%3Buf%3D-2237624%3Buf%3D-2230854","","Blue Moon Rest Inn","","","","Located in Trincomalee, within a 5-minute walk of Uppuveli beach and 2 miles of Trincomalee Railway Station, Blue Moon Rest Inn provides accommodations with a garden and free WiFi throughout the...","","Opens in new window","Trincomalee","Show prices","","Show on map","https://cf.bstatic.com/xdata/images/hotel/square600/843436248.webp?k=bafb8d416078ebac83d0ae4c50e9a621013d0ecb2f3be161eb2250135cd5bb95&o="
"1777056365-227","https://www.booking.com/searchresults.html?label=bristol-XLwodozx2dVe8Ts0XeYuawS752260715469%3Apl%3Ata%3Ap1%3Ap2%3Aac%3Aap%3Aneg%3Afi%3Atikwd-869815001187%3Alp1009919%3Ali%3Adec%3Adm%3Appccp%3DUmFuZG9tSVYkc2RlIyh9YXdX6HrtnYy-Ml68sH-ljtU&aid=311984&dest_id=198&dest_type=country&group_adults=2&req_adults=2&no_rooms=1&broad_search_not_eligible=1&order=score&nflt=ht_id%3D204%3Bht_id%3D213%3Bht_id%3D216%3Bht_id%3D220%3Bht_id%3D221%3Btop_destinations%3D6012%3Buf%3D-2237624%3Buf%3D-2230854","","NRT Beach Hotel","Scored 10","10","Value for money 10","Located in Trincomalee, a few steps from Sandy Cove Beach, NRT Beach Hotel has accommodations with a garden, free private parking and a terrace. The property is around a 15-minute walk from St.","· 1 review","Opens in new window","Trincomalee","Show prices","Exceptional","Show on map","https://cf.bstatic.com/xdata/images/hotel/square600/841460092.webp?k=51a87074432fa6c02c6cec3c858ced817cdf76dc450f4a023a504ddf35c4086a&o="
"1777056365-228","https://www.booking.com/searchresults.html?label=bristol-XLwodozx2dVe8Ts0XeYuawS752260715469%3Apl%3Ata%3Ap1%3Ap2%3Aac%3Aap%3Aneg%3Afi%3Atikwd-869815001187%3Alp1009919%3Ali%3Adec%3Adm%3Appccp%3DUmFuZG9tSVYkc2RlIyh9YXdX6HrtnYy-Ml68sH-ljtU&aid=311984&dest_id=198&dest_type=country&group_adults=2&req_adults=2&no_rooms=1&broad_search_not_eligible=1&order=score&nflt=ht_id%3D204%3Bht_id%3D213%3Bht_id%3D216%3Bht_id%3D220%3Bht_id%3D221%3Btop_destinations%3D6012%3Buf%3D-2237624%3Buf%3D-2230854","","Vibration Nilaveli","Scored 9.5","9.5","Value for money 9.4","Vibration Nilaveli enjoys a location in Trincomalee, 4.6 miles from Velgam Vehera and 8.1 miles from Kanniya Hot Springs.","· 4 reviews","Opens in new window","Trincomalee","Show prices","Exceptional","Show on map","https://cf.bstatic.com/xdata/images/hotel/square600/721047809.webp?k=3010a977abcaf40cc47a593ebd9ebcd5f809a00298e14ad485127df8ac5e8edf&o="
"1777056365-229","https://www.booking.com/searchresults.html?label=bristol-XLwodozx2dVe8Ts0XeYuawS752260715469%3Apl%3Ata%3Ap1%3Ap2%3Aac%3Aap%3Aneg%3Afi%3Atikwd-869815001187%3Alp1009919%3Ali%3Adec%3Adm%3Appccp%3DUmFuZG9tSVYkc2RlIyh9YXdX6HrtnYy-Ml68sH-ljtU&aid=311984&dest_id=198&dest_type=country&group_adults=2&req_adults=2&no_rooms=1&broad_search_not_eligible=1&order=score&nflt=ht_id%3D204%3Bht_id%3D213%3Bht_id%3D216%3Bht_id%3D220%3Bht_id%3D221%3Btop_destinations%3D6012%3Buf%3D-2237624%3Buf%3D-2230854","","Reem Villa","","","","Located in Trincomalee, within 1.4 miles of Uppuveli beach and 1.4 miles of Kanniya Hot Springs, Reem Villa has accommodations with a garden and free WiFi throughout the property as well as free...","","Opens in new window","Trincomalee","Show prices","","Show on map","https://cf.bstatic.com/xdata/images/hotel/square600/845249759.webp?k=fe6b8135fc3296fde7f54e8947986f79e9ef93e46cd84e950b751a93027c5ada&o="
"1777056365-230","https://www.booking.com/searchresults.html?label=bristol-XLwodozx2dVe8Ts0XeYuawS752260715469%3Apl%3Ata%3Ap1%3Ap2%3Aac%3Aap%3Aneg%3Afi%3Atikwd-869815001187%3Alp1009919%3Ali%3Adec%3Adm%3Appccp%3DUmFuZG9tSVYkc2RlIyh9YXdX6HrtnYy-Ml68sH-ljtU&aid=311984&dest_id=198&dest_type=country&group_adults=2&req_adults=2&no_rooms=1&broad_search_not_eligible=1&order=score&nflt=ht_id%3D204%3Bht_id%3D213%3Bht_id%3D216%3Bht_id%3D220%3Bht_id%3D221%3Btop_destinations%3D6012%3Buf%3D-2237624%3Buf%3D-2230854","","T P Villas","Scored 10","10","Value for money 10","T P Villas features a garden and accommodations with a kitchen in Nilaveli, a 12-minute walk from Nilaveli Beach. This guest house provides free private parking and a shared kitchen.","· 1 review","Opens in new window","Nilaveli","Show prices","Exceptional","Show on map","https://cf.bstatic.com/xdata/images/hotel/square600/824443339.webp?k=4c9b3823c720cde5678001dc9d5ad20dbf19e732a68867107f46af9a14d8416f&o="
"1777056365-231","https://www.booking.com/searchresults.html?label=bristol-XLwodozx2dVe8Ts0XeYuawS752260715469%3Apl%3Ata%3Ap1%3Ap2%3Aac%3Aap%3Aneg%3Afi%3Atikwd-869815001187%3Alp1009919%3Ali%3Adec%3Adm%3Appccp%3DUmFuZG9tSVYkc2RlIyh9YXdX6HrtnYy-Ml68sH-ljtU&aid=311984&dest_id=198&dest_type=country&group_adults=2&req_adults=2&no_rooms=1&broad_search_not_eligible=1&order=score&nflt=ht_id%3D204%3Bht_id%3D213%3Bht_id%3D216%3Bht_id%3D220%3Bht_id%3D221%3Btop_destinations%3D6012%3Buf%3D-2237624%3Buf%3D-2230854","","Sunrise Beach Villa Nilaveli","","","","Sunrise Beach Villa Nilaveli is located in Trincomalee, just a few steps from Nilaveli Beach and 4 miles from Pigeon Island National Park.","","Opens in new window","Trincomalee","Show prices","","Show on map","https://cf.bstatic.com/xdata/images/hotel/square600/823559739.webp?k=bffaba499318c870aaa2ed418118afff6abd94e260be57a5cf35d1e8b2982669&o="
"1777056365-232","https://www.booking.com/searchresults.html?label=bristol-XLwodozx2dVe8Ts0XeYuawS752260715469%3Apl%3Ata%3Ap1%3Ap2%3Aac%3Aap%3Aneg%3Afi%3Atikwd-869815001187%3Alp1009919%3Ali%3Adec%3Adm%3Appccp%3DUmFuZG9tSVYkc2RlIyh9YXdX6HrtnYy-Ml68sH-ljtU&aid=311984&dest_id=198&dest_type=country&group_adults=2&req_adults=2&no_rooms=1&broad_search_not_eligible=1&order=score&nflt=ht_id%3D204%3Bht_id%3D213%3Bht_id%3D216%3Bht_id%3D220%3Bht_id%3D221%3Btop_destinations%3D6012%3Buf%3D-2237624%3Buf%3D-2230854","","Trinco Ashvi Family Guest","Scored 9.7","9.7","Value for money 9.4","Offering a garden and a terrace, Trinco Ashvi Family Guest in Trincomalee is close to Uppuveli beach and Trincomalee Railway Station.","· 4 reviews","Opens in new window","Trincomalee","Show prices","Exceptional","Show on map","https://cf.bstatic.com/xdata/images/hotel/square600/718940593.webp?k=070e472d242fb4d0c73eaf351ee1a6a28818125d8ff7a5c8f86c2649bcf56acc&o="
"1777056365-233","https://www.booking.com/searchresults.html?label=bristol-XLwodozx2dVe8Ts0XeYuawS752260715469%3Apl%3Ata%3Ap1%3Ap2%3Aac%3Aap%3Aneg%3Afi%3Atikwd-869815001187%3Alp1009919%3Ali%3Adec%3Adm%3Appccp%3DUmFuZG9tSVYkc2RlIyh9YXdX6HrtnYy-Ml68sH-ljtU&aid=311984&dest_id=198&dest_type=country&group_adults=2&req_adults=2&no_rooms=1&broad_search_not_eligible=1&order=score&nflt=ht_id%3D204%3Bht_id%3D213%3Bht_id%3D216%3Bht_id%3D220%3Bht_id%3D221%3Btop_destinations%3D6012%3Buf%3D-2237624%3Buf%3D-2230854","","Gowsalya Guest House - Nilaveli Trincomalee","Scored 9.0","9.0","Value for money 10","Gowsalya Guest House - Nilaveli Trincomalee enjoys a location in Trincomalee, 5.2 miles from Velgam Vehera and 8.6 miles from Kanniya Hot Springs.","· 2 reviews","Opens in new window","Trincomalee","Show prices","Wonderful","Show on map","https://cf.bstatic.com/xdata/images/hotel/square600/855038409.webp?k=b270796f72d4a00defa53af1275c5821ba10d991c25cca30f2fe1af80ddd337f&o="
"1777056365-234","https://www.booking.com/searchresults.html?label=bristol-XLwodozx2dVe8Ts0XeYuawS752260715469%3Apl%3Ata%3Ap1%3Ap2%3Aac%3Aap%3Aneg%3Afi%3Atikwd-869815001187%3Alp1009919%3Ali%3Adec%3Adm%3Appccp%3DUmFuZG9tSVYkc2RlIyh9YXdX6HrtnYy-Ml68sH-ljtU&aid=311984&dest_id=198&dest_type=country&group_adults=2&req_adults=2&no_rooms=1&broad_search_not_eligible=1&order=score&nflt=ht_id%3D204%3Bht_id%3D213%3Bht_id%3D216%3Bht_id%3D220%3Bht_id%3D221%3Btop_destinations%3D6012%3Buf%3D-2237624%3Buf%3D-2230854","","Tiki Villa Nilaveli","Scored 8.0","8.0","Location 10","Located in Trincomalee, a few steps from Nilaveli Beach, Tiki Villa Nilaveli provides accommodations with a private beach area, free private parking and a terrace.","· 3 reviews","Opens in new window","Trincomalee","Show prices","Very Good","Show on map","https://cf.bstatic.com/xdata/images/hotel/square600/710649096.webp?k=eb89bdb879abce988577ad76d92d1f94384f9a2be710829994cadc2e3fb34cbc&o="
"1777056365-235","https://www.booking.com/searchresults.html?label=bristol-XLwodozx2dVe8Ts0XeYuawS752260715469%3Apl%3Ata%3Ap1%3Ap2%3Aac%3Aap%3Aneg%3Afi%3Atikwd-869815001187%3Alp1009919%3Ali%3Adec%3Adm%3Appccp%3DUmFuZG9tSVYkc2RlIyh9YXdX6HrtnYy-Ml68sH-ljtU&aid=311984&dest_id=198&dest_type=country&group_adults=2&req_adults=2&no_rooms=1&broad_search_not_eligible=1&order=score&nflt=ht_id%3D204%3Bht_id%3D213%3Bht_id%3D216%3Bht_id%3D220%3Bht_id%3D221%3Btop_destinations%3D6012%3Buf%3D-2237624%3Buf%3D-2230854","","Sajee Residence Nilaveli","","","","Located in Trincomalee, a 9-minute walk from Nilaveli Beach, Sajee Residence Nilaveli provides accommodations with a garden, free private parking, a terrace and a spa & wellness center.","","Opens in new window","Trincomalee","Show prices","","Show on map","https://cf.bstatic.com/xdata/images/hotel/square600/843303224.webp?k=32b60ba11072ae7762e61cde6b6d7b4ac0885d708d5fc93b7ba4b808db345da3&o="
"1777056365-236","https://www.booking.com/searchresults.html?label=bristol-XLwodozx2dVe8Ts0XeYuawS752260715469%3Apl%3Ata%3Ap1%3Ap2%3Aac%3Aap%3Aneg%3Afi%3Atikwd-869815001187%3Alp1009919%3Ali%3Adec%3Adm%3Appccp%3DUmFuZG9tSVYkc2RlIyh9YXdX6HrtnYy-Ml68sH-ljtU&aid=311984&dest_id=198&dest_type=country&group_adults=2&req_adults=2&no_rooms=1&broad_search_not_eligible=1&order=score&nflt=ht_id%3D204%3Bht_id%3D213%3Bht_id%3D216%3Bht_id%3D220%3Bht_id%3D221%3Btop_destinations%3D6012%3Buf%3D-2237624%3Buf%3D-2230854","","Blue Harbour Inn","Scored 9.2","9.2","Value for money 10","Located in Trincomalee, Blue Harbour Inn offers beachfront accommodations 1.2 miles from Uppuveli beach and facilities like a terrace.","· 4 reviews","Opens in new window","Trincomalee","Show prices","Wonderful","Show on map","https://cf.bstatic.com/xdata/images/hotel/square600/637267577.webp?k=7f95efdfcc7963db701d5a79c9d0b49bb6561b83a30e9e18adc88655b884738c&o="
"1777056365-237","https://www.booking.com/searchresults.html?label=bristol-XLwodozx2dVe8Ts0XeYuawS752260715469%3Apl%3Ata%3Ap1%3Ap2%3Aac%3Aap%3Aneg%3Afi%3Atikwd-869815001187%3Alp1009919%3Ali%3Adec%3Adm%3Appccp%3DUmFuZG9tSVYkc2RlIyh9YXdX6HrtnYy-Ml68sH-ljtU&aid=311984&dest_id=198&dest_type=country&group_adults=2&req_adults=2&no_rooms=1&broad_search_not_eligible=1&order=score&nflt=ht_id%3D204%3Bht_id%3D213%3Bht_id%3D216%3Bht_id%3D220%3Bht_id%3D221%3Btop_destinations%3D6012%3Buf%3D-2237624%3Buf%3D-2230854","","K7 Cabana","","","","K7 Cabana offers accommodations in Trincomalee, a 7-minute walk from Uppuveli beach and 2.6 miles from Kanniya Hot Springs. This property offers access to a balcony and free private parking.","","Opens in new window","Trincomalee","Show prices","","Show on map","https://cf.bstatic.com/xdata/images/hotel/square600/732598829.webp?k=6958fea56367e452bee933ac608370fe79023f3f6e0bed452601f9e71453dcfd&o="
"1777056365-238","https://www.booking.com/searchresults.html?label=bristol-XLwodozx2dVe8Ts0XeYuawS752260715469%3Apl%3Ata%3Ap1%3Ap2%3Aac%3Aap%3Aneg%3Afi%3Atikwd-869815001187%3Alp1009919%3Ali%3Adec%3Adm%3Appccp%3DUmFuZG9tSVYkc2RlIyh9YXdX6HrtnYy-Ml68sH-ljtU&aid=311984&dest_id=198&dest_type=country&group_adults=2&req_adults=2&no_rooms=1&broad_search_not_eligible=1&order=score&nflt=ht_id%3D204%3Bht_id%3D213%3Bht_id%3D216%3Bht_id%3D220%3Bht_id%3D221%3Btop_destinations%3D6012%3Buf%3D-2237624%3Buf%3D-2230854","","LM Guest House","","","","Located within a 3-minute walk of Uppuveli beach and 2.3 miles of Trincomalee Railway Station, LM Guest House has rooms with air conditioning and a private bathroom in Trincomalee.","","Opens in new window","Trincomalee","Show prices","","Show on map","https://cf.bstatic.com/xdata/images/hotel/square600/747278887.webp?k=ba50166c6e520539cb66a829b519cdf73c2e8adacf8b5edd9a9ac675bcff0642&o="
"1777056365-239","https://www.booking.com/searchresults.html?label=bristol-XLwodozx2dVe8Ts0XeYuawS752260715469%3Apl%3Ata%3Ap1%3Ap2%3Aac%3Aap%3Aneg%3Afi%3Atikwd-869815001187%3Alp1009919%3Ali%3Adec%3Adm%3Appccp%3DUmFuZG9tSVYkc2RlIyh9YXdX6HrtnYy-Ml68sH-ljtU&aid=311984&dest_id=198&dest_type=country&group_adults=2&req_adults=2&no_rooms=1&broad_search_not_eligible=1&order=score&nflt=ht_id%3D204%3Bht_id%3D213%3Bht_id%3D216%3Bht_id%3D220%3Bht_id%3D221%3Btop_destinations%3D6012%3Buf%3D-2237624%3Buf%3D-2230854","","Shara Guest House","","","","Shara Guest House is located in Trincomalee, just 1.4 miles from Uppuveli beach and a 14-minute walk from Trincomalee Railway Station. This property offers access to a terrace and free private...","","Opens in new window","Trincomalee","Show prices","","Show on map","https://cf.bstatic.com/xdata/images/hotel/square600/633991273.webp?k=a410604632b50f321c31ca3a5dcb05c7b08ecb9915c19cd7a198aa430bf87ca7&o="
"1777056365-240","https://www.booking.com/searchresults.html?label=bristol-XLwodozx2dVe8Ts0XeYuawS752260715469%3Apl%3Ata%3Ap1%3Ap2%3Aac%3Aap%3Aneg%3Afi%3Atikwd-869815001187%3Alp1009919%3Ali%3Adec%3Adm%3Appccp%3DUmFuZG9tSVYkc2RlIyh9YXdX6HrtnYy-Ml68sH-ljtU&aid=311984&dest_id=198&dest_type=country&group_adults=2&req_adults=2&no_rooms=1&broad_search_not_eligible=1&order=score&nflt=ht_id%3D204%3Bht_id%3D213%3Bht_id%3D216%3Bht_id%3D220%3Bht_id%3D221%3Btop_destinations%3D6012%3Buf%3D-2237624%3Buf%3D-2230854","","Dream House Trincomalee","","","","Dream House Trincomalee is located in Trincomalee, just one mile from Trincomalee Railway Station and 1.7 miles from Kali Kovil.","","Opens in new window","Trincomalee","Show prices","","Show on map","https://cf.bstatic.com/xdata/images/hotel/square600/823039971.webp?k=c0f6684298bf5a10f336f02fe31c88dc94de1a82248b912502a4a3c8a34f8fa9&o="
"1777056365-241","https://www.booking.com/searchresults.html?label=bristol-XLwodozx2dVe8Ts0XeYuawS752260715469%3Apl%3Ata%3Ap1%3Ap2%3Aac%3Aap%3Aneg%3Afi%3Atikwd-869815001187%3Alp1009919%3Ali%3Adec%3Adm%3Appccp%3DUmFuZG9tSVYkc2RlIyh9YXdX6HrtnYy-Ml68sH-ljtU&aid=311984&dest_id=198&dest_type=country&group_adults=2&req_adults=2&no_rooms=1&broad_search_not_eligible=1&order=score&nflt=ht_id%3D204%3Bht_id%3D213%3Bht_id%3D216%3Bht_id%3D220%3Bht_id%3D221%3Btop_destinations%3D6012%3Buf%3D-2237624%3Buf%3D-2230854","","Birds Nest","","","","Birds Nest offers accommodations in Trincomalee, 1.3 miles from Uppuveli beach and 1.1 miles from Trincomalee Railway Station.","· 4 external reviews","Opens in new window","Trincomalee","Show prices","8.5 Very Good","Show on map","https://cf.bstatic.com/xdata/images/hotel/square600/659439500.webp?k=01f3c404a2813e270fb44a538d3b239bba6d2899333bf6d2264d6c157fd95200&o="
"1777056365-242","https://www.booking.com/searchresults.html?label=bristol-XLwodozx2dVe8Ts0XeYuawS752260715469%3Apl%3Ata%3Ap1%3Ap2%3Aac%3Aap%3Aneg%3Afi%3Atikwd-869815001187%3Alp1009919%3Ali%3Adec%3Adm%3Appccp%3DUmFuZG9tSVYkc2RlIyh9YXdX6HrtnYy-Ml68sH-ljtU&aid=311984&dest_id=198&dest_type=country&group_adults=2&req_adults=2&no_rooms=1&broad_search_not_eligible=1&order=score&nflt=ht_id%3D204%3Bht_id%3D213%3Bht_id%3D216%3Bht_id%3D220%3Bht_id%3D221%3Btop_destinations%3D6012%3Buf%3D-2237624%3Buf%3D-2230854","","trincomalee villa","","","","Trincomalee villa offers accommodations in Trincomalee, 4.4 miles from Kanniya Hot Springs and 5.5 miles from Trincomalee Railway Station.","","Opens in new window","Trincomalee","Show prices","","Show on map","https://cf.bstatic.com/xdata/images/hotel/square600/747798573.webp?k=0a7792740e7b516fb3ca98e15df5fb37428077538f2e77202497b4e6d35b1cb0&o="
"1777056365-243","https://www.booking.com/searchresults.html?label=bristol-XLwodozx2dVe8Ts0XeYuawS752260715469%3Apl%3Ata%3Ap1%3Ap2%3Aac%3Aap%3Aneg%3Afi%3Atikwd-869815001187%3Alp1009919%3Ali%3Adec%3Adm%3Appccp%3DUmFuZG9tSVYkc2RlIyh9YXdX6HrtnYy-Ml68sH-ljtU&aid=311984&dest_id=198&dest_type=country&group_adults=2&req_adults=2&no_rooms=1&broad_search_not_eligible=1&order=score&nflt=ht_id%3D204%3Bht_id%3D213%3Bht_id%3D216%3Bht_id%3D220%3Bht_id%3D221%3Btop_destinations%3D6012%3Buf%3D-2237624%3Buf%3D-2230854","","Subra Luxury Rooms","Scored 4.0","4.0","","Subra Luxury Rooms enjoys a location in Trincomalee, 2.6 miles from Gokana Temple and 2.6 miles from Maritime and Naval History Museum.","· 1 review","Opens in new window","Trincomalee","Show prices","Review score","Show on map","https://cf.bstatic.com/xdata/images/hotel/square600/760271483.webp?k=fecea8ea8aa683b45eede607032379b5b1ac4f6329b6b44fe81ba05454fe42ee&o="
"1777056365-244","https://www.booking.com/searchresults.html?label=bristol-XLwodozx2dVe8Ts0XeYuawS752260715469%3Apl%3Ata%3Ap1%3Ap2%3Aac%3Aap%3Aneg%3Afi%3Atikwd-869815001187%3Alp1009919%3Ali%3Adec%3Adm%3Appccp%3DUmFuZG9tSVYkc2RlIyh9YXdX6HrtnYy-Ml68sH-ljtU&aid=311984&dest_id=198&dest_type=country&group_adults=2&req_adults=2&no_rooms=1&broad_search_not_eligible=1&order=score&nflt=ht_id%3D204%3Bht_id%3D213%3Bht_id%3D216%3Bht_id%3D220%3Bht_id%3D221%3Btop_destinations%3D6012%3Buf%3D-2237624%3Buf%3D-2230854","","Mehila Beach Paradise","","","","Offering a private beach area and a garden, Mehila Beach Paradise in Trincomalee is close to Dutch Bay Beach and St. Mary's Cathedral Trincomalee.","","Opens in new window","Trincomalee","Show prices","","Show on map","https://cf.bstatic.com/xdata/images/hotel/square600/832733249.webp?k=d4b282b53145bf3743a70c6356af3baeedf9e95d68313994626bb6e5169e1c42&o="
"1777056365-245","https://www.booking.com/searchresults.html?label=bristol-XLwodozx2dVe8Ts0XeYuawS752260715469%3Apl%3Ata%3Ap1%3Ap2%3Aac%3Aap%3Aneg%3Afi%3Atikwd-869815001187%3Alp1009919%3Ali%3Adec%3Adm%3Appccp%3DUmFuZG9tSVYkc2RlIyh9YXdX6HrtnYy-Ml68sH-ljtU&aid=311984&dest_id=198&dest_type=country&group_adults=2&req_adults=2&no_rooms=1&broad_search_not_eligible=1&order=score&nflt=ht_id%3D204%3Bht_id%3D213%3Bht_id%3D216%3Bht_id%3D220%3Bht_id%3D221%3Btop_destinations%3D6012%3Buf%3D-2237624%3Buf%3D-2230854","","D & D Beach Resort","","","","Facing the beachfront, D & D Beach Resort offers 3-star accommodations in Trincomalee and has an outdoor swimming pool, garden and shared lounge.","","Opens in new window","Trincomalee","Show prices","","Show on map","https://cf.bstatic.com/xdata/images/hotel/square600/856290070.webp?k=4611337be39a36f5ccf8ec07e9ba48ae630218b899ef214a913a36a989c65bcd&o="
"1777056365-246","https://www.booking.com/searchresults.html?label=bristol-XLwodozx2dVe8Ts0XeYuawS752260715469%3Apl%3Ata%3Ap1%3Ap2%3Aac%3Aap%3Aneg%3Afi%3Atikwd-869815001187%3Alp1009919%3Ali%3Adec%3Adm%3Appccp%3DUmFuZG9tSVYkc2RlIyh9YXdX6HrtnYy-Ml68sH-ljtU&aid=311984&dest_id=198&dest_type=country&group_adults=2&req_adults=2&no_rooms=1&broad_search_not_eligible=1&order=score&nflt=ht_id%3D204%3Bht_id%3D213%3Bht_id%3D216%3Bht_id%3D220%3Bht_id%3D221%3Btop_destinations%3D6012%3Buf%3D-2237624%3Buf%3D-2230854","","Trinco Salli Beach Resort","Scored 8.0","8.0","","Featuring a garden, Trinco Salli Beach Resort offers accommodations in Trincomalee. This property offers access to a terrace, free private parking, and free Wifi.","· 1 review","Opens in new window","Trincomalee","Show prices","Very Good","Show on map","https://cf.bstatic.com/xdata/images/hotel/square600/751830024.webp?k=014766bf3fa60a2185a34709302cca258bf981581742f321be1732fa9542f8bc&o="
"1777056365-247","https://www.booking.com/searchresults.html?label=bristol-XLwodozx2dVe8Ts0XeYuawS752260715469%3Apl%3Ata%3Ap1%3Ap2%3Aac%3Aap%3Aneg%3Afi%3Atikwd-869815001187%3Alp1009919%3Ali%3Adec%3Adm%3Appccp%3DUmFuZG9tSVYkc2RlIyh9YXdX6HrtnYy-Ml68sH-ljtU&aid=311984&dest_id=198&dest_type=country&group_adults=2&req_adults=2&no_rooms=1&broad_search_not_eligible=1&order=score&nflt=ht_id%3D204%3Bht_id%3D213%3Bht_id%3D216%3Bht_id%3D220%3Bht_id%3D221%3Btop_destinations%3D6012%3Buf%3D-2237624%3Buf%3D-2230854","","Wings Hotel & Hostel","","","","Located in Trincomalee, a 3-minute walk from Uppuveli beach, Wings Hotel & Hostel provides accommodations with a garden, free private parking and a terrace.","","Opens in new window","Trincomalee","Show prices","","Show on map","https://cf.bstatic.com/xdata/images/hotel/square600/845729674.webp?k=6f163507ffc6e7a4628abc54574fa4038179dfa3a65347515e5b01e5640591ff&o="
"1777056365-248","https://www.booking.com/searchresults.html?label=bristol-XLwodozx2dVe8Ts0XeYuawS752260715469%3Apl%3Ata%3Ap1%3Ap2%3Aac%3Aap%3Aneg%3Afi%3Atikwd-869815001187%3Alp1009919%3Ali%3Adec%3Adm%3Appccp%3DUmFuZG9tSVYkc2RlIyh9YXdX6HrtnYy-Ml68sH-ljtU&aid=311984&dest_id=198&dest_type=country&group_adults=2&req_adults=2&no_rooms=1&broad_search_not_eligible=1&order=score&nflt=ht_id%3D204%3Bht_id%3D213%3Bht_id%3D216%3Bht_id%3D220%3Bht_id%3D221%3Btop_destinations%3D6012%3Buf%3D-2237624%3Buf%3D-2230854","","Kamaleshwari Villa-Trincomalee","","","","Kamaleshwari Villa-Trincomalee is located in Trincomalee, just a 17-minute walk from Maritime and Naval History Museum and one mile from St. Mary's Cathedral Trincomalee.","","Opens in new window","Trincomalee","Show prices","","Show on map","https://cf.bstatic.com/xdata/images/hotel/square600/829687382.webp?k=fed65513465578df4ee626ffbdf1613e7f27ff03aba6f5f040acceba16c62164&o="
"1777056365-249","https://www.booking.com/searchresults.html?label=bristol-XLwodozx2dVe8Ts0XeYuawS752260715469%3Apl%3Ata%3Ap1%3Ap2%3Aac%3Aap%3Aneg%3Afi%3Atikwd-869815001187%3Alp1009919%3Ali%3Adec%3Adm%3Appccp%3DUmFuZG9tSVYkc2RlIyh9YXdX6HrtnYy-Ml68sH-ljtU&aid=311984&dest_id=198&dest_type=country&group_adults=2&req_adults=2&no_rooms=1&broad_search_not_eligible=1&order=score&nflt=ht_id%3D204%3Bht_id%3D213%3Bht_id%3D216%3Bht_id%3D220%3Bht_id%3D221%3Btop_destinations%3D6012%3Buf%3D-2237624%3Buf%3D-2230854","","BigJ Villas - Nilaveli","","","","Located in Nilaveli, a 3-minute walk from Nilaveli Beach, BigJ Villas - Nilaveli provides accommodations with an outdoor swimming pool, free private parking, a garden and a private beach area.","","Opens in new window","Nilaveli","Show prices","","Show on map","https://cf.bstatic.com/xdata/images/hotel/square600/826618189.webp?k=abf6f55792343941fe5325c0fa4f9ef2cbc2b755ce3a20e1425281b6cbf85085&o="
"1777056365-250","https://www.booking.com/searchresults.html?label=bristol-XLwodozx2dVe8Ts0XeYuawS752260715469%3Apl%3Ata%3Ap1%3Ap2%3Aac%3Aap%3Aneg%3Afi%3Atikwd-869815001187%3Alp1009919%3Ali%3Adec%3Adm%3Appccp%3DUmFuZG9tSVYkc2RlIyh9YXdX6HrtnYy-Ml68sH-ljtU&aid=311984&dest_id=198&dest_type=country&group_adults=2&req_adults=2&no_rooms=1&broad_search_not_eligible=1&order=score&nflt=ht_id%3D204%3Bht_id%3D213%3Bht_id%3D216%3Bht_id%3D220%3Bht_id%3D221%3Btop_destinations%3D6012%3Buf%3D-2237624%3Buf%3D-2230854","","Aadhira Guest House","Scored 9.5","9.5","Value for money 10","Just a 13-minute walk from Uppuveli beach and 0.9 miles from Trincomalee Railway Station, Aadhira Guest House features accommodations in Trincomalee, with a shared lounge.","· 2 reviews","Opens in new window","Trincomalee","Show prices","Exceptional","Show on map","https://cf.bstatic.com/xdata/images/hotel/square600/769753606.webp?k=8162b97e833aa7bb7a3393b9c6270e7ed604c6ec0ebc07d7928dea91fdaaedcd&o="
"1777056365-251","https://www.booking.com/searchresults.html?label=bristol-XLwodozx2dVe8Ts0XeYuawS752260715469%3Apl%3Ata%3Ap1%3Ap2%3Aac%3Aap%3Aneg%3Afi%3Atikwd-869815001187%3Alp1009919%3Ali%3Adec%3Adm%3Appccp%3DUmFuZG9tSVYkc2RlIyh9YXdX6HrtnYy-Ml68sH-ljtU&aid=311984&dest_id=198&dest_type=country&group_adults=2&req_adults=2&no_rooms=1&broad_search_not_eligible=1&order=score&nflt=ht_id%3D204%3Bht_id%3D213%3Bht_id%3D216%3Bht_id%3D220%3Bht_id%3D221%3Btop_destinations%3D6012%3Buf%3D-2237624%3Buf%3D-2230854","","Shans Villa","Scored 8.2","8.2","","Featuring a garden, Shans Villa provides accommodations in Trincomalee.","· 4 reviews","Opens in new window","Trincomalee","Show prices","Very Good","Show on map","https://cf.bstatic.com/xdata/images/hotel/square600/569997683.webp?k=54a0e6e4e243e93c302a1be6909e00a9d78d743d2c59cc3c5247f2effa088596&o="
"1777056365-252","https://www.booking.com/searchresults.html?label=bristol-XLwodozx2dVe8Ts0XeYuawS752260715469%3Apl%3Ata%3Ap1%3Ap2%3Aac%3Aap%3Aneg%3Afi%3Atikwd-869815001187%3Alp1009919%3Ali%3Adec%3Adm%3Appccp%3DUmFuZG9tSVYkc2RlIyh9YXdX6HrtnYy-Ml68sH-ljtU&aid=311984&dest_id=198&dest_type=country&group_adults=2&req_adults=2&no_rooms=1&broad_search_not_eligible=1&order=score&nflt=ht_id%3D204%3Bht_id%3D213%3Bht_id%3D216%3Bht_id%3D220%3Bht_id%3D221%3Btop_destinations%3D6012%3Buf%3D-2237624%3Buf%3D-2230854","","Holiday home for daily rent","","","","Holiday home for daily rent is located in Trincomalee, just 2.5 miles from Kali Kovil and 2.6 miles from Gokana Temple.","","Opens in new window","Trincomalee","Show prices","","Show on map","https://cf.bstatic.com/xdata/images/hotel/square600/852122968.webp?k=d0fb02f9bf469a67da22cb86bb42eeae82c4a546927f8143d2f36dfd81370436&o="
"1777056365-253","https://www.booking.com/searchresults.html?label=bristol-XLwodozx2dVe8Ts0XeYuawS752260715469%3Apl%3Ata%3Ap1%3Ap2%3Aac%3Aap%3Aneg%3Afi%3Atikwd-869815001187%3Alp1009919%3Ali%3Adec%3Adm%3Appccp%3DUmFuZG9tSVYkc2RlIyh9YXdX6HrtnYy-Ml68sH-ljtU&aid=311984&dest_id=198&dest_type=country&group_adults=2&req_adults=2&no_rooms=1&broad_search_not_eligible=1&order=score&nflt=ht_id%3D204%3Bht_id%3D213%3Bht_id%3D216%3Bht_id%3D220%3Bht_id%3D221%3Btop_destinations%3D6012%3Buf%3D-2237624%3Buf%3D-2230854","","Siva Villas","Scored 10","10","","Located in Trincomalee, a 8-minute walk from Uppuveli beach, Siva Villas has accommodations with free WiFi and free private parking.","· 1 review","Opens in new window","Trincomalee","Show prices","Exceptional","Show on map","https://cf.bstatic.com/xdata/images/hotel/square600/751588955.webp?k=a7b763b79dfbdda6218946bc43a1dd36dd253ff5a15c21f0a3163f0189b98504&o="
"1777056365-254","https://www.booking.com/searchresults.html?label=bristol-XLwodozx2dVe8Ts0XeYuawS752260715469%3Apl%3Ata%3Ap1%3Ap2%3Aac%3Aap%3Aneg%3Afi%3Atikwd-869815001187%3Alp1009919%3Ali%3Adec%3Adm%3Appccp%3DUmFuZG9tSVYkc2RlIyh9YXdX6HrtnYy-Ml68sH-ljtU&aid=311984&dest_id=198&dest_type=country&group_adults=2&req_adults=2&no_rooms=1&broad_search_not_eligible=1&order=score&nflt=ht_id%3D204%3Bht_id%3D213%3Bht_id%3D216%3Bht_id%3D220%3Bht_id%3D221%3Btop_destinations%3D6012%3Buf%3D-2237624%3Buf%3D-2230854","","86-villa trincomalee","","","","86-villa trincomalee offers accommodations in Trincomalee, 1.7 miles from Trincomalee Railway Station and 2.4 miles from Kali Kovil.","","Opens in new window","Trincomalee","Show prices","","Show on map","https://cf.bstatic.com/xdata/images/hotel/square600/768033867.webp?k=81515771e9023248f60b1576abd70ba5a7fb897a6600940471b2184a96c4ee98&o="
"1777056365-255","https://www.booking.com/searchresults.html?label=bristol-XLwodozx2dVe8Ts0XeYuawS752260715469%3Apl%3Ata%3Ap1%3Ap2%3Aac%3Aap%3Aneg%3Afi%3Atikwd-869815001187%3Alp1009919%3Ali%3Adec%3Adm%3Appccp%3DUmFuZG9tSVYkc2RlIyh9YXdX6HrtnYy-Ml68sH-ljtU&aid=311984&dest_id=198&dest_type=country&group_adults=2&req_adults=2&no_rooms=1&broad_search_not_eligible=1&order=score&nflt=ht_id%3D204%3Bht_id%3D213%3Bht_id%3D216%3Bht_id%3D220%3Bht_id%3D221%3Btop_destinations%3D6012%3Buf%3D-2237624%3Buf%3D-2230854","","Rain bird guest","Scored 5.0","5.0","","Just a few steps from Dutch Bay Beach and a 3-minute walk from St. Mary's Cathedral Trincomalee, Rain bird guest features accommodations in Trincomalee, with a private beach area.","· 1 review","Opens in new window","Trincomalee","Show prices","Review score","Show on map","https://cf.bstatic.com/xdata/images/hotel/square600/641554448.webp?k=5e9650b7b852f778f71b4cc97672a3131304b785e3a959d3f12332b1e3a7a86c&o="
"1777056365-256","https://www.booking.com/searchresults.html?label=bristol-XLwodozx2dVe8Ts0XeYuawS752260715469%3Apl%3Ata%3Ap1%3Ap2%3Aac%3Aap%3Aneg%3Afi%3Atikwd-869815001187%3Alp1009919%3Ali%3Adec%3Adm%3Appccp%3DUmFuZG9tSVYkc2RlIyh9YXdX6HrtnYy-Ml68sH-ljtU&aid=311984&dest_id=198&dest_type=country&group_adults=2&req_adults=2&no_rooms=1&broad_search_not_eligible=1&order=score&nflt=ht_id%3D204%3Bht_id%3D213%3Bht_id%3D216%3Bht_id%3D220%3Bht_id%3D221%3Btop_destinations%3D6012%3Buf%3D-2237624%3Buf%3D-2230854","","Rain bird guest","","","","Rain bird guest is located in Trincomalee, just a 15-minute walk from Gokana Temple and one mile from Fort Frederick. The air-conditioned accommodation is a few steps from Dutch Bay Beach.","","Opens in new window","Trincomalee","Show prices","","Show on map","https://cf.bstatic.com/xdata/images/hotel/square600/658968977.webp?k=925d0137e5b08dc353c4dfaae49414c7e4ac349f4f518fbd23ff3ec0cdb2905d&o="
"1777056365-257","https://www.booking.com/searchresults.html?label=bristol-XLwodozx2dVe8Ts0XeYuawS752260715469%3Apl%3Ata%3Ap1%3Ap2%3Aac%3Aap%3Aneg%3Afi%3Atikwd-869815001187%3Alp1009919%3Ali%3Adec%3Adm%3Appccp%3DUmFuZG9tSVYkc2RlIyh9YXdX6HrtnYy-Ml68sH-ljtU&aid=311984&dest_id=198&dest_type=country&group_adults=2&req_adults=2&no_rooms=1&broad_search_not_eligible=1&order=score&nflt=ht_id%3D204%3Bht_id%3D213%3Bht_id%3D216%3Bht_id%3D220%3Bht_id%3D221%3Btop_destinations%3D6012%3Buf%3D-2237624%3Buf%3D-2230854","","Trinco Green Inn Uppuveli","Scored 9.0","9.0","Value for money 10","Located in Trincomalee, a 7-minute walk from Uppuveli beach, Trinco Green Inn Uppuveli has accommodations with a garden, free private parking and a terrace.","· 1 review","Opens in new window","Trincomalee","Show prices","Wonderful","Show on map","https://cf.bstatic.com/xdata/images/hotel/square600/606772115.webp?k=5c819ffc889bff59480d515bd6485bae1b47678c608db195a3a1d68ed8c62f70&o="
"1777056365-258","https://www.booking.com/searchresults.html?label=bristol-XLwodozx2dVe8Ts0XeYuawS752260715469%3Apl%3Ata%3Ap1%3Ap2%3Aac%3Aap%3Aneg%3Afi%3Atikwd-869815001187%3Alp1009919%3Ali%3Adec%3Adm%3Appccp%3DUmFuZG9tSVYkc2RlIyh9YXdX6HrtnYy-Ml68sH-ljtU&aid=311984&dest_id=198&dest_type=country&group_adults=2&req_adults=2&no_rooms=1&broad_search_not_eligible=1&order=score&nflt=ht_id%3D204%3Bht_id%3D213%3Bht_id%3D216%3Bht_id%3D220%3Bht_id%3D221%3Btop_destinations%3D6012%3Buf%3D-2237624%3Buf%3D-2230854","","Aaraa beach house","","","","Aaraa beach house offers accommodations in Trincomalee, a 6-minute walk from Uppuveli beach and 1.3 miles from Trincomalee Railway Station.","","Opens in new window","Trincomalee","Show prices","","Show on map","https://cf.bstatic.com/xdata/images/hotel/square600/760116277.webp?k=1d5a4bda00c2deb0be623f0e98e0731766576690de8b7a337eaaeb38452b0439&o="
"1777056365-259","https://www.booking.com/searchresults.html?label=bristol-XLwodozx2dVe8Ts0XeYuawS752260715469%3Apl%3Ata%3Ap1%3Ap2%3Aac%3Aap%3Aneg%3Afi%3Atikwd-869815001187%3Alp1009919%3Ali%3Adec%3Adm%3Appccp%3DUmFuZG9tSVYkc2RlIyh9YXdX6HrtnYy-Ml68sH-ljtU&aid=311984&dest_id=198&dest_type=country&group_adults=2&req_adults=2&no_rooms=1&broad_search_not_eligible=1&order=score&nflt=ht_id%3D204%3Bht_id%3D213%3Bht_id%3D216%3Bht_id%3D220%3Bht_id%3D221%3Btop_destinations%3D6012%3Buf%3D-2237624%3Buf%3D-2230854","","Trinco Shalom Guest & Restaurant","","","","Trinco Shalom Guest & Restaurant offers accommodations in Trincomalee, 3.1 miles from Trincomalee Railway Station and 3.8 miles from Kali Kovil.","","Opens in new window","Trincomalee","Show prices","","Show on map","https://cf.bstatic.com/xdata/images/hotel/square600/696150531.webp?k=a8b5862d1dca37af9a0690ef53764f5fdf6102258197b081225f11e9fd049d36&o="
"1777056365-260","https://www.booking.com/searchresults.html?label=bristol-XLwodozx2dVe8Ts0XeYuawS752260715469%3Apl%3Ata%3Ap1%3Ap2%3Aac%3Aap%3Aneg%3Afi%3Atikwd-869815001187%3Alp1009919%3Ali%3Adec%3Adm%3Appccp%3DUmFuZG9tSVYkc2RlIyh9YXdX6HrtnYy-Ml68sH-ljtU&aid=311984&dest_id=198&dest_type=country&group_adults=2&req_adults=2&no_rooms=1&broad_search_not_eligible=1&order=score&nflt=ht_id%3D204%3Bht_id%3D213%3Bht_id%3D216%3Bht_id%3D220%3Bht_id%3D221%3Btop_destinations%3D6012%3Buf%3D-2237624%3Buf%3D-2230854","","Kanapathiy Rest House","Scored 10","10","Value for money 10","Kanapathiy Rest House offers accommodations in Trincomalee, 1.4 miles from Uppuveli beach and 1.7 miles from Trincomalee Railway Station.","· 2 reviews","Opens in new window","Trincomalee","Show prices","Exceptional","Show on map","https://cf.bstatic.com/xdata/images/hotel/square600/659378457.webp?k=63ab12a50ec30fb0c0037f30ba03404381e54ff7a1a2a89e9ab66888eba35a3d&o="
"1777056365-261","https://www.booking.com/searchresults.html?label=bristol-XLwodozx2dVe8Ts0XeYuawS752260715469%3Apl%3Ata%3Ap1%3Ap2%3Aac%3Aap%3Aneg%3Afi%3Atikwd-869815001187%3Alp1009919%3Ali%3Adec%3Adm%3Appccp%3DUmFuZG9tSVYkc2RlIyh9YXdX6HrtnYy-Ml68sH-ljtU&aid=311984&dest_id=198&dest_type=country&group_adults=2&req_adults=2&no_rooms=1&broad_search_not_eligible=1&order=score&nflt=ht_id%3D204%3Bht_id%3D213%3Bht_id%3D216%3Bht_id%3D220%3Bht_id%3D221%3Btop_destinations%3D6012%3Buf%3D-2237624%3Buf%3D-2230854","","Lahi Beach Villa","Scored 7.0","7.0","Location 10","Featuring a garden, Lahi Beach Villa provides accommodations in Trincomalee. The air-conditioned accommodation is a 7-minute walk from Uppuveli beach.","· 1 review","Opens in new window","Trincomalee","Show prices","Good","Show on map","https://cf.bstatic.com/xdata/images/hotel/square600/678154561.webp?k=e0f81daa0708d94f107b61453d78d9649c5b05e119471411ac27b74b2160cbe1&o="
"1777056365-262","https://www.booking.com/searchresults.html?label=bristol-XLwodozx2dVe8Ts0XeYuawS752260715469%3Apl%3Ata%3Ap1%3Ap2%3Aac%3Aap%3Aneg%3Afi%3Atikwd-869815001187%3Alp1009919%3Ali%3Adec%3Adm%3Appccp%3DUmFuZG9tSVYkc2RlIyh9YXdX6HrtnYy-Ml68sH-ljtU&aid=311984&dest_id=198&dest_type=country&group_adults=2&req_adults=2&no_rooms=1&broad_search_not_eligible=1&order=score&nflt=ht_id%3D204%3Bht_id%3D213%3Bht_id%3D216%3Bht_id%3D220%3Bht_id%3D221%3Btop_destinations%3D6012%3Buf%3D-2237624%3Buf%3D-2230854","","Green House Holiday Villa","","","","Located in Trincomalee, a few steps from Uppuveli beach, Green House Holiday Villa has accommodations with a garden, free private parking, a terrace and a restaurant.","","Opens in new window","Trincomalee","Show prices","","Show on map","https://cf.bstatic.com/xdata/images/hotel/square600/856946340.webp?k=589b3a25290fb2aafddfd7242d4ce1f9ee610dfddc5e8841d9def96df7b1aac8&o="
"1777056365-263","https://www.booking.com/searchresults.html?label=bristol-XLwodozx2dVe8Ts0XeYuawS752260715469%3Apl%3Ata%3Ap1%3Ap2%3Aac%3Aap%3Aneg%3Afi%3Atikwd-869815001187%3Alp1009919%3Ali%3Adec%3Adm%3Appccp%3DUmFuZG9tSVYkc2RlIyh9YXdX6HrtnYy-Ml68sH-ljtU&aid=311984&dest_id=198&dest_type=country&group_adults=2&req_adults=2&no_rooms=1&broad_search_not_eligible=1&order=score&nflt=ht_id%3D204%3Bht_id%3D213%3Bht_id%3D216%3Bht_id%3D220%3Bht_id%3D221%3Btop_destinations%3D6012%3Buf%3D-2237624%3Buf%3D-2230854","","NM Rest House","","","","Located in Trincomalee, a 4-minute walk from Uppuveli beach, NM Rest House provides accommodations with a garden, free private parking and a terrace.","","Opens in new window","Trincomalee","Show prices","","Show on map","https://cf.bstatic.com/xdata/images/hotel/square600/763317541.webp?k=eefd85c1bfb9fa7416e5ddbe29044ced881b9325fa0a0e38b1a53a6b6b97b1df&o="
"1777056365-264","https://www.booking.com/searchresults.html?label=bristol-XLwodozx2dVe8Ts0XeYuawS752260715469%3Apl%3Ata%3Ap1%3Ap2%3Aac%3Aap%3Aneg%3Afi%3Atikwd-869815001187%3Alp1009919%3Ali%3Adec%3Adm%3Appccp%3DUmFuZG9tSVYkc2RlIyh9YXdX6HrtnYy-Ml68sH-ljtU&aid=311984&dest_id=198&dest_type=country&group_adults=2&req_adults=2&no_rooms=1&broad_search_not_eligible=1&order=score&nflt=ht_id%3D204%3Bht_id%3D213%3Bht_id%3D216%3Bht_id%3D220%3Bht_id%3D221%3Btop_destinations%3D6012%3Buf%3D-2237624%3Buf%3D-2230854","","The Ocean Villa","","","","Featuring a garden, The Ocean Villa provides accommodations in Trincomalee. With garden views, this accommodation offers a terrace.","","Opens in new window","Trincomalee","Show prices","","Show on map","https://cf.bstatic.com/xdata/images/hotel/square600/855203106.webp?k=b61cde8eea3ed22088752090d6bafc49e13126787b6477eb2d7414ef9671dc20&o="
"1777056365-265","https://www.booking.com/searchresults.html?label=bristol-XLwodozx2dVe8Ts0XeYuawS752260715469%3Apl%3Ata%3Ap1%3Ap2%3Aac%3Aap%3Aneg%3Afi%3Atikwd-869815001187%3Alp1009919%3Ali%3Adec%3Adm%3Appccp%3DUmFuZG9tSVYkc2RlIyh9YXdX6HrtnYy-Ml68sH-ljtU&aid=311984&dest_id=198&dest_type=country&group_adults=2&req_adults=2&no_rooms=1&broad_search_not_eligible=1&order=score&nflt=ht_id%3D204%3Bht_id%3D213%3Bht_id%3D216%3Bht_id%3D220%3Bht_id%3D221%3Btop_destinations%3D6012%3Buf%3D-2237624%3Buf%3D-2230854","","86 Villa Trincomalee","","","","Located in Trincomalee, a 3-minute walk from Uppuveli beach, 86 Villa Trincomalee provides accommodations with a garden, free private parking, a private beach area and a terrace.","","Opens in new window","Trincomalee","Show prices","","Show on map","https://cf.bstatic.com/xdata/images/hotel/square600/746160397.webp?k=953ea5a331c03761c83b6d0f4654e97f4da6e8203586beefa27a82d6040b423b&o="
"1777056365-266","https://www.booking.com/searchresults.html?label=bristol-XLwodozx2dVe8Ts0XeYuawS752260715469%3Apl%3Ata%3Ap1%3Ap2%3Aac%3Aap%3Aneg%3Afi%3Atikwd-869815001187%3Alp1009919%3Ali%3Adec%3Adm%3Appccp%3DUmFuZG9tSVYkc2RlIyh9YXdX6HrtnYy-Ml68sH-ljtU&aid=311984&dest_id=198&dest_type=country&group_adults=2&req_adults=2&no_rooms=1&broad_search_not_eligible=1&order=score&nflt=ht_id%3D204%3Bht_id%3D213%3Bht_id%3D216%3Bht_id%3D220%3Bht_id%3D221%3Btop_destinations%3D6012%3Buf%3D-2237624%3Buf%3D-2230854","","Ocean Villa","","","","Ocean Villa is located in Trincomalee, just a 15-minute walk from Kali Kovil and one mile from Gokana Temple. This property offers access to a terrace, free private parking, and free Wifi.","","Opens in new window","Trincomalee","Show prices","","Show on map","https://cf.bstatic.com/xdata/images/hotel/square600/709866576.webp?k=ff464b3641565d7e806c61e30cab54bc0147d6a6130e2bd6897dda69f57f14d6&o="
"1777056365-267","https://www.booking.com/searchresults.html?label=bristol-XLwodozx2dVe8Ts0XeYuawS752260715469%3Apl%3Ata%3Ap1%3Ap2%3Aac%3Aap%3Aneg%3Afi%3Atikwd-869815001187%3Alp1009919%3Ali%3Adec%3Adm%3Appccp%3DUmFuZG9tSVYkc2RlIyh9YXdX6HrtnYy-Ml68sH-ljtU&aid=311984&dest_id=198&dest_type=country&group_adults=2&req_adults=2&no_rooms=1&broad_search_not_eligible=1&order=score&nflt=ht_id%3D204%3Bht_id%3D213%3Bht_id%3D216%3Bht_id%3D220%3Bht_id%3D221%3Btop_destinations%3D6012%3Buf%3D-2237624%3Buf%3D-2230854","","Motel Apple Five","Scored 9.0","9.0","","Located in Trincomalee, a 12-minute walk from Uppuveli beach, Motel Apple Five has accommodations with free WiFi and free private parking.","· 3 reviews","Opens in new window","Trincomalee","Show prices","Wonderful","Show on map","https://cf.bstatic.com/xdata/images/hotel/square600/674130959.webp?k=58c5dc586cf3701eb715894adf09ad6b438a9d562413e4bf002ab40f1d41fc52&o="
"1777056365-268","https://www.booking.com/searchresults.html?label=bristol-XLwodozx2dVe8Ts0XeYuawS752260715469%3Apl%3Ata%3Ap1%3Ap2%3Aac%3Aap%3Aneg%3Afi%3Atikwd-869815001187%3Alp1009919%3Ali%3Adec%3Adm%3Appccp%3DUmFuZG9tSVYkc2RlIyh9YXdX6HrtnYy-Ml68sH-ljtU&aid=311984&dest_id=198&dest_type=country&group_adults=2&req_adults=2&no_rooms=1&broad_search_not_eligible=1&order=score&nflt=ht_id%3D204%3Bht_id%3D213%3Bht_id%3D216%3Bht_id%3D220%3Bht_id%3D221%3Btop_destinations%3D6012%3Buf%3D-2237624%3Buf%3D-2230854","","Lilac Inn","","","","Featuring a garden, Lilac Inn features accommodations in Nilaveli. This property offers access to a terrace, free private parking, and free Wifi.","","Opens in new window","Nilaveli","Show prices","","Show on map","https://cf.bstatic.com/xdata/images/hotel/square600/855194220.webp?k=7927f0ed299fcabd1bb80dcb6545c3a283568f566009ece5d2d52693f238f122&o="
"1777056365-269","https://www.booking.com/searchresults.html?label=bristol-XLwodozx2dVe8Ts0XeYuawS752260715469%3Apl%3Ata%3Ap1%3Ap2%3Aac%3Aap%3Aneg%3Afi%3Atikwd-869815001187%3Alp1009919%3Ali%3Adec%3Adm%3Appccp%3DUmFuZG9tSVYkc2RlIyh9YXdX6HrtnYy-Ml68sH-ljtU&aid=311984&dest_id=198&dest_type=country&group_adults=2&req_adults=2&no_rooms=1&broad_search_not_eligible=1&order=score&nflt=ht_id%3D204%3Bht_id%3D213%3Bht_id%3D216%3Bht_id%3D220%3Bht_id%3D221%3Btop_destinations%3D6012%3Buf%3D-2237624%3Buf%3D-2230854","","PaviXan","","","","Located in Trincomalee, a 18-minute walk from Uppuveli beach, PaviXan provides accommodations with a garden, free private parking, a terrace and a restaurant.","","Opens in new window","Trincomalee","Show prices","","Show on map","https://cf.bstatic.com/xdata/images/hotel/square600/583688114.webp?k=036cc0c741f747b35829c2d45bd99823604e2e17106b7d7dff3f08336eef8235&o="
"1777056365-270","https://www.booking.com/searchresults.html?label=bristol-XLwodozx2dVe8Ts0XeYuawS752260715469%3Apl%3Ata%3Ap1%3Ap2%3Aac%3Aap%3Aneg%3Afi%3Atikwd-869815001187%3Alp1009919%3Ali%3Adec%3Adm%3Appccp%3DUmFuZG9tSVYkc2RlIyh9YXdX6HrtnYy-Ml68sH-ljtU&aid=311984&dest_id=198&dest_type=country&group_adults=2&req_adults=2&no_rooms=1&broad_search_not_eligible=1&order=score&nflt=ht_id%3D204%3Bht_id%3D213%3Bht_id%3D216%3Bht_id%3D220%3Bht_id%3D221%3Btop_destinations%3D6012%3Buf%3D-2237624%3Buf%3D-2230854","","","","","","","","","","","","",""
"1777056365-271","https://www.booking.com/searchresults.html?label=bristol-XLwodozx2dVe8Ts0XeYuawS752260715469%3Apl%3Ata%3Ap1%3Ap2%3Aac%3Aap%3Aneg%3Afi%3Atikwd-869815001187%3Alp1009919%3Ali%3Adec%3Adm%3Appccp%3DUmFuZG9tSVYkc2RlIyh9YXdX6HrtnYy-Ml68sH-ljtU&aid=311984&dest_id=198&dest_type=country&group_adults=2&req_adults=2&no_rooms=1&broad_search_not_eligible=1&order=score&nflt=ht_id%3D204%3Bht_id%3D213%3Bht_id%3D216%3Bht_id%3D220%3Bht_id%3D221%3Btop_destinations%3D6012%3Buf%3D-2237624%3Buf%3D-2230854","","","","","","","","","","","","",""
"1777056365-272","https://www.booking.com/searchresults.html?label=bristol-XLwodozx2dVe8Ts0XeYuawS752260715469%3Apl%3Ata%3Ap1%3Ap2%3Aac%3Aap%3Aneg%3Afi%3Atikwd-869815001187%3Alp1009919%3Ali%3Adec%3Adm%3Appccp%3DUmFuZG9tSVYkc2RlIyh9YXdX6HrtnYy-Ml68sH-ljtU&aid=311984&dest_id=198&dest_type=country&group_adults=2&req_adults=2&no_rooms=1&broad_search_not_eligible=1&order=score&nflt=ht_id%3D204%3Bht_id%3D213%3Bht_id%3D216%3Bht_id%3D220%3Bht_id%3D221%3Btop_destinations%3D6012%3Buf%3D-2237624%3Buf%3D-2230854","","","","","","","","","","","","",""
"1777056365-273","https://www.booking.com/searchresults.html?label=bristol-XLwodozx2dVe8Ts0XeYuawS752260715469%3Apl%3Ata%3Ap1%3Ap2%3Aac%3Aap%3Aneg%3Afi%3Atikwd-869815001187%3Alp1009919%3Ali%3Adec%3Adm%3Appccp%3DUmFuZG9tSVYkc2RlIyh9YXdX6HrtnYy-Ml68sH-ljtU&aid=311984&dest_id=198&dest_type=country&group_adults=2&req_adults=2&no_rooms=1&broad_search_not_eligible=1&order=score&nflt=ht_id%3D204%3Bht_id%3D213%3Bht_id%3D216%3Bht_id%3D220%3Bht_id%3D221%3Btop_destinations%3D6012%3Buf%3D-2237624%3Buf%3D-2230854","","","","","","","","","","","","",""
"1777056365-274","https://www.booking.com/searchresults.html?label=bristol-XLwodozx2dVe8Ts0XeYuawS752260715469%3Apl%3Ata%3Ap1%3Ap2%3Aac%3Aap%3Aneg%3Afi%3Atikwd-869815001187%3Alp1009919%3Ali%3Adec%3Adm%3Appccp%3DUmFuZG9tSVYkc2RlIyh9YXdX6HrtnYy-Ml68sH-ljtU&aid=311984&dest_id=198&dest_type=country&group_adults=2&req_adults=2&no_rooms=1&broad_search_not_eligible=1&order=score&nflt=ht_id%3D204%3Bht_id%3D213%3Bht_id%3D216%3Bht_id%3D220%3Bht_id%3D221%3Btop_destinations%3D6012%3Buf%3D-2237624%3Buf%3D-2230854","","","","","","","","","","","","",""
"1777056365-275","https://www.booking.com/searchresults.html?label=bristol-XLwodozx2dVe8Ts0XeYuawS752260715469%3Apl%3Ata%3Ap1%3Ap2%3Aac%3Aap%3Aneg%3Afi%3Atikwd-869815001187%3Alp1009919%3Ali%3Adec%3Adm%3Appccp%3DUmFuZG9tSVYkc2RlIyh9YXdX6HrtnYy-Ml68sH-ljtU&aid=311984&dest_id=198&dest_type=country&group_adults=2&req_adults=2&no_rooms=1&broad_search_not_eligible=1&order=score&nflt=ht_id%3D204%3Bht_id%3D213%3Bht_id%3D216%3Bht_id%3D220%3Bht_id%3D221%3Btop_destinations%3D6012%3Buf%3D-2237624%3Buf%3D-2230854","","","","","","","","","","","","",""
"1777056365-276","https://www.booking.com/searchresults.html?label=bristol-XLwodozx2dVe8Ts0XeYuawS752260715469%3Apl%3Ata%3Ap1%3Ap2%3Aac%3Aap%3Aneg%3Afi%3Atikwd-869815001187%3Alp1009919%3Ali%3Adec%3Adm%3Appccp%3DUmFuZG9tSVYkc2RlIyh9YXdX6HrtnYy-Ml68sH-ljtU&aid=311984&dest_id=198&dest_type=country&group_adults=2&req_adults=2&no_rooms=1&broad_search_not_eligible=1&order=score&nflt=ht_id%3D204%3Bht_id%3D213%3Bht_id%3D216%3Bht_id%3D220%3Bht_id%3D221%3Btop_destinations%3D6012%3Buf%3D-2237624%3Buf%3D-2230854","","","","","","","","","","","","",""
"1777056365-277","https://www.booking.com/searchresults.html?label=bristol-XLwodozx2dVe8Ts0XeYuawS752260715469%3Apl%3Ata%3Ap1%3Ap2%3Aac%3Aap%3Aneg%3Afi%3Atikwd-869815001187%3Alp1009919%3Ali%3Adec%3Adm%3Appccp%3DUmFuZG9tSVYkc2RlIyh9YXdX6HrtnYy-Ml68sH-ljtU&aid=311984&dest_id=198&dest_type=country&group_adults=2&req_adults=2&no_rooms=1&broad_search_not_eligible=1&order=score&nflt=ht_id%3D204%3Bht_id%3D213%3Bht_id%3D216%3Bht_id%3D220%3Bht_id%3D221%3Btop_destinations%3D6012%3Buf%3D-2237624%3Buf%3D-2230854","","","","","","","","","","","","",""
"1777056365-278","https://www.booking.com/searchresults.html?label=bristol-XLwodozx2dVe8Ts0XeYuawS752260715469%3Apl%3Ata%3Ap1%3Ap2%3Aac%3Aap%3Aneg%3Afi%3Atikwd-869815001187%3Alp1009919%3Ali%3Adec%3Adm%3Appccp%3DUmFuZG9tSVYkc2RlIyh9YXdX6HrtnYy-Ml68sH-ljtU&aid=311984&dest_id=198&dest_type=country&group_adults=2&req_adults=2&no_rooms=1&broad_search_not_eligible=1&order=score&nflt=ht_id%3D204%3Bht_id%3D213%3Bht_id%3D216%3Bht_id%3D220%3Bht_id%3D221%3Btop_destinations%3D6012%3Buf%3D-2237624%3Buf%3D-2230854","","","","","","","","","","","","",""
"1777056365-279","https://www.booking.com/searchresults.html?label=bristol-XLwodozx2dVe8Ts0XeYuawS752260715469%3Apl%3Ata%3Ap1%3Ap2%3Aac%3Aap%3Aneg%3Afi%3Atikwd-869815001187%3Alp1009919%3Ali%3Adec%3Adm%3Appccp%3DUmFuZG9tSVYkc2RlIyh9YXdX6HrtnYy-Ml68sH-ljtU&aid=311984&dest_id=198&dest_type=country&group_adults=2&req_adults=2&no_rooms=1&broad_search_not_eligible=1&order=score&nflt=ht_id%3D204%3Bht_id%3D213%3Bht_id%3D216%3Bht_id%3D220%3Bht_id%3D221%3Btop_destinations%3D6012%3Buf%3D-2237624%3Buf%3D-2230854","","","","","","","","","","","","",""
"1777056365-280","https://www.booking.com/searchresults.html?label=bristol-XLwodozx2dVe8Ts0XeYuawS752260715469%3Apl%3Ata%3Ap1%3Ap2%3Aac%3Aap%3Aneg%3Afi%3Atikwd-869815001187%3Alp1009919%3Ali%3Adec%3Adm%3Appccp%3DUmFuZG9tSVYkc2RlIyh9YXdX6HrtnYy-Ml68sH-ljtU&aid=311984&dest_id=198&dest_type=country&group_adults=2&req_adults=2&no_rooms=1&broad_search_not_eligible=1&order=score&nflt=ht_id%3D204%3Bht_id%3D213%3Bht_id%3D216%3Bht_id%3D220%3Bht_id%3D221%3Btop_destinations%3D6012%3Buf%3D-2237624%3Buf%3D-2230854","","","","","","","","","","","","",""
"1777056365-281","https://www.booking.com/searchresults.html?label=bristol-XLwodozx2dVe8Ts0XeYuawS752260715469%3Apl%3Ata%3Ap1%3Ap2%3Aac%3Aap%3Aneg%3Afi%3Atikwd-869815001187%3Alp1009919%3Ali%3Adec%3Adm%3Appccp%3DUmFuZG9tSVYkc2RlIyh9YXdX6HrtnYy-Ml68sH-ljtU&aid=311984&dest_id=198&dest_type=country&group_adults=2&req_adults=2&no_rooms=1&broad_search_not_eligible=1&order=score&nflt=ht_id%3D204%3Bht_id%3D213%3Bht_id%3D216%3Bht_id%3D220%3Bht_id%3D221%3Btop_destinations%3D6012%3Buf%3D-2237624%3Buf%3D-2230854","","","","","","","","","","","","",""
"1777056365-282","https://www.booking.com/searchresults.html?label=bristol-XLwodozx2dVe8Ts0XeYuawS752260715469%3Apl%3Ata%3Ap1%3Ap2%3Aac%3Aap%3Aneg%3Afi%3Atikwd-869815001187%3Alp1009919%3Ali%3Adec%3Adm%3Appccp%3DUmFuZG9tSVYkc2RlIyh9YXdX6HrtnYy-Ml68sH-ljtU&aid=311984&dest_id=198&dest_type=country&group_adults=2&req_adults=2&no_rooms=1&broad_search_not_eligible=1&order=score&nflt=ht_id%3D204%3Bht_id%3D213%3Bht_id%3D216%3Bht_id%3D220%3Bht_id%3D221%3Btop_destinations%3D6012%3Buf%3D-2237624%3Buf%3D-2230854","","","","","","","","","","","","",""
"1777056365-283","https://www.booking.com/searchresults.html?label=bristol-XLwodozx2dVe8Ts0XeYuawS752260715469%3Apl%3Ata%3Ap1%3Ap2%3Aac%3Aap%3Aneg%3Afi%3Atikwd-869815001187%3Alp1009919%3Ali%3Adec%3Adm%3Appccp%3DUmFuZG9tSVYkc2RlIyh9YXdX6HrtnYy-Ml68sH-ljtU&aid=311984&dest_id=198&dest_type=country&group_adults=2&req_adults=2&no_rooms=1&broad_search_not_eligible=1&order=score&nflt=ht_id%3D204%3Bht_id%3D213%3Bht_id%3D216%3Bht_id%3D220%3Bht_id%3D221%3Btop_destinations%3D6012%3Buf%3D-2237624%3Buf%3D-2230854","","","","","","","","","","","","",""
"1777056365-284","https://www.booking.com/searchresults.html?label=bristol-XLwodozx2dVe8Ts0XeYuawS752260715469%3Apl%3Ata%3Ap1%3Ap2%3Aac%3Aap%3Aneg%3Afi%3Atikwd-869815001187%3Alp1009919%3Ali%3Adec%3Adm%3Appccp%3DUmFuZG9tSVYkc2RlIyh9YXdX6HrtnYy-Ml68sH-ljtU&aid=311984&dest_id=198&dest_type=country&group_adults=2&req_adults=2&no_rooms=1&broad_search_not_eligible=1&order=score&nflt=ht_id%3D204%3Bht_id%3D213%3Bht_id%3D216%3Bht_id%3D220%3Bht_id%3D221%3Btop_destinations%3D6012%3Buf%3D-2237624%3Buf%3D-2230854","","","","","","","","","","","","",""
"1777056365-285","https://www.booking.com/searchresults.html?label=bristol-XLwodozx2dVe8Ts0XeYuawS752260715469%3Apl%3Ata%3Ap1%3Ap2%3Aac%3Aap%3Aneg%3Afi%3Atikwd-869815001187%3Alp1009919%3Ali%3Adec%3Adm%3Appccp%3DUmFuZG9tSVYkc2RlIyh9YXdX6HrtnYy-Ml68sH-ljtU&aid=311984&dest_id=198&dest_type=country&group_adults=2&req_adults=2&no_rooms=1&broad_search_not_eligible=1&order=score&nflt=ht_id%3D204%3Bht_id%3D213%3Bht_id%3D216%3Bht_id%3D220%3Bht_id%3D221%3Btop_destinations%3D6012%3Buf%3D-2237624%3Buf%3D-2230854","","","","","","","","","","","","",""
"1777056365-286","https://www.booking.com/searchresults.html?label=bristol-XLwodozx2dVe8Ts0XeYuawS752260715469%3Apl%3Ata%3Ap1%3Ap2%3Aac%3Aap%3Aneg%3Afi%3Atikwd-869815001187%3Alp1009919%3Ali%3Adec%3Adm%3Appccp%3DUmFuZG9tSVYkc2RlIyh9YXdX6HrtnYy-Ml68sH-ljtU&aid=311984&dest_id=198&dest_type=country&group_adults=2&req_adults=2&no_rooms=1&broad_search_not_eligible=1&order=score&nflt=ht_id%3D204%3Bht_id%3D213%3Bht_id%3D216%3Bht_id%3D220%3Bht_id%3D221%3Btop_destinations%3D6012%3Buf%3D-2237624%3Buf%3D-2230854","","","","","","","","","","","","",""
"1777056365-287","https://www.booking.com/searchresults.html?label=bristol-XLwodozx2dVe8Ts0XeYuawS752260715469%3Apl%3Ata%3Ap1%3Ap2%3Aac%3Aap%3Aneg%3Afi%3Atikwd-869815001187%3Alp1009919%3Ali%3Adec%3Adm%3Appccp%3DUmFuZG9tSVYkc2RlIyh9YXdX6HrtnYy-Ml68sH-ljtU&aid=311984&dest_id=198&dest_type=country&group_adults=2&req_adults=2&no_rooms=1&broad_search_not_eligible=1&order=score&nflt=ht_id%3D204%3Bht_id%3D213%3Bht_id%3D216%3Bht_id%3D220%3Bht_id%3D221%3Btop_destinations%3D6012%3Buf%3D-2237624%3Buf%3D-2230854","","","","","","","","","","","","",""
"1777056365-288","https://www.booking.com/searchresults.html?label=bristol-XLwodozx2dVe8Ts0XeYuawS752260715469%3Apl%3Ata%3Ap1%3Ap2%3Aac%3Aap%3Aneg%3Afi%3Atikwd-869815001187%3Alp1009919%3Ali%3Adec%3Adm%3Appccp%3DUmFuZG9tSVYkc2RlIyh9YXdX6HrtnYy-Ml68sH-ljtU&aid=311984&dest_id=198&dest_type=country&group_adults=2&req_adults=2&no_rooms=1&broad_search_not_eligible=1&order=score&nflt=ht_id%3D204%3Bht_id%3D213%3Bht_id%3D216%3Bht_id%3D220%3Bht_id%3D221%3Btop_destinations%3D6012%3Buf%3D-2237624%3Buf%3D-2230854","","","","","","","","","","","","",""
"1777056365-289","https://www.booking.com/searchresults.html?label=bristol-XLwodozx2dVe8Ts0XeYuawS752260715469%3Apl%3Ata%3Ap1%3Ap2%3Aac%3Aap%3Aneg%3Afi%3Atikwd-869815001187%3Alp1009919%3Ali%3Adec%3Adm%3Appccp%3DUmFuZG9tSVYkc2RlIyh9YXdX6HrtnYy-Ml68sH-ljtU&aid=311984&dest_id=198&dest_type=country&group_adults=2&req_adults=2&no_rooms=1&broad_search_not_eligible=1&order=score&nflt=ht_id%3D204%3Bht_id%3D213%3Bht_id%3D216%3Bht_id%3D220%3Bht_id%3D221%3Btop_destinations%3D6012%3Buf%3D-2237624%3Buf%3D-2230854","","","","","","","","","","","","",""
"1777056365-290","https://www.booking.com/searchresults.html?label=bristol-XLwodozx2dVe8Ts0XeYuawS752260715469%3Apl%3Ata%3Ap1%3Ap2%3Aac%3Aap%3Aneg%3Afi%3Atikwd-869815001187%3Alp1009919%3Ali%3Adec%3Adm%3Appccp%3DUmFuZG9tSVYkc2RlIyh9YXdX6HrtnYy-Ml68sH-ljtU&aid=311984&dest_id=198&dest_type=country&group_adults=2&req_adults=2&no_rooms=1&broad_search_not_eligible=1&order=score&nflt=ht_id%3D204%3Bht_id%3D213%3Bht_id%3D216%3Bht_id%3D220%3Bht_id%3D221%3Btop_destinations%3D6012%3Buf%3D-2237624%3Buf%3D-2230854","","","","","","","","","","","","",""
"1777056365-291","https://www.booking.com/searchresults.html?label=bristol-XLwodozx2dVe8Ts0XeYuawS752260715469%3Apl%3Ata%3Ap1%3Ap2%3Aac%3Aap%3Aneg%3Afi%3Atikwd-869815001187%3Alp1009919%3Ali%3Adec%3Adm%3Appccp%3DUmFuZG9tSVYkc2RlIyh9YXdX6HrtnYy-Ml68sH-ljtU&aid=311984&dest_id=198&dest_type=country&group_adults=2&req_adults=2&no_rooms=1&broad_search_not_eligible=1&order=score&nflt=ht_id%3D204%3Bht_id%3D213%3Bht_id%3D216%3Bht_id%3D220%3Bht_id%3D221%3Btop_destinations%3D6012%3Buf%3D-2237624%3Buf%3D-2230854","","","","","","","","","","","","",""
"1777056365-292","https://www.booking.com/searchresults.html?label=bristol-XLwodozx2dVe8Ts0XeYuawS752260715469%3Apl%3Ata%3Ap1%3Ap2%3Aac%3Aap%3Aneg%3Afi%3Atikwd-869815001187%3Alp1009919%3Ali%3Adec%3Adm%3Appccp%3DUmFuZG9tSVYkc2RlIyh9YXdX6HrtnYy-Ml68sH-ljtU&aid=311984&dest_id=198&dest_type=country&group_adults=2&req_adults=2&no_rooms=1&broad_search_not_eligible=1&order=score&nflt=ht_id%3D204%3Bht_id%3D213%3Bht_id%3D216%3Bht_id%3D220%3Bht_id%3D221%3Btop_destinations%3D6012%3Buf%3D-2237624%3Buf%3D-2230854","","","","","","","","","","","","",""
"1777056365-293","https://www.booking.com/searchresults.html?label=bristol-XLwodozx2dVe8Ts0XeYuawS752260715469%3Apl%3Ata%3Ap1%3Ap2%3Aac%3Aap%3Aneg%3Afi%3Atikwd-869815001187%3Alp1009919%3Ali%3Adec%3Adm%3Appccp%3DUmFuZG9tSVYkc2RlIyh9YXdX6HrtnYy-Ml68sH-ljtU&aid=311984&dest_id=198&dest_type=country&group_adults=2&req_adults=2&no_rooms=1&broad_search_not_eligible=1&order=score&nflt=ht_id%3D204%3Bht_id%3D213%3Bht_id%3D216%3Bht_id%3D220%3Bht_id%3D221%3Btop_destinations%3D6012%3Buf%3D-2237624%3Buf%3D-2230854","","","","","","","","","","","","",""
"1777056365-294","https://www.booking.com/searchresults.html?label=bristol-XLwodozx2dVe8Ts0XeYuawS752260715469%3Apl%3Ata%3Ap1%3Ap2%3Aac%3Aap%3Aneg%3Afi%3Atikwd-869815001187%3Alp1009919%3Ali%3Adec%3Adm%3Appccp%3DUmFuZG9tSVYkc2RlIyh9YXdX6HrtnYy-Ml68sH-ljtU&aid=311984&dest_id=198&dest_type=country&group_adults=2&req_adults=2&no_rooms=1&broad_search_not_eligible=1&order=score&nflt=ht_id%3D204%3Bht_id%3D213%3Bht_id%3D216%3Bht_id%3D220%3Bht_id%3D221%3Btop_destinations%3D6012%3Buf%3D-2237624%3Buf%3D-2230854","","","","","","","","","","","","",""
"1777056365-295","https://www.booking.com/searchresults.html?label=bristol-XLwodozx2dVe8Ts0XeYuawS752260715469%3Apl%3Ata%3Ap1%3Ap2%3Aac%3Aap%3Aneg%3Afi%3Atikwd-869815001187%3Alp1009919%3Ali%3Adec%3Adm%3Appccp%3DUmFuZG9tSVYkc2RlIyh9YXdX6HrtnYy-Ml68sH-ljtU&aid=311984&dest_id=198&dest_type=country&group_adults=2&req_adults=2&no_rooms=1&broad_search_not_eligible=1&order=score&nflt=ht_id%3D204%3Bht_id%3D213%3Bht_id%3D216%3Bht_id%3D220%3Bht_id%3D221%3Btop_destinations%3D6012%3Buf%3D-2237624%3Buf%3D-2230854","","TR Rest House","Scored 9.0","9.0","Value for money 10","TR Rest House offers accommodations in Trincomalee, 5.3 miles from Trincomalee Railway Station and 6.1 miles from Kali Kovil.","· 2 reviews","Opens in new window","Trincomalee","Show prices","Wonderful","Show on map","https://cf.bstatic.com/xdata/images/hotel/square600/747884513.webp?k=543ba40ba262814b4a455a761a92b7f285eb0fcaee6243f093b8eef7a1978eae&o="
"1777056365-296","https://www.booking.com/searchresults.html?label=bristol-XLwodozx2dVe8Ts0XeYuawS752260715469%3Apl%3Ata%3Ap1%3Ap2%3Aac%3Aap%3Aneg%3Afi%3Atikwd-869815001187%3Alp1009919%3Ali%3Adec%3Adm%3Appccp%3DUmFuZG9tSVYkc2RlIyh9YXdX6HrtnYy-Ml68sH-ljtU&aid=311984&dest_id=198&dest_type=country&group_adults=2&req_adults=2&no_rooms=1&broad_search_not_eligible=1&order=score&nflt=ht_id%3D204%3Bht_id%3D213%3Bht_id%3D216%3Bht_id%3D220%3Bht_id%3D221%3Btop_destinations%3D6012%3Buf%3D-2237624%3Buf%3D-2230854","","Birds Nest is charming retreat","Scored 7.0","7.0","","Birds Nest is charming retreat is located in Trincomalee, just 1.1 miles from Uppuveli beach and a 19-minute walk from Trincomalee Railway Station.","· 2 reviews","Opens in new window","Trincomalee","Show prices","Good","Show on map","https://cf.bstatic.com/xdata/images/hotel/square600/659836790.webp?k=002c23dc55ea5cb0363cbf88f472b2caea60974ad415e1368986ef8264b8dc7e&o="
"1777056365-297","https://www.booking.com/searchresults.html?label=bristol-XLwodozx2dVe8Ts0XeYuawS752260715469%3Apl%3Ata%3Ap1%3Ap2%3Aac%3Aap%3Aneg%3Afi%3Atikwd-869815001187%3Alp1009919%3Ali%3Adec%3Adm%3Appccp%3DUmFuZG9tSVYkc2RlIyh9YXdX6HrtnYy-Ml68sH-ljtU&aid=311984&dest_id=198&dest_type=country&group_adults=2&req_adults=2&no_rooms=1&broad_search_not_eligible=1&order=score&nflt=ht_id%3D204%3Bht_id%3D213%3Bht_id%3D216%3Bht_id%3D220%3Bht_id%3D221%3Btop_destinations%3D6012%3Buf%3D-2237624%3Buf%3D-2230854","","Trinco Harbour Villa","Scored 8.3","8.3","Value for money 9.2","Trinco Harbour Villa provides air-conditioned rooms in Trincomalee. This property offers a heated pool and free private parking. Guests can use the a garden.","· 3 reviews","Opens in new window","Trincomalee","Show prices","Very Good","Show on map","https://cf.bstatic.com/xdata/images/hotel/square600/637426859.webp?k=38c548bd5862ded8d5a3016c3b0d442be93a369b9842d7b59c6a4348de132f3b&o="
"1777056365-298","https://www.booking.com/searchresults.html?label=bristol-XLwodozx2dVe8Ts0XeYuawS752260715469%3Apl%3Ata%3Ap1%3Ap2%3Aac%3Aap%3Aneg%3Afi%3Atikwd-869815001187%3Alp1009919%3Ali%3Adec%3Adm%3Appccp%3DUmFuZG9tSVYkc2RlIyh9YXdX6HrtnYy-Ml68sH-ljtU&aid=311984&dest_id=198&dest_type=country&group_adults=2&req_adults=2&no_rooms=1&broad_search_not_eligible=1&order=score&nflt=ht_id%3D204%3Bht_id%3D213%3Bht_id%3D216%3Bht_id%3D220%3Bht_id%3D221%3Btop_destinations%3D6012%3Buf%3D-2237624%3Buf%3D-2230854","","VISTARA TRINCO GUEST HOUSe","Scored 10","10","Value for money 10","Just a 17-minute walk from Uppuveli beach and 0.8 miles from Trincomalee Railway Station, VISTARA TRINCO GUEST HOUSe features accommodations in Trincomalee, with a garden and a terrace.","· 1 review","Opens in new window","Trincomalee","Show prices","Exceptional","Show on map","https://cf.bstatic.com/xdata/images/hotel/square600/584847750.webp?k=2526678fc4d41b5dc8eea3c923cad412496ea7e0d34354d15f71c76fcc1c2cb0&o="
"1777056365-299","https://www.booking.com/searchresults.html?label=bristol-XLwodozx2dVe8Ts0XeYuawS752260715469%3Apl%3Ata%3Ap1%3Ap2%3Aac%3Aap%3Aneg%3Afi%3Atikwd-869815001187%3Alp1009919%3Ali%3Adec%3Adm%3Appccp%3DUmFuZG9tSVYkc2RlIyh9YXdX6HrtnYy-Ml68sH-ljtU&aid=311984&dest_id=198&dest_type=country&group_adults=2&req_adults=2&no_rooms=1&broad_search_not_eligible=1&order=score&nflt=ht_id%3D204%3Bht_id%3D213%3Bht_id%3D216%3Bht_id%3D220%3Bht_id%3D221%3Btop_destinations%3D6012%3Buf%3D-2237624%3Buf%3D-2230854","","Kings Hotel Restaurant And Bar","","","","Kings Hotel Restaurant And Bar features a shared lounge, terrace, a restaurant and bar in Trincomalee. Featuring a concierge service, this property also provides guests with a playground.","· 4 external reviews","Opens in new window","Trincomalee","Show prices","7.5 Good","Show on map","https://cf.bstatic.com/xdata/images/hotel/square600/571236012.webp?k=c15757b958fa0ada835d1b246eff677644ef54cbcf50829de14e686ce3761f94&o="
"1777056365-300","https://www.booking.com/searchresults.html?label=bristol-XLwodozx2dVe8Ts0XeYuawS752260715469%3Apl%3Ata%3Ap1%3Ap2%3Aac%3Aap%3Aneg%3Afi%3Atikwd-869815001187%3Alp1009919%3Ali%3Adec%3Adm%3Appccp%3DUmFuZG9tSVYkc2RlIyh9YXdX6HrtnYy-Ml68sH-ljtU&aid=311984&dest_id=198&dest_type=country&group_adults=2&req_adults=2&no_rooms=1&broad_search_not_eligible=1&order=score&nflt=ht_id%3D204%3Bht_id%3D213%3Bht_id%3D216%3Bht_id%3D220%3Bht_id%3D221%3Btop_destinations%3D6012%3Buf%3D-2237624%3Buf%3D-2230854","","Thats why beach hotel","","","","Located in Trincomalee, within a 5-minute walk of Uppuveli beach and 2.4 miles of Trincomalee Railway Station, Thats why beach hotel has accommodations with a restaurant and free WiFi throughout the...","","Opens in new window","Trincomalee","Show prices","","Show on map","https://cf.bstatic.com/xdata/images/hotel/square600/802694913.webp?k=888405731f8b756dca0d7a3eb1c820eaa55b2240254d3294d4fd91cec3bd9db3&o="
"1777056365-301","https://www.booking.com/searchresults.html?label=bristol-XLwodozx2dVe8Ts0XeYuawS752260715469%3Apl%3Ata%3Ap1%3Ap2%3Aac%3Aap%3Aneg%3Afi%3Atikwd-869815001187%3Alp1009919%3Ali%3Adec%3Adm%3Appccp%3DUmFuZG9tSVYkc2RlIyh9YXdX6HrtnYy-Ml68sH-ljtU&aid=311984&dest_id=198&dest_type=country&group_adults=2&req_adults=2&no_rooms=1&broad_search_not_eligible=1&order=score&nflt=ht_id%3D204%3Bht_id%3D213%3Bht_id%3D216%3Bht_id%3D220%3Bht_id%3D221%3Btop_destinations%3D6012%3Buf%3D-2237624%3Buf%3D-2230854","","Rooms trincomalee","","","","Rooms trincomalee offers accommodations in Trincomalee, 6.1 miles from Velgam Vehera and 6.1 miles from Kali Kovil.","","Opens in new window","Trincomalee","Show prices","","Show on map","https://cf.bstatic.com/xdata/images/hotel/square600/749843879.webp?k=fde0148d8bab2034cc02a895dc99ad46c463f3daad0739b9de9ddb801278c5e2&o="
"1777056365-302","https://www.booking.com/searchresults.html?label=bristol-XLwodozx2dVe8Ts0XeYuawS752260715469%3Apl%3Ata%3Ap1%3Ap2%3Aac%3Aap%3Aneg%3Afi%3Atikwd-869815001187%3Alp1009919%3Ali%3Adec%3Adm%3Appccp%3DUmFuZG9tSVYkc2RlIyh9YXdX6HrtnYy-Ml68sH-ljtU&aid=311984&dest_id=198&dest_type=country&group_adults=2&req_adults=2&no_rooms=1&broad_search_not_eligible=1&order=score&nflt=ht_id%3D204%3Bht_id%3D213%3Bht_id%3D216%3Bht_id%3D220%3Bht_id%3D221%3Btop_destinations%3D6012%3Buf%3D-2237624%3Buf%3D-2230854","","Moon Guest House","","","","A comfortable vacation home a short distance from Nilaveli Beach, Moon Guest House offers a base for a stress-free holiday in Trincomalee.","","Opens in new window","Trincomalee","Show prices","","Show on map","https://cf.bstatic.com/xdata/images/hotel/square600/771467428.webp?k=2b2b3837ca4218db482516f35710d7e7a4177858af552b74dd0da498e330eb97&o="
"1777056365-303","https://www.booking.com/searchresults.html?label=bristol-XLwodozx2dVe8Ts0XeYuawS752260715469%3Apl%3Ata%3Ap1%3Ap2%3Aac%3Aap%3Aneg%3Afi%3Atikwd-869815001187%3Alp1009919%3Ali%3Adec%3Adm%3Appccp%3DUmFuZG9tSVYkc2RlIyh9YXdX6HrtnYy-Ml68sH-ljtU&aid=311984&dest_id=198&dest_type=country&group_adults=2&req_adults=2&no_rooms=1&broad_search_not_eligible=1&order=score&nflt=ht_id%3D204%3Bht_id%3D213%3Bht_id%3D216%3Bht_id%3D220%3Bht_id%3D221%3Btop_destinations%3D6012%3Buf%3D-2237624%3Buf%3D-2230854","","Season villa","Scored 8.0","8.0","","Season villa enjoys a location in Trincomalee, 1.4 miles from Uppuveli beach and 1.7 miles from Trincomalee Railway Station.","· 3 reviews","Opens in new window","Trincomalee","Show prices","Very Good","Show on map","https://cf.bstatic.com/xdata/images/hotel/square600/582152741.webp?k=526983eee4d50bbc3a887c7e4fdc084154d95f5df82bbf6427cd3c4ff8224285&o="
"1777056365-304","https://www.booking.com/searchresults.html?label=bristol-XLwodozx2dVe8Ts0XeYuawS752260715469%3Apl%3Ata%3Ap1%3Ap2%3Aac%3Aap%3Aneg%3Afi%3Atikwd-869815001187%3Alp1009919%3Ali%3Adec%3Adm%3Appccp%3DUmFuZG9tSVYkc2RlIyh9YXdX6HrtnYy-Ml68sH-ljtU&aid=311984&dest_id=198&dest_type=country&group_adults=2&req_adults=2&no_rooms=1&broad_search_not_eligible=1&order=score&nflt=ht_id%3D204%3Bht_id%3D213%3Bht_id%3D216%3Bht_id%3D220%3Bht_id%3D221%3Btop_destinations%3D6012%3Buf%3D-2237624%3Buf%3D-2230854","","Thuwaraha Holiday Villa","","","","Thuwaraha Holiday Villa offers accommodations in Trincomalee, 1.2 miles from Gokana Temple and 1.3 miles from Trincomalee Railway Station.","","Opens in new window","Trincomalee","Show prices","","Show on map","https://cf.bstatic.com/xdata/images/hotel/square600/591014113.webp?k=d80e5471a80bd5d17f9ca22cfd24ed946e73446c13ce8240054154aa2e1d688d&o="
"1777056365-305","https://www.booking.com/searchresults.html?label=bristol-XLwodozx2dVe8Ts0XeYuawS752260715469%3Apl%3Ata%3Ap1%3Ap2%3Aac%3Aap%3Aneg%3Afi%3Atikwd-869815001187%3Alp1009919%3Ali%3Adec%3Adm%3Appccp%3DUmFuZG9tSVYkc2RlIyh9YXdX6HrtnYy-Ml68sH-ljtU&aid=311984&dest_id=198&dest_type=country&group_adults=2&req_adults=2&no_rooms=1&broad_search_not_eligible=1&order=score&nflt=ht_id%3D204%3Bht_id%3D213%3Bht_id%3D216%3Bht_id%3D220%3Bht_id%3D221%3Btop_destinations%3D6012%3Buf%3D-2237624%3Buf%3D-2230854","","Rainbow Villa Nilaveli","","","","Rainbow Villa Nilaveli is located in Nilaveli, just 1.7 miles from Pigeon Island National Park and 8.6 miles from Kanniya Hot Springs.","","Opens in new window","Nilaveli","Show prices","","Show on map","https://cf.bstatic.com/xdata/images/hotel/square600/577021752.webp?k=556207c8aec5c76f3f85c7e946e41d1c483a3b5ae76fb51d707fd3e63b5cd13c&o="
"1777056365-306","https://www.booking.com/searchresults.html?label=bristol-XLwodozx2dVe8Ts0XeYuawS752260715469%3Apl%3Ata%3Ap1%3Ap2%3Aac%3Aap%3Aneg%3Afi%3Atikwd-869815001187%3Alp1009919%3Ali%3Adec%3Adm%3Appccp%3DUmFuZG9tSVYkc2RlIyh9YXdX6HrtnYy-Ml68sH-ljtU&aid=311984&dest_id=198&dest_type=country&group_adults=2&req_adults=2&no_rooms=1&broad_search_not_eligible=1&order=score&nflt=ht_id%3D204%3Bht_id%3D213%3Bht_id%3D216%3Bht_id%3D220%3Bht_id%3D221%3Btop_destinations%3D6012%3Buf%3D-2237624%3Buf%3D-2230854","","Eastern Holiday Resort and Restaurant","Scored 5.5","5.5","","Located in Trincomalee, a 18-minute walk from Uppuveli beach, Eastern Holiday Resort and Restaurant has accommodations with a terrace, free private parking and a restaurant.","· 2 reviews","Opens in new window","Trincomalee","Show prices","Review score","Show on map","https://cf.bstatic.com/xdata/images/hotel/square600/716780081.webp?k=ff6e5a6e49530dea19969bcc44ef0286bf55107cbbfd7e23e7e3a6de8629caef&o="
"1777056365-307","https://www.booking.com/searchresults.html?label=bristol-XLwodozx2dVe8Ts0XeYuawS752260715469%3Apl%3Ata%3Ap1%3Ap2%3Aac%3Aap%3Aneg%3Afi%3Atikwd-869815001187%3Alp1009919%3Ali%3Adec%3Adm%3Appccp%3DUmFuZG9tSVYkc2RlIyh9YXdX6HrtnYy-Ml68sH-ljtU&aid=311984&dest_id=198&dest_type=country&group_adults=2&req_adults=2&no_rooms=1&broad_search_not_eligible=1&order=score&nflt=ht_id%3D204%3Bht_id%3D213%3Bht_id%3D216%3Bht_id%3D220%3Bht_id%3D221%3Btop_destinations%3D6012%3Buf%3D-2237624%3Buf%3D-2230854","","Neem Tree House, Trincomalee","Scored 7.0","7.0","","Located in Trincomalee, Neem Tree House, Trincomalee has a garden, terrace, restaurant, and free WiFi throughout the property.","· 3 reviews","Opens in new window","Trincomalee","Show prices","Good","Show on map","https://cf.bstatic.com/xdata/images/hotel/square600/688197349.webp?k=deca711d9bfb2c9f8bfe1e02b331a5b5ee6efb70c2b4790cfec1fdea8b474a91&o="
"1777056365-308","https://www.booking.com/searchresults.html?label=bristol-XLwodozx2dVe8Ts0XeYuawS752260715469%3Apl%3Ata%3Ap1%3Ap2%3Aac%3Aap%3Aneg%3Afi%3Atikwd-869815001187%3Alp1009919%3Ali%3Adec%3Adm%3Appccp%3DUmFuZG9tSVYkc2RlIyh9YXdX6HrtnYy-Ml68sH-ljtU&aid=311984&dest_id=198&dest_type=country&group_adults=2&req_adults=2&no_rooms=1&broad_search_not_eligible=1&order=score&nflt=ht_id%3D204%3Bht_id%3D213%3Bht_id%3D216%3Bht_id%3D220%3Bht_id%3D221%3Btop_destinations%3D6012%3Buf%3D-2237624%3Buf%3D-2230854","","Nilaveli Better Beach Resort","Scored 10","10","Location 10","Featuring a restaurant, Nilaveli Better Beach Resort is located in Nilaveli in the Trincomalee District region, 4.7 miles from Kanniya Hot Springs and 4.9 miles from Trincomalee Railway Station.","· 1 review","Opens in new window","Nilaveli","Show prices","Exceptional","Show on map","https://cf.bstatic.com/xdata/images/hotel/square600/837734216.webp?k=a93246af90a29bec56b8a3d0eac1e6fe59ac6f77a3f4e4f70caf789c30c35b18&o="
"1777056365-309","https://www.booking.com/searchresults.html?label=bristol-XLwodozx2dVe8Ts0XeYuawS752260715469%3Apl%3Ata%3Ap1%3Ap2%3Aac%3Aap%3Aneg%3Afi%3Atikwd-869815001187%3Alp1009919%3Ali%3Adec%3Adm%3Appccp%3DUmFuZG9tSVYkc2RlIyh9YXdX6HrtnYy-Ml68sH-ljtU&aid=311984&dest_id=198&dest_type=country&group_adults=2&req_adults=2&no_rooms=1&broad_search_not_eligible=1&order=score&nflt=ht_id%3D204%3Bht_id%3D213%3Bht_id%3D216%3Bht_id%3D220%3Bht_id%3D221%3Btop_destinations%3D6012%3Buf%3D-2237624%3Buf%3D-2230854","","Trinco Elil","Scored 6.3","6.3","","Located in Trincomalee, within 3.9 miles of Kanniya Hot Springs and 4.7 miles of Trincomalee Railway Station, Trinco Elil provides accommodations with a garden as well as free private parking for...","· 3 reviews","Opens in new window","Trincomalee","Show prices","Review score","Show on map","https://cf.bstatic.com/xdata/images/hotel/square600/675423858.webp?k=02d2a6141077ebb6f7d5ad7c1b5efd6cb2e161e8c94d403081988ffb71ebf361&o="
"1777056365-310","https://www.booking.com/searchresults.html?label=bristol-XLwodozx2dVe8Ts0XeYuawS752260715469%3Apl%3Ata%3Ap1%3Ap2%3Aac%3Aap%3Aneg%3Afi%3Atikwd-869815001187%3Alp1009919%3Ali%3Adec%3Adm%3Appccp%3DUmFuZG9tSVYkc2RlIyh9YXdX6HrtnYy-Ml68sH-ljtU&aid=311984&dest_id=198&dest_type=country&group_adults=2&req_adults=2&no_rooms=1&broad_search_not_eligible=1&order=score&nflt=ht_id%3D204%3Bht_id%3D213%3Bht_id%3D216%3Bht_id%3D220%3Bht_id%3D221%3Btop_destinations%3D6012%3Buf%3D-2237624%3Buf%3D-2230854","","Luxury Everest Hotel","Scored 4.7","4.7","","Located in Trincomalee, 1.1 miles from Sampalthivu Beach, Luxury Everest Hotel has accommodations with a garden, free private parking and a restaurant.","· 3 reviews","Opens in new window","Trincomalee","Show prices","Review score","Show on map","https://cf.bstatic.com/xdata/images/hotel/square600/714074560.webp?k=905ccf72cf15990a3100f1174991ee374de7cc85d11339177af89dea494dd818&o="
"1777056365-311","https://www.booking.com/searchresults.html?label=bristol-XLwodozx2dVe8Ts0XeYuawS752260715469%3Apl%3Ata%3Ap1%3Ap2%3Aac%3Aap%3Aneg%3Afi%3Atikwd-869815001187%3Alp1009919%3Ali%3Adec%3Adm%3Appccp%3DUmFuZG9tSVYkc2RlIyh9YXdX6HrtnYy-Ml68sH-ljtU&aid=311984&dest_id=198&dest_type=country&group_adults=2&req_adults=2&no_rooms=1&broad_search_not_eligible=1&order=score&nflt=ht_id%3D204%3Bht_id%3D213%3Bht_id%3D216%3Bht_id%3D220%3Bht_id%3D221%3Btop_destinations%3D6012%3Buf%3D-2237624%3Buf%3D-2230854","","French Garden Eagle Wings Inn","Scored 1.0","1.0","","French Garden Eagle Wings Inn provides air-conditioned rooms in Trincomalee. This property offers access to a terrace and free private parking.","· 1 review","Opens in new window","Trincomalee","Show prices","Review score","Show on map","https://cf.bstatic.com/xdata/images/hotel/square600/643717928.webp?k=15a8d1d58d02c2e61d77f1327b8b32e784dd6bdb45fb13fae4acdd86e87b41ba&o="
"1777056365-312","https://www.booking.com/searchresults.html?label=bristol-XLwodozx2dVe8Ts0XeYuawS752260715469%3Apl%3Ata%3Ap1%3Ap2%3Aac%3Aap%3Aneg%3Afi%3Atikwd-869815001187%3Alp1009919%3Ali%3Adec%3Adm%3Appccp%3DUmFuZG9tSVYkc2RlIyh9YXdX6HrtnYy-Ml68sH-ljtU&aid=311984&dest_id=198&dest_type=country&group_adults=2&req_adults=2&no_rooms=1&broad_search_not_eligible=1&order=score&nflt=ht_id%3D204%3Bht_id%3D213%3Bht_id%3D216%3Bht_id%3D220%3Bht_id%3D221%3Btop_destinations%3D6012%3Buf%3D-2237624%3Buf%3D-2230854","","Hotel Prasanna","Scored 4.0","4.0","","Hotel Prasanna offers accommodations in Trincomalee, 2 miles from Kanniya Hot Springs and 2.5 miles from Kali Kovil.","· 2 reviews","Opens in new window","Trincomalee","Show prices","Review score","Show on map","https://cf.bstatic.com/xdata/images/hotel/square600/449639200.webp?k=7272ad2b9b1ecbb88f5d70f146f97c901166d7b3c02bcb0b244a1dbf190143f0&o="
"1777056365-313","https://www.booking.com/searchresults.html?label=bristol-XLwodozx2dVe8Ts0XeYuawS752260715469%3Apl%3Ata%3Ap1%3Ap2%3Aac%3Aap%3Aneg%3Afi%3Atikwd-869815001187%3Alp1009919%3Ali%3Adec%3Adm%3Appccp%3DUmFuZG9tSVYkc2RlIyh9YXdX6HrtnYy-Ml68sH-ljtU&aid=311984&dest_id=198&dest_type=country&group_adults=2&req_adults=2&no_rooms=1&broad_search_not_eligible=1&order=score&nflt=ht_id%3D204%3Bht_id%3D213%3Bht_id%3D216%3Bht_id%3D220%3Bht_id%3D221%3Btop_destinations%3D6012%3Buf%3D-2237624%3Buf%3D-2230854","","Sunthara Villa","Scored 7.0","7.0","Location 10","Sunthara Villa offers accommodations in Nilaveli, 7.6 miles from Trincomalee Railway Station and 8.2 miles from Kali Kovil.","· 2 reviews","Opens in new window","Nilaveli","Show prices","Good","Show on map","https://cf.bstatic.com/xdata/images/hotel/square600/708612575.webp?k=9806a78166feccfb32589f95cf333fa7cbd8f1964c8fb7dc93f1722505bb35a8&o="
"1777056365-314","https://www.booking.com/searchresults.html?label=bristol-XLwodozx2dVe8Ts0XeYuawS752260715469%3Apl%3Ata%3Ap1%3Ap2%3Aac%3Aap%3Aneg%3Afi%3Atikwd-869815001187%3Alp1009919%3Ali%3Adec%3Adm%3Appccp%3DUmFuZG9tSVYkc2RlIyh9YXdX6HrtnYy-Ml68sH-ljtU&aid=311984&dest_id=198&dest_type=country&group_adults=2&req_adults=2&no_rooms=1&broad_search_not_eligible=1&order=score&nflt=ht_id%3D204%3Bht_id%3D213%3Bht_id%3D216%3Bht_id%3D220%3Bht_id%3D221%3Btop_destinations%3D6012%3Buf%3D-2237624%3Buf%3D-2230854","","Nilaveli Star View Hotel","Scored 1.0","1.0","","Offering a terrace and water sports facilities, Nilaveli Star View Hotel is located in Nilaveli in the Trincomalee District Region, 8.7 mi from Trincomalee. Guests can enjoy the on-site bar.","· 1 review","Opens in new window","Nilaveli","Show prices","Review score","Show on map","https://cf.bstatic.com/xdata/images/hotel/square600/116106670.webp?k=4bc0913449c4d7ab6f09215834355c5e58651fa0471bad120ed14936c1794a9d&o="
